desc: I1 cache:         32768 B, 64 B, 8-way associative
desc: D1 cache:         32768 B, 64 B, 8-way associative
desc: LL cache:         16777216 B, 64 B, direct-mapped
cmd: ./OrderbookTest
events: Ir I1mr ILmr Dr D1mr DLmr Dw D1mw DLmw 
fl=./csu/../csu/libc-start.c
fn=__libc_start_main@@GLIBC_2.34
128 2 1 1 2 0 0 0 0 0
134 3 0 0 1 1 0 0 0 0
135 7 0 0 3 1 0 2 0 0
138 1 0 0 1 1 0 0 0 0
139 2 0 0 0 0 0 0 0 0
142 3 1 1 2 1 0 0 0 0
143 2 0 0 2 0 0 0 0 0
144 16 3 1 3 0 0 1 0 0
145 8 0 0 2 1 0 4 0 0
242 12 1 1 0 0 0 6 0 0
343 3 0 0 0 0 0 0 0 0
344 3 0 0 0 0 0 1 0 0
369 6 1 1 2 0 0 1 0 0
372 2 0 0 0 0 0 0 0 0
375 2 0 0 2 0 0 0 0 0
382 2 0 0 1 1 0 1 0 0
384 2 0 0 0 0 0 0 0 0
392 4 0 0 0 0 0 1 0 0
fl=./csu/../sysdeps/nptl/libc_start_call_main.h
fn=(below main)
29 9 1 1 1 0 0 5 0 0
44 3 1 1 0 0 0 1 0 0
46 2 0 0 0 0 0 0 0 0
51 2 0 0 1 1 0 1 0 0
52 2 0 0 1 1 0 1 0 0
55 2 0 0 0 0 0 1 0 0
58 7 2 1 5 2 0 1 0 0
74 1 0 0 0 0 0 1 0 0
fl=./csu/./csu/init-first.c
fn=_init_first
46 4 1 1 0 0 0 1 0 0
51 2 1 1 1 0 0 0 0 0
55 5 0 0 4 2 0 0 0 0
61 1 0 0 0 0 0 1 1 0
62 1 0 0 0 0 0 1 0 0
63 2 0 0 1 1 0 1 1 1
71 2 0 0 0 0 0 0 0 0
72 2 0 0 1 0 0 0 0 0
fl=./ctype/./ctype/ctype-info.c
fn=__ctype_init
29 1 1 1 0 0 0 0 0 0
31 7 0 0 5 4 0 1 0 0
33 4 0 0 2 1 0 1 0 0
35 4 1 1 2 0 0 1 0 0
36 1 0 0 1 0 0 0 0 0
fl=./elf/../bits/stdlib-bsearch.h
fn=intel_check_word.constprop.0
27 102 0 0 0 0 0 0 0 0
28 51 0 0 0 0 0 0 0 0
29 971 0 0 0 0 0 0 0 0
31 690 1 1 0 0 0 0 0 0
32 345 0 0 0 0 0 0 0 0
37 63 1 1 0 0 0 0 0 0
fl=./elf/../elf/dl-sysdep.c
fn=_dl_sysdep_start
85 10 1 1 0 0 0 6 1 1
86 1 0 0 0 0 0 0 0 0
87 1 0 0 0 0 0 0 0 0
109 1 0 0 0 0 0 1 0 0
110 264 1 1 86 11 11 4 3 3
113 2 0 0 0 0 0 1 0 0
114 1 0 0 0 0 0 1 0 0
119 1 1 1 0 0 0 1 1 1
121 140 4 4 33 5 5 10 1 1
122 119 1 1 17 3 3 0 0 0
125 1 0 0 1 0 0 0 0 0
126 1 0 0 0 0 0 0 0 0
128 1 0 0 1 0 0 0 0 0
131 2 1 1 1 0 0 1 0 0
132 1 0 0 0 0 0 1 0 0
134 2 1 1 1 0 0 1 0 0
135 1 0 0 0 0 0 1 0 0
150 2 1 1 1 0 0 1 0 0
151 1 0 0 0 0 0 1 0 0
153 2 0 0 1 0 0 1 0 0
154 1 0 0 0 0 0 0 0 0
156 2 1 1 1 0 0 1 0 0
157 1 0 0 0 0 0 0 0 0
162 2 1 1 1 0 0 1 0 0
163 1 0 0 0 0 0 0 0 0
178 2 1 1 1 0 0 1 1 1
179 1 0 0 0 0 0 0 0 0
224 1 0 0 0 0 0 1 0 0
227 1 0 0 0 0 0 1 0 0
238 3 0 0 1 0 0 0 0 0
239 2 1 1 0 0 0 2 0 0
241 5 0 0 0 0 0 1 0 0
253 3 0 0 1 0 0 0 0 0
256 5 0 0 1 0 0 1 0 0
258 9 1 1 8 2 0 0 0 0
fn=_dl_sysdep_start_cleanup
262 1 1 1 0 0 0 0 0 0
263 1 0 0 1 0 0 0 0 0
fl=./elf/../elf/dl-tls.c
fn=_dl_add_to_slotinfo
1015 16 1 1 0 0 0 8 0 0
1021 2 0 0 2 0 0 0 0 0
1024 2 0 0 2 2 0 0 0 0
1025 2 0 0 0 0 0 0 0 0
1029 6 1 1 2 1 0 0 0 0
1063 4 0 0 0 0 0 0 0 0
1066 6 0 0 0 0 0 2 2 0
1067 6 0 0 2 0 0 2 0 0
1070 12 0 0 10 0 0 0 0 0
fn=_dl_allocate_tls_init
528 10 2 2 0 0 0 8 0 0
529 2 0 0 0 0 0 0 0 0
533 2 0 0 1 1 0 1 0 0
535 1 0 0 0 0 0 1 0 0
536 1 0 0 0 0 0 0 0 0
539 2 0 0 1 1 0 1 0 0
542 3 0 0 2 1 0 0 0 0
554 1 1 1 1 0 0 0 0 0
559 23 1 1 4 1 0 0 0 0
565 6 1 1 0 0 0 0 0 0
568 6 0 0 2 1 0 0 0 0
569 4 0 0 0 0 0 0 0 0
575 6 0 0 4 0 0 0 0 0
576 4 0 0 0 0 0 0 0 0
578 15 1 1 6 3 0 2 1 1
581 4 0 0 0 0 0 0 0 0
582 4 0 0 2 0 0 0 0 0
585 4 0 0 0 0 0 0 0 0
586 8 1 1 4 1 0 0 0 0
588 4 0 0 0 0 0 0 0 0
589 4 0 0 2 0 0 0 0 0
598 2 0 0 0 0 0 2 0 0
606 4 0 0 2 0 0 0 0 0
608 16 0 0 2 0 0 4 0 0
614 2 0 0 2 0 0 0 0 0
620 2 0 0 1 1 0 1 0 0
623 2 1 1 1 0 0 1 0 0
626 9 0 0 8 0 0 0 0 0
fn=_dl_allocate_tls_storage
370 1 0 0 1 0 0 0 0 0
374 1 0 0 0 0 0 0 0 0
375 1 0 0 0 0 0 0 0 0
376 2 0 0 0 0 0 0 0 0
379 1 0 0 0 0 0 1 1 1
385 2 0 0 0 0 0 1 0 0
422 4 1 1 0 0 0 3 0 0
424 1 0 0 1 0 0 0 0 0
435 1 0 0 1 0 0 0 0 0
436 1 0 0 0 0 0 0 0 0
437 3 0 0 0 0 0 0 0 0
445 4 1 1 0 0 0 0 0 0
446 1 0 0 0 0 0 0 0 0
450 321 1 1 0 0 0 313 39 39
469 1 0 0 0 0 0 1 1 1
475 5 0 0 4 0 0 0 0 0
fn=_dl_assign_tls_modid
131 4 1 1 0 0 0 0 0 0
134 4 0 0 2 0 0 0 0 0
147 2 1 1 2 0 0 0 0 0
186 2 0 0 0 0 0 0 0 0
188 2 0 0 0 0 0 2 0 0
191 2 0 0 0 0 0 2 0 0
192 4 0 0 2 0 0 0 0 0
fn=_dl_count_modids
197 1 1 1 0 0 0 0 0 0
199 2 0 0 1 0 0 0 0 0
200 1 0 0 1 0 0 0 0 0
215 2 0 0 1 0 0 0 0 0
fn=_dl_determine_tlsoffset
221 8 2 2 0 0 0 6 0 0
222 1 0 0 0 0 0 0 0 0
223 1 0 0 0 0 0 0 0 0
224 1 0 0 0 0 0 0 0 0
227 3 0 0 1 0 0 0 0 0
230 2 0 0 1 0 0 0 0 0
264 1 0 0 0 0 0 0 0 0
266 16 0 0 3 0 0 0 0 0
268 7 2 2 3 0 0 1 0 0
270 6 0 0 2 0 0 0 0 0
271 4 0 0 2 0 0 0 0 0
273 4 1 1 0 0 0 0 0 0
275 10 0 0 2 0 0 0 0 0
286 2 0 0 0 0 0 2 0 0
291 16 0 0 0 0 0 0 0 0
293 4 0 0 0 0 0 0 0 0
294 2 0 0 0 0 0 0 0 0
306 1 0 0 0 0 0 1 0 0
307 9 1 1 1 0 0 1 0 0
309 2 0 0 0 0 0 0 0 0
360 8 1 1 7 0 0 0 0 0
fn=_dl_tls_static_surplus_init
83 3 0 0 0 0 0 0 0 0
97 6 1 1 0 0 0 3 0 0
101 6 1 1 1 0 0 1 0 0
102 6 0 0 1 0 0 1 0 0
108 2 0 0 0 0 0 0 0 0
110 4 0 0 0 0 0 0 0 0
113 1 0 0 0 0 0 0 0 0
115 1 0 0 0 0 0 1 0 0
117 3 0 0 0 0 0 1 1 0
118 5 0 0 4 0 0 0 0 0
fl=./elf/../include/list.h
fn=__tls_init_tp
43 2 1 1 1 1 0 1 0 0
44 2 0 0 0 0 0 1 0 0
45 1 0 0 0 0 0 1 0 0
47 1 0 0 0 0 0 1 0 0
fl=./elf/../include/rtld-malloc.h
fn=__minimal_calloc
56 17 0 0 17 0 0 0 0 0
fn=_dl_allocate_tls_storage
44 2 0 0 1 0 0 1 0 0
56 1 0 0 1 0 0 1 0 0
fn=_dl_check_map_versions
44 18 0 0 6 0 0 6 0 0
fn=_dl_find_object_init
56 2 0 0 1 0 0 1 0 0
fn=_dl_important_hwcaps
56 3 1 1 2 0 0 3 0 0
fn=_dl_init_paths
56 5 0 0 3 0 0 3 0 0
fn=_dl_map_object_deps
56 12 0 0 6 0 0 6 0 0
fn=_dl_new_object
44 24 1 1 6 0 0 12 0 0
56 15 0 0 5 0 0 5 0 0
fn=do_lookup_x
44 12 1 1 3 1 0 4 0 0
fn=fillin_rpath.isra.0
50 6 0 0 6 0 0 3 0 0
51 3 0 0 0 0 0 0 0 0
56 6 0 0 3 0 0 3 0 0
fn=init_tls
44 2 0 0 1 0 0 1 0 0
fn=open_verify.constprop.0
50 8 0 0 4 0 0 4 0 0
fn=open_verify.constprop.1
50 2 1 1 1 0 0 1 0 0
fl=./elf/../include/scratch_buffer.h
fn=_dl_map_object_deps
77 3 0 0 0 0 0 2 1 1
78 1 0 0 0 0 0 1 0 0
85 3 1 1 2 0 0 0 0 0
131 15 0 0 0 0 0 5 0 0
fl=./elf/../misc/sbrk.c
fn=sbrk
37 5 0 0 0 0 0 2 0 0
40 1 1 1 1 0 0 0 0 0
58 2 0 0 0 0 0 0 0 0
62 2 0 0 0 0 0 0 0 0
78 5 0 0 3 0 0 0 0 0
fl=./elf/../nptl/nptl-stack.h
fn=__libc_early_init
58 8 1 1 2 1 0 0 0 0
fl=./elf/../sysdeps/generic/dl-cache.h
fn=_dl_load_cache_lookup
125 20 1 1 4 0 0 0 0 0
194 1 0 0 1 0 0 0 0 0
195 5 0 0 0 0 0 0 0 0
fl=./elf/../sysdeps/generic/dl-debug.h
fn=dl_main
29 3 0 0 1 0 0 0 0 0
30 2 0 0 1 0 0 1 0 0
fl=./elf/../sysdeps/generic/dl-hash.h
fn=__rtld_malloc_init_real
43 1 0 0 0 0 0 0 0 0
44 1 0 0 0 0 0 0 0 0
45 19 2 2 6 1 1 0 0 0
48 18 0 0 0 0 0 0 0 0
62 24 0 0 0 0 0 0 0 0
67 1 0 0 0 0 0 0 0 0
72 1 0 0 0 0 0 1 0 0
fl=./elf/../sysdeps/generic/dl-protected.h
fn=do_lookup_x
29 4434 0 0 0 0 0 0 0 0
44 15624 0 0 0 0 0 4464 0 0
fl=./elf/../sysdeps/generic/ldsodefs.h
fn=_dl_relocate_object
138 10314 0 0 3438 0 0 0 0 0
fn=_dl_start
80 3 0 0 2 0 0 0 0 0
fn=do_lookup_x
137 4434 2 1 2217 0 0 0 0 0
138 6651 0 0 0 0 0 0 0 0
fl=./elf/../sysdeps/nptl/dl-mutex.c
fn=__rtld_mutex_init
30 4 1 1 0 0 0 3 0 0
37 1 0 0 1 0 0 0 0 0
40 7 1 1 0 0 0 1 0 0
44 2 0 0 0 0 0 0 0 0
45 9 0 0 3 0 0 1 0 0
47 6 1 1 0 0 0 1 0 0
51 2 0 0 0 0 0 0 0 0
52 7 0 0 3 0 0 1 0 0
53 4 0 0 4 0 0 0 0 0
fl=./elf/../sysdeps/nptl/dl-tls_init_tp.c
fn=__tls_init_tp
68 3 0 0 0 0 0 1 0 0
69 1 0 0 1 0 0 0 0 0
72 1 0 0 0 0 0 0 0 0
75 4 1 1 0 0 0 1 0 0
76 2 0 0 0 0 0 1 0 0
77 1 0 0 0 0 0 1 0 0
82 2 0 0 1 0 0 1 0 0
87 4 0 0 0 0 0 1 0 0
90 1 1 1 0 0 0 1 0 0
93 3 0 0 0 0 0 0 0 0
106 4 0 0 0 0 0 1 0 0
123 3 0 0 2 1 0 1 0 0
130 2 1 1 1 0 0 1 0 0
132 1 0 0 0 0 0 1 0 0
133 1 0 0 0 0 0 1 0 0
134 3 0 0 2 0 0 0 0 0
fn=__tls_pre_init_tp
53 3 1 1 0 0 0 0 0 0
56 10 1 1 0 0 0 3 1 1
61 2 0 0 0 0 0 1 0 0
62 1 0 0 0 0 0 1 0 0
64 1 0 0 1 0 0 0 0 0
fn=rtld_mutex_dummy
42 258 0 0 0 0 0 0 0 0
44 516 0 0 258 0 0 0 0 0
fl=./elf/../sysdeps/nptl/pthread_early_init.h
fn=__libc_early_init
33 6 0 0 0 0 0 1 0 0
34 6 1 1 1 0 0 0 0 0
45 2 0 0 2 1 0 0 0 0
46 1 0 0 0 0 0 0 0 0
52 7 0 0 0 0 0 1 0 0
53 1 0 0 0 0 0 1 0 0
54 1 0 0 0 0 0 1 1 1
57 1 0 0 0 0 0 1 0 0
fl=./elf/../sysdeps/posix/dl-fileid.h
fn=_dl_map_object_from_fd
37 25 1 1 5 0 0 5 0 0
40 20 1 1 15 0 0 5 0 0
49 69 1 1 33 1 1 0 0 0
fl=./elf/../sysdeps/unix/sysv/linux/brk.c
fn=brk
35 1 1 1 0 0 0 0 0 0
36 3 0 0 0 0 0 1 1 1
37 2 0 0 0 0 0 0 0 0
43 1 0 0 0 0 0 0 0 0
44 1 0 0 1 0 0 0 0 0
fl=./elf/../sysdeps/unix/sysv/linux/dl-osinfo.h
fn=dl_main
64 2 0 0 1 0 0 0 0 0
fl=./elf/../sysdeps/unix/sysv/linux/dl-sysdep.c
fn=_dl_discover_osversion
46 5 1 1 0 0 0 3 0 0
48 3 0 0 1 0 0 0 0 0
88 4 1 1 0 0 0 1 1 1
103 1 0 0 0 0 0 0 0 0
107 1 0 0 0 0 0 0 0 0
108 1 0 0 0 0 0 0 0 0
110 12 1 1 3 1 1 0 0 0
112 6 0 0 0 0 0 0 0 0
114 12 0 0 3 0 0 0 0 0
120 3 1 1 0 0 0 0 0 0
121 3 0 0 0 0 0 0 0 0
122 3 0 0 0 0 0 0 0 0
124 13 0 0 0 0 0 0 0 0
129 2 0 0 0 0 0 0 0 0
133 5 0 0 4 0 0 0 0 0
fn=_dl_sysdep_start
36 2 0 0 0 0 0 1 0 0
fl=./elf/../sysdeps/unix/sysv/linux/dl-vdso-setup.h
fn=dl_main
30 3 1 1 0 0 0 2 0 0
33 1 1 1 0 0 0 1 0 0
36 1 0 0 0 0 0 1 0 0
39 1 0 0 0 0 0 1 0 0
45 1 1 1 0 0 0 1 0 0
fl=./elf/../sysdeps/unix/sysv/linux/dl-vdso.h
fn=dl_main
40 1 1 1 1 0 0 0 0 0
41 2 0 0 0 0 0 0 0 0
55 2 0 0 0 0 0 0 0 0
fl=./elf/../sysdeps/unix/sysv/linux/rseq-internal.h
fn=__tls_init_tp
32 3 0 0 1 0 0 0 0 0
34 7 1 1 0 0 0 0 0 0
37 2 0 0 0 0 0 0 0 0
40 1 0 0 0 0 0 1 0 0
fl=./elf/../sysdeps/unix/sysv/linux/x86/cpu-features.c
fn=init_cpu_features.constprop.0
27 6 0 0 0 0 0 0 0 0
fl=./elf/../sysdeps/unix/sysv/linux/x86/dl-minsigstacksize.h
fn=get_common_indices.constprop.0
24 2 1 1 1 0 0 0 0 0
27 2 0 0 1 0 0 0 0 0
28 2 0 0 1 0 0 0 0 0
65 3 0 0 0 0 0 0 0 0
72 1 0 0 0 0 0 0 0 0
74 1 1 1 0 0 0 1 0 0
fl=./elf/../sysdeps/x86/cpu-features.c
fn=get_common_indices.constprop.0
325 1 1 1 0 0 0 1 0 0
329 4 0 0 0 0 0 0 0 0
332 5 1 1 0 0 0 3 0 0
336 1 0 0 0 0 0 1 0 0
337 4 0 0 0 0 0 1 0 0
338 4 0 0 0 0 0 1 0 0
339 4 0 0 0 0 0 1 0 0
340 3 0 0 0 0 0 1 0 0
341 2 0 0 1 0 0 0 0 0
348 2 1 1 1 0 0 0 0 0
350 9 0 0 0 0 0 4 1 1
355 8 0 0 0 0 0 4 1 1
362 2 1 1 1 0 0 0 0 0
363 7 1 1 0 0 0 4 1 1
369 2 0 0 1 0 0 0 0 0
384 2 0 0 2 0 0 0 0 0
fn=init_cpu_features.constprop.0
303 3 0 0 0 0 0 0 0 0
304 2 0 0 0 0 0 0 0 0
305 6 1 1 0 0 0 4 0 0
310 2 0 0 0 0 0 0 0 0
311 6 0 0 0 0 0 4 0 0
316 2 0 0 0 0 0 0 0 0
317 6 1 1 0 0 0 4 0 0
399 7 2 2 0 0 0 6 0 0
402 1 0 0 0 0 0 1 1 1
403 1 0 0 0 0 0 1 0 0
404 1 0 0 0 0 0 1 0 0
415 3 0 0 0 0 0 1 0 0
418 6 1 1 0 0 0 0 0 0
419 1 1 1 0 0 0 0 0 0
422 2 0 0 0 0 0 0 0 0
424 6 2 2 0 0 0 1 1 1
429 1 0 0 0 0 0 1 0 0
431 3 0 0 1 0 0 0 0 0
433 4 1 1 2 0 0 1 0 0
434 15 2 2 0 0 0 0 0 0
489 3 1 1 1 0 0 0 0 0
503 1 0 0 1 0 0 0 0 0
513 11 1 1 1 1 1 0 0 0
516 1 0 0 1 0 0 0 0 0
555 1 0 0 1 0 0 0 0 0
556 1 0 0 0 0 0 0 0 0
564 2 1 1 1 0 0 0 0 0
571 2 0 0 1 0 0 0 0 0
573 1 0 0 1 0 0 0 0 0
577 2 0 0 1 0 0 0 0 0
583 2 0 0 1 0 0 0 0 0
593 1 1 1 0 0 0 0 0 0
687 5 1 1 1 0 0 0 0 0
688 1 0 0 1 0 0 0 0 0
691 2 0 0 0 0 0 0 0 0
692 1 0 0 1 0 0 0 0 0
698 1 0 0 0 0 0 1 0 0
699 1 0 0 0 0 0 1 0 0
701 1 0 0 0 0 0 1 0 0
706 4 0 0 0 0 0 1 0 0
710 3 1 1 1 0 0 0 0 0
723 2 0 0 0 0 0 0 0 0
724 4 0 0 1 0 0 0 0 0
770 1 0 0 0 0 0 1 0 0
771 2 1 1 1 0 0 0 0 0
775 3 1 1 1 0 0 0 0 0
792 2 1 1 0 0 0 0 0 0
793 2 0 0 0 0 0 0 0 0
795 3 1 1 0 0 0 0 0 0
796 2 0 0 1 0 0 0 0 0
798 3 0 0 0 0 0 0 0 0
799 2 0 0 0 0 0 0 0 0
802 2 0 0 0 0 0 1 0 0
817 4 1 1 0 0 0 1 0 0
819 4 0 0 0 0 0 1 0 0
829 2 1 1 1 0 0 0 0 0
874 8 0 0 7 0 0 0 0 0
fn=update_active.constprop.0
43 7 1 1 0 0 0 6 1 1
47 1 0 0 1 0 0 0 0 0
55 3 0 0 1 0 0 0 0 0
56 3 0 0 0 0 0 0 0 0
57 1 0 0 1 0 0 0 0 0
65 4 1 1 1 0 0 1 0 0
66 1 0 0 1 0 0 0 0 0
74 4 1 1 1 0 0 1 0 0
75 1 0 0 1 0 0 0 0 0
76 3 0 0 0 0 0 1 0 0
80 4 0 0 0 0 0 1 0 0
83 3 0 0 1 0 0 0 0 0
84 1 0 0 1 0 0 0 0 0
87 3 0 0 1 0 0 0 0 0
88 2 0 0 1 0 0 1 1 1
92 8 1 1 1 0 0 2 0 0
93 3 0 0 2 0 0 0 0 0
94 3 1 1 2 0 0 0 0 0
95 1 0 0 1 0 0 0 0 0
97 4 0 0 1 0 0 1 0 0
98 3 1 1 2 1 1 0 0 0
100 2 0 0 0 0 0 0 0 0
101 4 0 0 0 0 0 1 0 0
104 4 0 0 0 0 0 1 0 0
105 4 1 1 0 0 0 1 0 0
109 2 0 0 0 0 0 0 0 0
113 2 0 0 0 0 0 0 0 0
115 4 0 0 0 0 0 0 0 0
119 2 1 1 0 0 0 0 0 0
121 1 0 0 0 0 0 0 0 0
124 2 1 1 0 0 0 0 0 0
126 2 0 0 0 0 0 1 0 0
130 1 0 0 0 0 0 0 0 0
131 1 0 0 1 1 1 0 0 0
134 4 0 0 0 0 0 1 0 0
140 4 0 0 0 0 0 1 0 0
142 4 1 1 2 0 0 1 0 0
144 3 0 0 0 0 0 1 0 0
149 4 0 0 0 0 0 0 0 0
198 3 0 0 0 0 0 0 0 0
210 2 0 0 0 0 0 1 0 0
211 1 0 0 1 0 0 0 0 0
214 4 1 1 1 0 0 1 0 0
218 2 0 0 1 0 0 0 0 0
222 3 1 1 0 0 0 0 0 0
223 2 0 0 0 0 0 0 0 0
225 1 0 0 0 0 0 0 0 0
226 1 0 0 0 0 0 0 0 0
229 2 0 0 0 0 0 1 0 0
231 1 0 0 0 0 0 1 0 0
234 2 0 0 0 0 0 0 0 0
285 3 0 0 1 0 0 0 0 0
289 3 0 0 1 0 0 0 0 0
296 1 0 0 0 0 0 1 0 0
297 8 0 0 7 0 0 0 0 0
fl=./elf/../sysdeps/x86/dl-cacheinfo.h
fn=get_common_cache_info.constprop.0
481 9 1 1 0 0 0 6 0 0
496 1 0 0 1 0 0 0 0 0
497 1 0 0 1 0 0 0 0 0
498 2 0 0 1 0 0 1 0 0
499 1 0 0 1 0 0 0 0 0
505 1 0 0 0 0 0 1 0 0
507 8 1 1 3 0 0 2 0 0
510 4 1 1 0 0 0 2 0 0
521 1 0 0 0 0 0 0 0 0
526 3 0 0 1 0 0 0 0 0
530 2 0 0 0 0 0 0 0 0
535 6 1 1 1 0 0 1 0 0
538 23 2 2 0 0 0 0 0 0
545 8 0 0 0 0 0 0 0 0
548 26 0 0 0 0 0 0 0 0
553 2 1 1 0 0 0 0 0 0
557 3 0 0 0 0 0 0 0 0
558 1 0 0 0 0 0 0 0 0
562 6 0 0 0 0 0 0 0 0
566 3 0 0 0 0 0 0 0 0
569 4 0 0 0 0 0 1 0 0
570 1 0 0 0 0 0 0 0 0
575 4 0 0 0 0 0 0 0 0
581 4 0 0 0 0 0 0 0 0
589 7 0 0 1 0 0 0 0 0
591 2 0 0 0 0 0 0 0 0
593 5 0 0 0 0 0 0 0 0
595 12 1 1 0 0 0 0 0 0
597 1 0 0 0 0 0 0 0 0
598 1 0 0 0 0 0 0 0 0
599 9 0 0 1 0 0 0 0 0
601 4 1 1 0 0 0 0 0 0
604 2 0 0 0 0 0 0 0 0
609 1 0 0 0 0 0 0 0 0
611 5 0 0 0 0 0 0 0 0
612 3 0 0 0 0 0 0 0 0
613 1 1 1 0 0 0 0 0 0
616 2 0 0 0 0 0 0 0 0
619 2 1 1 0 0 0 0 0 0
626 1 0 0 0 0 0 0 0 0
628 4 0 0 0 0 0 0 0 0
629 1 0 0 0 0 0 0 0 0
634 2 1 1 0 0 0 0 0 0
639 2 0 0 0 0 0 0 0 0
640 1 0 0 0 0 0 0 0 0
641 2 0 0 0 0 0 0 0 0
642 3 0 0 0 0 0 0 0 0
643 2 0 0 1 0 0 0 0 0
681 4 1 1 0 0 0 0 0 0
682 5 0 0 0 0 0 0 0 0
686 2 0 0 1 0 0 0 0 0
693 1 0 0 0 0 0 1 0 0
694 1 0 0 0 0 0 1 0 0
695 7 0 0 7 0 0 0 0 0
fn=handle_intel.constprop.0
250 96 0 0 0 0 0 72 0 0
255 24 1 1 12 0 0 0 0 0
261 24 0 0 0 0 0 12 0 0
263 12 0 0 0 0 0 12 0 0
264 36 1 1 0 0 0 12 0 0
266 15 0 0 1 0 0 0 0 0
272 60 0 0 0 0 0 12 0 0
277 24 0 0 0 0 0 0 0 0
279 24 0 0 0 0 0 12 0 0
280 12 0 0 0 0 0 0 0 0
284 48 1 1 0 0 0 12 1 1
286 24 0 0 0 0 0 0 0 0
289 60 0 0 0 0 0 12 0 0
291 24 0 0 0 0 0 0 0 0
294 5 0 0 0 0 0 1 0 0
296 2 0 0 0 0 0 0 0 0
299 5 0 0 1 0 0 1 0 0
301 2 0 0 0 0 0 0 0 0
305 3 0 0 0 0 0 0 0 0
310 96 1 1 84 0 0 0 0 0
fn=init_cpu_features.constprop.0
706 1 0 0 0 0 0 1 0 0
708 1 1 1 0 0 0 1 0 0
722 2 0 0 0 0 0 0 0 0
724 5 1 1 0 0 0 3 1 1
725 3 0 0 0 0 0 1 0 0
726 4 1 1 0 0 0 2 0 0
729 3 0 0 0 0 0 2 0 0
731 3 0 0 0 0 0 2 0 0
732 1 0 0 0 0 0 1 0 0
734 3 0 0 0 0 0 2 0 0
736 3 0 0 0 0 0 2 0 0
737 1 0 0 0 0 0 1 0 0
739 3 1 1 0 0 0 2 0 0
741 3 0 0 0 0 0 2 0 0
744 3 0 0 0 0 0 2 0 0
746 3 0 0 0 0 0 1 0 0
748 3 1 1 0 0 0 2 0 0
750 4 0 0 0 0 0 1 0 0
840 18 3 3 10 0 0 6 2 2
863 15 1 1 2 0 0 1 0 0
885 2 0 0 1 0 0 0 0 0
886 1 0 0 1 0 0 0 0 0
893 11 2 2 0 0 0 0 0 0
910 4 1 1 1 0 0 0 0 0
923 4 0 0 1 0 0 1 0 0
931 5 0 0 1 0 0 1 0 0
933 2 1 1 0 0 0 0 0 0
936 5 0 0 1 0 0 1 0 0
938 4 0 0 1 0 0 1 0 0
941 5 1 1 1 0 0 1 0 0
942 5 0 0 0 0 0 1 0 0
946 6 1 1 1 0 0 2 0 0
947 3 0 0 1 0 0 0 0 0
953 8 0 0 3 0 0 2 0 0
956 15 2 2 1 0 0 6 0 0
957 9 1 1 1 0 0 4 0 0
958 12 1 1 1 0 0 5 0 0
961 8 0 0 0 0 0 4 0 0
963 8 1 1 0 0 0 4 0 0
967 7 1 1 4 0 0 3 0 0
970 1 0 0 0 0 0 0 0 0
fn=intel_check_word.constprop.0
110 690 0 0 345 8 8 0 0 0
113 345 0 0 0 0 0 0 0 0
119 104 0 0 0 0 0 78 0 0
123 78 1 1 0 0 0 0 0 0
125 15 0 0 0 0 0 0 0 0
129 156 0 0 0 0 0 0 0 0
131 154 1 1 0 0 0 0 0 0
133 63 1 1 0 0 0 0 0 0
135 126 0 0 0 0 0 0 0 0
143 126 0 0 0 0 0 0 0 0
152 54 1 1 0 0 0 0 0 0
155 120 2 2 0 0 0 0 0 0
158 99 0 0 0 0 0 0 0 0
162 64 0 0 0 0 0 0 0 0
164 186 0 0 0 0 0 0 0 0
166 84 0 0 0 0 0 0 0 0
168 44 0 0 0 0 0 0 0 0
169 32 0 0 0 0 0 0 0 0
170 10 0 0 0 0 0 0 0 0
172 11 1 1 0 0 0 0 0 0
174 22 0 0 0 0 0 0 0 0
176 12 1 1 0 0 0 0 0 0
177 16 0 0 0 0 0 0 0 0
178 12 1 1 0 0 0 0 0 0
179 20 0 0 0 0 0 0 0 0
180 14 0 0 0 0 0 0 0 0
181 12 1 1 0 0 0 0 0 0
183 8 0 0 0 0 0 0 0 0
184 12 0 0 0 0 0 0 0 0
187 21 0 0 0 0 0 0 0 0
194 204 0 0 0 0 0 0 0 0
202 200 0 0 50 0 0 0 0 0
216 51 0 0 0 0 0 0 0 0
246 104 0 0 104 0 0 0 0 0
fl=./elf/../sysdeps/x86/dl-cet.c
fn=_dl_cet_check
41 2 0 0 0 0 0 0 0 0
42 1 0 0 1 1 1 0 0 0
44 1 0 0 0 0 0 0 0 0
45 1 0 0 0 0 0 0 0 0
48 4 1 1 0 0 0 0 0 0
49 2 0 0 0 0 0 0 0 0
51 1 0 0 1 0 0 0 0 0
62 2 0 0 0 0 0 0 0 0
252 8 1 1 0 0 0 6 0 0
254 8 1 1 7 0 0 0 0 0
fl=./elf/../sysdeps/x86/dl-get-cpu-features.c
fn=__x86_cpu_features
39 3 0 0 1 1 0 0 0 0
71 3 1 0 1 0 0 0 0 0
fn=_dl_x86_init_cpu_features
37 1 1 1 0 0 0 0 0 0
39 3 0 0 1 0 0 0 0 0
41 1 1 1 0 0 0 0 0 0
fl=./elf/../sysdeps/x86/dl-hwcap.h
fn=_dl_important_hwcaps
57 3 0 0 0 0 0 0 0 0
fl=./elf/../sysdeps/x86/dl-procinfo.h
fn=_dl_load_cache_lookup
39 8 1 1 0 0 0 0 0 0
42 28 0 0 0 0 0 12 1 1
fl=./elf/../sysdeps/x86/dl-prop.h
fn=_dl_map_object_from_fd
95 40 0 0 20 0 0 0 0 0
100 5 0 0 0 0 0 0 0 0
101 10 0 0 0 0 0 5 0 0
102 5 1 1 0 0 0 5 0 0
103 5 0 0 0 0 0 0 0 0
105 35 0 0 0 0 0 0 0 0
108 15 1 1 5 0 0 0 0 0
109 10 0 0 5 0 0 0 0 0
110 10 0 0 5 0 0 0 0 0
114 15 0 0 5 0 0 0 0 0
118 15 0 0 0 0 0 5 0 0
121 15 1 1 5 0 0 0 0 0
122 10 0 0 0 0 0 0 0 0
126 5 0 0 0 0 0 0 0 0
127 20 0 0 0 0 0 5 0 0
131 18 1 1 7 0 0 0 0 0
132 7 0 0 7 0 0 0 0 0
135 14 0 0 0 0 0 0 0 0
138 7 0 0 0 0 0 0 0 0
139 28 0 0 0 0 0 0 0 0
144 14 1 1 0 0 0 0 0 0
146 28 0 0 0 0 0 0 0 0
151 14 0 0 0 0 0 0 0 0
164 14 0 0 0 0 0 0 0 0
165 17 0 0 7 3 3 5 0 0
166 4 0 0 0 0 0 0 0 0
170 6 0 0 2 0 0 2 0 0
185 15 0 0 0 0 0 0 0 0
187 20 0 0 0 0 0 0 0 0
192 5 0 0 0 0 0 0 0 0
193 20 0 0 0 0 0 0 0 0
198 20 0 0 5 0 0 0 0 0
200 20 0 0 5 0 0 5 0 0
201 5 0 0 0 0 0 5 0 0
203 5 0 0 0 0 0 5 0 0
212 15 0 0 10 0 0 0 0 0
213 5 0 0 5 0 0 0 0 0
fn=dl_main
36 1 1 1 1 0 0 0 0 0
37 24 1 1 0 0 0 0 0 0
40 8 0 0 8 0 0 0 0 0
49 47 0 0 13 1 0 0 0 0
53 39 0 0 7 1 0 0 0 0
71 3 0 0 0 0 0 1 0 0
95 8 0 0 4 0 0 0 0 0
100 1 1 1 0 0 0 0 0 0
101 2 0 0 0 0 0 1 0 0
102 1 0 0 0 0 0 1 0 0
103 1 0 0 0 0 0 0 0 0
105 9 0 0 0 0 0 1 0 0
108 3 1 1 1 0 0 0 0 0
109 2 0 0 1 0 0 0 0 0
110 2 0 0 1 0 0 0 0 0
114 3 0 0 1 0 0 0 0 0
118 3 0 0 0 0 0 1 0 0
121 3 1 1 1 0 0 0 0 0
122 2 0 0 0 0 0 0 0 0
126 1 0 0 0 0 0 0 0 0
127 4 0 0 0 0 0 1 0 0
131 6 1 1 2 0 0 0 0 0
132 2 0 0 2 0 0 0 0 0
135 4 0 0 0 0 0 0 0 0
138 2 0 0 0 0 0 0 0 0
139 8 0 0 0 0 0 0 0 0
144 4 1 1 0 0 0 0 0 0
146 8 0 0 0 0 0 0 0 0
151 4 0 0 0 0 0 0 0 0
164 4 0 0 0 0 0 0 0 0
165 4 0 0 2 0 0 1 0 0
166 2 0 0 0 0 0 0 0 0
170 3 1 1 1 0 0 1 0 0
185 3 0 0 0 0 0 0 0 0
187 4 0 0 0 0 0 0 0 0
192 1 0 0 0 0 0 0 0 0
193 4 0 0 0 0 0 0 0 0
198 4 1 1 1 0 0 0 0 0
200 4 0 0 1 0 0 1 0 0
201 1 0 0 0 0 0 1 0 0
203 2 0 0 0 0 0 1 0 0
212 5 0 0 4 0 0 0 0 0
213 2 0 0 2 0 0 0 0 0
fl=./elf/../sysdeps/x86/get-isa-level.h
fn=_dl_hwcaps_subdirs_active
30 2 0 0 0 0 0 0 0 0
31 3 1 1 1 0 0 0 0 0
32 3 0 0 1 0 0 0 0 0
36 3 0 0 0 0 0 0 0 0
39 4 0 0 1 0 0 0 0 0
40 4 1 1 1 0 0 0 0 0
45 4 0 0 0 0 0 0 0 0
48 2 0 0 0 0 0 0 0 0
49 3 0 0 1 0 0 0 0 0
51 4 1 1 0 0 0 0 0 0
52 2 0 0 0 0 0 0 0 0
53 2 0 0 0 0 0 0 0 0
56 2 0 0 0 0 0 0 0 0
59 2 0 0 0 0 0 0 0 0
fn=update_active.constprop.0
28 1 0 0 0 0 0 0 0 0
30 2 0 0 0 0 0 0 0 0
31 2 1 1 0 0 0 0 0 0
32 3 0 0 0 0 0 0 0 0
36 3 0 0 0 0 0 0 0 0
38 1 0 0 0 0 0 0 0 0
39 3 1 1 1 0 0 0 0 0
40 4 0 0 1 0 0 0 0 0
45 4 1 1 0 0 0 0 0 0
47 1 0 0 0 0 0 0 0 0
48 2 0 0 0 0 0 0 0 0
49 3 0 0 1 0 0 0 0 0
51 4 1 1 0 0 0 0 0 0
52 2 0 0 0 0 0 0 0 0
53 2 0 0 0 0 0 0 0 0
55 1 0 0 0 0 0 0 0 0
56 2 0 0 0 0 0 0 0 0
59 2 0 0 0 0 0 0 0 0
fl=./elf/../sysdeps/x86_64/dl-hwcaps-subdirs.c
fn=_dl_hwcaps_subdirs_active
29 1 1 1 0 0 0 0 0 0
38 3 0 0 0 0 0 0 0 0
43 1 0 0 0 0 0 0 0 0
48 1 0 0 0 0 0 0 0 0
52 1 0 0 1 0 0 0 0 0
fl=./elf/../sysdeps/x86_64/dl-irel.h
fn=_dl_fixup
32 2 1 1 0 0 0 2 0 0
fl=./elf/../sysdeps/x86_64/dl-machine.h
fn=_dl_fixup
229 81 0 0 0 0 0 81 0 0
fn=_dl_relocate_object
71 24 0 0 6 0 0 0 0 0
77 16 0 0 12 2 0 0 0 0
81 12 0 0 4 4 4 0 0 0
87 4 0 0 0 0 0 4 0 0
95 12 1 1 4 0 0 0 0 0
115 8 0 0 4 0 0 0 0 0
117 8 0 0 0 0 0 4 0 0
119 20 0 0 4 2 0 0 0 0
262 6910 0 0 0 0 0 0 0 0
283 6910 0 0 0 0 0 0 0 0
287 6910 0 0 0 0 0 0 0 0
294 144107 11 11 33910 1811 1346 16322 4 0
296 27530 4 4 10326 4 0 0 0 0
299 13747 1 1 3423 0 0 0 0 0
300 4 0 0 0 0 0 0 0 0
301 25 0 0 5 0 0 0 0 0
304 10 0 0 0 0 0 0 0 0
305 15 1 1 5 0 0 0 0 0
316 12 1 1 0 0 0 10 0 0
323 20 0 0 10 0 0 5 0 0
326 20730 0 0 3455 8 3 0 0 0
360 6 1 1 0 0 0 0 0 0
361 9 0 0 6 2 0 3 1 1
368 6 0 0 2 0 0 0 0 0
370 4 0 0 4 1 1 0 0 0
379 4 0 0 2 0 0 2 1 0
422 54 1 1 18 0 0 0 0 0
426 72 0 0 18 1 0 0 0 0
431 54 0 0 36 2 2 0 0 0
440 36 0 0 18 0 0 18 6 6
450 10284 2 2 6854 429 428 3430 1173 437
474 28 0 0 0 0 0 7 0 0
484 18 0 0 0 0 0 6 0 0
490 6 1 1 2 0 0 0 0 0
494 8 1 1 2 0 0 4 0 0
495 8 0 0 4 1 0 0 0 0
496 8 0 0 6 0 0 0 0 0
497 2 0 0 0 0 0 0 0 0
507 4 0 0 4 0 0 0 0 0
508 6 1 1 2 0 0 0 0 0
509 2 0 0 0 0 0 2 0 0
510 4 0 0 2 0 0 2 1 0
529 6363 0 0 2121 265 265 0 0 0
530 2121 1 1 0 0 0 2121 480 471
534 4242 0 0 0 0 0 0 0 0
535 4242 0 0 2121 265 265 0 0 0
545 2346 0 0 1173 0 0 0 0 0
549 2232 0 0 0 0 0 0 0 0
552 3348 0 0 1116 0 0 0 0 0
553 1116 0 0 1116 145 143 0 0 0
579 114 0 0 114 0 0 0 0 0
581 57 0 0 0 0 0 57 0 0
582 57 0 0 0 0 0 57 1 1
fn=_dl_start
45 1 0 0 0 0 0 0 0 0
71 1 0 0 1 0 0 0 0 0
287 21 0 0 0 0 0 0 0 0
296 70 1 1 28 7 7 0 0 0
299 14 0 0 0 0 0 0 0 0
326 47 2 2 0 0 0 0 0 0
346 12 1 1 6 1 1 6 2 2
347 6 0 0 0 0 0 0 0 0
414 1 1 1 0 0 0 0 0 0
534 284 0 0 142 18 18 0 0 0
535 426 0 0 142 18 18 142 20 20
fn=_dl_sysdep_start
215 1 0 0 0 0 0 1 0 0
fl=./elf/../sysdeps/x86_64/dl-runtime.h
fn=_dl_fixup
28 81 0 0 0 0 0 0 0 0
fl=./elf/../sysdeps/x86_64/dl-trampoline.h
fn=_dl_runtime_resolve_xsave
67 81 2 1 0 0 0 0 0 0
72 81 0 0 0 0 0 81 0 0
75 81 0 0 0 0 0 0 0 0
77 81 0 0 0 0 0 0 0 0
87 81 0 0 81 1 0 0 0 0
93 81 0 0 0 0 0 81 1 1
94 81 0 0 0 0 0 81 0 0
95 81 2 1 0 0 0 81 0 0
96 81 0 0 0 0 0 81 0 0
97 81 0 0 0 0 0 81 0 0
98 81 0 0 0 0 0 81 0 0
99 81 0 0 0 0 0 81 0 0
103 81 0 0 0 0 0 0 0 0
104 81 0 0 0 0 0 0 0 0
107 81 0 0 0 0 0 81 1 0
108 81 0 0 0 0 0 81 0 0
110 81 0 0 0 0 0 81 0 0
111 81 0 0 0 0 0 81 0 0
112 81 2 1 0 0 0 81 0 0
113 81 0 0 0 0 0 81 0 0
114 81 0 0 0 0 0 81 0 0
115 81 0 0 0 0 0 81 0 0
117 81 0 0 81 0 0 2673 8 2
124 81 0 0 81 0 0 0 0 0
125 81 0 0 81 0 0 0 0 0
126 81 0 0 0 0 0 81 1 0
127 81 0 0 0 0 0 0 0 0
132 81 0 0 0 0 0 0 0 0
133 81 0 0 0 0 0 0 0 0
134 81 0 0 2916 0 0 0 0 0
136 81 2 1 81 0 0 0 0 0
137 81 0 0 81 0 0 0 0 0
138 81 0 0 81 0 0 0 0 0
139 81 0 0 81 0 0 0 0 0
140 81 0 0 81 0 0 0 0 0
141 81 0 0 81 0 0 0 0 0
142 81 0 0 81 0 0 0 0 0
144 81 0 0 0 0 0 0 0 0
146 81 0 0 81 0 0 0 0 0
150 81 0 0 0 0 0 0 0 0
152 81 0 0 0 0 0 0 0 0
fl=./elf/../sysdeps/x86_64/tls_get_addr.S
fn=__tls_get_addr
29 2 1 1 0 0 0 0 0 0
30 2 0 0 2 0 0 0 0 0
31 2 0 0 2 1 0 0 0 0
33 2 0 0 2 1 0 0 0 0
34 2 0 0 0 0 0 0 0 0
35 2 0 0 2 1 0 0 0 0
38 2 0 0 0 0 0 0 0 0
39 2 0 0 2 0 0 0 0 0
43 2 0 0 0 0 0 0 0 0
44 2 0 0 0 0 0 0 0 0
45 2 0 0 2 0 0 0 0 0
46 2 0 0 2 0 0 0 0 0
fl=./elf/./dl-find_object.h
fn=_dl_find_object_from_map
95 14 1 1 7 5 0 7 2 1
96 14 1 1 7 1 0 7 0 0
97 7 0 0 0 0 0 7 3 3
103 35 0 0 14 6 0 0 0 0
104 200 0 0 0 0 0 0 0 0
105 138 1 1 69 59 8 0 0 0
107 21 0 0 14 2 0 7 0 0
112 7 0 0 7 0 0 0 0 0
fl=./elf/./dl-hwcaps.h
fn=_dl_important_hwcaps
54 12 2 2 3 0 0 6 0 0
56 8 0 0 2 0 0 6 0 0
57 1 0 0 0 0 0 0 0 0
88 9 1 1 4 0 0 5 0 0
89 8 0 0 3 0 0 5 0 0
90 6 0 0 0 0 0 0 0 0
fl=./elf/./dl-load.h
fn=_dl_map_object_from_fd
91 40 0 0 0 0 0 0 0 0
92 15 0 0 10 0 0 5 0 0
94 40 1 1 20 1 1 0 0 0
95 20 1 1 12 0 0 0 0 0
96 24 0 0 8 0 0 0 0 0
97 16 1 1 4 0 0 0 0 0
99 16 0 0 0 0 0 4 0 0
fl=./elf/./dl-main.h
fn=dl_main
109 5 1 1 4 0 0 1 0 0
fl=./elf/./dl-map-segments.h
fn=_dl_map_object_from_fd
28 15 0 0 10 0 0 0 0 0
29 45 1 1 20 0 0 10 0 0
96 10 0 0 5 0 0 0 0 0
102 5 0 0 0 0 0 5 0 0
103 15 0 0 5 0 0 0 0 0
106 15 1 1 5 0 0 5 0 0
107 10 0 0 0 0 0 5 0 0
109 10 0 0 5 0 0 0 0 0
116 16 0 0 6 0 0 2 0 0
119 14 0 0 2 0 0 2 0 0
126 5 1 1 5 0 0 0 0 0
128 5 0 0 0 0 0 0 0 0
136 100 0 0 0 0 0 0 0 0
138 60 0 0 30 0 0 0 0 0
140 165 1 1 60 0 0 30 0 0
141 15 0 0 15 0 0 0 0 0
150 80 0 0 40 0 0 0 0 0
156 5 0 0 5 0 0 0 0 0
157 5 0 0 5 0 0 0 0 0
158 25 0 0 5 0 0 0 0 0
159 10 0 0 0 0 0 0 0 0
166 10 1 1 0 0 0 0 0 0
169 10 0 0 0 0 0 0 0 0
177 35 0 0 0 0 0 15 0 0
178 10 0 0 10 0 0 0 0 0
183 10 0 0 0 0 0 0 0 0
187 16 1 1 0 0 0 2 0 0
190 4 0 0 0 0 0 0 0 0
195 20 1 1 0 0 0 0 0 0
fl=./elf/./dl-sym-post.h
fn=lookup_malloc_symbol
41 8 0 0 0 0 0 0 0 0
53 12 0 0 4 0 0 0 0 0
fl=./elf/./dl-tunable-types.h
fn=__GI___tunable_set_val
90 10 0 0 0 0 0 0 0 0
fl=./elf/./elf/dl-audit.c
fn=_dl_audit_activity_map
28 6 1 1 0 0 0 4 0 0
29 1 0 0 1 0 0 0 0 0
30 3 1 1 1 0 0 0 0 0
36 6 1 1 5 0 0 0 0 0
fn=_dl_audit_activity_nsid
40 18 2 1 0 0 0 12 0 0
44 12 0 0 3 0 0 0 0 0
45 3 0 0 3 1 0 0 0 0
46 12 2 1 0 0 0 0 0 0
50 18 0 0 15 0 0 0 0 0
fn=_dl_audit_objclose
96 7 1 1 0 0 0 0 0 0
97 28 0 0 14 0 0 0 0 0
fn=_dl_audit_objopen
76 5 1 1 0 0 0 0 0 0
77 20 0 0 10 0 0 0 0 0
fn=_dl_audit_preinit
117 1 1 1 0 0 0 0 0 0
118 4 0 0 2 1 0 0 0 0
fl=./elf/./elf/dl-cache.c
fn=_dl_cache_libcmp
370 123 1 1 0 0 0 0 0 0
371 523 1 1 41 0 0 0 0 0
373 702 0 0 0 0 0 0 0 0
375 248 1 1 0 0 0 0 0 0
381 21 0 0 0 0 0 0 0 0
382 21 0 0 0 0 0 0 0 0
383 221 0 0 200 0 0 0 0 0
385 221 0 0 200 3 3 0 0 0
387 14 0 0 0 0 0 0 0 0
393 454 0 0 0 0 0 0 0 0
395 454 0 0 0 0 0 0 0 0
396 102 1 1 34 0 0 0 0 0
399 193 0 0 0 0 0 0 0 0
400 193 0 0 0 0 0 0 0 0
403 62 0 0 48 31 31 0 0 0
fn=_dl_load_cache_lookup
194 68 0 0 0 0 0 0 0 0
208 4 0 0 4 0 0 0 0 0
212 32 2 2 4 0 0 12 0 0
218 48 1 1 16 0 0 16 0 0
219 8 0 0 0 0 0 0 0 0
221 20 0 0 0 0 0 0 0 0
228 84 1 1 15 0 0 8 0 0
230 122 0 0 38 0 0 0 0 0
231 68 0 0 34 29 28 0 0 0
235 68 0 0 34 0 0 0 0 0
239 102 1 1 0 0 0 34 0 0
240 68 0 0 0 0 0 0 0 0
248 22 1 1 0 0 0 0 0 0
250 14 0 0 7 1 1 0 0 0
253 14 0 0 0 0 0 0 0 0
255 42 0 0 0 0 0 7 0 0
257 7 0 0 0 0 0 0 0 0
267 8 0 0 0 0 0 0 0 0
277 8 1 1 4 0 0 0 0 0
278 12 0 0 4 0 0 0 0 0
294 8 0 0 0 0 0 0 0 0
303 8 0 0 4 0 0 0 0 0
306 8 0 0 4 0 0 0 0 0
308 12 0 0 4 0 0 0 0 0
309 8 0 0 4 0 0 0 0 0
314 24 1 1 4 0 0 4 0 0
315 16 0 0 4 0 0 0 0 0
322 8 0 0 0 0 0 0 0 0
343 16 0 0 4 0 0 4 0 0
359 30 0 0 0 0 0 0 0 0
360 15 0 0 0 0 0 0 0 0
362 30 0 0 0 0 0 15 0 0
416 40 1 1 0 0 0 24 0 0
418 8 0 0 4 0 0 0 0 0
421 12 1 1 4 0 0 0 0 0
424 5 1 1 0 0 0 1 0 0
432 5 1 1 1 0 0 0 0 0
433 8 0 0 3 1 1 0 0 0
436 7 1 1 0 0 0 0 0 0
437 1 0 0 1 0 0 0 0 0
444 1 1 1 0 0 0 1 0 0
445 2 0 0 0 0 0 1 0 0
490 9 0 0 3 0 0 0 0 0
495 12 0 0 4 0 0 0 0 0
498 12 0 0 4 0 0 4 0 0
513 8 0 0 4 0 0 0 0 0
525 72 2 2 8 0 0 4 0 0
526 16 0 0 4 0 0 4 0 0
527 4 0 0 0 0 0 4 0 0
528 32 0 0 28 0 0 0 0 0
fn=_dl_unload_cache
537 2 1 1 0 0 0 0 0 0
538 4 0 0 1 1 0 0 0 0
540 2 0 0 1 1 0 1 0 0
541 1 1 1 0 0 0 1 0 0
545 1 0 0 0 0 0 1 0 0
547 2 0 0 1 0 0 0 0 0
fl=./elf/./elf/dl-call-libc-early-init.c
fn=_dl_call_libc_early_init
27 4 1 1 0 0 0 2 0 0
29 2 0 0 0 0 0 0 0 0
33 7 1 1 0 0 0 1 0 0
37 2 0 0 0 0 0 0 0 0
39 4 0 0 3 0 0 0 0 0
40 2 0 0 0 0 0 0 0 0
41 3 0 0 2 0 0 0 0 0
fl=./elf/./elf/dl-debug.c
fn=_dl_debug_initialize
56 1 1 1 0 0 0 0 0 0
57 1 0 0 0 0 0 0 0 0
59 2 0 0 0 0 0 0 0 0
61 1 0 0 0 0 0 0 0 0
63 3 0 0 1 1 1 0 0 0
64 2 1 1 0 0 0 1 0 0
85 2 1 1 1 0 0 0 0 0
90 3 0 0 1 0 0 1 0 0
91 2 0 0 0 0 0 1 0 0
92 1 0 0 0 0 0 1 0 0
95 2 0 0 1 0 0 0 0 0
96 6 1 1 1 0 0 1 0 0
99 2 0 0 0 0 0 0 0 0
107 2 1 1 1 0 0 0 0 0
fn=_dl_debug_state
116 2 1 1 0 0 0 0 0 0
117 2 0 0 2 0 0 0 0 0
fn=_dl_debug_update
38 6 1 0 0 0 0 0 0 0
40 12 0 0 0 0 0 0 0 0
41 6 0 0 0 0 0 0 0 0
44 12 0 0 6 1 0 0 0 0
48 6 0 0 6 0 0 0 0 0
fl=./elf/./elf/dl-deps.c
fn=_dl_map_object_deps
144 6 1 1 0 0 0 3 2 2
145 8 0 0 0 0 0 2 0 0
146 5 1 1 0 0 0 0 0 0
148 3 0 0 0 0 0 1 0 0
152 8 0 0 2 0 0 2 0 0
159 15 2 2 0 0 0 7 1 1
160 22 2 2 1 1 1 2 0 0
176 7 0 0 0 0 0 0 0 0
177 1 0 0 1 0 0 0 0 0
180 1 0 0 0 0 0 1 0 0
198 2 0 0 1 0 0 1 0 0
199 3 0 0 1 0 0 1 0 0
200 2 1 1 0 0 0 2 0 0
202 1 0 0 0 0 0 0 0 0
204 19 1 1 13 0 0 0 0 0
206 7 0 0 0 0 0 0 0 0
209 7 0 0 0 0 0 7 0 0
213 28 0 0 7 2 0 7 0 0
214 46 2 2 20 2 1 0 0 0
217 15 0 0 0 0 0 0 0 0
221 15 1 1 5 0 0 5 0 0
224 22 1 1 11 1 0 0 0 0
226 25 2 2 15 0 0 5 0 0
231 10 0 0 5 0 0 5 0 0
232 5 0 0 0 0 0 5 1 1
233 10 1 1 5 0 0 5 0 0
237 574 0 0 151 5 0 5 0 0
238 277 0 0 0 0 0 0 0 0
244 99 2 2 22 0 0 11 0 0
246 11 0 0 0 0 0 11 0 0
248 44 1 1 0 0 0 11 0 0
249 22 1 1 11 0 0 0 0 0
258 11 0 0 11 0 0 0 0 0
260 22 0 0 11 0 0 0 0 0
265 35 1 1 5 0 0 0 0 0
268 5 0 0 0 0 0 5 0 0
269 5 0 0 0 0 0 5 0 0
270 5 0 0 0 0 0 5 0 0
271 10 0 0 5 0 0 5 0 0
273 5 0 0 5 0 0 0 0 0
275 25 1 1 5 0 0 10 0 0
279 33 0 0 11 0 0 0 0 0
280 24 0 0 0 0 0 8 0 0
282 375 1 1 0 0 0 0 0 0
298 1 0 0 0 0 0 1 0 0
380 12 1 1 0 0 0 6 0 0
433 21 0 0 7 0 0 0 0 0
435 15 0 0 0 0 0 5 0 0
438 10 1 1 0 0 0 0 0 0
439 10 0 0 0 0 0 0 0 0
445 5 0 0 0 0 0 5 2 2
446 25 0 0 5 0 0 5 0 0
447 25 0 0 0 0 0 5 0 0
450 5 0 0 0 0 0 5 0 0
451 5 0 0 5 0 0 0 0 0
455 28 1 1 14 0 0 0 0 0
457 7 0 0 7 0 0 0 0 0
458 32 0 0 6 0 0 0 0 0
464 6 1 1 2 0 0 0 0 0
465 1 0 0 0 0 0 1 0 0
468 4 0 0 1 0 0 1 0 0
479 3 1 1 1 0 0 0 0 0
481 2 0 0 0 0 0 0 0 0
486 5 0 0 2 0 0 1 0 0
487 1 0 0 0 0 0 1 0 0
488 9 0 0 1 0 0 0 0 0
490 27 1 1 7 0 0 1 0 0
494 7 0 0 7 0 0 0 0 0
499 14 1 1 0 0 0 0 0 0
501 15 0 0 0 0 0 7 1 1
506 7 0 0 7 0 0 0 0 0
509 2 0 0 1 0 0 0 0 0
560 2 1 1 0 0 0 0 0 0
561 3 1 1 1 0 0 0 0 0
598 3 1 1 1 0 0 0 0 0
599 2 0 0 0 0 0 0 0 0
602 1 0 0 1 0 0 0 0 0
613 5 0 0 0 0 0 1 0 0
618 8 1 1 1 0 0 1 0 0
619 4 1 1 2 0 0 0 0 0
623 1 0 0 0 0 0 1 0 0
625 1 0 0 0 0 0 1 0 0
626 1 0 0 1 0 0 0 0 0
627 2 0 0 0 0 0 0 0 0
634 3 0 0 1 0 0 0 0 0
637 3 0 0 1 0 0 0 0 0
640 8 0 0 7 1 0 0 0 0
fn=openaux
61 33 0 0 0 0 0 11 0 0
64 121 1 1 44 0 0 22 1 1
65 11 0 0 11 0 0 0 0 0
68 11 0 0 11 0 0 0 0 0
69 22 0 0 22 0 0 0 0 0
fl=./elf/./elf/dl-environ.c
fn=_dl_next_ld_env_entry
28 3 1 1 0 0 0 0 0 0
29 3 0 0 3 0 0 0 0 0
32 256 0 0 85 0 0 0 0 0
34 168 0 0 84 0 0 0 0 0
35 22 1 1 11 0 0 0 0 0
37 2 0 0 0 0 0 0 0 0
40 4 0 0 0 0 0 2 0 0
42 2 0 0 2 0 0 0 0 0
45 82 0 0 0 0 0 0 0 0
49 1 0 0 1 0 0 0 0 0
fl=./elf/./elf/dl-error-skeleton.c
fn=_dl_catch_error
225 10 1 1 0 0 0 3 0 0
227 2 0 0 0 0 0 1 0 0
228 2 0 0 1 0 0 1 0 0
229 2 0 0 1 0 0 1 0 0
230 2 1 1 1 0 0 1 0 0
232 5 0 0 4 0 0 0 0 0
fn=_dl_catch_exception
175 72 2 2 0 0 0 48 3 3
178 24 0 0 0 0 0 0 0 0
180 24 0 0 12 0 0 12 0 0
199 12 0 0 0 0 0 12 1 1
200 24 0 0 0 0 0 12 0 0
203 24 0 0 0 0 0 12 0 0
206 84 0 0 0 0 0 12 0 0
208 36 1 1 24 0 0 12 0 0
209 24 0 0 12 0 0 12 0 0
210 48 0 0 12 0 0 24 0 0
219 48 0 0 24 0 0 0 0 0
fn=_dl_receive_error
238 6 0 0 0 0 0 2 0 0
239 1 0 0 1 0 0 0 0 0
240 1 0 0 1 0 0 0 0 0
243 1 1 1 0 0 0 1 0 0
244 1 0 0 0 0 0 1 0 0
246 1 0 0 0 0 0 1 0 0
248 1 0 0 0 0 0 1 0 0
249 1 0 0 0 0 0 1 0 0
250 4 0 0 3 0 0 0 0 0
fl=./elf/./elf/dl-find_object.c
fn=_dl_find_object_init
561 4 1 1 0 0 0 2 0 0
564 1 1 1 1 1 0 0 0 0
566 2 0 0 1 0 0 0 0 0
567 3 1 1 0 0 0 1 0 0
579 2 0 0 0 0 0 1 0 0
580 3 0 0 1 0 0 1 0 0
582 2 1 1 0 0 0 0 0 0
585 2 1 1 0 0 0 0 0 0
590 1 0 0 0 0 0 1 0 0
591 1 0 0 0 0 0 1 0 0
594 3 0 0 1 0 0 0 0 0
596 2 1 1 0 0 0 1 0 0
599 6 0 0 3 0 0 1 0 0
601 1 0 0 0 0 0 0 0 0
604 4 0 0 3 0 0 0 0 0
fn=_dlfo_process_initial
474 4 0 0 0 0 0 2 0 0
475 2 0 0 2 0 0 0 0 0
477 2 0 0 0 0 0 0 0 0
478 4 0 0 2 0 0 0 0 0
504 24 2 2 4 1 0 0 0 0
505 34 0 0 2 0 0 0 0 0
506 14 0 0 14 1 0 0 0 0
508 52 1 1 12 1 0 0 0 0
511 48 0 0 12 2 0 0 0 0
513 36 1 1 12 1 0 0 0 0
515 12 0 0 0 0 0 6 0 0
516 12 0 0 0 0 0 0 0 0
517 24 0 0 0 0 0 0 0 0
529 2 0 0 0 0 0 2 0 0
531 8 0 0 4 0 0 0 0 0
fn=_dlfo_sort_mappings
536 1 1 1 0 0 0 0 0 0
537 2 0 0 0 0 0 0 0 0
540 24 0 0 5 0 0 0 0 0
544 10 0 0 5 0 0 0 0 0
545 70 0 0 0 0 0 0 0 0
546 85 1 1 15 0 0 0 0 0
553 20 0 0 10 0 0 0 0 0
554 25 0 0 10 0 0 10 0 0
555 10 0 0 0 0 0 10 0 0
557 1 0 0 1 0 0 0 0 0
fl=./elf/./elf/dl-fini.c
fn=_dl_fini
31 9 1 1 0 0 0 6 0 0
48 7 1 1 0 0 0 1 0 0
51 7 0 0 1 1 0 0 0 0
54 2 0 0 1 1 0 1 0 0
56 1 0 0 1 1 0 0 0 0
59 2 0 0 0 0 0 0 0 0
61 6 1 1 3 0 0 0 0 0
66 1 0 0 0 0 0 1 0 0
68 3 0 0 0 0 0 1 0 0
73 17 2 2 1 0 0 0 0 0
78 25 1 1 8 2 0 0 0 0
80 14 0 0 7 0 0 0 0 0
82 14 0 0 0 0 0 0 0 0
84 14 0 0 0 0 0 7 0 0
85 7 0 0 0 0 0 7 5 0
86 7 0 0 0 0 0 0 0 0
90 7 0 0 7 0 0 0 0 0
92 6 1 1 0 0 0 0 0 0
93 6 0 0 0 0 0 0 0 0
99 5 0 0 0 0 0 2 0 0
108 2 1 1 1 1 0 1 0 0
113 27 0 0 8 0 0 1 0 0
115 7 0 0 7 0 0 0 0 0
117 21 0 0 7 0 0 0 0 0
120 14 0 0 0 0 0 7 0 0
123 21 1 1 7 6 0 0 0 0
124 9 0 0 3 3 0 0 0 0
127 10 0 0 5 0 0 0 0 0
138 16 0 0 8 4 1 4 0 0
139 4 0 0 4 2 0 0 0 0
140 8 0 0 4 0 0 0 0 0
141 40 1 1 8 0 0 0 0 0
142 8 0 0 4 4 1 8 0 0
146 12 0 0 4 3 0 0 0 0
147 15 0 0 10 4 1 5 0 0
153 14 0 0 0 0 0 7 0 0
158 7 1 1 7 0 0 0 0 0
162 5 0 0 1 0 0 1 0 0
168 6 1 1 2 0 0 0 0 0
174 2 0 0 1 0 0 0 0 0
181 8 0 0 7 0 0 0 0 0
fl=./elf/./elf/dl-hwcaps.c
fn=_dl_important_hwcaps
55 16 2 2 0 0 0 4 0 0
57 2 0 0 0 0 0 0 0 0
58 6 0 0 2 0 0 0 0 0
59 2 0 0 0 0 0 0 0 0
80 16 2 2 0 0 0 4 0 0
82 2 0 0 0 0 0 2 1 1
83 16 0 0 4 0 0 8 1 1
87 2 0 0 0 0 0 2 0 0
89 6 0 0 2 0 0 2 0 0
90 2 0 0 0 0 0 0 0 0
91 2 0 0 0 0 0 0 0 0
103 6 0 0 0 0 0 4 0 0
105 2 1 1 0 0 0 0 0 0
108 3 0 0 2 0 0 1 0 0
111 1 0 0 0 0 0 0 0 0
115 4 1 1 0 0 0 1 0 0
128 12 1 1 0 0 0 3 0 0
130 12 1 1 5 0 0 3 0 0
131 8 0 0 2 0 0 2 0 0
132 2 0 0 0 0 0 0 0 0
133 2 0 0 0 0 0 0 0 0
136 2 0 0 1 0 0 0 0 0
145 15 1 1 6 0 0 2 0 0
146 4 0 0 0 0 0 0 0 0
154 2 0 0 2 0 0 0 0 0
158 7 1 1 2 0 0 1 0 0
159 2 0 0 0 0 0 0 0 0
160 3 0 0 0 0 0 0 0 0
164 1 0 0 1 0 0 0 0 0
165 3 0 0 1 0 0 1 0 0
166 2 0 0 0 0 0 2 0 0
175 14 2 2 0 0 0 10 2 2
176 7 0 0 1 0 0 2 1 1
178 2 0 0 1 0 0 1 0 0
179 4 0 0 1 0 0 1 0 0
204 2 0 0 0 0 0 2 0 0
205 3 1 1 0 0 0 0 0 0
215 3 0 0 1 0 0 1 0 0
216 6 1 1 2 0 0 1 0 0
220 19 0 0 3 0 0 0 0 0
221 6 0 0 0 0 0 0 0 0
222 4 0 0 0 0 0 0 0 0
225 3 0 0 0 0 0 1 0 0
228 21 3 3 1 0 0 3 0 0
230 9 1 1 2 0 0 0 0 0
231 4 1 1 2 0 0 2 1 1
233 6 0 0 0 0 0 3 0 0
234 2 0 0 0 0 0 2 1 1
235 6 0 0 0 0 0 0 0 0
236 2 0 0 1 0 0 0 0 0
238 3 0 0 1 0 0 0 0 0
240 4 0 0 0 0 0 1 0 0
241 2 1 1 1 0 0 1 0 0
242 1 0 0 0 0 0 0 0 0
245 5 0 0 1 0 0 1 0 0
246 1 0 0 0 0 0 1 0 0
249 2 0 0 1 0 0 0 0 0
252 3 0 0 1 0 0 0 0 0
253 5 1 1 3 0 0 1 0 0
256 8 0 0 6 0 0 1 0 0
257 3 0 0 1 0 0 0 0 0
259 2 1 1 0 0 0 0 0 0
260 8 2 2 1 0 0 0 0 0
261 4 1 1 2 0 0 0 0 0
262 4 1 1 1 0 0 1 0 0
272 4 0 0 1 0 0 0 0 0
276 10 1 1 3 0 0 3 1 1
282 2 0 0 0 0 0 0 0 0
283 2 0 0 0 0 0 0 0 0
291 3 0 0 1 0 0 0 0 0
304 2 0 0 1 0 0 0 0 0
306 1 0 0 0 0 0 1 0 0
315 2 0 0 1 0 0 1 0 0
328 1 1 1 0 0 0 1 0 0
331 2 0 0 1 0 0 0 0 0
338 1 0 0 1 0 0 0 0 0
341 2 0 0 0 0 0 0 0 0
344 14 1 1 7 0 0 5 0 0
347 17 0 0 4 0 0 2 0 0
348 17 2 2 1 0 0 1 0 0
349 5 0 0 2 0 0 2 0 0
352 12 0 0 4 0 0 4 0 0
354 5 1 1 1 0 0 0 0 0
359 34 1 1 3 0 0 0 0 0
360 8 0 0 0 0 0 8 1 1
364 23 0 0 1 0 0 0 0 0
367 48 0 0 0 0 0 0 0 0
368 72 0 0 0 0 0 0 0 0
369 48 1 1 24 0 0 12 0 0
371 9 0 0 0 0 0 0 0 0
374 3 0 0 1 0 0 0 0 0
375 2 1 1 0 0 0 0 0 0
376 15 0 0 2 0 0 1 0 0
378 6 0 0 0 0 0 0 0 0
379 2 0 0 2 0 0 0 0 0
381 1 1 1 1 0 0 0 0 0
382 7 1 1 0 0 0 2 0 0
389 22 0 0 6 0 0 5 0 0
390 4 0 0 0 0 0 0 0 0
392 8 0 0 0 0 0 0 0 0
395 4 0 0 2 0 0 0 0 0
401 9 0 0 8 0 0 0 0 0
fl=./elf/./elf/dl-hwcaps_split.c
fn=_dl_hwcaps_contains
66 6 1 1 0 0 0 0 0 0
67 12 0 0 0 0 0 0 0 0
68 6 0 0 0 0 0 0 0 0
77 6 0 0 6 0 0 0 0 0
fn=_dl_hwcaps_split
25 4 1 1 0 0 0 2 0 0
26 3 0 0 1 0 0 0 0 0
27 1 0 0 0 0 0 0 0 0
47 4 1 1 3 0 0 0 0 0
fn=_dl_hwcaps_split_masked
26 42 0 0 14 0 0 0 0 0
30 24 0 0 12 0 0 12 0 0
34 72 1 1 18 1 1 0 0 0
35 12 0 0 0 0 0 6 0 0
36 24 0 0 0 0 0 0 0 0
41 27 0 0 0 0 0 9 0 0
42 18 0 0 0 0 0 0 0 0
43 9 0 0 0 0 0 3 0 0
45 6 0 0 0 0 0 0 0 0
51 55 1 1 0 0 0 22 0 0
55 5 1 1 0 0 0 0 0 0
56 18 0 0 9 0 0 9 0 0
57 27 0 0 0 0 0 9 0 0
58 54 0 0 6 0 0 6 0 0
62 44 0 0 33 0 0 0 0 0
fl=./elf/./elf/dl-init.c
fn=_dl_init
31 48 2 2 16 0 0 0 0 0
33 44 0 0 8 0 0 7 0 0
77 12 1 1 0 0 0 6 0 0
78 1 0 0 1 1 0 0 0 0
79 1 0 0 1 0 0 0 0 0
82 3 1 1 1 0 0 0 0 0
85 2 1 1 0 0 0 1 0 0
90 2 0 0 0 0 0 0 0 0
115 1 0 0 1 0 0 0 0 0
116 26 0 0 0 0 0 0 0 0
117 14 0 0 14 2 0 0 0 0
123 8 1 1 7 0 0 0 0 0
fn=call_init.part.0
26 63 1 1 0 0 0 35 1 0
39 21 1 1 7 0 0 7 0 0
42 21 0 0 14 5 0 0 0 0
43 2 0 0 0 0 0 0 0 0
47 12 0 0 6 0 0 0 0 0
55 18 0 0 6 5 0 0 0 0
56 24 0 0 8 4 0 4 0 0
59 6 1 1 6 5 0 0 0 0
60 12 0 0 0 0 0 0 0 0
66 12 0 0 8 3 0 0 0 0
68 8 0 0 8 0 0 0 0 0
69 100 0 0 0 0 0 0 0 0
70 80 0 0 20 5 0 20 0 0
72 42 1 1 42 0 0 0 0 0
fl=./elf/./elf/dl-load.c
fn=_dl_dst_count
238 66 1 1 0 0 0 55 0 0
241 22 0 0 0 0 0 11 1 1
244 22 0 0 0 0 0 0 0 0
245 11 1 1 0 0 0 0 0 0
264 77 0 0 66 0 0 0 0 0
fn=_dl_init_paths
706 13 1 1 0 0 0 8 0 0
720 4 1 1 0 0 0 2 1 1
725 1 0 0 0 0 0 1 0 0
727 2 0 0 0 0 0 0 0 0
734 5 0 0 0 0 0 0 0 0
735 2 1 1 1 0 0 0 0 0
739 4 0 0 0 0 0 1 1 1
741 4 0 0 2 0 0 0 0 0
747 1 0 0 0 0 0 1 0 0
748 1 1 1 0 0 0 1 0 0
756 8 0 0 0 0 0 4 0 0
758 8 0 0 0 0 0 4 1 1
759 4 0 0 0 0 0 4 1 1
761 5 0 0 0 0 0 4 0 0
762 7 0 0 3 1 1 4 1 1
763 7 1 1 0 0 0 0 0 0
766 9 0 0 3 1 1 0 0 0
767 10 0 0 5 0 0 1 0 0
768 18 0 0 0 0 0 4 0 0
770 26 3 3 6 0 0 6 0 0
776 1 0 0 0 0 0 1 0 0
777 1 0 0 0 0 0 1 0 0
782 1 0 0 1 0 0 0 0 0
785 3 0 0 0 0 0 0 0 0
787 4 0 0 1 0 0 0 0 0
789 3 1 1 1 0 0 0 0 0
806 1 0 0 0 0 0 1 0 0
808 3 2 2 1 0 0 0 0 0
822 2 1 1 0 0 0 1 0 0
825 5 1 1 2 0 0 0 0 0
827 23 1 1 2 0 0 2 0 0
831 2 0 0 0 0 0 0 0 0
832 288 1 1 72 0 0 0 0 0
833 71 0 0 0 0 0 0 0 0
834 142 0 0 0 0 0 0 0 0
836 1 0 0 0 0 0 1 0 0
837 1 0 0 0 0 0 0 0 0
838 2 1 1 0 0 0 0 0 0
844 6 0 0 1 0 0 1 0 0
847 3 0 0 2 0 0 0 0 0
853 1 0 0 0 0 0 1 0 0
857 8 0 0 7 0 0 0 0 0
fn=_dl_map_object
682 39 1 1 13 0 0 0 0 0
685 4 0 0 0 0 0 0 0 0
688 6 2 2 2 0 0 0 0 0
691 2 1 1 0 0 0 2 0 0
692 2 0 0 0 0 0 0 0 0
696 20 0 0 4 0 0 8 0 0
2022 120 1 1 0 0 0 96 3 3
2024 5 0 0 0 0 0 5 1 1
2030 24 0 0 0 0 0 0 0 0
2031 48 1 1 12 1 1 0 0 0
2034 222 0 0 54 0 0 0 0 0
2039 343 1 1 98 0 0 0 0 0
2041 245 0 0 0 0 0 49 1 1
2045 84 0 0 42 0 0 0 0 0
2046 126 0 0 42 0 0 0 0 0
2049 110 0 0 66 0 0 0 0 0
2050 66 1 1 22 0 0 0 0 0
2051 88 0 0 0 0 0 22 0 0
2068 35 2 2 10 0 0 5 0 0
2069 15 0 0 0 0 0 5 0 0
2077 15 0 0 5 0 0 0 0 0
2092 5 0 0 0 0 0 5 1 1
2094 25 0 0 0 0 0 5 0 0
2098 16 1 1 0 0 0 8 0 0
2100 8 0 0 4 0 0 0 0 0
2107 16 0 0 4 0 0 0 0 0
2111 8 1 1 4 0 0 4 0 0
2112 4 1 1 0 0 0 0 0 0
2116 15 0 0 5 0 0 0 0 0
2117 5 0 0 0 0 0 0 0 0
2131 20 1 1 8 0 0 0 0 0
2132 40 1 1 8 0 0 4 0 0
2133 4 0 0 0 0 0 0 0 0
2142 8 1 1 0 0 0 0 0 0
2157 12 1 1 4 0 0 0 0 0
2158 56 1 1 4 0 0 16 0 0
2164 20 1 1 4 0 0 0 0 0
2165 4 0 0 0 0 0 0 0 0
2173 4 1 1 0 0 0 4 0 0
2187 8 0 0 0 0 0 0 0 0
2189 12 0 0 4 0 0 0 0 0
2193 12 1 1 0 0 0 4 0 0
2195 8 0 0 0 0 0 0 0 0
2199 8 0 0 0 0 0 0 0 0
2207 12 0 0 4 0 0 0 0 0
2230 28 1 1 0 0 0 8 0 0
2234 12 0 0 4 0 0 0 0 0
2235 8 0 0 0 0 0 4 0 0
2252 8 1 1 4 0 0 0 0 0
2258 1 0 0 0 0 0 1 0 0
2259 4 1 1 0 0 0 1 0 0
2260 2 0 0 0 0 0 0 0 0
2261 3 0 0 0 0 0 0 0 0
2265 6 0 0 0 0 0 2 0 0
2268 3 1 1 1 0 0 0 0 0
2280 20 0 0 5 0 0 0 0 0
2282 16 1 1 0 0 0 0 0 0
2326 10 0 0 5 0 0 5 0 0
2327 75 1 1 15 0 0 25 0 0
2329 108 0 0 84 0 0 0 0 0
fn=_dl_map_object_from_fd
944 70 1 1 0 0 0 55 2 2
954 15 0 0 5 0 0 10 1 1
961 20 0 0 5 0 0 5 0 0
999 95 0 0 30 0 0 0 0 0
1000 40 0 0 20 0 0 0 0 0
1018 10 1 1 5 0 0 0 0 0
1046 20 1 1 5 0 0 5 0 0
1056 10 0 0 5 0 0 0 0 0
1063 40 1 1 25 0 0 5 0 0
1064 10 0 0 0 0 0 0 0 0
1075 15 0 0 10 0 0 5 3 3
1076 20 0 0 10 0 0 10 0 0
1077 10 1 1 5 0 0 5 0 0
1079 15 0 0 0 0 0 0 0 0
1080 20 0 0 10 0 0 0 0 0
1081 8 0 0 0 0 0 4 0 0
1084 17 3 3 1 0 0 1 0 0
1085 6 0 0 1 0 0 1 1 1
1096 10 0 0 0 0 0 5 0 0
1098 5 0 0 0 0 0 5 0 0
1100 110 2 2 10 0 0 5 0 0
1101 5 0 0 0 0 0 0 0 0
1102 5 0 0 0 0 0 5 0 0
1103 5 1 1 0 0 0 5 0 0
1104 5 0 0 0 0 0 0 0 0
1110 202 1 1 5 0 0 0 0 0
1111 504 2 2 59 3 1 0 0 0
1117 10 1 1 5 0 0 0 0 0
1124 12 0 0 7 0 0 5 0 0
1125 15 0 0 5 0 0 5 0 0
1126 50 1 1 10 0 0 5 0 0
1131 2 0 0 1 0 0 1 0 0
1132 1 0 0 0 0 0 0 0 0
1137 135 0 0 45 0 0 5 0 0
1145 40 0 0 0 0 0 0 0 0
1146 150 0 0 0 0 0 25 5 5
1147 60 1 1 20 0 0 0 0 0
1148 60 0 0 0 0 0 20 0 0
1149 40 1 1 20 0 0 20 0 0
1151 140 0 0 20 0 0 0 0 0
1153 40 0 0 20 0 0 20 2 2
1157 40 0 0 0 0 0 0 0 0
1158 75 0 0 30 0 0 15 0 0
1162 40 1 1 0 0 0 0 0 0
1163 160 0 0 20 0 0 20 2 2
1173 20 0 0 0 0 0 0 0 0
1176 6 0 0 2 0 0 0 0 0
1180 8 0 0 0 0 0 2 2 2
1181 2 0 0 2 0 0 0 0 0
1185 10 1 1 0 0 0 2 0 0
1186 4 0 0 2 0 0 2 0 0
1189 2 0 0 0 0 0 2 1 1
1194 8 0 0 2 0 0 0 0 0
1195 10 0 0 5 0 0 5 0 0
1201 25 1 1 5 0 0 5 0 0
1209 10 1 1 5 0 0 5 0 0
1210 5 0 0 0 0 0 0 0 0
1213 20 0 0 10 0 0 5 2 2
1218 15 0 0 0 0 0 0 0 0
1228 90 0 0 0 0 0 0 0 0
1229 40 0 0 0 0 0 20 0 0
1235 10 1 1 0 0 0 0 0 0
1245 20 0 0 10 0 0 0 0 0
1252 35 1 1 15 0 0 5 0 0
1268 20 2 2 10 0 0 0 0 0
1269 15 0 0 5 0 0 5 0 0
1275 18 2 2 4 0 0 0 0 0
1276 10 0 0 0 0 0 0 0 0
1278 10 1 1 0 0 0 0 0 0
1288 15 0 0 5 0 0 0 0 0
1307 15 0 0 5 0 0 5 0 0
1309 25 1 1 10 0 0 0 0 0
1361 15 0 0 5 3 3 0 0 0
1362 4 0 0 2 0 0 2 0 0
1368 183 1 1 74 0 0 15 0 0
1369 275 0 0 59 49 49 0 0 0
1375 79 1 1 5 0 0 5 0 0
1380 20 1 1 5 0 0 5 0 0
1393 10 0 0 5 0 0 0 0 0
1395 20 0 0 10 0 0 5 0 0
1397 10 1 1 5 0 0 0 0 0
1413 10 0 0 0 0 0 5 0 0
1417 10 0 0 5 0 0 0 0 0
1418 10 0 0 5 0 0 0 0 0
1435 10 0 0 5 0 0 0 0 0
1436 1 0 0 0 0 0 1 0 0
1439 10 1 1 5 0 0 5 0 0
1444 10 0 0 5 0 0 0 0 0
1454 10 0 0 5 0 0 0 0 0
1461 30 0 0 10 0 0 0 0 0
1462 12 1 1 4 0 0 0 0 0
1463 27 0 0 9 0 0 3 0 0
1464 9 0 0 3 0 0 0 0 0
1465 5 0 0 1 0 0 1 0 0
1471 10 1 1 5 0 0 0 0 0
1472 8 0 0 2 0 0 0 0 0
1477 4 0 0 0 0 0 2 0 0
1484 15 0 0 5 0 0 5 0 0
1487 20 0 0 10 0 0 0 0 0
1506 25 2 2 10 0 0 0 0 0
1510 35 1 1 15 0 0 0 0 0
1511 20 0 0 5 0 0 5 0 0
1515 45 1 1 35 0 0 0 0 0
fn=_dl_process_pt_gnu_property
868 12 1 1 0 0 0 0 0 0
869 12 1 1 12 0 0 0 0 0
870 6 0 0 6 0 0 0 0 0
876 12 0 0 6 0 0 0 0 0
882 30 0 0 0 0 0 0 0 0
885 18 0 0 6 5 5 0 0 0
886 12 0 0 6 1 1 0 0 0
887 12 1 1 6 0 0 0 0 0
930 6 0 0 6 0 0 0 0 0
fn=expand_dynamic_string_token
241 12 1 1 0 0 0 4 0 0
244 8 0 0 0 0 0 0 0 0
385 36 1 1 0 0 0 24 0 0
399 8 0 0 0 0 0 0 0 0
410 28 0 0 24 0 0 0 0 0
fn=fillin_rpath.isra.0
468 15 2 2 0 0 0 11 0 0
472 1 0 0 0 0 0 0 0 0
474 24 0 0 4 0 0 4 0 0
481 6 0 0 3 0 0 0 0 0
483 12 0 0 3 0 0 3 0 0
487 6 0 0 0 0 0 0 0 0
492 9 1 1 0 0 0 3 0 0
493 6 0 0 0 0 0 0 0 0
500 15 0 0 3 0 0 0 0 0
505 12 1 1 0 0 0 6 0 0
509 54 1 1 18 0 0 0 0 0
510 30 0 0 15 0 0 0 0 0
528 18 2 2 3 0 0 3 0 0
532 9 1 1 6 0 0 0 0 0
534 6 0 0 0 0 0 0 0 0
538 3 0 0 0 0 0 3 1 1
539 6 0 0 3 0 0 0 0 0
540 12 0 0 0 0 0 6 0 0
541 3 0 0 0 0 0 3 0 0
543 6 1 1 3 0 0 0 0 0
544 1 0 0 0 0 0 1 0 0
549 12 0 0 3 0 0 0 0 0
550 84 2 2 3 0 0 0 0 0
551 27 0 0 0 0 0 12 0 0
553 6 0 0 3 0 0 3 0 0
554 9 0 0 3 0 0 0 0 0
555 3 0 0 0 0 0 3 0 0
561 6 0 0 3 0 0 3 0 0
562 6 0 0 0 0 0 3 0 0
565 6 1 1 0 0 0 3 0 0
571 1 0 0 0 0 0 1 0 0
574 8 0 0 7 0 0 0 0 0
fn=open_path
1870 56 2 2 4 0 0 44 3 3
1871 8 0 0 4 0 0 4 0 0
1874 4 0 0 0 0 0 4 0 0
1875 8 1 1 0 0 0 8 0 0
1877 8 0 0 0 0 0 0 0 0
1882 84 2 2 12 0 0 0 0 0
1885 24 0 0 24 0 0 0 0 0
1889 12 0 0 0 0 0 12 0 0
1894 72 1 1 12 0 0 12 1 1
1901 60 0 0 24 0 0 12 1 1
1902 675 2 2 51 0 0 0 0 0
1905 240 0 0 120 0 0 0 0 0
1910 468 1 1 195 0 0 78 0 0
1913 78 0 0 0 0 0 39 0 0
1919 117 0 0 39 0 0 0 0 0
1922 273 1 1 117 0 0 39 0 0
1924 117 0 0 39 0 0 0 0 0
1926 60 0 0 0 0 0 0 0 0
1931 60 1 1 0 0 0 0 0 0
1932 210 0 0 90 0 0 0 0 0
1938 90 1 1 60 0 0 30 0 0
1940 180 0 0 30 0 0 30 0 0
1941 6 0 0 3 0 0 0 0 0
1943 114 1 1 3 0 0 33 0 0
1950 36 0 0 9 0 0 0 0 0
1952 18 0 0 0 0 0 0 0 0
1960 60 0 0 0 0 0 12 0 0
1988 4 0 0 0 0 0 0 0 0
1991 96 2 2 24 0 0 0 0 0
1996 24 0 0 24 0 0 0 0 0
1998 48 0 0 36 0 0 0 0 0
2001 12 0 0 4 0 0 0 0 0
2015 36 0 0 28 0 0 0 0 0
fn=open_verify.constprop.0
1568 473 1 1 0 0 0 258 0 0
1607 129 0 0 43 0 0 0 0 0
1612 78 1 1 0 0 0 0 0 0
1626 215 0 0 0 0 0 43 1 1
1628 86 1 1 0 0 0 0 0 0
1633 4 0 0 0 0 0 0 0 0
1639 4 0 0 0 0 0 4 0 0
1640 4 0 0 0 0 0 4 0 0
1645 40 0 0 4 0 0 8 0 0
1647 8 1 1 0 0 0 0 0 0
1649 8 0 0 4 0 0 4 0 0
1651 8 0 0 0 0 0 0 0 0
1657 8 0 0 0 0 0 0 0 0
1674 65 3 3 23 1 1 0 0 0
1748 8 1 1 4 0 0 0 0 0
1753 8 0 0 4 0 0 0 0 0
1755 16 0 0 4 0 0 0 0 0
1761 8 0 0 4 0 0 0 0 0
1767 20 1 1 4 0 0 0 0 0
1768 16 0 0 4 0 0 0 0 0
1769 6 0 0 3 0 0 0 0 0
1772 16 3 3 1 0 0 0 0 0
1773 9 1 1 1 0 0 2 0 0
1789 243 0 0 1 0 0 0 0 0
1790 102 0 0 47 12 12 0 0 0
1791 32 1 1 8 1 1 0 0 0
1795 32 0 0 16 0 0 0 0 0
1796 18 0 0 6 0 0 0 0 0
1801 4 0 0 0 0 0 0 0 0
1802 32 1 1 2 0 0 0 0 0
1812 28 1 1 6 0 0 8 1 1
1820 72 2 2 20 2 2 0 0 0
1822 8 0 0 0 0 0 0 0 0
1823 72 2 2 24 0 0 0 0 0
1826 24 0 0 0 0 0 0 0 0
1831 2 0 0 0 0 0 0 0 0
1832 16 0 0 6 0 0 0 0 0
1835 4 0 0 0 0 0 0 0 0
1838 6 0 0 2 0 0 0 0 0
1839 10 0 0 2 0 0 0 0 0
1840 4 0 0 2 0 0 0 0 0
1841 6 0 0 2 0 0 0 0 0
1842 6 0 0 2 0 0 0 0 0
1856 387 1 1 301 0 0 0 0 0
fn=open_verify.constprop.1
1568 11 1 1 0 0 0 6 0 0
1607 3 1 1 1 0 0 0 0 0
1626 5 0 0 0 0 0 1 1 1
1628 2 0 0 0 0 0 0 0 0
1633 1 0 0 0 0 0 0 0 0
1639 1 0 0 0 0 0 1 0 0
1640 1 0 0 0 0 0 1 1 1
1645 10 1 1 1 0 0 2 0 0
1647 2 0 0 0 0 0 0 0 0
1649 2 0 0 1 0 0 1 0 0
1651 2 0 0 0 0 0 0 0 0
1657 2 0 0 0 0 0 0 0 0
1674 14 2 2 5 0 0 0 0 0
1748 2 0 0 1 0 0 0 0 0
1753 2 0 0 1 0 0 0 0 0
1755 4 1 1 1 0 0 0 0 0
1761 2 0 0 1 1 1 0 0 0
1767 5 0 0 1 0 0 0 0 0
1768 4 0 0 1 0 0 0 0 0
1769 2 0 0 1 0 0 0 0 0
1789 70 1 1 0 0 0 0 0 0
1790 28 1 1 13 9 9 0 0 0
1791 8 0 0 2 0 0 0 0 0
1795 8 0 0 4 0 0 0 0 0
1796 6 1 1 2 0 0 0 0 0
1820 15 1 1 4 1 1 0 0 0
1822 2 0 0 0 0 0 0 0 0
1823 18 1 1 6 0 0 0 0 0
1826 6 0 0 0 0 0 0 0 0
1832 4 1 1 2 0 0 0 0 0
1856 9 0 0 7 0 0 0 0 0
fl=./elf/./elf/dl-lookup-direct.c
fn=_dl_lookup_direct
32 15 1 1 9 0 0 0 0 0
33 9 0 0 0 0 0 0 0 0
35 6 0 0 3 3 3 0 0 0
36 6 0 0 3 0 0 0 0 0
48 12 0 0 3 0 0 6 0 0
51 6 1 1 6 0 0 0 0 0
53 18 0 0 3 0 0 3 0 0
57 9 0 0 9 2 1 0 0 0
58 21 1 1 9 0 0 0 0 0
59 15 0 0 6 0 0 3 0 0
74 36 2 2 0 0 0 24 0 0
76 6 0 0 3 0 0 0 0 0
78 21 0 0 9 3 0 0 0 0
79 6 1 1 0 0 0 0 0 0
81 12 0 0 3 0 0 3 0 0
84 25 0 0 5 4 3 0 0 0
86 9 0 0 3 0 0 0 0 0
93 6 1 1 0 0 0 0 0 0
115 3 0 0 0 0 0 0 0 0
116 27 0 0 21 0 0 0 0 0
fl=./elf/./elf/dl-lookup.c
fn=_dl_lookup_symbol_x
204 13392 0 0 4464 0 0 4464 0 0
580 4464 0 0 0 0 0 0 0 0
581 390156 0 0 97539 2001 1691 0 0 0
582 381228 2 1 0 0 0 0 0 0
583 2232 0 0 0 0 0 0 0 0
840 31248 4 2 0 0 0 22320 9 0
842 4464 0 0 0 0 0 2232 0 0
843 4464 0 0 0 0 0 2232 0 0
846 2232 0 0 2232 4 0 0 0 0
850 17802 2 1 6678 0 0 2232 5 0
852 13392 2 1 2232 0 0 2232 0 0
853 4464 0 0 2232 0 0 0 0 0
855 4464 0 0 4464 5 0 0 0 0
859 4539 0 0 15 0 0 0 0 0
860 37944 2 1 13392 0 0 15624 8 1
865 6696 0 0 2232 0 0 0 0 0
867 90 1 1 15 0 0 0 0 0
884 2232 2 1 0 0 0 2232 0 0
885 45 1 1 0 0 0 0 0 0
888 4464 0 0 2232 0 0 0 0 0
889 15503 0 0 2213 0 0 0 0 0
896 2217 2 1 2217 0 0 0 0 0
929 8868 0 0 2217 0 0 0 0 0
943 6651 0 0 2217 19 0 0 0 0
944 2 1 1 0 0 0 1 0 0
946 6651 0 0 2217 0 0 0 0 0
953 20088 0 0 15624 0 0 0 0 0
1008 4434 0 0 2217 0 0 0 0 0
fn=check_match
70 28925 2 1 4450 0 0 11125 0 0
73 15575 2 1 4450 350 237 0 0 0
78 2216 2 1 0 0 0 0 0 0
86 11100 0 0 0 0 0 0 0 0
89 5136 0 0 232 0 0 116 2 0
93 2220 0 0 2220 11 0 0 0 0
94 4440 0 0 0 0 0 0 0 0
96 4434 2 1 0 0 0 0 0 0
115 4434 0 0 4434 93 20 0 0 0
116 17736 0 0 6651 30 0 0 0 0
117 11070 5 2 4428 9 0 2214 12 1
118 6 0 0 3 0 0 0 0 0
119 6 0 0 0 0 0 0 0 0
144 6 0 0 0 0 0 0 0 0
146 18 0 0 6 3 1 0 0 0
147 12 0 0 0 0 0 0 0 0
150 2 0 0 0 0 0 0 0 0
151 7 0 0 3 0 0 1 0 0
153 3 0 0 1 0 0 1 0 0
155 14 0 0 0 0 0 0 0 0
162 13350 0 0 13350 0 0 0 0 0
fn=do_lookup_x
170 301 0 0 0 0 0 0 0 0
171 991 3 2 486 0 0 4 0 0
172 940 2 2 250 47 47 0 0 0
174 98 0 0 0 0 0 0 0 0
175 294 0 0 0 0 0 0 0 0
176 528 1 1 0 0 0 0 0 0
179 152 0 0 0 0 0 152 0 0
180 152 0 0 0 0 0 152 0 0
182 152 0 0 0 0 0 152 44 35
183 70 0 0 0 0 0 0 0 0
222 488 1 1 122 0 0 122 0 0
224 1342 1 1 244 2 0 488 0 0
226 366 0 0 122 2 1 122 0 0
227 122 0 0 122 0 0 0 0 0
228 366 0 0 122 0 0 0 0 0
230 2684 2 2 308 0 0 484 0 0
231 726 0 0 0 0 0 0 0 0
234 759 0 0 253 67 25 0 0 0
235 413 0 0 293 0 0 40 0 0
237 200 1 1 120 0 0 0 0 0
247 40 0 0 40 0 0 0 0 0
248 80 0 0 80 0 0 0 0 0
250 160 0 0 80 0 0 120 0 0
251 40 0 0 0 0 0 0 0 0
254 426 0 0 0 0 0 0 0 0
257 132 0 0 0 0 0 0 0 0
258 396 0 0 0 0 0 0 0 0
259 132 1 1 0 0 0 0 0 0
262 1134 0 0 405 0 0 0 0 0
269 10 1 1 0 0 0 4 0 0
272 4 0 0 0 0 0 0 0 0
279 286 1 1 2 0 0 0 0 0
280 276 0 0 92 4 1 0 0 0
281 350 1 1 210 7 0 0 0 0
285 16 0 0 6 0 0 4 0 0
286 2 0 0 0 0 0 2 0 0
288 2 0 0 0 0 0 2 0 0
289 6 1 1 4 0 0 2 0 0
305 3 1 1 0 0 0 1 0 0
313 2 0 0 1 0 0 0 0 0
315 2 0 0 0 0 0 0 0 0
318 1 0 0 0 0 0 1 0 0
319 1 1 1 0 0 0 1 0 0
320 2 0 0 1 0 0 1 0 0
323 574 0 0 246 0 0 0 0 0
324 492 1 1 164 0 0 0 0 0
331 328 0 0 82 0 0 0 0 0
342 410 1 1 164 0 0 0 0 0
347 164 0 0 164 1 0 82 0 0
349 328 0 0 164 0 0 82 0 0
363 29016 4 2 4464 0 0 20088 12 1
364 2232 0 0 2232 4 0 0 0 0
370 2232 0 0 2232 0 0 0 0 0
374 14024 2 1 14024 35 0 0 0 0
377 14024 0 0 0 0 0 0 0 0
381 27432 2 1 2240 0 0 6696 11 1
385 14020 0 0 7010 28 0 0 0 0
389 14020 2 1 7010 3 0 0 0 0
395 21030 3 1 7010 20 0 0 0 0
399 7010 0 0 0 0 0 7010 0 0
400 7010 0 0 0 0 0 7010 0 0
403 35050 0 0 21030 68 1 0 0 0
404 21030 2 1 14020 17 0 7010 0 0
407 7010 0 0 7010 0 0 0 0 0
408 14020 0 0 0 0 0 0 0 0
410 7010 0 0 7010 859 108 0 0 0
411 6696 0 0 0 0 0 2232 0 0
412 14020 0 0 14020 0 0 0 0 0
415 35050 0 0 14020 0 0 0 0 0
418 49070 0 0 0 0 0 0 0 0
421 4664 0 0 4664 1186 192 0 0 0
422 9328 2 1 0 0 0 0 0 0
423 4664 0 0 0 0 0 0 0 0
425 27744 2 1 6936 0 0 11560 0 0
428 28425 2 1 5685 1753 471 0 0 0
430 6675 0 0 2225 0 0 0 0 0
431 31150 2 1 11125 0 0 13350 12 1
432 4450 0 0 0 0 0 0 0 0
435 6675 0 0 0 0 0 0 0 0
438 10425 0 0 9 0 0 0 0 0
452 17728 2 1 11080 0 0 0 0 0
469 193 1 1 97 0 0 0 0 0
471 2 0 0 0 0 0 0 0 0
477 4434 2 1 2217 0 0 0 0 0
528 4434 0 0 0 0 0 0 0 0
535 11544 0 0 2217 0 0 0 0 0
539 4461 3 1 1487 4 0 0 0 0
551 4190 0 0 2095 0 0 2095 0 0
552 2095 0 0 0 0 0 2095 0 0
553 4434 0 0 0 0 0 0 0 0
570 14385 0 0 0 0 0 0 0 0
573 15 0 0 0 0 0 0 0 0
574 17856 2 1 15624 0 0 0 0 0
fl=./elf/./elf/dl-minimal-malloc.c
fn=__minimal_calloc
78 85 2 2 0 0 0 0 0 0
82 17 0 0 0 0 0 0 0 0
85 17 0 0 0 0 0 0 0 0
86 51 0 0 0 0 0 0 0 0
fn=__minimal_free
95 10 0 0 0 0 0 0 0 0
97 40 2 1 20 0 0 0 0 0
fn=__minimal_malloc
35 230 1 1 0 0 0 92 0 0
36 138 0 0 46 4 1 0 0 0
41 3 0 0 0 0 0 1 0 0
42 2 1 1 1 0 0 0 0 0
43 2 0 0 0 0 0 0 0 0
47 184 1 1 46 0 0 46 0 0
50 310 0 0 0 0 0 0 0 0
55 12 1 1 3 0 0 0 0 0
56 12 0 0 0 0 0 0 0 0
58 3 0 0 0 0 0 0 0 0
59 24 0 0 0 0 0 3 1 1
61 6 0 0 0 0 0 0 0 0
63 6 0 0 3 0 0 0 0 0
65 8 0 0 0 0 0 3 0 0
68 47 0 0 1 0 0 46 4 1
69 50 0 0 0 0 0 46 0 0
71 184 0 0 138 0 0 0 0 0
fl=./elf/./elf/dl-minimal.c
fn=__rtld_malloc_init_real
76 8 1 1 0 0 0 5 0 0
86 2 0 0 0 0 0 1 0 0
87 1 0 0 0 0 0 1 0 0
89 1 0 0 0 0 0 1 0 0
91 6 0 0 0 0 0 1 0 0
92 5 1 1 0 0 0 1 0 0
93 5 0 0 0 0 0 1 0 0
94 4 0 0 0 0 0 1 0 0
99 1 0 0 0 0 0 1 0 0
100 1 0 0 0 0 0 1 0 0
101 1 1 1 0 0 0 1 0 0
102 1 0 0 0 0 0 1 0 0
103 7 0 0 6 0 0 0 0 0
fn=__rtld_malloc_init_stubs
42 1 1 1 0 0 0 0 0 0
43 2 0 0 0 0 0 1 1 1
44 2 0 0 0 0 0 1 0 0
45 2 1 1 0 0 0 1 0 0
46 2 0 0 0 0 0 1 0 0
47 1 0 0 1 0 0 0 0 0
fn=lookup_malloc_symbol
61 28 1 1 0 0 0 12 0 0
63 4 0 0 0 0 0 4 0 0
64 28 1 1 4 0 0 12 0 0
68 28 0 0 16 0 0 0 0 0
69 28 0 0 12 0 0 0 0 0
71 4 1 1 0 0 0 4 0 0
72 20 0 0 16 0 0 0 0 0
fn=strsep
239 4 1 1 0 0 0 0 0 0
242 8 0 0 4 1 1 0 0 0
244 4 0 0 4 0 0 0 0 0
245 8 0 0 0 0 0 0 0 0
249 366 1 1 72 0 0 0 0 0
254 280 0 0 140 0 0 0 0 0
256 414 0 0 138 1 1 0 0 0
260 4 0 0 0 0 0 2 0 0
264 69 0 0 0 0 0 0 0 0
267 3 0 0 0 0 0 3 0 0
271 8 0 0 4 0 0 0 0 0
fl=./elf/./elf/dl-misc.c
fn=_dl_higher_prime_number
87 2 1 1 0 0 0 0 0 0
124 2 0 0 0 0 0 0 0 0
125 2 0 0 0 0 0 0 0 0
127 26 1 1 0 0 0 0 0 0
129 80 0 0 0 0 0 0 0 0
130 37 0 0 10 4 2 0 0 0
131 6 0 0 0 0 0 0 0 0
145 2 0 0 2 0 0 0 0 0
146 2 0 0 2 0 0 0 0 0
fn=_dl_name_match_p
68 642 1 1 0 0 0 214 0 0
69 428 0 0 107 0 0 107 2 1
70 18 0 0 0 0 0 0 0 0
72 107 0 0 107 0 0 0 0 0
74 422 0 0 0 0 0 0 0 0
75 610 1 1 122 0 0 122 0 0
80 104 0 0 104 0 0 0 0 0
82 89 0 0 0 0 0 0 0 0
83 428 0 0 321 0 0 0 0 0
fn=_dl_sysdep_read_whole_file
36 9 1 1 0 0 0 4 0 0
39 3 0 0 0 0 0 1 0 0
40 2 0 0 0 0 0 0 0 0
42 6 1 1 0 0 0 1 0 0
44 2 0 0 1 0 0 1 1 1
47 2 0 0 0 0 0 0 0 0
49 8 0 0 0 0 0 1 0 0
60 3 0 0 0 0 0 1 0 0
63 7 0 0 5 0 0 0 0 0
fl=./elf/./elf/dl-object.c
fn=_dl_add_to_namespace_list
31 36 2 2 0 0 0 18 1 1
33 18 0 0 6 0 0 6 0 0
35 47 0 0 6 0 0 0 0 0
38 80 0 0 20 0 0 0 0 0
40 5 0 0 0 0 0 5 0 0
42 5 0 0 0 0 0 5 0 0
45 2 0 0 0 0 0 1 0 0
46 18 1 1 6 0 0 0 0 0
47 12 0 0 6 0 0 6 0 0
48 12 0 0 0 0 0 6 0 0
50 12 0 0 6 0 0 0 0 0
51 18 0 0 18 0 0 0 0 0
fn=_dl_new_object
59 84 1 1 0 0 0 48 3 3
62 12 1 1 0 0 0 0 0 0
64 2 2 2 0 0 0 0 0 0
66 3 0 0 1 0 0 0 0 0
67 2 1 1 0 0 0 0 0 0
71 2 0 0 0 0 0 0 0 0
77 5 0 0 0 0 0 1 1 1
80 10 0 0 5 0 0 5 0 0
83 20 0 0 0 0 0 5 0 0
87 10 0 0 0 0 0 0 0 0
92 11 0 0 0 0 0 6 0 0
95 12 0 0 0 0 0 0 0 0
98 6 0 0 0 0 0 6 5 5
99 6 0 0 0 0 0 6 6 6
100 12 0 0 6 0 0 0 0 0
103 12 0 0 0 0 0 6 1 1
104 42 1 1 12 0 0 18 2 2
106 6 0 0 0 0 0 6 0 0
119 22 0 0 11 0 0 0 0 0
125 1 0 0 0 0 0 0 0 0
127 42 1 1 12 6 6 12 0 0
130 12 0 0 6 0 0 0 0 0
131 17 1 1 0 0 0 6 6 6
132 6 0 0 0 0 0 6 0 0
136 6 0 0 0 0 0 6 0 0
139 75 1 1 7 0 0 0 0 0
141 16 0 0 0 0 0 16 4 4
149 12 1 1 0 0 0 6 0 0
150 6 0 0 0 0 0 6 6 6
153 1 1 1 0 0 0 0 0 0
155 36 0 0 6 1 1 0 0 0
157 20 0 0 0 0 0 5 3 3
160 14 0 0 0 0 0 0 0 0
164 24 0 0 6 0 0 0 0 0
168 30 1 1 5 0 0 0 0 0
176 2 1 1 0 0 0 1 0 0
179 12 0 0 0 0 0 6 2 2
189 18 0 0 6 0 0 0 0 0
191 25 1 1 0 0 0 15 0 0
195 15 0 0 0 0 0 0 0 0
200 20 0 0 0 0 0 0 0 0
208 5 0 0 0 0 0 0 0 0
212 5 0 0 0 0 0 0 0 0
245 20 0 0 5 0 0 5 0 0
250 168 0 0 0 0 0 0 0 0
251 168 0 0 84 0 0 0 0 0
253 10 0 0 0 0 0 0 0 0
256 5 0 0 0 0 0 5 0 0
259 5 0 0 0 0 0 5 2 2
263 54 1 1 42 0 0 0 0 0
fl=./elf/./elf/dl-profstub.c
fn=_dl_mcount_wrapper_check
36 256 1 1 0 0 0 0 0 0
37 384 0 0 256 1 0 0 0 0
39 128 0 0 128 0 0 0 0 0
fl=./elf/./elf/dl-reloc.c
fn=_dl_relocate_object
194 91 1 1 0 0 0 56 1 0
204 12 0 0 0 0 0 0 0 0
205 21 0 0 0 0 0 14 0 0
208 14 0 0 0 0 0 7 0 0
210 21 1 1 0 0 0 0 0 0
212 7 0 0 7 0 0 0 0 0
213 21 0 0 7 3 0 0 0 0
232 14 1 1 7 0 0 0 0 0
238 35 0 0 14 0 0 0 0 0
239 14 1 1 7 7 0 0 0 0
240 2 0 0 0 0 0 0 0 0
242 14 0 0 0 0 0 0 0 0
249 28 2 2 7 2 0 7 0 0
288 410 7 7 177 36 0 52 1 0
291 42 0 0 14 0 0 0 0 0
308 3224 1 1 0 0 0 0 0 0
315 7 0 0 7 1 0 0 0 0
318 14 0 0 7 0 0 0 0 0
335 21 0 0 7 5 0 0 0 0
337 56 0 0 49 4 0 0 0 0
343 42 2 2 21 2 0 0 0 0
346 14 0 0 0 0 0 0 0 0
350 14 0 0 0 0 0 0 0 0
351 42 0 0 0 0 0 7 1 0
fl=./elf/./elf/dl-runtime.c
fn=_dl_fixup
46 648 5 2 0 0 0 324 0 0
48 405 0 0 324 7 0 0 0 0
49 243 0 0 162 1 0 0 0 0
54 81 0 0 81 3 0 0 0 0
55 324 2 1 81 4 0 0 0 0
56 567 0 0 81 76 0 81 0 0
58 162 0 0 81 5 0 0 0 0
63 162 0 0 0 0 0 0 0 0
67 162 0 0 81 80 49 0 0 0
69 324 0 0 81 16 0 0 0 0
71 243 2 1 81 4 0 0 0 0
75 243 0 0 162 75 1 0 0 0
76 324 0 0 81 1 0 0 0 0
84 81 0 0 0 0 0 0 0 0
85 243 0 0 81 0 0 0 0 0
95 891 2 1 162 4 0 243 1 0
99 405 2 1 243 0 0 0 0 0
109 810 0 0 324 0 0 81 0 0
124 324 0 0 81 0 0 0 0 0
125 4 0 0 0 0 0 2 0 0
133 243 2 1 81 0 0 0 0 0
159 243 0 0 81 0 0 0 0 0
163 486 0 0 405 0 0 0 0 0
fl=./elf/./elf/dl-setup_hash.c
fn=_dl_setup_hash
25 14 1 1 0 0 0 0 0 0
28 21 1 1 7 0 0 0 0 0
31 21 0 0 14 0 0 0 0 0
32 14 0 0 7 5 5 7 1 1
33 7 0 0 7 0 0 0 0 0
34 7 0 0 7 0 0 0 0 0
36 21 0 0 0 0 0 0 0 0
37 7 0 0 0 0 0 7 0 0
38 21 0 0 7 0 0 7 0 0
40 28 1 1 0 0 0 7 0 0
41 14 0 0 0 0 0 0 0 0
45 21 0 0 0 0 0 7 0 0
50 7 0 0 7 0 0 0 0 0
fl=./elf/./elf/dl-sort-maps.c
fn=_dl_sort_maps
145 64 0 0 14 0 0 12 0 0
186 2 0 0 0 0 0 0 0 0
187 50 0 0 0 0 0 0 0 0
188 28 0 0 28 0 0 0 0 0
223 38 6 3 2 0 0 0 0 0
228 4 0 0 0 0 0 2 0 0
230 2 0 0 0 0 0 2 0 0
231 16 0 0 0 0 0 0 0 0
233 36 0 0 0 0 0 0 0 0
235 14 2 1 14 0 0 0 0 0
238 28 0 0 14 0 0 0 0 0
256 4 0 0 2 0 0 0 0 0
269 2 2 1 0 0 0 0 0 0
276 10 2 1 0 0 0 2 0 0
290 22 4 1 0 0 0 14 0 0
298 6 0 0 2 2 0 0 0 0
302 18 4 2 14 0 0 0 0 0
fn=_dl_sort_maps_init
281 2 1 1 0 0 0 0 0 0
282 4 0 0 0 0 0 1 0 0
283 1 0 0 0 0 0 1 0 0
284 3 0 0 1 0 0 0 0 0
285 2 0 0 1 0 0 0 0 0
fn=dfs_traversal.part.0
140 112 2 1 0 0 0 56 0 0
145 10 0 0 2 0 0 2 0 0
148 14 2 1 14 0 0 0 0 0
150 42 0 0 14 2 0 0 0 0
152 180 0 0 46 6 0 0 0 0
155 66 0 0 33 0 0 0 0 0
161 49 1 0 7 0 0 0 0 0
176 42 0 0 14 0 0 14 0 0
177 14 0 0 0 0 0 14 0 0
178 84 1 1 70 0 0 0 0 0
fl=./elf/./elf/dl-tunables.c
fn=__GI___tunable_set_val
102 45 1 1 5 0 0 0 0 0
111 5 0 0 5 0 0 0 0 0
112 25 0 0 10 0 0 0 0 0
113 40 1 1 10 0 0 0 0 0
116 15 0 0 0 0 0 0 0 0
119 10 0 0 0 0 0 0 0 0
123 10 0 0 0 0 0 0 0 0
130 10 1 1 0 0 0 0 0 0
131 10 0 0 0 0 0 0 0 0
134 30 0 0 0 0 0 5 0 0
135 5 0 0 0 0 0 5 0 0
136 5 0 0 0 0 0 5 0 0
137 5 0 0 0 0 0 5 0 0
157 25 1 1 0 0 0 0 0 0
161 5 0 0 5 0 0 0 0 0
fn=__GI___tunables_init
71 425 0 0 85 0 0 0 0 0
74 168 0 0 0 0 0 0 0 0
77 9863 1 1 1409 50 50 0 0 0
81 168 1 1 0 0 0 0 0 0
86 336 0 0 0 0 0 0 0 0
273 7 0 0 1 0 0 0 0 0
282 9 2 2 0 0 0 6 1 1
305 11760 0 0 0 0 0 0 0 0
311 18480 1 1 5880 35 35 0 0 0
323 336 0 0 84 0 0 0 0 0
357 8 0 0 7 0 0 0 0 0
fn=__tunable_get_val
405 36 1 1 0 0 0 0 0 0
408 390 1 1 36 28 17 0 0 0
417 46 0 0 36 4 0 10 0 0
427 26 0 0 0 0 0 26 0 0
428 26 0 0 0 0 0 0 0 0
434 180 0 0 36 7 0 0 0 0
436 36 1 1 36 0 0 0 0 0
fl=./elf/./elf/dl-tunables.h
fn=__GI___tunable_set_val
121 10 0 0 0 0 0 0 0 0
122 5 0 0 0 0 0 0 0 0
131 20 1 1 0 0 0 0 0 0
fn=__GI___tunables_init
140 1413 0 0 964 1 1 0 0 0
141 3608 1 1 0 0 0 0 0 0
fl=./elf/./elf/dl-version.c
fn=_dl_check_all_versions
361 6 1 1 0 0 0 4 0 0
363 2 0 0 0 0 0 0 0 0
365 26 0 0 7 0 0 0 0 0
366 7 0 0 0 0 0 0 0 0
367 63 1 1 7 0 0 7 0 0
370 7 0 0 5 0 0 0 0 0
fn=_dl_check_map_versions
36 171 1 1 22 0 0 0 0 0
37 47 0 0 47 0 0 0 0 0
38 290 1 1 0 0 0 58 0 0
56 188 0 0 141 0 0 0 0 0
64 141 1 1 47 0 0 0 0 0
70 141 0 0 47 1 0 0 0 0
86 47 0 0 47 1 0 0 0 0
87 94 0 0 0 0 0 0 0 0
89 47 0 0 47 0 0 0 0 0
94 1835 1 1 753 34 34 94 0 0
108 1506 0 0 753 9 9 0 0 0
110 47 1 1 47 0 0 0 0 0
113 387 0 0 58 2 2 47 0 0
120 2118 0 0 706 11 11 0 0 0
124 706 0 0 0 0 0 0 0 0
142 22 0 0 0 0 0 22 0 0
155 70 2 2 0 0 0 56 2 0
156 7 0 0 0 0 0 7 0 0
164 7 1 1 0 0 0 0 0 0
170 21 0 0 7 0 0 0 0 0
172 35 0 0 14 1 0 7 1 0
174 14 0 0 7 1 0 7 0 0
175 14 1 1 7 0 0 7 0 0
177 14 0 0 0 0 0 0 0 0
180 15 0 0 10 0 0 5 0 0
184 15 0 0 5 5 5 0 0 0
197 6 0 0 0 0 0 0 0 0
198 6 0 0 0 0 0 0 0 0
200 22 0 0 22 0 0 0 0 0
208 33 0 0 11 0 0 0 0 0
213 44 0 0 22 1 1 0 0 0
217 451 1 1 359 0 0 0 0 0
219 47 0 0 47 9 9 0 0 0
221 130 0 0 47 3 3 47 0 0
224 188 1 1 47 0 0 0 0 0
227 141 0 0 47 0 0 0 0 0
232 36 0 0 0 0 0 0 0 0
236 44 1 1 22 0 0 0 0 0
241 12 0 0 0 0 0 6 0 0
250 15 2 2 7 0 0 0 0 0
253 20 0 0 15 0 0 0 0 0
256 484 0 0 121 7 7 0 0 0
259 363 0 0 121 4 4 0 0 0
263 116 0 0 0 0 0 0 0 0
267 12 1 1 0 0 0 0 0 0
272 6 0 0 0 0 0 6 2 0
273 12 0 0 0 0 0 0 0 0
274 12 0 0 0 0 0 0 0 0
284 6 0 0 0 0 0 6 0 0
287 30 1 1 18 3 0 6 1 0
289 18 0 0 6 0 0 0 0 0
292 20 0 0 15 0 0 0 0 0
294 6 0 0 0 0 0 0 0 0
296 33 0 0 11 0 0 0 0 0
299 141 2 2 47 0 0 0 0 0
301 188 0 0 0 0 0 0 0 0
303 235 0 0 47 0 0 47 0 0
304 94 0 0 0 0 0 47 18 18
305 141 0 0 47 0 0 47 5 5
306 141 0 0 47 0 0 47 0 0
309 141 0 0 47 0 0 0 0 0
314 36 0 0 0 0 0 0 0 0
317 33 0 0 11 0 0 0 0 0
322 6 0 0 0 0 0 0 0 0
327 18 1 1 6 0 0 0 0 0
330 20 0 0 15 0 0 0 0 0
334 116 0 0 116 0 0 0 0 0
336 242 0 0 121 0 0 0 0 0
340 116 0 0 116 0 0 0 0 0
341 580 0 0 116 0 0 116 30 30
342 348 0 0 116 0 0 116 0 0
343 116 0 0 0 0 0 116 14 14
346 363 0 0 121 0 0 0 0 0
350 116 0 0 0 0 0 0 0 0
356 63 1 1 56 0 0 0 0 0
fl=./elf/./elf/do-rel.h
fn=_dl_relocate_object
49 42 0 0 14 0 0 14 0 0
50 14 1 1 7 0 0 0 0 0
52 10 0 0 0 0 0 6 0 0
53 12 1 1 0 0 0 8 2 0
60 42 0 0 14 0 0 0 0 0
63 3551 1 1 4 0 0 0 0 0
65 4692 1 1 1173 439 439 0 0 0
67 171 0 0 0 0 0 0 0 0
76 24 0 0 0 0 0 0 0 0
77 193 0 0 2 0 0 0 0 0
78 114 0 0 57 0 0 0 0 0
86 60 1 1 30 2 0 10 0 0
88 20 0 0 0 0 0 0 0 0
100 30 1 1 0 0 0 0 0 0
110 16 0 0 0 0 0 0 0 0
113 6385 0 0 0 0 0 0 0 0
114 4242 0 0 2121 270 267 0 0 0
120 40 0 0 10 8 0 10 2 0
124 32 0 0 16 4 0 8 0 0
126 10369 1 1 3459 0 0 0 0 0
128 17255 0 0 10353 2044 1104 0 0 0
129 13804 0 0 3451 0 0 3451 2 0
130 10353 1 1 6902 0 0 3451 0 0
131 13804 0 0 3451 3 0 0 0 0
133 10353 1 1 0 0 0 0 0 0
135 10 1 1 2 0 0 4 0 0
138 2 0 0 0 0 0 0 0 0
142 3449 0 0 0 0 0 3449 0 0
145 10404 2 2 3449 0 0 0 0 0
146 180 1 1 60 0 0 0 0 0
158 30 1 1 12 0 0 0 0 0
159 16 1 1 2 0 0 0 0 0
160 6 1 1 2 0 0 0 0 0
163 6 0 0 4 0 0 0 0 0
165 8 0 0 2 0 0 2 0 0
166 2 0 0 2 0 0 0 0 0
167 6 0 0 4 0 0 2 0 0
175 25 0 0 8 0 0 1 0 0
177 42 1 1 12 1 1 6 0 0
178 12 0 0 12 0 0 0 0 0
180 18 0 0 0 0 0 0 0 0
188 6 0 0 0 0 0 6 0 0
191 18 0 0 6 0 0 0 0 0
205 4 0 0 1 0 0 0 0 0
fn=_dl_start
49 4 0 0 2 0 0 0 0 0
50 1 0 0 1 0 0 0 0 0
86 10 0 0 4 0 0 0 0 0
88 4 0 0 0 0 0 0 0 0
113 431 0 0 0 0 0 0 0 0
114 284 1 1 142 18 18 0 0 0
118 4 0 0 2 0 0 0 0 0
126 28 0 0 0 0 0 0 0 0
128 21 1 1 7 2 2 0 0 0
129 14 0 0 0 0 0 0 0 0
130 14 0 0 7 0 0 0 0 0
fl=./elf/./elf/get-dynamic-info.h
fn=_dl_map_object_from_fd
39 10 0 0 0 0 0 0 0 0
43 5 0 0 0 0 0 0 0 0
45 499 0 0 126 36 36 0 0 0
49 242 0 0 0 0 0 0 0 0
54 129 1 1 0 0 0 0 0 0
55 88 0 0 0 0 0 0 0 0
56 25 0 0 0 0 0 0 0 0
58 5 0 0 0 0 0 0 0 0
59 25 1 1 0 0 0 0 0 0
61 5 0 0 0 0 0 0 0 0
62 25 2 2 0 0 0 0 0 0
64 25 0 0 0 0 0 0 0 0
68 121 0 0 0 0 0 121 29 29
72 20 0 0 5 0 0 0 0 0
82 17 1 1 7 0 0 0 0 0
83 20 0 0 10 0 0 0 0 0
84 20 0 0 10 0 0 0 0 0
85 20 0 0 10 0 0 0 0 0
87 20 0 0 10 0 0 0 0 0
92 19 1 1 9 1 1 0 0 0
93 19 0 0 9 1 1 0 0 0
94 20 0 0 10 0 0 0 0 0
97 15 0 0 5 0 0 0 0 0
102 8 0 0 4 0 0 0 0 0
109 10 1 1 5 0 0 0 0 0
110 15 0 0 10 0 0 0 0 0
132 15 0 0 5 1 1 0 0 0
137 4 0 0 2 0 0 2 0 0
139 4 0 0 0 0 0 0 0 0
141 4 0 0 0 0 0 0 0 0
143 4 0 0 0 0 0 0 0 0
147 15 1 1 5 0 0 0 0 0
149 3 0 0 1 0 0 1 0 0
150 2 0 0 0 0 0 0 0 0
159 2 1 1 1 0 0 0 0 0
160 3 1 1 0 0 0 0 0 0
165 2 0 0 0 0 0 0 0 0
169 10 0 0 5 0 0 0 0 0
fl=./elf/./elf/libc_early_init.c
fn=__libc_early_init
33 7 2 2 1 0 0 2 0 0
35 1 0 0 0 0 0 1 0 0
38 2 0 0 1 1 0 1 1 0
41 1 0 0 0 0 0 1 1 1
47 4 0 0 2 0 0 0 0 0
49 2 1 1 1 0 0 0 0 0
fl=./elf/./elf/rtld.c
fn=_dl_start
85 8 1 1 0 0 0 2 1 1
488 3 0 0 0 0 0 1 0 0
489 1 0 0 0 0 0 1 0 0
490 6 0 0 0 0 0 1 0 0
492 2 1 1 0 0 0 1 1 1
501 1 0 0 0 0 0 1 0 0
507 4 1 0 1 0 0 1 0 0
509 2 0 0 1 0 0 0 0 0
527 10 2 2 0 0 0 7 2 2
553 1 0 0 0 0 0 1 1 1
556 2 1 1 0 0 0 1 1 1
557 1 0 0 1 1 1 0 0 0
573 56 3 3 12 0 0 8 1 1
575 1 1 1 1 0 0 0 0 0
588 1 0 0 0 0 0 1 0 0
592 2 0 0 0 0 0 1 0 0
607 9 0 0 7 2 0 0 0 0
fn=dl_main
85 16 3 3 0 0 0 1 0 0
92 12 1 1 0 0 0 0 0 0
93 2 0 0 1 0 0 1 1 0
101 7 0 0 3 0 0 0 0 0
205 2 0 0 0 0 0 1 0 0
207 1 1 1 0 0 0 1 0 0
232 2 1 1 2 1 1 0 0 0
233 4 1 1 3 0 0 0 0 0
234 4 0 0 0 0 0 0 0 0
304 3 0 0 0 0 0 3 0 0
310 1 0 0 0 0 0 1 0 0
311 2 0 0 0 0 0 1 0 0
862 1 0 0 1 0 0 0 0 0
864 1 1 1 0 0 0 1 0 0
870 1 0 0 1 0 0 0 0 0
873 1 0 0 0 0 0 1 0 0
875 1 0 0 0 0 0 1 0 0
880 1 0 0 0 0 0 1 0 0
1140 2 0 0 1 0 0 1 0 0
1143 1 0 0 0 0 0 1 0 0
1146 1 0 0 0 0 0 1 0 0
1148 2 0 0 1 1 1 1 1 1
1150 1 0 0 1 0 0 0 0 0
1151 1 0 0 1 0 0 0 0 0
1166 1 0 0 0 0 0 0 0 0
1169 46 4 4 2 0 0 0 0 0
1170 117 1 1 22 7 7 0 0 0
1174 3 1 1 2 0 0 1 0 0
1179 3 1 1 2 0 0 1 0 0
1180 9 0 0 2 0 0 1 0 0
1189 2 0 0 0 0 0 1 0 0
1190 2 0 0 2 1 1 0 0 0
1192 1 0 0 0 0 0 1 0 0
1199 3 1 1 1 0 0 0 0 0
1211 1 0 0 0 0 0 0 0 0
1217 1 0 0 0 0 0 1 0 0
1225 8 0 0 4 0 0 0 0 0
1226 18 2 2 5 1 1 0 0 0
1227 8 0 0 4 0 0 0 0 0
1228 1 0 0 0 0 0 1 0 0
1230 12 0 0 4 0 0 0 0 0
1231 14 1 1 0 0 0 0 0 0
1235 8 0 0 4 3 3 0 0 0
1236 8 0 0 4 0 0 0 0 0
1237 4 0 0 0 0 0 4 0 0
1238 10 0 0 5 0 0 0 0 0
1239 1 0 0 0 0 0 1 0 0
1243 12 1 1 0 0 0 0 0 0
1271 2 0 0 1 0 0 1 1 1
1275 4 0 0 2 1 1 1 0 0
1277 1 0 0 0 0 0 0 0 0
1281 26 0 0 13 0 0 0 0 0
1282 61 1 1 13 0 0 0 0 0
1288 17 0 0 0 0 0 1 0 0
1294 3 0 0 1 1 1 0 0 0
1297 4 0 0 2 0 0 0 0 0
1299 3 1 1 1 0 0 0 0 0
1301 2 0 0 1 0 0 0 0 0
1320 14 2 2 0 0 0 10 1 1
1325 1 0 0 0 0 0 0 0 0
1326 1 0 0 0 0 0 1 0 0
1332 1 0 0 0 0 0 1 1 1
1348 3 0 0 2 0 0 1 0 0
1349 4 1 1 2 0 0 0 0 0
1627 10 2 2 0 0 0 2 0 0
1629 2 0 0 0 0 0 0 0 0
1630 2 0 0 1 0 0 1 0 0
1631 2 0 0 1 0 0 1 0 0
1632 3 1 1 2 0 0 1 0 0
1636 3 0 0 0 0 0 1 0 0
1637 2 0 0 1 0 0 0 0 0
1662 3 0 0 1 0 0 0 0 0
1663 6 0 0 2 0 0 1 0 0
1664 3 1 1 2 0 0 0 0 0
1665 3 0 0 3 0 0 0 0 0
1668 1 0 0 0 0 0 1 0 0
1670 1 0 0 0 0 0 1 1 1
1671 1 1 1 0 0 0 1 1 1
1673 2 0 0 1 0 0 0 0 0
1674 2 0 0 0 0 0 1 0 0
1678 2 0 0 1 0 0 0 0 0
1680 2 0 0 1 0 0 0 0 0
1688 3 0 0 1 0 0 0 0 0
1695 2 1 1 0 0 0 1 0 0
1698 2 0 0 1 0 0 0 0 0
1723 9 0 0 1 0 0 2 0 0
1731 4 0 0 1 0 0 2 0 0
1733 1 0 0 0 0 0 1 0 0
1738 2 0 0 1 0 0 0 0 0
1741 4 1 1 2 0 0 1 0 0
1742 4 0 0 1 0 0 1 0 0
1743 2 0 0 0 0 0 1 0 0
1744 1 0 0 0 0 0 1 0 0
1745 1 1 1 1 0 0 0 0 0
1746 1 0 0 1 0 0 0 0 0
1751 2 0 0 1 0 0 0 0 0
1752 3 1 1 1 0 0 1 0 0
1764 2 0 0 1 1 1 0 0 0
1765 2 0 0 1 0 0 0 0 0
1767 2 0 0 1 0 0 0 0 0
1769 1 0 0 0 0 0 1 0 0
1770 3 1 1 1 0 0 1 0 0
1775 5 0 0 0 0 0 0 0 0
1776 5 0 0 1 1 1 0 0 0
1778 4 1 1 2 1 1 1 1 1
1784 2 0 0 1 1 1 0 0 0
1786 3 1 1 2 0 0 0 0 0
1793 2 1 1 1 0 0 0 0 0
1797 1 1 1 0 0 0 1 0 0
1798 2 0 0 1 0 0 0 0 0
1822 2 0 0 0 0 0 2 0 0
1828 2 0 0 1 0 0 1 0 0
1829 1 0 0 0 0 0 1 0 0
1830 1 1 1 0 0 0 0 0 0
1834 3 0 0 0 0 0 1 0 0
1839 3 0 0 2 0 0 0 0 0
1841 1 0 0 0 0 0 0 0 0
1843 2 0 0 1 0 0 0 0 0
1847 5 0 0 1 0 0 1 0 0
1852 2 0 0 1 0 0 0 0 0
1868 6 1 1 0 0 0 1 0 0
1944 4 0 0 2 0 0 0 0 0
1948 19 3 3 1 0 0 0 0 0
1949 1 0 0 0 0 0 0 0 0
1952 3 0 0 0 0 0 1 0 0
1953 1 0 0 1 0 0 0 0 0
1954 2 0 0 0 0 0 0 0 0
1955 2 0 0 0 0 0 0 0 0
1960 3 0 0 1 0 0 0 0 0
1970 8 0 0 1 0 0 1 0 0
1976 31 1 1 1 0 0 0 0 0
1977 17 0 0 15 0 0 0 0 0
1980 4 0 0 3 0 0 1 0 0
1981 3 1 1 1 0 0 0 0 0
1982 1 0 0 0 0 0 1 0 0
1984 23 0 0 0 0 0 0 0 0
1985 22 1 1 7 0 0 0 0 0
1995 2 1 1 0 0 0 1 1 0
1997 3 0 0 1 0 0 1 0 0
1998 2 0 0 0 0 0 0 0 0
2000 2 0 0 0 0 0 1 0 0
2002 3 0 0 0 0 0 0 0 0
2004 3 0 0 1 1 0 0 0 0
2005 1 0 0 1 0 0 0 0 0
2006 2 1 1 0 0 0 0 0 0
2018 2 0 0 0 0 0 0 0 0
2019 2 0 0 0 0 0 1 0 0
2020 3 0 0 1 0 0 0 0 0
2031 4 1 1 0 0 0 1 1 1
2032 4 0 0 0 0 0 1 0 0
2033 5 1 1 0 0 0 1 0 0
2043 2 0 0 1 1 0 1 0 0
2044 2 0 0 0 0 0 0 0 0
2045 4 1 1 0 0 0 1 0 0
2047 2 0 0 1 0 0 0 0 0
2052 3 0 0 1 0 0 0 0 0
2282 3 0 0 1 1 0 0 0 0
2331 1 0 0 1 0 0 0 0 0
2338 2 0 0 0 0 0 1 0 0
2342 2 1 1 1 0 0 1 0 0
2348 2 0 0 1 0 0 1 0 0
2351 2 0 0 0 0 0 0 0 0
2359 2 0 0 2 0 0 0 0 0
2361 2 0 0 0 0 0 0 0 0
2415 3 1 1 1 0 0 0 0 0
2418 1 1 1 1 0 0 0 0 0
2422 1 0 0 1 0 0 0 0 0
2423 35 2 2 1 1 0 1 0 0
2425 14 0 0 14 4 0 0 0 0
2430 14 0 0 14 6 0 0 0 0
2432 16 0 0 0 0 0 0 0 0
2434 1 1 1 0 0 0 1 0 0
2435 1 0 0 1 0 0 0 0 0
2438 7 0 0 7 1 0 0 0 0
2440 21 1 1 0 0 0 0 0 0
2441 48 0 0 12 7 0 6 0 0
2445 18 0 0 9 3 0 0 0 0
2446 6 0 0 0 0 0 2 0 0
2454 2 1 1 1 0 0 0 0 0
2459 4 0 0 2 1 0 0 0 0
2461 1 0 0 1 0 0 0 0 0
2468 3 0 0 0 0 0 1 0 0
2471 2 1 1 1 0 0 0 0 0
2481 3 1 1 2 1 0 0 0 0
2483 4 0 0 1 0 0 0 0 0
2493 1 0 0 0 0 0 1 0 0
2498 2 0 0 0 0 0 1 0 0
2501 1 0 0 0 0 0 1 0 0
2507 1 0 0 1 0 0 0 0 0
2508 5 0 0 1 0 0 1 0 0
2516 3 0 0 1 0 0 1 0 0
2523 1 0 0 0 0 0 1 0 0
2527 3 1 1 0 0 0 1 0 0
2532 3 0 0 0 0 0 1 0 0
2533 1 0 0 0 0 0 1 0 0
2534 1 0 0 0 0 0 1 0 0
2535 1 0 0 0 0 0 0 0 0
2539 1 0 0 0 0 0 1 0 0
2544 8 0 0 7 2 0 0 0 0
2677 3 0 0 1 0 0 2 0 0
2679 1 0 0 0 0 0 0 0 0
2683 6 1 1 1 0 0 1 1 1
2685 16 0 0 0 0 0 3 0 0
2687 2 0 0 0 0 0 0 0 0
2689 107 0 0 21 0 0 0 0 0
2690 19 1 1 0 0 0 0 0 0
2698 13 0 0 2 1 1 0 0 0
2719 2 1 1 1 0 0 0 0 0
2726 6 1 1 3 0 0 0 0 0
2728 2 0 0 0 0 0 1 0 0
2729 1 0 0 0 0 0 0 0 0
2774 3 1 1 1 0 0 0 0 0
2775 5 1 1 2 0 0 0 0 0
2777 2 1 1 0 0 0 1 0 0
2778 2 0 0 0 0 0 1 0 0
2779 1 0 0 0 0 0 0 0 0
2818 1 0 0 0 0 0 0 0 0
2829 1 0 0 0 0 0 0 0 0
2845 4 1 1 1 0 0 0 0 0
2877 2 0 0 0 0 0 0 0 0
fn=handle_preload_list
191 3 1 1 1 0 0 0 0 0
831 1 1 1 0 0 0 1 0 0
835 1 0 0 0 0 0 1 0 0
836 2 0 0 1 0 0 1 0 0
837 1 0 0 0 0 0 1 0 0
839 1 0 0 1 0 0 0 0 0
841 7 0 0 0 0 0 1 0 0
842 3 0 0 1 0 0 0 0 0
850 3 0 0 1 0 0 0 0 0
894 12 1 1 1 1 1 8 1 1
895 3 1 1 0 0 0 0 0 0
899 5 0 0 2 0 0 0 0 0
902 4 0 0 0 0 0 1 0 0
903 3 0 0 0 0 0 0 0 0
905 5 1 1 0 0 0 1 0 0
906 2 0 0 0 0 0 1 0 0
912 1 0 0 0 0 0 0 0 0
914 2 0 0 1 0 0 0 0 0
916 2 0 0 1 0 0 0 0 0
917 1 0 0 0 0 0 0 0 0
920 9 0 0 7 0 0 0 0 0
fn=init_tls
756 3 1 1 0 0 0 2 0 0
758 2 0 0 1 0 0 1 0 0
762 3 0 0 1 0 0 0 0 0
768 2 1 1 0 0 0 1 0 0
771 1 0 0 0 0 0 1 0 0
772 1 0 0 0 0 0 0 0 0
773 1 0 0 0 0 0 0 0 0
777 1 0 0 0 0 0 0 0 0
779 1 0 0 0 0 0 1 0 0
783 2 0 0 1 1 1 0 0 0
784 2 0 0 0 0 0 0 0 0
785 18 1 1 1 0 0 0 0 0
786 7 1 1 7 0 0 0 0 0
787 14 0 0 7 3 0 0 0 0
791 6 0 0 0 0 0 2 1 1
793 2 0 0 0 0 0 0 0 0
795 3 0 0 1 0 0 0 0 0
798 2 1 1 0 0 0 1 0 0
801 1 0 0 0 0 0 1 0 0
808 2 0 0 0 0 0 1 0 0
809 2 0 0 0 0 0 0 0 0
815 2 0 0 1 0 0 1 0 0
818 8 0 0 0 0 0 2 0 0
821 1 0 0 0 0 0 1 0 0
822 1 0 0 0 0 0 1 0 0
825 5 0 0 3 0 0 0 0 0
fn=map_doit
663 3 1 1 0 0 0 1 0 0
665 4 0 0 1 0 0 0 0 0
666 6 1 1 2 0 0 2 0 0
668 2 0 0 2 0 0 0 0 0
fn=version_check_doit
696 3 1 1 0 0 0 1 0 0
698 6 1 1 2 0 0 1 0 0
702 2 0 0 2 0 0 0 0 0
fl=./elf/./get-dynamic-info.h
fn=_dl_start
45 75 0 0 19 5 5 0 0 0
49 36 1 1 0 0 0 0 0 0
54 21 0 0 0 0 0 0 0 0
55 14 0 0 0 0 0 0 0 0
56 5 0 0 0 0 0 0 0 0
58 1 0 0 0 0 0 0 0 0
59 5 1 1 0 0 0 0 0 0
61 1 0 0 0 0 0 0 0 0
62 5 1 1 0 0 0 0 0 0
64 5 0 0 0 0 0 0 0 0
68 19 0 0 0 0 0 18 6 6
72 3 0 0 0 0 0 0 0 0
82 4 1 1 2 0 0 0 0 0
83 4 0 0 2 0 0 0 0 0
84 4 0 0 2 0 0 0 0 0
85 4 0 0 2 0 0 0 0 0
87 4 1 1 2 0 0 0 0 0
92 4 0 0 2 0 0 0 0 0
93 4 0 0 2 0 0 0 0 0
94 4 0 0 2 0 0 0 0 0
97 3 1 1 1 0 0 0 0 0
102 2 0 0 1 0 0 0 0 0
109 3 0 0 1 0 0 0 0 0
110 3 0 0 2 0 0 0 0 0
118 2 0 0 1 1 1 0 0 0
119 2 1 1 1 0 0 0 0 0
124 3 0 0 1 0 0 0 0 0
127 3 0 0 1 0 0 0 0 0
fn=dl_main
39 3 1 1 1 0 0 0 0 0
43 1 0 0 0 0 0 0 0 0
45 115 0 0 29 8 8 0 0 0
49 56 1 1 0 0 0 0 0 0
54 25 0 0 0 0 0 0 0 0
55 17 0 0 0 0 0 0 0 0
56 5 0 0 0 0 0 0 0 0
58 1 0 0 0 0 0 0 0 0
59 5 1 1 0 0 0 0 0 0
61 1 0 0 0 0 0 0 0 0
62 5 0 0 0 0 0 0 0 0
64 5 0 0 0 0 0 0 0 0
68 28 0 0 0 0 0 28 6 6
72 5 2 2 2 0 0 0 0 0
82 3 0 0 1 0 0 0 0 0
83 4 0 0 2 0 0 0 0 0
84 4 1 1 2 0 0 0 0 0
85 4 0 0 2 0 0 0 0 0
87 4 0 0 2 0 0 0 0 0
92 4 0 0 2 0 0 0 0 0
93 4 1 1 2 0 0 0 0 0
94 5 0 0 2 0 0 0 0 0
97 3 0 0 1 0 0 0 0 0
102 2 0 0 1 0 0 0 0 0
109 2 0 0 1 0 0 0 0 0
110 3 0 0 2 0 0 0 0 0
132 3 1 1 1 0 0 0 0 0
137 2 0 0 1 0 0 1 0 0
139 2 0 0 0 0 0 0 0 0
141 2 0 0 0 0 0 0 0 0
143 2 0 0 0 0 0 0 0 0
144 1 0 0 0 0 0 1 0 0
147 3 1 1 1 0 0 0 0 0
149 3 0 0 1 0 0 1 0 0
150 2 0 0 0 0 0 0 0 0
159 2 0 0 1 0 0 0 0 0
160 3 1 1 0 0 0 0 0 0
165 2 0 0 0 0 0 0 0 0
166 2 0 0 1 0 0 1 0 0
169 2 1 1 1 0 0 0 0 0
fl=./elf/./setup-vdso.h
fn=dl_main
24 2 0 0 1 1 1 0 0 0
fl=./iconv/./iconv/gconv_simple.c
fn=__gconv_btwoc_ascii
49 128 1 1 0 0 0 0 0 0
51 512 1 1 0 0 0 0 0 0
54 128 0 0 128 0 0 0 0 0
fl=./io/../sysdeps/unix/sysv/linux/access.c
fn=access
25 1 1 1 0 0 0 0 0 0
27 7 0 0 0 0 0 1 0 0
31 1 0 0 1 0 0 0 0 0
fl=./io/../sysdeps/unix/sysv/linux/close_nocancel.c
fn=__GI___close_nocancel
25 6 1 1 0 0 0 0 0 0
26 24 0 0 0 0 0 0 0 0
27 6 0 0 6 0 0 0 0 0
fl=./io/../sysdeps/unix/sysv/linux/fstat64.c
fn=fstat
29 12 1 1 0 0 0 0 0 0
30 12 0 0 0 0 0 0 0 0
35 18 0 0 0 0 0 0 0 0
fl=./io/../sysdeps/unix/sysv/linux/fstatat64.c
fn=fstatat
98 72 0 0 0 0 0 0 0 0
153 72 1 1 0 0 0 0 0 0
167 54 0 0 0 0 0 27 0 0
168 135 0 0 27 0 0 0 0 0
169 9 0 0 9 0 0 0 0 0
fl=./io/../sysdeps/unix/sysv/linux/open64_nocancel.c
fn=__open_nocancel
28 180 1 1 0 0 0 45 1 1
31 315 1 1 0 0 0 0 0 0
39 432 0 0 0 0 0 39 0 0
41 45 0 0 45 0 0 0 0 0
fl=./io/../sysdeps/unix/sysv/linux/pread64_nocancel.c
fn=__pread64_nocancel
25 8 1 1 0 0 0 0 0 0
26 16 0 0 0 0 0 0 0 0
27 4 0 0 4 0 0 0 0 0
fl=./io/../sysdeps/unix/sysv/linux/read_nocancel.c
fn=__read_nocancel
25 5 1 1 0 0 0 0 0 0
26 20 0 0 0 0 0 0 0 0
27 5 0 0 5 0 0 0 0 0
fl=./io/../sysdeps/unix/sysv/linux/stat64.c
fn=stat
28 60 1 1 0 0 0 0 0 0
29 120 0 0 0 0 0 0 0 0
fl=./libio/./libio/fileops.c
fn=_IO_file_sync@@GLIBC_2.2.5
792 50 1 1 0 0 0 20 0 0
797 40 1 1 20 1 1 0 0 0
799 10 0 0 10 0 0 0 0 0
800 20 0 0 10 0 0 0 0 0
811 20 1 1 0 0 0 10 0 0
815 40 0 0 30 0 0 0 0 0
fl=./libio/./libio/genops.c
fn=_IO_cleanup
786 6 1 1 0 0 0 3 0 0
787 11 1 1 4 0 0 2 0 0
790 12 0 0 4 0 0 0 0 0
799 9 1 1 3 1 0 0 0 0
801 6 0 0 2 0 0 0 0 0
838 3 0 0 0 0 0 3 0 0
842 9 1 1 3 0 0 2 0 0
843 2 0 0 0 0 0 1 0 0
863 11 1 1 1 0 0 7 0 0
866 3 0 0 0 0 0 1 0 0
878 12 1 1 9 0 0 0 0 0
fn=_IO_flush_all_lockp
686 12 2 2 1 0 0 7 0 0
687 1 0 0 0 0 0 0 0 0
691 6 0 0 0 0 0 3 0 0
692 11 1 1 4 0 0 2 0 0
695 12 0 0 4 2 0 0 0 0
697 3 1 1 0 0 0 3 0 0
698 6 0 0 0 0 0 0 0 0
701 21 2 2 9 2 1 0 0 0
709 6 1 1 0 0 0 0 0 0
711 3 0 0 0 0 0 3 0 0
715 9 0 0 3 0 0 2 0 0
716 2 1 1 0 0 0 1 0 0
720 12 0 0 9 0 0 0 0 0
fl=./libio/./libio/iofflush.c
fn=fflush
32 40 2 2 0 0 0 30 0 0
33 20 0 0 0 0 0 0 0 0
39 140 1 1 70 5 2 10 0 0
40 50 0 0 20 3 0 10 0 0
44 50 0 0 40 0 0 0 0 0
fl=./libio/./libio/libioP.h
fn=_IO_cleanup
940 4 0 0 0 0 0 0 0 0
fn=_IO_flush_all_lockp
940 4 1 1 0 0 0 0 0 0
fn=fflush
883 20 0 0 10 0 0 0 0 0
884 90 1 1 40 0 0 20 0 0
940 30 0 0 0 0 0 0 0 0
942 20 0 0 0 0 0 0 0 0
943 20 0 0 0 0 0 0 0 0
fl=./libio/./libio/vtables.c
fn=check_stdfiles_vtables
83 1 1 1 0 0 0 0 0 0
84 4 0 0 2 1 0 0 0 0
85 3 1 1 2 1 0 0 0 0
86 3 0 0 2 2 0 0 0 0
88 1 0 0 1 0 0 0 0 0
fl=./locale/./locale/newlocale.c
fn=newlocale
43 17 2 2 1 0 0 8 0 0
55 2 0 0 0 0 0 0 0 0
56 2 1 1 0 0 0 1 0 0
63 2 0 0 0 0 0 0 0 0
66 3 0 0 0 0 0 0 0 0
72 2 1 1 0 0 0 0 0 0
73 7 2 2 3 0 0 0 0 0
75 1 0 0 0 0 0 0 0 0
277 12 1 1 9 0 0 0 0 0
fl=./locale/./locale/uselocale.c
fn=uselocale
30 2 1 1 0 0 0 0 0 0
31 6 0 0 4 1 0 0 0 0
33 4 0 0 0 0 0 0 0 0
36 4 0 0 0 0 0 0 0 0
37 2 0 0 0 0 0 2 0 0
65 6 0 0 4 2 0 2 0 0
66 6 1 1 4 0 0 2 0 0
68 6 0 0 4 1 0 2 0 0
72 6 0 0 0 0 0 0 0 0
73 2 0 0 2 0 0 0 0 0
fl=./malloc/./malloc/arena.c
fn=free
162 11234685 0 0 0 0 0 0 0 0
fn=malloc
162 1872536 322041 1 0 0 0 0 0 0
315 1 1 1 0 0 0 1 0 0
fn=ptmalloc_init.part.0
313 6 1 1 1 0 0 3 0 0
318 1 0 0 0 0 0 1 0 0
343 2 2 2 1 0 0 0 0 0
347 3 0 0 1 1 0 1 0 0
352 4 0 0 0 0 0 1 0 0
353 4 1 1 0 0 0 1 0 0
354 4 0 0 0 0 0 1 0 0
355 4 0 0 0 0 0 1 0 0
356 4 1 1 0 0 0 1 0 0
357 4 0 0 0 0 0 1 0 0
358 4 0 0 0 0 0 1 0 0
360 4 1 1 0 0 0 1 0 0
361 4 0 0 0 0 0 1 0 0
362 4 0 0 0 0 0 1 0 0
365 4 0 0 0 0 0 1 0 0
366 4 1 1 0 0 0 1 0 0
367 2 0 0 1 1 1 0 0 0
430 7 0 0 5 0 0 0 0 0
fn=sysmalloc
565 64 64 1 0 0 0 64 0 0
fl=./malloc/./malloc/malloc.c
fn=_int_free
2012 3018834 72578 1 1006278 6 0 0 0 0
3181 5477234 195676 1 2738617 0 0 2738617 0 0
3183 10954468 0 0 2738617 17 0 2738617 0 0
3184 2738617 0 0 0 0 0 2738617 0 0
3185 5477234 0 0 0 0 0 2738617 0 0
4421 41193845 3292 2 3744895 0 0 26214265 36 0
4431 11234685 0 0 3744895 0 0 0 0 0
4437 18724475 0 0 0 0 0 0 0 0
4438 7489790 0 0 0 0 0 0 0 0
4442 14979580 0 0 0 0 0 0 0 0
4449 7489790 0 0 0 0 0 0 0 0
4450 26214265 20702 1 11234685 8 0 0 0 0
4453 3053040 0 0 0 0 0 0 0 0
4459 9159120 0 0 6106080 44 1 0 0 0
4479 15265200 22477 1 6106080 4 0 0 0 0
4482 2738617 0 0 0 0 0 0 0 0
4493 2012556 18714 0 1006278 10 0 0 0 0
4504 1257692 0 0 314423 46441 180 0 0 0
4506 943269 0 0 314423 1 0 0 0 0
4527 314423 0 0 0 0 0 314423 0 0
4528 314423 0 0 0 0 0 0 0 0
4532 943269 0 0 314423 0 0 0 0 0
4534 943269 0 0 314423 0 0 0 0 0
4538 628846 0 0 0 0 0 0 0 0
4540 1257692 596 0 0 0 0 314423 0 0
4541 314423 0 0 0 0 0 314423 0 0
4560 1257692 0 0 0 0 0 0 0 0
4569 1383710 332644 0 691855 0 0 0 0 0
4572 691855 0 0 691855 0 0 0 0 0
4575 3459275 0 0 0 0 0 691855 0 0
4578 691855 654970 1 0 0 0 0 0 0
4582 2075565 0 0 691855 7 0 0 0 0
4585 2767420 0 0 691855 7 0 0 0 0
4587 2075565 691851 1 691855 5 0 0 0 0
4590 2075565 0 0 691855 6 0 0 0 0
4593 1383710 0 0 0 0 0 0 0 0
4594 1383710 0 0 0 0 0 0 0 0
4595 1383710 691843 1 691855 9 0 0 0 0
4601 1383710 0 0 691855 0 0 0 0 0
4602 1 0 0 1 0 0 0 0 0
4603 1 0 0 0 0 0 0 0 0
4604 1 0 0 0 0 0 0 0 0
4605 4 0 0 1 1 0 0 0 0
4607 2 0 0 0 0 0 1 0 0
4610 1383710 691844 1 691855 0 0 0 0 0
4615 16 0 0 8 7 0 0 0 0
4619 8 0 0 8 0 0 0 0 0
4627 8 0 0 0 0 0 0 0 0
4628 32 0 0 8 0 0 0 0 0
4629 16 0 0 8 0 0 0 0 0
4631 8 0 0 0 0 0 8 4 0
4633 16 0 0 0 0 0 0 0 0
4635 24 8 1 0 0 0 8 1 0
4638 8 0 0 0 0 0 8 0 0
4639 8 0 0 0 0 0 8 0 0
4641 24 0 0 0 0 0 8 0 0
4642 8 0 0 0 0 0 8 0 0
4653 691847 640573 1 0 0 0 0 0 0
4654 2075541 0 0 0 0 0 691847 0 0
4655 1383694 0 0 0 0 0 691847 0 0
4672 1383710 691843 1 0 0 0 0 0 0
4673 2039697 371424 1 679899 0 0 0 0 0
4674 206199 68732 0 0 0 0 68733 0 0
4676 2039697 376095 1 0 0 0 0 0 0
4678 3399495 611164 1 2039697 5 0 0 0 0
4680 30975 7618 1 10325 0 0 10325 0 0
4692 2075565 0 0 691855 0 0 0 0 0
4702 41193845 792796 2 33704055 2 0 0 0 0
fn=_int_malloc
1343 1872538 629138 1 0 0 0 0 0 0
1362 4681345 390914 1 0 0 0 0 0 0
2005 2788998 46891 3 929666 0 0 0 0 0
3177 140118 0 0 70006 0 0 70112 0 0
3181 683546 1628 0 265049 0 0 265049 0 0
3183 725177 32859 1 83424 0 0 300169 0 0
3184 6603 0 0 0 0 0 6603 0 0
3185 153536 0 0 106 0 0 76715 0 0
3186 140012 0 0 0 0 0 0 0 0
3193 19809 6510 1 13206 0 0 0 0 0
3194 13206 0 0 0 0 0 0 0 0
3196 26412 0 0 6603 0 0 6603 0 0
3197 6603 0 0 6603 0 0 0 0 0
3198 6603 0 0 0 0 0 6603 0 0
3771 8426421 386714 1 0 0 0 5617614 16 0
3811 1872538 398490 1 0 0 0 0 0 0
3838 1872538 0 0 936269 37 0 0 0 0
3841 32 0 0 0 0 0 0 0 0
3843 244341 0 0 244341 1 0 0 0 0
3845 1221609 91516 1 0 0 0 0 0 0
3847 64 28 1 0 0 0 0 0 0
3850 96 0 0 32 0 0 0 0 0
3851 192 0 0 32 0 0 32 0 0
3853 733023 91271 1 0 0 0 0 0 0
3856 64 0 0 32 0 0 0 0 0
3857 64 28 1 0 0 0 0 0 0
3863 64 0 0 0 0 0 0 0 0
3864 192 0 0 96 0 0 0 0 0
3869 138 0 0 32 0 0 0 0 0
3870 672 56 2 270 0 0 0 0 0
3872 212 0 0 0 0 0 0 0 0
3874 318 23 1 106 0 0 0 0 0
3875 636 0 0 106 0 0 106 0 0
3901 1383856 0 0 0 0 0 0 0 0
3903 209454 0 0 0 0 0 209454 34 0
3904 488773 75815 2 0 0 0 0 0 0
3906 733020 0 0 244340 49 0 0 0 0
3908 34886 0 0 34886 589 4 0 0 0
3909 69772 0 0 34886 831 11 0 0 0
3911 34886 0 0 34886 1030 12 0 0 0
3912 34886 0 0 0 0 0 34886 0 0
3913 34886 0 0 0 0 0 34886 0 0
3915 104658 32850 1 0 0 0 0 0 0
3921 69772 0 0 0 0 0 0 0 0
3922 209316 0 0 104658 0 0 0 0 0
3927 384448 0 0 69772 0 0 0 0 0
3928 205152 0 0 0 0 0 0 0 0
3932 70006 0 0 70006 0 0 0 0 0
3933 70006 0 0 70006 3362 21 0 0 0
3934 140012 0 0 0 0 0 0 0 0
3936 70006 0 0 0 0 0 70006 0 0
3937 70006 0 0 0 0 0 70006 2570 20
3944 34886 0 0 0 0 0 0 0 0
3963 28923883 1361317 4 0 0 0 8951944 0 0
3964 2075691 3670 0 691897 0 0 0 0 0
3965 62841 0 0 0 0 0 20947 0 0
3982 4506752 0 0 901350 0 0 1802701 12 0
3983 2704053 608672 0 0 0 0 0 0 0
3984 2704053 0 0 1802702 0 0 0 0 0
3988 901351 0 0 0 0 0 901351 0 0
3993 153448 0 0 0 0 0 0 0 0
3994 4403344 5569 1 1162929 1 0 0 0 0
3996 280770 0 0 280770 0 0 0 0 0
3997 1123080 0 0 280770 1 0 0 0 0
3998 280770 0 0 0 0 0 0 0 0
4000 561540 104032 1 0 0 0 0 0 0
4001 842310 0 0 280770 6 0 0 0 0
4003 280770 0 0 280770 4 0 0 0 0
4004 1123080 0 0 0 0 0 0 0 0
4006 1123080 0 0 280770 0 0 0 0 0
4008 561540 80989 1 280770 2 0 0 0 0
4009 561540 0 0 280770 0 0 0 0 0
4011 561540 0 0 0 0 0 0 0 0
4022 1123080 0 0 0 0 0 0 0 0
4023 88252 24557 1 44126 0 0 0 0 0
4024 87694 0 0 43847 0 0 0 0 0
4025 306896 0 0 0 0 0 153448 0 0
4028 25178 0 0 12589 0 0 0 0 0
4029 12589 0 0 0 0 0 0 0 0
4030 12589 0 0 0 0 0 12589 0 0
4031 37767 0 0 0 0 0 12589 0 0
4032 12589 0 0 0 0 0 12589 6020 33
4033 25178 0 0 0 0 0 0 0 0
4035 8334 1178 0 0 0 0 4167 1035 0
4039 100712 5253 1 0 0 0 12589 0 0
4041 37767 0 0 0 0 0 12589 146 0
4042 12589 0 0 0 0 0 12589 0 0
4045 19192 0 0 0 0 0 0 0 0
4053 268181 0 0 0 0 0 268181 0 0
4054 268181 0 0 0 0 0 268181 0 0
4058 536362 0 0 0 0 0 0 0 0
4060 13206 6398 1 0 0 0 6603 0 0
4061 3625213 611164 2 0 0 0 1802702 0 0
4066 13206 0 0 6603 0 0 0 0 0
4067 486756 107326 1 320102 0 0 153448 0 0
4071 13206 291 0 0 0 0 0 0 0
4087 523156 74987 1 0 0 0 0 0 0
4089 518178 0 0 0 0 0 0 0 0
4090 1036356 0 0 0 0 0 0 0 0
4091 259089 0 0 259089 6775 0 0 0 0
4095 41115 3724 1 0 0 0 0 0 0
4096 9956 1722 1 0 0 0 0 0 0
4097 2489 0 0 2489 98 0 0 0 0
4100 4978 0 0 0 0 0 0 0 0
4144 7467 2489 1 0 0 0 2489 0 0
4147 1569468 94527 1 261578 27 0 0 0 0
4149 1046312 0 0 0 0 0 261578 0 0
4150 261578 0 0 0 0 0 261578 2806 22
4151 261578 0 0 0 0 0 261578 0 0
4156 523156 0 0 523156 0 0 0 0 0
4157 523156 0 0 0 0 0 0 0 0
4158 460344 0 0 153448 0 0 153448 0 0
4166 784734 7539 0 0 0 0 0 0 0
4174 6603 0 0 0 0 0 0 0 0
4183 1764318 26436 1 0 0 0 0 0 0
4185 2767588 43801 0 691897 0 0 0 0 0
4188 2075691 0 0 691897 48 0 0 0 0
4256 1764318 17 1 882159 0 0 0 0 0
4257 1764318 0 0 0 0 0 0 0 0
4258 1764318 0 0 0 0 0 0 0 0
4259 1764318 0 0 882159 18 0 0 0 0
4260 2646477 0 0 0 0 0 0 0 0
4265 2178130 322097 1 0 0 0 0 0 0
4269 2872496 279761 1 0 0 0 0 0 0
4272 1099317 1365 1 298361 0 0 0 0 0
4274 10096 0 0 0 0 0 0 0 0
4275 5048 0 0 0 0 0 0 0 0
4279 709896 0 0 0 0 0 0 0 0
4281 215121 0 0 0 0 0 0 0 0
4283 430242 0 0 0 0 0 0 0 0
4287 139827 0 0 139827 4040 0 0 0 0
4290 279654 0 0 0 0 0 0 0 0
4292 231795 22539 1 0 0 0 46359 0 0
4293 46359 0 0 0 0 0 0 0 0
4294 46359 0 0 0 0 0 0 0 0
4299 280404 17659 1 186936 8062 60 0 0 0
4302 186936 0 0 0 0 0 0 0 0
4304 186936 0 0 0 0 0 0 0 0
4307 373872 0 0 0 0 0 280404 0 0
4310 373872 0 0 186936 0 0 0 0 0
4312 23074 0 0 23074 0 0 0 0 0
4313 69222 14883 1 0 0 0 0 0 0
4320 70394 0 0 0 0 0 0 0 0
4325 281576 29446 1 70394 0 0 0 0 0
4326 140788 0 0 70394 0 0 0 0 0
4329 70394 0 0 0 0 0 70394 9288 71
4330 70394 0 0 0 0 0 70394 0 0
4331 70394 0 0 0 0 0 70394 0 0
4334 140788 0 0 0 0 0 0 0 0
4335 70394 0 0 0 0 0 70394 0 0
4336 140788 0 0 0 0 0 0 0 0
4338 4064 902 0 0 0 0 2032 465 0
4341 563152 21851 0 0 0 0 70394 0 0
4343 211182 0 0 0 0 0 70394 181 2
4344 70394 0 0 0 0 0 70394 0 0
4347 93468 0 0 0 0 0 0 0 0
4369 788691 9750 0 788691 0 0 0 0 0
4370 1577382 0 0 788691 2 0 0 0 0
4372 1577382 0 0 788691 30 0 0 0 0
4375 2366279 86 1 0 0 0 206 0 0
4377 788588 0 0 0 0 0 0 0 0
4378 1577176 665554 1 788588 0 0 0 0 0
4379 788588 0 0 0 0 0 788588 0 0
4380 6308704 642691 1 0 0 0 788588 0 0
4382 1577176 0 0 0 0 0 788588 124763 81215
4385 788588 0 0 0 0 0 0 0 0
4392 309 0 0 103 0 0 0 0 0
4397 1872538 0 0 0 0 0 0 0 0
4399 3141810 159132 3 0 0 0 1885086 0 0
4407 515 103 1 103 0 0 103 0 0
4408 206 0 0 0 0 0 0 0 0
4413 8426421 650124 2 6553883 0 0 0 0 0
fn=free
3352 14979736 19442 1 0 0 0 7489868 2 0
3356 7489868 0 0 0 0 0 0 0 0
3364 7489868 0 0 7489868 22 0 0 0 0
3366 3744934 0 0 0 0 0 0 0 0
3368 11234802 65 1 3744934 51085 259 0 0 0
3372 117 8 0 39 0 0 0 0 0
3374 156 0 0 39 0 0 0 0 0
3376 78 0 0 0 0 0 39 0 0
3377 78 39 1 0 0 0 39 0 0
3378 39 0 0 0 0 0 0 0 0
3381 78 0 0 0 0 0 39 0 0
3385 11234685 0 0 7489790 16 0 0 0 0
3391 7489790 18 1 0 0 0 3744895 15 0
3394 3744934 0 0 0 0 0 3744934 1 0
3395 14979736 0 0 11234802 1 0 0 0 0
fn=malloc
1343 7489870 56 0 0 0 0 0 0 0
1362 18724675 52722 2 0 0 0 0 0 0
3193 5617334 0 0 2808667 1 0 0 0 0
3194 5617334 0 0 0 0 0 0 0 0
3196 11234668 0 0 2808667 12545 122 2808667 0 0
3197 5617334 0 0 0 0 0 2808667 0 0
3198 2808667 0 0 0 0 0 2808667 0 0
3241 4 0 0 2 0 0 1 0 0
3287 22469610 2 1 0 0 0 11234805 0 0
3294 7489870 0 0 3744935 2 1 0 0 0
3304 11234805 3 1 0 0 0 0 0 0
3306 14979740 0 0 7489870 2 0 0 0 0
3309 7489870 0 0 3744935 1 0 0 0 0
3311 9159120 1 1 3053040 5 0 0 0 0
3319 2808804 177294 1 936268 0 0 0 0 0
3321 3745072 2 1 0 0 0 936268 1 0
3322 4681340 0 0 936268 315 5 0 0 0
3347 18724675 0 0 14979740 0 0 0 0 0
fn=malloc_consolidate
4715 717440 81789 1 0 0 0 538080 1 0
4730 89680 0 0 0 0 0 89680 0 0
4732 179360 0 0 0 0 0 89680 1 0
4743 89680 86186 1 0 0 0 0 0 0
4745 1793600 0 0 1793600 2 0 0 0 0
4746 1793600 0 0 0 0 0 0 0 0
4749 507904 69164 1 0 0 0 0 0 0
4753 761856 0 0 253952 28401 6 0 0 0
4754 1015808 0 0 0 0 0 0 0 0
4759 1269760 69825 1 253952 7205 1 0 0 0
4762 507904 0 0 0 0 0 0 0 0
4763 253952 0 0 0 0 0 0 0 0
4764 761856 0 0 253952 14226 1 0 0 0
4766 507904 0 0 0 0 0 0 0 0
4767 26595 0 0 26595 0 0 0 0 0
4768 26595 0 0 0 0 0 0 0 0
4769 26595 0 0 0 0 0 0 0 0
4770 106380 0 0 26595 5642 9 0 0 0
4772 265950 5076 0 106380 0 0 132975 0 0
4775 507904 81180 1 253952 0 0 0 0 0
4778 490500 70604 1 245250 79927 590 0 0 0
4779 57484 33284 1 0 0 0 0 0 0
4780 402388 0 0 114968 0 0 172452 0 0
4782 375532 0 0 0 0 0 187766 0 0
4784 245250 0 0 245250 0 0 0 0 0
4785 490500 0 0 0 0 0 245250 0 0
4786 490500 0 0 245250 0 0 245250 0 0
4788 490500 0 0 0 0 0 0 0 0
4789 1102 0 0 0 0 0 551 2 0
4793 735750 0 0 0 0 0 245250 0 0
4795 245250 0 0 0 0 0 245250 0 0
4796 302734 0 0 0 0 0 245250 0 0
4800 8702 0 0 0 0 0 0 0 0
4801 17404 6677 0 0 0 0 8702 0 0
4802 17404 0 0 0 0 0 8702 0 0
4805 642246 0 0 0 0 0 0 0 0
4808 2690400 0 0 896800 0 0 0 0 0
4809 717440 0 0 627760 1 0 0 0 0
fn=munmap_chunk
3044 39 39 1 0 0 0 0 0 0
3045 78 0 0 78 0 0 0 0 0
3046 117 0 0 39 0 0 0 0 0
3048 78 0 0 0 0 0 0 0 0
3050 39 0 0 0 0 0 0 0 0
3051 78 0 0 39 0 0 0 0 0
3052 78 39 1 39 0 0 0 0 0
3058 156 0 0 0 0 0 0 0 0
3059 195 0 0 0 0 0 0 0 0
3062 39 0 0 78 0 0 0 0 0
3063 117 0 0 78 0 0 0 0 0
3068 78 39 1 0 0 0 0 0 0
3069 39 0 0 0 0 0 0 0 0
fn=ptmalloc_init.part.0
1966 385 1 1 0 0 0 0 0 0
1969 381 0 0 0 0 0 127 33 32
1977 1 0 0 0 0 0 1 1 1
1978 1 0 0 0 0 0 1 1 1
1980 1 0 0 0 0 0 1 0 0
3162 7 1 1 0 0 0 1 0 0
fn=sysmalloc
2028 260 0 0 65 0 0 0 0 0
2548 927 101 1 0 0 0 618 0 0
2568 412 0 0 309 118 0 103 0 0
2579 206 91 1 0 0 0 0 0 0
2580 270 0 0 103 7 1 64 0 0
2581 117 39 0 78 38 0 0 0 0
2585 195 0 0 39 0 0 0 0 0
2594 156 39 0 0 0 0 39 0 0
2595 78 0 0 0 0 0 0 0 0
2606 64 0 0 64 0 0 0 0 0
2607 192 0 0 64 0 0 0 0 0
2608 64 0 0 0 0 0 0 0 0
2610 128 64 1 0 0 0 0 0 0
2617 697 63 0 0 0 0 0 0 0
2623 192 1 1 0 0 0 0 0 0
2626 192 0 0 0 0 0 0 0 0
2687 128 64 1 64 0 0 0 0 0
2696 256 0 0 64 0 0 0 0 0
2709 192 0 0 64 21 0 0 0 0
2713 3 1 1 0 0 0 1 0 0
2717 320 0 0 0 0 0 64 0 0
2725 128 64 1 0 0 0 0 0 0
2727 128 64 1 0 0 0 64 1 0
2728 192 0 0 64 0 0 0 0 0
2729 128 0 0 64 0 0 0 0 0
2730 64 0 0 0 0 0 0 0 0
2733 128 0 0 0 0 0 0 0 0
2764 128 64 1 64 1 0 0 0 0
2765 2 1 1 0 0 0 1 0 0
2766 320 0 0 128 0 0 64 0 0
2772 254 64 1 0 0 0 0 0 0
2773 252 0 0 0 0 0 63 0 0
2775 4 2 2 1 0 0 0 0 0
2815 3 1 1 0 0 0 0 0 0
2837 2 0 0 0 0 0 0 0 0
2838 7 0 0 0 0 0 0 0 0
2840 2 1 1 0 0 0 0 0 0
2841 4 0 0 0 0 0 2 0 0
2853 3 0 0 1 0 0 0 0 0
2895 1 0 0 0 0 0 1 0 0
2896 4 0 0 0 0 0 1 1 1
2897 5 1 1 2 0 0 1 0 0
2908 2 1 1 0 0 0 0 0 0
2941 128 64 1 64 0 0 0 0 0
2942 64 0 0 0 0 0 64 0 0
2946 63 0 0 63 0 0 0 0 0
2947 128 0 0 64 0 0 0 0 0
2950 128 0 0 0 0 0 0 0 0
2952 64 0 0 0 0 0 0 0 0
2953 64 0 0 0 0 0 0 0 0
2954 64 0 0 0 0 0 64 0 0
2955 512 36 1 0 0 0 64 0 0
2956 128 0 0 0 0 0 64 61 61
2958 128 0 0 0 0 0 0 0 0
2964 1133 47 1 927 0 0 0 0 0
fn=sysmalloc_mmap.constprop.0
2028 156 0 0 39 0 0 0 0 0
2420 117 39 1 0 0 0 117 0 0
2433 117 0 0 0 0 0 0 0 0
2438 78 39 1 0 0 0 0 0 0
2441 390 0 0 0 0 0 39 0 0
2444 78 39 1 0 0 0 0 0 0
2448 78 0 0 0 0 0 0 0 0
2466 117 0 0 0 0 0 0 0 0
2484 39 0 0 0 0 0 39 39 1
2485 117 0 0 0 0 0 39 0 0
2489 117 39 1 78 0 0 0 0 0
2490 119 0 0 40 0 0 0 0 0
2493 117 0 0 78 0 0 0 0 0
2494 195 39 1 78 0 0 0 0 0
2499 195 0 0 156 0 0 0 0 0
fn=systrim.constprop.0
2977 30975 0 0 0 0 0 30975 0 0
2986 30975 152 1 20650 0 0 0 0 0
2988 10325 0 0 0 0 0 0 0 0
2989 20650 0 0 0 0 0 0 0 0
2990 10301 0 0 0 0 0 0 0 0
2994 30939 0 0 10313 0 0 0 0 0
2995 10313 0 0 0 0 0 0 0 0
2998 51565 0 0 20626 0 0 0 0 0
3000 20626 0 0 0 0 0 0 0 0
3007 72 24 1 0 0 0 24 0 0
3008 96 0 0 24 0 0 0 0 0
3020 72 0 0 0 0 0 24 0 0
3021 48 0 0 0 0 0 24 0 0
3023 24 0 0 0 0 0 0 0 0
3025 48 0 0 0 0 0 0 0 0
3029 48 0 0 0 0 0 0 0 0
3032 24 0 0 24 0 0 0 0 0
3033 96 0 0 24 0 0 24 0 0
3035 48 0 0 0 0 0 0 0 0
3040 41300 0 0 41300 0 0 0 0 0
fn=tcache_init.part.0
3235 3 1 1 0 0 0 2 0 0
3244 8 0 0 3 0 0 0 0 0
3245 4 1 1 0 0 0 1 0 0
3246 2 0 0 0 0 0 0 0 0
3254 4 0 0 2 0 0 0 0 0
3261 2 0 0 0 0 0 0 0 0
3263 2 0 0 1 0 0 1 0 0
3264 88 1 1 0 0 0 81 9 9
3267 4 0 0 3 0 0 0 0 0
fn=unlink_chunk.constprop.0
1626 177548 23279 1 0 0 0 0 0 0
1628 887740 0 0 355096 16545 132 0 0 0
1631 887740 84882 1 355096 2754 15 0 0 0
1632 177548 0 0 177548 0 0 0 0 0
1634 710192 0 0 355096 53013 325 0 0 0
1637 177548 0 0 0 0 0 177548 0 0
1638 177548 0 0 0 0 0 177548 0 0
1639 362833 0 0 2579 36 0 0 0 0
1641 4978 0 0 2489 0 0 0 0 0
1642 14934 1652 0 4978 0 0 0 0 0
1645 4978 0 0 2489 56 0 0 0 0
1659 2489 0 0 0 0 0 2489 0 0
1660 4978 0 0 2489 0 0 2489 0 0
1663 355096 84645 1 177548 0 0 0 0 0
fl=./malloc/./malloc/morecore.c
fn=__glibc_morecore
25 274 126 2 0 0 0 0 0 0
26 274 0 0 137 0 0 0 0 0
29 137 0 0 0 0 0 137 0 0
30 274 0 0 0 0 0 0 0 0
34 274 0 0 137 0 0 0 0 0
fl=./malloc/./malloc/scratch_buffer_set_array_size.c
fn=__libc_scratch_buffer_set_array_size
30 50 2 2 0 0 0 15 0 0
34 5 0 0 0 0 0 0 0 0
35 10 0 0 0 0 0 0 0 0
45 10 0 0 5 0 0 0 0 0
46 5 0 0 0 0 0 0 0 0
63 20 1 1 20 0 0 0 0 0
fl=./math/../sysdeps/x86_64/fpu/multiarch/e_asin.c
fn=__acos_finite@GLIBC_2.15
35 1 1 1 0 0 0 0 0 0
fn=__asin_finite@GLIBC_2.15
27 2 1 1 1 0 0 0 0 0
fl=./math/../sysdeps/x86_64/fpu/multiarch/e_atan2.c
fn=__atan2_finite@GLIBC_2.15
26 2 1 1 1 0 0 0 0 0
fl=./math/../sysdeps/x86_64/fpu/multiarch/e_exp.c
fn=__exp_finite@GLIBC_2.15
27 2 2 2 1 0 0 0 0 0
fl=./math/../sysdeps/x86_64/fpu/multiarch/e_exp2f.c
fn=exp2f@@GLIBC_2.27
27 2 1 1 1 0 0 0 0 0
fl=./math/../sysdeps/x86_64/fpu/multiarch/e_expf.c
fn=expf@@GLIBC_2.27
27 2 1 1 1 0 0 0 0 0
fl=./math/../sysdeps/x86_64/fpu/multiarch/e_log.c
fn=__log_finite@GLIBC_2.15
27 2 2 2 1 0 0 0 0 0
fl=./math/../sysdeps/x86_64/fpu/multiarch/e_log2f.c
fn=log2f@@GLIBC_2.27
27 2 1 1 1 0 0 0 0 0
fl=./math/../sysdeps/x86_64/fpu/multiarch/e_logf.c
fn=logf@@GLIBC_2.27
27 2 1 1 1 0 0 0 0 0
fl=./math/../sysdeps/x86_64/fpu/multiarch/e_pow.c
fn=__pow_finite@GLIBC_2.15
27 2 1 1 1 0 0 0 0 0
fl=./math/../sysdeps/x86_64/fpu/multiarch/e_powf.c
fn=powf@@GLIBC_2.27
30 1 1 1 0 0 0 0 0 0
fl=./math/../sysdeps/x86_64/fpu/multiarch/ifunc-avx-fma4.h
fn=__atan2_finite@GLIBC_2.15
32 5 1 1 2 0 0 0 0 0
33 2 0 0 1 0 0 0 0 0
fn=__exp_finite@GLIBC_2.15
32 5 0 0 2 0 0 0 0 0
33 2 0 0 1 0 0 0 0 0
fn=__log_finite@GLIBC_2.15
32 5 0 0 2 0 0 0 0 0
33 2 0 0 1 0 0 0 0 0
fn=cos
32 5 1 1 2 0 0 0 0 0
33 2 0 0 1 0 0 0 0 0
fn=sin
32 5 0 0 2 0 0 0 0 0
33 2 0 0 1 0 0 0 0 0
fl=./math/../sysdeps/x86_64/fpu/multiarch/ifunc-fma.h
fn=cosf
29 4 1 1 2 0 0 0 0 0
30 3 0 0 1 0 0 0 0 0
fn=exp2f@@GLIBC_2.27
29 4 0 0 2 0 0 0 0 0
30 3 1 1 1 0 0 0 0 0
fn=expf@@GLIBC_2.27
29 4 1 1 2 0 0 0 0 0
30 3 0 0 1 0 0 0 0 0
fn=log2f@@GLIBC_2.27
29 4 0 0 2 0 0 0 0 0
30 3 1 1 1 0 0 0 0 0
fn=logf@@GLIBC_2.27
29 4 0 0 2 0 0 0 0 0
30 3 0 0 1 0 0 0 0 0
fn=powf@@GLIBC_2.27
29 4 0 0 2 0 0 0 0 0
30 4 0 0 2 0 0 0 0 0
fn=sincosf
29 4 1 1 2 0 0 0 0 0
30 3 0 0 1 0 0 0 0 0
fn=sinf
29 4 0 0 2 0 0 0 0 0
30 3 0 0 1 0 0 0 0 0
fl=./math/../sysdeps/x86_64/fpu/multiarch/ifunc-fma4.h
fn=__acos_finite@GLIBC_2.15
31 4 0 0 2 0 0 0 0 0
32 2 1 1 1 0 0 0 0 0
35 1 0 0 1 0 0 0 0 0
fn=__asin_finite@GLIBC_2.15
31 4 0 0 2 0 0 0 0 0
32 2 0 0 1 0 0 0 0 0
fn=__pow_finite@GLIBC_2.15
31 4 0 0 2 0 0 0 0 0
32 2 0 0 1 0 0 0 0 0
fl=./math/../sysdeps/x86_64/fpu/multiarch/s_cosf.c
fn=cosf
26 2 1 1 1 0 0 0 0 0
fl=./math/../sysdeps/x86_64/fpu/multiarch/s_fma.c
fn=fma
49 6 1 1 3 0 0 0 0 0
fl=./math/../sysdeps/x86_64/fpu/multiarch/s_sin.c
fn=cos
34 2 1 1 1 0 0 0 0 0
fn=sin
27 2 1 1 1 0 0 0 0 0
fl=./math/../sysdeps/x86_64/fpu/multiarch/s_sincosf.c
fn=sincosf
26 2 1 1 1 0 0 0 0 0
fl=./math/../sysdeps/x86_64/fpu/multiarch/s_sinf.c
fn=sinf
26 2 1 1 1 0 0 0 0 0
fl=./misc/../sysdeps/unix/syscall-template.S
fn=mprotect
117 45 1 1 0 0 0 0 0 0
122 9 0 0 9 0 0 0 0 0
fn=munmap
117 200 79 3 0 0 0 0 0 0
122 40 0 0 40 0 0 0 0 0
fl=./misc/../sysdeps/unix/sysv/linux/brk.c
fn=brk
35 89 64 1 0 0 0 0 0 0
36 356 0 0 89 0 0 89 0 0
37 178 0 0 0 0 0 0 0 0
43 89 0 0 0 0 0 0 0 0
44 89 0 0 89 0 0 0 0 0
fl=./misc/../sysdeps/unix/sysv/linux/mmap64.c
fn=mmap
47 130 40 2 0 0 0 0 0 0
50 130 0 0 0 0 0 0 0 0
58 260 0 0 0 0 0 0 0 0
60 65 0 0 65 0 0 0 0 0
fl=./misc/./misc/init-misc.c
fn=__init_misc
30 5 2 2 0 0 0 2 0 0
31 5 0 0 1 0 0 0 0 0
33 3 0 0 0 0 0 1 0 0
37 5 0 0 1 0 0 1 1 0
38 3 0 0 2 0 0 1 0 0
40 4 0 0 3 0 0 0 0 0
fl=./misc/./misc/sbrk.c
fn=sbrk
37 685 64 1 0 0 0 411 0 0
40 274 0 0 274 126 0 0 0 0
43 274 0 0 137 63 0 0 0 0
58 274 64 1 0 0 0 0 0 0
59 4 0 0 0 0 0 1 0 0
62 274 0 0 0 0 0 0 0 0
63 50 0 0 50 0 0 0 0 0
66 352 64 1 0 0 0 0 0 0
68 48 16 0 0 0 0 0 0 0
74 264 0 0 0 0 0 88 0 0
78 685 0 0 548 0 0 0 0 0
fl=./nptl/../sysdeps/nptl/futex-internal.h
fn=__pthread_once_slow
146 1 0 0 0 0 0 0 0 0
147 1 0 0 0 0 0 0 0 0
209 8 0 0 0 0 0 0 0 0
fl=./nptl/../sysdeps/unix/sysv/linux/x86/elision-conf.c
fn=__lll_elision_init
96 6 1 1 1 0 0 2 0 0
101 5 1 1 0 0 0 1 0 0
103 4 0 0 0 0 0 1 0 0
105 4 0 0 0 0 0 1 0 0
107 4 0 0 0 0 0 1 0 0
109 4 1 1 0 0 0 1 0 0
113 3 0 0 1 1 1 0 0 0
114 1 0 0 0 0 0 1 1 1
115 6 0 0 4 0 0 0 0 0
fl=./nptl/./nptl/cleanup_compat.c
fn=_pthread_cleanup_pop@@GLIBC_2.34
40 1 1 1 0 0 0 0 0 0
43 2 0 0 1 0 0 1 0 0
47 2 0 0 0 0 0 0 0 0
49 1 0 0 1 0 0 0 0 0
fn=_pthread_cleanup_push@@GLIBC_2.34
25 1 1 1 0 0 0 0 0 0
28 1 0 0 0 0 0 1 0 0
29 1 0 0 0 0 0 1 0 0
30 2 0 0 1 1 0 1 0 0
32 1 0 0 0 0 0 1 0 0
33 1 0 0 1 0 0 0 0 0
fl=./nptl/./nptl/libc-cleanup.c
fn=__libc_cleanup_pop_restore
39 2 1 1 0 0 0 0 0 0
42 4 0 0 2 0 0 2 0 0
44 4 0 0 2 0 0 2 0 0
45 4 0 0 0 0 0 0 0 0
47 2 0 0 2 0 0 0 0 0
fn=__libc_cleanup_push_defer
24 2 1 1 0 0 0 0 0 0
27 4 0 0 2 0 0 2 0 0
30 8 0 0 2 1 0 2 0 0
31 2 0 0 0 0 0 2 0 0
33 2 0 0 0 0 0 2 0 0
34 2 0 0 2 0 0 0 0 0
fl=./nptl/./nptl/pthread_mutex_conf.c
fn=__pthread_tunables_init
50 6 2 2 1 0 0 2 0 0
51 5 0 0 0 0 0 1 0 0
53 4 0 0 0 0 0 1 0 0
55 6 0 0 4 0 0 0 0 0
fl=./nptl/./nptl/pthread_mutex_lock.c
fn=pthread_mutex_lock@@GLIBC_2.2.5
44 1 1 1 1 0 0 0 0 0
45 8 0 0 2 0 0 0 0 0
46 1 0 0 0 0 0 1 0 0
77 3 1 1 0 0 0 1 0 0
80 3 0 0 1 0 0 0 0 0
82 1 0 0 0 0 0 0 0 0
84 2 1 1 0 0 0 0 0 0
88 2 0 0 0 0 0 0 0 0
97 2 1 1 0 0 0 0 0 0
108 4 1 1 1 0 0 0 0 0
112 1 0 0 1 1 0 0 0 0
115 2 0 0 1 0 0 0 0 0
130 3 0 0 1 0 0 0 0 0
131 2 1 1 0 0 0 1 0 0
167 1 1 1 1 0 0 0 0 0
170 1 0 0 0 0 0 1 0 0
172 1 0 0 1 0 0 0 0 0
175 1 0 0 0 0 0 0 0 0
177 1 0 0 0 0 0 0 0 0
178 3 0 0 2 0 0 0 0 0
fl=./nptl/./nptl/pthread_mutex_unlock.c
fn=pthread_mutex_unlock@@GLIBC_2.2.5
39 1 0 0 1 0 0 0 0 0
40 5 0 0 1 0 0 0 0 0
41 2 0 0 0 0 0 1 0 0
51 3 0 0 1 0 0 0 0 0
52 2 1 1 0 0 0 0 0 0
57 2 0 0 0 0 0 0 0 0
62 1 0 0 0 0 0 1 0 0
65 1 0 0 1 0 0 0 0 0
70 1 0 0 0 0 0 0 0 0
74 2 1 1 0 0 0 0 0 0
80 4 1 1 1 0 0 0 0 0
84 3 0 0 2 0 0 0 0 0
87 3 1 1 1 0 0 0 0 0
367 2 1 1 0 0 0 0 0 0
369 2 0 0 1 0 0 0 0 0
fl=./nptl/./nptl/pthread_once.c
fn=__pthread_once_slow
68 9 1 1 1 0 0 4 0 0
76 1 0 0 1 0 0 0 0 0
80 2 0 0 0 0 0 0 0 0
88 2 1 1 1 1 1 0 0 0
92 2 0 0 1 0 0 0 0 0
101 4 0 0 0 0 0 0 0 0
114 13 2 2 0 0 0 7 0 0
116 1 0 0 0 0 0 1 0 0
118 3 0 0 0 0 0 1 0 0
124 1 1 1 0 0 0 1 0 0
132 9 0 0 6 0 0 0 0 0
fn=pthread_once@@GLIBC_2.34
136 14 1 1 0 0 0 0 0 0
139 14 0 0 14 1 1 0 0 0
140 28 0 0 0 0 0 0 0 0
143 1 0 0 0 0 0 0 0 0
144 26 0 0 13 0 0 0 0 0
fl=./posix/../malloc/dynarray-skeleton.c
fn=__unregister_atfork
243 5 0 0 5 0 0 0 0 0
fl=./posix/../sysdeps/unix/syscall-template.S
fn=uname
120 5 1 1 0 0 0 0 0 0
122 1 0 0 1 0 0 0 0 0
fl=./posix/../sysdeps/unix/sysv/linux/_exit.c
fn=_Exit
27 2 1 1 1 1 0 0 0 0
30 3 0 0 0 0 0 0 0 0
31 2 0 0 0 0 0 0 0 0
fl=./posix/./posix/register-atfork.c
fn=__unregister_atfork
65 10 0 0 0 0 0 0 0 0
76 15 1 1 0 0 0 5 0 0
77 20 0 0 5 1 1 0 0 0
103 20 1 1 10 0 0 0 0 0
104 10 0 0 10 0 0 0 0 0
fl=./resource/../sysdeps/unix/sysv/linux/getrlimit64.c
fn=getrlimit
38 2 1 1 0 0 0 0 0 0
39 7 0 0 0 0 0 0 0 0
40 1 0 0 1 0 0 0 0 0
fl=./setjmp/../sysdeps/x86_64/bsd-_setjmp.S
fn=_setjmp
28 1 1 1 0 0 0 0 0 0
30 1 0 0 0 0 0 0 0 0
32 1 0 0 0 0 0 0 0 0
fl=./setjmp/../sysdeps/x86_64/setjmp.S
fn=__sigsetjmp
30 13 2 2 0 0 0 0 0 0
32 13 0 0 0 0 0 13 0 0
41 13 0 0 0 0 0 0 0 0
42 26 1 1 13 0 0 0 0 0
43 13 0 0 0 0 0 13 0 0
47 13 0 0 0 0 0 13 0 0
48 13 0 0 0 0 0 13 0 0
49 13 0 0 0 0 0 13 0 0
50 13 0 0 0 0 0 13 0 0
51 13 0 0 0 0 0 0 0 0
53 26 1 1 13 0 0 0 0 0
55 13 0 0 0 0 0 13 1 1
56 13 0 0 13 0 0 0 0 0
57 13 0 0 0 0 0 0 0 0
59 26 0 0 13 0 0 0 0 0
61 13 1 1 0 0 0 13 0 0
66 1 0 0 1 1 0 0 0 0
67 1 0 0 0 0 0 0 0 0
69 12 0 0 0 0 0 0 0 0
72 12 0 0 0 0 0 0 0 0
73 12 0 0 0 0 0 12 0 0
80 12 0 0 0 0 0 0 0 0
81 12 0 0 12 0 0 0 0 0
84 1 1 1 0 0 0 0 0 0
fl=./setjmp/./setjmp/sigjmp.c
fn=__sigjmp_save
28 3 0 0 0 0 0 1 0 0
29 1 0 0 0 0 0 1 0 0
30 2 0 0 0 0 0 0 0 0
34 3 0 0 2 0 0 0 0 0
fl=./stdlib/../sysdeps/unix/sysv/linux/getrandom.c
fn=getrandom
28 1 1 1 0 0 0 0 0 0
29 7 1 1 1 0 0 0 0 0
30 1 0 0 1 0 0 0 0 0
fl=./stdlib/./stdlib/cxa_atexit.c
fn=__cxa_atexit
41 26 0 0 0 0 0 0 0 0
43 78 0 0 13 3 0 0 0 0
44 26 2 1 0 0 0 13 0 0
46 26 0 0 0 0 0 0 0 0
53 39 0 0 13 0 0 0 0 0
55 13 0 0 0 0 0 13 0 0
56 26 0 0 13 0 0 13 6 3
58 13 0 0 0 0 0 13 0 0
59 52 2 1 26 0 0 0 0 0
60 13 0 0 0 0 0 0 0 0
69 117 2 1 0 0 0 52 0 0
71 78 0 0 52 0 0 0 0 0
fn=__new_exitfn
82 65 2 1 0 0 0 26 0 0
83 26 0 0 0 0 0 0 0 0
88 26 0 0 13 0 0 0 0 0
93 56 0 0 14 2 0 0 0 0
95 52 2 1 13 2 0 0 0 0
96 60 0 0 12 1 0 0 0 0
103 1 0 0 0 0 0 1 0 0
106 24 1 0 0 0 0 0 0 0
124 1 0 0 0 0 0 0 0 0
125 2 1 1 0 0 0 1 0 0
131 36 0 0 0 0 0 0 0 0
132 24 0 0 0 0 0 12 0 0
138 13 1 1 0 0 0 13 1 0
139 13 0 0 13 0 0 0 0 0
143 65 0 0 39 0 0 0 0 0
fl=./stdlib/./stdlib/cxa_finalize.c
fn=__cxa_finalize
30 45 1 1 0 0 0 30 0 0
33 30 1 1 5 0 0 0 0 0
36 30 1 1 10 0 0 0 0 0
40 176 0 0 5 0 0 0 0 0
41 108 1 1 54 3 0 0 0 0
43 9 0 0 9 0 0 0 0 0
45 9 0 0 9 0 0 0 0 0
76 9 0 0 0 0 0 9 0 0
79 27 1 1 18 0 0 0 0 0
82 36 0 0 18 0 0 0 0 0
83 27 0 0 0 0 0 9 0 0
84 36 0 0 9 0 0 0 0 0
88 18 0 0 9 0 0 0 0 0
94 35 1 1 10 1 0 0 0 0
98 30 0 0 5 1 1 0 0 0
105 10 0 0 0 0 0 0 0 0
106 10 0 0 0 0 0 5 0 0
107 20 0 0 10 0 0 0 0 0
108 40 1 1 35 0 0 0 0 0
fl=./stdlib/./stdlib/cxa_thread_atexit_impl.c
fn=__call_tls_dtors
149 4 1 1 0 0 0 2 0 0
150 4 0 0 2 0 0 0 0 0
168 4 1 1 3 0 0 0 0 0
fl=./stdlib/./stdlib/exit.c
fn=__run_exit_handlers
40 11 1 1 0 0 0 7 1 0
45 2 0 0 0 0 0 0 0 0
46 2 0 0 0 0 0 1 0 0
48 5 1 1 1 1 0 0 0 0
56 1 0 0 1 1 0 0 0 0
58 3 0 0 0 0 0 0 0 0
62 1 0 0 0 0 0 1 0 0
66 33 0 0 5 1 0 0 0 0
68 26 0 0 0 0 0 13 0 0
71 109 1 1 13 3 0 0 0 0
98 1 0 0 0 0 0 0 0 0
105 8 1 1 0 0 0 4 0 0
106 4 0 0 4 0 0 0 0 0
107 4 0 0 4 0 0 0 0 0
109 8 1 1 4 0 0 0 0 0
112 16 0 0 8 0 0 0 0 0
113 12 0 0 0 0 0 4 0 0
114 16 0 0 4 0 0 0 0 0
124 2 1 1 1 0 0 1 0 0
125 2 0 0 0 0 0 0 0 0
131 4 0 0 2 0 0 0 0 0
133 2 0 0 1 0 0 0 0 0
134 9 1 1 1 1 0 1 0 0
136 2 0 0 0 0 0 1 0 0
fn=exit
142 4 1 1 1 0 0 1 0 0
143 4 1 1 0 0 0 1 0 0
fl=./string/../include/rtld-malloc.h
fn=strdup
56 16 0 0 8 0 0 8 0 0
fl=./string/../sysdeps/x86/cacheinfo.c
fn=__x86_cacheinfo
86 3 1 1 1 0 0 0 0 0
fl=./string/../sysdeps/x86/cacheinfo.h
fn=__x86_cacheinfo
61 1 0 0 1 1 0 0 0 0
64 3 0 0 1 1 0 0 0 0
66 3 0 0 0 0 0 1 0 0
67 1 1 1 0 0 0 1 1 1
73 3 0 0 1 0 0 0 0 0
75 3 0 0 0 0 0 1 0 0
76 1 0 0 0 0 0 1 0 0
80 2 1 1 1 0 0 1 1 1
82 2 0 0 1 0 0 1 1 1
83 2 0 0 1 1 0 1 0 0
84 2 0 0 1 0 0 1 0 0
86 2 0 0 1 0 0 0 0 0
fl=./string/../sysdeps/x86_64/memcmp.S
fn=bcmp
22 1 1 1 0 0 0 0 0 0
27 1 0 0 0 0 0 0 0 0
28 1 0 0 0 0 0 0 0 0
29 1 0 0 0 0 0 0 0 0
30 1 0 0 0 0 0 0 0 0
31 1 0 0 0 0 0 0 0 0
32 1 0 0 0 0 0 0 0 0
33 1 0 0 0 0 0 0 0 0
34 1 0 0 0 0 0 0 0 0
37 1 0 0 0 0 0 0 0 0
38 1 0 0 0 0 0 0 0 0
39 1 1 1 1 0 0 0 0 0
40 1 0 0 1 0 0 0 0 0
41 1 0 0 0 0 0 0 0 0
42 1 0 0 0 0 0 0 0 0
43 1 0 0 0 0 0 0 0 0
44 1 0 0 0 0 0 0 0 0
45 1 0 0 0 0 0 0 0 0
47 1 0 0 0 0 0 0 0 0
48 1 0 0 0 0 0 0 0 0
65 1 1 1 0 0 0 0 0 0
66 1 0 0 0 0 0 0 0 0
83 1 0 0 0 0 0 0 0 0
84 1 0 0 0 0 0 0 0 0
85 1 0 0 1 0 0 0 0 0
86 1 0 0 1 0 0 0 0 0
87 1 0 0 0 0 0 0 0 0
91 1 0 0 0 0 0 0 0 0
93 1 0 0 0 0 0 0 0 0
94 1 0 0 0 0 0 0 0 0
98 1 0 0 0 0 0 0 0 0
138 1 1 1 0 0 0 0 0 0
139 1 0 0 0 0 0 0 0 0
140 1 0 0 0 0 0 0 0 0
141 1 0 0 0 0 0 0 0 0
142 1 0 0 0 0 0 0 0 0
143 1 0 0 0 0 0 0 0 0
144 1 1 1 0 0 0 0 0 0
145 1 0 0 0 0 0 0 0 0
146 1 0 0 0 0 0 0 0 0
147 1 0 0 0 0 0 0 0 0
148 1 0 0 0 0 0 0 0 0
149 1 0 0 0 0 0 0 0 0
150 1 0 0 1 0 0 0 0 0
fl=./string/../sysdeps/x86_64/multiarch/../strchr.S
fn=index
23 29 1 1 0 0 0 0 0 0
24 29 0 0 0 0 0 0 0 0
25 29 0 0 0 0 0 0 0 0
26 29 0 0 0 0 0 0 0 0
27 29 0 0 0 0 0 0 0 0
28 29 0 0 0 0 0 0 0 0
29 29 0 0 0 0 0 0 0 0
30 29 0 0 0 0 0 0 0 0
31 29 0 0 0 0 0 0 0 0
32 29 0 0 29 7 7 0 0 0
33 29 0 0 0 0 0 0 0 0
34 29 1 1 0 0 0 0 0 0
35 29 0 0 0 0 0 0 0 0
36 29 0 0 0 0 0 0 0 0
37 29 0 0 0 0 0 0 0 0
38 29 0 0 0 0 0 0 0 0
39 29 0 0 0 0 0 0 0 0
40 29 0 0 0 0 0 0 0 0
41 23 0 0 0 0 0 0 0 0
45 23 0 0 0 0 0 0 0 0
46 23 0 0 0 0 0 0 0 0
47 23 0 0 23 0 0 0 0 0
48 23 0 0 0 0 0 0 0 0
50 23 0 0 23 0 0 0 0 0
54 6 0 0 6 0 0 0 0 0
55 6 0 0 0 0 0 0 0 0
56 6 0 0 0 0 0 0 0 0
57 6 1 1 0 0 0 0 0 0
58 6 0 0 0 0 0 0 0 0
59 6 0 0 0 0 0 0 0 0
60 6 0 0 6 0 0 0 0 0
61 6 0 0 0 0 0 0 0 0
62 6 0 0 0 0 0 0 0 0
63 6 0 0 0 0 0 0 0 0
64 6 0 0 0 0 0 0 0 0
65 6 0 0 0 0 0 0 0 0
66 6 0 0 0 0 0 0 0 0
67 6 0 0 6 0 0 0 0 0
68 6 0 0 0 0 0 0 0 0
69 6 0 0 0 0 0 0 0 0
70 6 0 0 0 0 0 0 0 0
71 6 0 0 0 0 0 0 0 0
72 6 0 0 0 0 0 0 0 0
73 6 1 1 0 0 0 0 0 0
74 6 0 0 0 0 0 0 0 0
75 6 0 0 0 0 0 0 0 0
76 6 0 0 0 0 0 0 0 0
77 6 0 0 0 0 0 0 0 0
129 6 2 1 0 0 0 0 0 0
133 6 0 0 0 0 0 0 0 0
134 6 0 0 0 0 0 0 0 0
135 6 0 0 6 0 0 0 0 0
136 6 0 0 0 0 0 0 0 0
138 6 0 0 6 0 0 0 0 0
fl=./string/../sysdeps/x86_64/multiarch/ifunc-avx2.h
fn=memrchr
32 2 0 0 0 0 0 0 0 0
33 5 1 1 2 0 0 0 0 0
34 3 0 0 1 0 0 0 0 0
36 2 0 0 0 0 0 0 0 0
37 2 0 0 0 0 0 0 0 0
40 3 0 0 0 0 0 0 0 0
43 4 0 0 0 0 0 0 0 0
fn=rindex
32 2 1 1 0 0 0 0 0 0
33 5 0 0 2 0 0 0 0 0
34 3 0 0 1 0 0 0 0 0
36 2 0 0 0 0 0 0 0 0
37 2 0 0 0 0 0 0 0 0
40 3 0 0 0 0 0 0 0 0
43 4 0 0 0 0 0 0 0 0
fn=strchrnul
32 2 0 0 0 0 0 0 0 0
33 5 0 0 2 0 0 0 0 0
34 3 1 1 1 0 0 0 0 0
36 2 0 0 0 0 0 0 0 0
37 2 1 1 0 0 0 0 0 0
40 3 0 0 0 0 0 0 0 0
43 4 0 0 0 0 0 0 0 0
fn=strlen
32 6 2 1 0 0 0 0 0 0
33 15 0 0 6 4 0 0 0 0
34 9 0 0 3 1 0 0 0 0
36 6 0 0 0 0 0 0 0 0
37 6 0 0 0 0 0 0 0 0
40 9 0 0 0 0 0 0 0 0
43 12 0 0 0 0 0 0 0 0
fn=strnlen
32 4 1 1 0 0 0 0 0 0
33 10 0 0 4 1 0 0 0 0
34 6 0 0 2 0 0 0 0 0
36 4 0 0 0 0 0 0 0 0
37 4 0 0 0 0 0 0 0 0
40 6 0 0 0 0 0 0 0 0
43 8 0 0 0 0 0 0 0 0
fl=./string/../sysdeps/x86_64/multiarch/ifunc-evex.h
fn=memchr
34 2 0 0 0 0 0 0 0 0
35 5 1 1 2 0 0 0 0 0
36 3 0 0 1 0 0 0 0 0
38 2 0 0 0 0 0 0 0 0
39 2 1 1 0 0 0 0 0 0
41 2 0 0 0 0 0 0 0 0
47 3 0 0 0 0 0 0 0 0
50 4 0 0 0 0 0 0 0 0
fn=rawmemchr
34 2 0 0 0 0 0 0 0 0
35 5 0 0 2 0 0 0 0 0
36 3 0 0 1 0 0 0 0 0
38 2 0 0 0 0 0 0 0 0
39 2 0 0 0 0 0 0 0 0
41 2 1 1 0 0 0 0 0 0
47 3 0 0 0 0 0 0 0 0
50 4 0 0 0 0 0 0 0 0
fl=./string/../sysdeps/x86_64/multiarch/ifunc-memcmp.h
fn=bcmp
34 8 0 0 4 0 0 0 0 0
35 6 0 0 2 1 0 0 0 0
36 4 2 1 0 0 0 0 0 0
37 6 0 0 2 0 0 0 0 0
39 4 0 0 0 0 0 0 0 0
40 4 0 0 0 0 0 0 0 0
43 6 0 0 0 0 0 0 0 0
46 6 0 0 0 0 0 0 0 0
fl=./string/../sysdeps/x86_64/multiarch/ifunc-memmove.h
fn=memcpy@@GLIBC_2.14
52 4 0 0 0 0 0 0 0 0
53 6 0 0 4 0 0 0 0 0
56 6 0 0 2 0 0 0 0 0
57 4 1 1 0 0 0 0 0 0
70 4 0 0 0 0 0 0 0 0
72 4 1 1 0 0 0 0 0 0
80 4 0 0 0 0 0 0 0 0
88 4 0 0 0 0 0 0 0 0
90 10 1 1 2 0 0 0 0 0
fn=memmove
52 6 0 0 0 0 0 0 0 0
53 9 0 0 6 0 0 0 0 0
56 9 1 1 3 0 0 0 0 0
57 6 1 1 0 0 0 0 0 0
70 6 0 0 0 0 0 0 0 0
72 6 0 0 0 0 0 0 0 0
80 6 0 0 0 0 0 0 0 0
88 6 0 0 0 0 0 0 0 0
90 15 1 1 3 0 0 0 0 0
fn=mempcpy
52 2 0 0 0 0 0 0 0 0
53 3 0 0 2 0 0 0 0 0
56 3 0 0 1 0 0 0 0 0
57 2 1 1 0 0 0 0 0 0
70 2 0 0 0 0 0 0 0 0
72 2 1 1 0 0 0 0 0 0
80 2 0 0 0 0 0 0 0 0
88 2 0 0 0 0 0 0 0 0
90 5 1 1 1 0 0 0 0 0
fl=./string/../sysdeps/x86_64/multiarch/ifunc-memset.h
fn=memset
50 10 0 0 4 0 0 0 0 0
53 6 0 0 2 0 0 0 0 0
54 4 1 1 0 0 0 0 0 0
60 4 1 1 0 0 0 0 0 0
69 4 0 0 0 0 0 0 0 0
71 4 0 0 0 0 0 0 0 0
81 4 0 0 0 0 0 0 0 0
89 4 0 0 0 0 0 0 0 0
91 10 0 0 2 0 0 0 0 0
fl=./string/../sysdeps/x86_64/multiarch/ifunc-sse4_2.h
fn=strcspn
30 5 1 1 2 0 0 0 0 0
fn=strpbrk
30 5 1 1 2 1 0 0 0 0
fn=strspn
30 5 0 0 2 0 0 0 0 0
fl=./string/../sysdeps/x86_64/multiarch/ifunc-strcasecmp.h
fn=strcasecmp
32 5 1 1 2 0 0 0 0 0
fn=strcasecmp_l
32 5 0 0 2 0 0 0 0 0
fn=strncasecmp
32 5 0 0 2 0 0 0 0 0
fn=strncasecmp_l
32 5 0 0 2 0 0 0 0 0
fl=./string/../sysdeps/x86_64/multiarch/ifunc-strcpy.h
fn=stpcpy
36 4 0 0 2 0 0 0 0 0
37 3 0 0 1 0 0 0 0 0
39 2 1 1 0 0 0 0 0 0
40 2 0 0 0 0 0 0 0 0
43 3 0 0 0 0 0 0 0 0
46 3 0 0 0 0 0 0 0 0
fn=stpncpy
36 4 0 0 2 0 0 0 0 0
37 3 1 1 1 0 0 0 0 0
39 2 0 0 0 0 0 0 0 0
40 2 0 0 0 0 0 0 0 0
43 3 0 0 0 0 0 0 0 0
46 3 0 0 0 0 0 0 0 0
fn=strcat
36 4 0 0 2 0 0 0 0 0
37 3 0 0 1 0 0 0 0 0
39 2 1 1 0 0 0 0 0 0
40 2 0 0 0 0 0 0 0 0
43 3 0 0 0 0 0 0 0 0
46 3 0 0 0 0 0 0 0 0
fn=strcpy
36 4 0 0 2 0 0 0 0 0
37 3 0 0 1 0 0 0 0 0
39 2 1 1 0 0 0 0 0 0
40 2 0 0 0 0 0 0 0 0
43 3 0 0 0 0 0 0 0 0
46 3 0 0 0 0 0 0 0 0
fn=strncpy
36 4 0 0 2 0 0 0 0 0
37 3 0 0 1 0 0 0 0 0
39 2 1 1 0 0 0 0 0 0
40 2 0 0 0 0 0 0 0 0
43 3 0 0 0 0 0 0 0 0
46 3 0 0 0 0 0 0 0 0
fl=./string/../sysdeps/x86_64/multiarch/memchr.c
fn=memchr
29 2 1 1 1 0 0 0 0 0
fl=./string/../sysdeps/x86_64/multiarch/memcmp-avx2-movbe.S
fn=__memcmp_avx2_movbe
71 51 2 1 0 0 0 0 0 0
78 51 0 0 0 0 0 0 0 0
79 51 0 0 0 0 0 0 0 0
154 39 1 1 0 0 0 0 0 0
164 39 0 0 39 0 0 0 0 0
165 39 0 0 39 0 0 0 0 0
166 39 0 0 0 0 0 0 0 0
169 78 0 0 39 0 0 0 0 0
399 51 1 1 0 0 0 0 0 0
400 51 0 0 0 0 0 0 0 0
405 51 0 0 0 0 0 0 0 0
406 51 0 0 0 0 0 0 0 0
407 51 0 0 0 0 0 0 0 0
408 51 0 0 0 0 0 0 0 0
409 51 0 0 0 0 0 0 0 0
412 51 0 0 51 0 0 0 0 0
413 51 0 0 51 0 0 0 0 0
414 51 1 1 0 0 0 0 0 0
415 51 0 0 0 0 0 0 0 0
418 51 0 0 0 0 0 0 0 0
419 51 0 0 0 0 0 0 0 0
420 12 0 0 0 0 0 0 0 0
421 24 0 0 12 0 0 0 0 0
fl=./string/../sysdeps/x86_64/multiarch/memcmp.c
fn=bcmp
29 6 4 2 2 0 0 0 0 0
fl=./string/../sysdeps/x86_64/multiarch/memcpy.c
fn=memcpy@@GLIBC_2.14
29 2 1 1 0 0 0 0 0 0
fl=./string/../sysdeps/x86_64/multiarch/memmove-vec-unaligned-erms.S
fn=__memcpy_avx_unaligned_erms
307 2 1 1 0 0 0 0 0 0
308 2 0 0 0 0 0 0 0 0
314 2 0 0 0 0 0 0 0 0
315 2 0 0 0 0 0 0 0 0
357 2 0 0 0 0 0 0 0 0
358 2 0 0 0 0 0 0 0 0
360 2 0 0 0 0 0 0 0 0
361 2 0 0 0 0 0 0 0 0
363 2 0 0 0 0 0 0 0 0
367 2 0 0 0 0 0 0 0 0
383 2 1 1 2 0 0 0 0 0
384 2 0 0 2 0 0 0 0 0
385 2 0 0 0 0 0 2 0 0
386 2 0 0 0 0 0 2 0 0
387 2 0 0 2 0 0 0 0 0
fn=memcpy
212 35 2 1 0 0 0 0 0 0
213 35 0 0 0 0 0 0 0 0
219 142 0 0 0 0 0 0 0 0
220 142 0 0 0 0 0 0 0 0
222 51 0 0 51 2 0 0 0 0
223 51 1 0 0 0 0 0 0 0
224 51 0 0 0 0 0 0 0 0
226 29 0 0 29 0 0 0 0 0
227 29 0 0 0 0 0 29 5 5
228 29 0 0 0 0 0 29 0 0
230 29 0 0 29 0 0 0 0 0
360 91 1 1 0 0 0 0 0 0
361 91 0 0 0 0 0 0 0 0
363 26 0 0 0 0 0 0 0 0
367 26 0 0 0 0 0 0 0 0
368 17 0 0 0 0 0 0 0 0
369 17 0 0 0 0 0 0 0 0
370 4 0 0 4 3 3 0 0 0
371 4 0 0 0 0 0 0 0 0
372 2 0 0 2 0 0 0 0 0
373 2 0 0 0 0 0 2 1 1
375 4 0 0 0 0 0 4 1 1
377 17 0 0 17 0 0 0 0 0
383 9 0 0 9 0 0 0 0 0
384 9 0 0 9 0 0 0 0 0
385 9 0 0 0 0 0 9 0 0
386 9 0 0 0 0 0 9 0 0
387 9 0 0 9 0 0 0 0 0
416 65 1 1 65 0 0 0 0 0
417 65 0 0 65 0 0 0 0 0
418 65 0 0 0 0 0 65 5 5
419 65 0 0 0 0 0 65 1 1
420 65 0 0 65 0 0 0 0 0
427 21 1 0 21 0 0 0 0 0
428 21 0 0 21 0 0 0 0 0
429 21 0 0 0 0 0 21 6 6
430 21 0 0 0 0 0 21 3 3
431 21 0 0 0 0 0 21 6 6
432 21 0 0 0 0 0 21 0 0
433 21 0 0 21 0 0 0 0 0
444 22 2 1 0 0 0 0 0 0
445 22 0 0 0 0 0 0 0 0
447 22 0 0 22 0 0 0 0 0
448 22 0 0 0 0 0 0 0 0
449 22 0 0 0 0 0 0 0 0
451 1 0 0 1 0 0 0 0 0
452 1 0 0 1 0 0 0 0 0
453 1 0 0 1 0 0 0 0 0
454 1 0 0 1 0 0 0 0 0
455 1 0 0 1 0 0 0 0 0
456 1 0 0 1 0 0 0 0 0
457 1 0 0 0 0 0 1 0 0
458 1 0 0 0 0 0 1 0 0
459 1 0 0 0 0 0 1 0 0
460 1 0 0 0 0 0 1 0 0
461 1 1 1 0 0 0 1 0 0
462 1 0 0 0 0 0 1 0 0
463 1 0 0 0 0 0 1 0 0
464 1 0 0 0 0 0 1 0 0
465 1 0 0 1 0 0 0 0 0
fn=mempcpy
199 107 0 0 0 0 0 0 0 0
200 107 0 0 0 0 0 0 0 0
201 107 0 0 0 0 0 0 0 0
202 107 0 0 0 0 0 0 0 0
fl=./string/../sysdeps/x86_64/multiarch/memmove.c
fn=memmove
29 3 1 1 0 0 0 0 0 0
fl=./string/../sysdeps/x86_64/multiarch/mempcpy.c
fn=mempcpy
33 1 1 1 0 0 0 0 0 0
fl=./string/../sysdeps/x86_64/multiarch/memrchr.c
fn=memrchr
29 3 2 2 1 0 0 0 0 0
fl=./string/../sysdeps/x86_64/multiarch/memset-vec-unaligned-erms.S
fn=__memset_avx2_unaligned_erms
181 13 13 1 0 0 0 0 0 0
182 39 0 0 0 0 0 0 0 0
187 13 0 0 0 0 0 0 0 0
188 13 0 0 0 0 0 0 0 0
189 13 0 0 0 0 0 0 0 0
190 13 0 0 0 0 0 0 0 0
204 1 0 0 0 0 0 1 0 0
205 1 0 0 0 0 0 1 0 0
207 2 0 0 1 0 0 0 0 0
259 13 13 1 13 0 0 0 0 0
260 13 0 0 0 0 0 0 0 0
283 4 0 0 0 0 0 4 0 0
284 4 0 0 0 0 0 4 3 2
289 4 0 0 0 0 0 0 0 0
292 4 0 0 0 0 0 0 0 0
293 4 0 0 0 0 0 0 0 0
296 3 0 0 0 0 0 3 1 1
297 3 0 0 0 0 0 3 2 2
310 3 0 0 0 0 0 0 0 0
311 3 0 0 0 0 0 0 0 0
313 3 0 0 0 0 0 0 0 0
316 2 0 0 0 0 0 0 0 0
319 2 0 0 0 0 0 0 0 0
322 9 2 0 0 0 0 9 3 1
323 9 0 0 0 0 0 9 0 0
324 9 0 0 0 0 0 9 3 3
325 9 0 0 0 0 0 9 0 0
326 9 0 0 0 0 0 0 0 0
327 9 0 0 0 0 0 0 0 0
328 11 0 0 0 0 0 0 0 0
331 3 1 1 0 0 0 3 1 1
332 3 0 0 0 0 0 3 1 1
333 3 0 0 0 0 0 3 0 0
334 3 0 0 0 0 0 3 0 0
337 6 0 0 3 0 0 0 0 0
348 9 9 1 0 0 0 0 0 0
349 9 0 0 0 0 0 0 0 0
350 9 0 0 0 0 0 0 0 0
351 995713 0 0 0 0 0 995704 15553 4132
352 9 0 0 0 0 0 0 0 0
353 18 0 0 9 5 0 0 0 0
fn=memset
125 11 1 1 0 0 0 0 0 0
126 55 0 0 0 0 0 0 0 0
132 11 0 0 0 0 0 0 0 0
133 11 1 1 0 0 0 0 0 0
134 10 0 0 0 0 0 0 0 0
135 10 0 0 0 0 0 0 0 0
137 2 0 0 0 0 0 2 2 2
138 2 0 0 0 0 0 2 0 0
139 2 0 0 2 0 0 0 0 0
204 4 0 0 0 0 0 4 0 0
205 4 0 0 0 0 0 4 0 0
207 4 0 0 4 0 0 0 0 0
283 8 0 0 0 0 0 8 4 4
284 8 0 0 0 0 0 8 2 2
289 8 0 0 0 0 0 0 0 0
292 8 0 0 0 0 0 0 0 0
293 8 0 0 0 0 0 0 0 0
296 4 0 0 0 0 0 4 2 2
297 4 0 0 0 0 0 4 1 1
310 4 0 0 0 0 0 0 0 0
311 4 0 0 0 0 0 0 0 0
313 4 0 0 0 0 0 0 0 0
316 3 1 1 0 0 0 0 0 0
319 6 0 0 0 0 0 0 0 0
322 85 0 0 0 0 0 85 79 79
323 85 0 0 0 0 0 85 0 0
324 85 0 0 0 0 0 85 4 4
325 85 0 0 0 0 0 85 0 0
326 85 0 0 0 0 0 0 0 0
327 85 0 0 0 0 0 0 0 0
328 85 0 0 0 0 0 0 0 0
331 4 1 0 0 0 0 4 2 2
332 4 0 0 0 0 0 4 0 0
333 4 0 0 0 0 0 4 0 0
334 4 0 0 0 0 0 4 0 0
339 4 0 0 4 0 0 0 0 0
368 1 1 1 0 0 0 0 0 0
369 1 0 0 0 0 0 0 0 0
370 1 0 0 0 0 0 0 0 0
402 1 0 0 0 0 0 1 1 1
403 1 0 0 0 0 0 1 0 0
404 1 0 0 1 0 0 0 0 0
fl=./string/../sysdeps/x86_64/multiarch/memset.c
fn=memset
29 2 1 1 0 0 0 0 0 0
fl=./string/../sysdeps/x86_64/multiarch/rawmemchr.c
fn=rawmemchr
31 2 1 1 1 0 0 0 0 0
fl=./string/../sysdeps/x86_64/multiarch/stpcpy.c
fn=stpcpy
33 3 1 1 1 0 0 0 0 0
fl=./string/../sysdeps/x86_64/multiarch/stpncpy.c
fn=stpncpy
31 3 2 2 1 0 0 0 0 0
fl=./string/../sysdeps/x86_64/multiarch/strcasecmp.c
fn=strcasecmp
31 2 0 0 1 0 0 0 0 0
fl=./string/../sysdeps/x86_64/multiarch/strcasecmp_l.c
fn=strcasecmp_l
31 2 1 1 1 0 0 0 0 0
fl=./string/../sysdeps/x86_64/multiarch/strcat.c
fn=strcat
29 3 1 1 1 0 0 0 0 0
fl=./string/../sysdeps/x86_64/multiarch/strchr.c
fn=index
40 2 1 1 0 0 0 0 0 0
41 4 0 0 2 0 0 0 0 0
42 3 0 0 1 0 0 0 0 0
44 2 0 0 0 0 0 0 0 0
45 2 0 0 0 0 0 0 0 0
48 3 0 0 0 0 0 0 0 0
51 3 0 0 0 0 0 0 0 0
61 3 1 1 1 0 0 0 0 0
fl=./string/../sysdeps/x86_64/multiarch/strchrnul.c
fn=strchrnul
31 3 1 1 1 0 0 0 0 0
fl=./string/../sysdeps/x86_64/multiarch/strcmp.c
fn=strcmp
41 8 0 0 4 0 0 0 0 0
42 6 1 1 2 0 0 0 0 0
44 4 0 0 0 0 0 0 0 0
49 6 0 0 0 0 0 0 0 0
52 6 1 1 0 0 0 0 0 0
65 4 1 1 2 0 0 0 0 0
fl=./string/../sysdeps/x86_64/multiarch/strcpy.c
fn=strcpy
29 3 1 1 1 0 0 0 0 0
fl=./string/../sysdeps/x86_64/multiarch/strcspn.c
fn=strcspn
29 2 1 1 1 0 0 0 0 0
fl=./string/../sysdeps/x86_64/multiarch/strlen-avx2.S
fn=__strlen_avx2
50 72 0 0 0 0 0 0 0 0
63 72 0 0 0 0 0 0 0 0
64 72 0 0 0 0 0 0 0 0
65 72 0 0 0 0 0 0 0 0
68 72 0 0 0 0 0 0 0 0
70 72 0 0 0 0 0 0 0 0
71 72 0 0 0 0 0 0 0 0
74 72 2 1 72 6 6 0 0 0
75 72 0 0 0 0 0 0 0 0
83 72 0 0 0 0 0 0 0 0
84 72 0 0 0 0 0 0 0 0
85 72 0 0 0 0 0 0 0 0
90 144 0 0 72 0 0 0 0 0
fl=./string/../sysdeps/x86_64/multiarch/strlen-vec.S
fn=strlen
41 35 1 1 0 0 0 0 0 0
85 35 0 0 0 0 0 0 0 0
86 35 0 0 0 0 0 0 0 0
87 35 0 0 0 0 0 0 0 0
88 35 0 0 0 0 0 0 0 0
89 35 0 0 0 0 0 0 0 0
90 35 0 0 0 0 0 0 0 0
91 35 0 0 0 0 0 0 0 0
93 35 0 0 0 0 0 0 0 0
95 35 0 0 0 0 0 0 0 0
126 35 0 0 35 4 4 0 0 0
127 35 0 0 0 0 0 0 0 0
128 35 0 0 0 0 0 0 0 0
129 35 0 0 0 0 0 0 0 0
130 35 0 0 0 0 0 0 0 0
131 15 0 0 0 0 0 0 0 0
133 15 0 0 15 0 0 0 0 0
137 20 1 1 0 0 0 0 0 0
138 20 0 0 20 0 0 0 0 0
139 20 0 0 20 0 0 0 0 0
140 20 0 0 20 1 1 0 0 0
141 20 0 0 0 0 0 0 0 0
142 20 0 0 0 0 0 0 0 0
143 20 0 0 0 0 0 0 0 0
144 20 0 0 0 0 0 0 0 0
145 20 0 0 0 0 0 0 0 0
146 20 0 0 0 0 0 0 0 0
147 20 0 0 0 0 0 0 0 0
148 20 0 0 0 0 0 0 0 0
153 158 1 1 19 0 0 0 0 0
227 1 1 1 1 0 0 0 0 0
228 1 0 0 1 0 0 0 0 0
229 1 0 0 1 0 0 0 0 0
230 1 0 0 1 0 0 0 0 0
231 1 0 0 0 0 0 0 0 0
232 1 0 0 0 0 0 0 0 0
233 1 0 0 0 0 0 0 0 0
234 1 0 0 0 0 0 0 0 0
250 1 1 1 0 0 0 0 0 0
252 1 0 0 0 0 0 0 0 0
253 14 1 1 4 0 0 0 0 0
255 1 0 0 0 0 0 0 0 0
256 1 0 0 0 0 0 0 0 0
257 1 0 0 0 0 0 0 0 0
259 1 0 0 1 0 0 0 0 0
fl=./string/../sysdeps/x86_64/multiarch/strlen.c
fn=strlen
29 9 3 1 3 0 0 0 0 0
fl=./string/../sysdeps/x86_64/multiarch/strncase.c
fn=strncasecmp
31 2 1 1 1 0 0 0 0 0
fl=./string/../sysdeps/x86_64/multiarch/strncase_l.c
fn=strncasecmp_l
31 2 2 2 1 0 0 0 0 0
fl=./string/../sysdeps/x86_64/multiarch/strncmp.c
fn=strncmp
41 4 1 1 2 0 0 0 0 0
42 3 0 0 1 0 0 0 0 0
44 2 0 0 0 0 0 0 0 0
49 3 0 0 0 0 0 0 0 0
52 3 0 0 0 0 0 0 0 0
66 2 2 2 1 0 0 0 0 0
fl=./string/../sysdeps/x86_64/multiarch/strncpy.c
fn=strncpy
29 3 1 1 1 0 0 0 0 0
fl=./string/../sysdeps/x86_64/multiarch/strnlen.c
fn=strnlen
31 6 2 2 2 0 0 0 0 0
fl=./string/../sysdeps/x86_64/multiarch/strpbrk.c
fn=strpbrk
29 2 1 1 1 0 0 0 0 0
fl=./string/../sysdeps/x86_64/multiarch/strrchr-avx2.S
fn=__strrchr_avx2
46 1 1 1 0 0 0 0 0 0
47 1 0 0 0 0 0 0 0 0
48 1 0 0 0 0 0 0 0 0
50 1 0 0 0 0 0 0 0 0
51 1 0 0 0 0 0 0 0 0
54 1 0 0 0 0 0 0 0 0
55 1 0 0 0 0 0 0 0 0
56 1 0 0 0 0 0 0 0 0
58 1 0 0 1 1 0 0 0 0
59 1 0 0 0 0 0 0 0 0
60 1 0 0 0 0 0 0 0 0
61 1 0 0 0 0 0 0 0 0
62 1 0 0 0 0 0 0 0 0
63 1 1 1 0 0 0 0 0 0
65 1 0 0 0 0 0 0 0 0
66 1 0 0 0 0 0 0 0 0
78 1 0 0 0 0 0 0 0 0
79 1 0 0 0 0 0 0 0 0
219 1 1 1 0 0 0 0 0 0
220 1 0 0 0 0 0 0 0 0
221 1 0 0 0 0 0 0 0 0
222 1 0 0 0 0 0 0 0 0
223 1 0 0 0 0 0 0 0 0
225 1 0 0 0 0 0 0 0 0
226 1 0 0 0 0 0 0 0 0
227 1 0 0 0 0 0 0 0 0
228 2 1 1 1 0 0 0 0 0
fl=./string/../sysdeps/x86_64/multiarch/strrchr.c
fn=rindex
28 3 1 1 1 0 0 0 0 0
fl=./string/../sysdeps/x86_64/multiarch/strspn.c
fn=strspn
29 2 1 1 1 0 0 0 0 0
fl=./string/../sysdeps/x86_64/strcmp.S
fn=strcmp
108 2682 2 1 0 0 0 0 0 0
141 2682 0 0 0 0 0 0 0 0
142 2682 0 0 0 0 0 0 0 0
144 2682 0 0 0 0 0 0 0 0
145 2682 0 0 0 0 0 0 0 0
166 2682 0 0 0 0 0 0 0 0
167 2682 0 0 0 0 0 0 0 0
168 2511 0 0 0 0 0 0 0 0
169 2511 0 0 0 0 0 0 0 0
170 2411 0 0 2411 111 36 0 0 0
171 2411 2 1 2411 20 10 0 0 0
172 2411 0 0 2411 0 0 0 0 0
173 2411 0 0 2411 0 0 0 0 0
194 2411 0 0 0 0 0 0 0 0
195 2411 0 0 0 0 0 0 0 0
196 2411 0 0 0 0 0 0 0 0
197 2411 0 0 0 0 0 0 0 0
198 2411 0 0 0 0 0 0 0 0
199 2411 0 0 0 0 0 0 0 0
200 2411 0 0 0 0 0 0 0 0
205 57 0 0 0 0 0 0 0 0
206 171 0 0 0 0 0 0 0 0
215 328 2 1 0 0 0 0 0 0
216 328 0 0 0 0 0 0 0 0
217 328 0 0 0 0 0 0 0 0
218 328 0 0 0 0 0 0 0 0
219 328 0 0 0 0 0 0 0 0
220 328 0 0 0 0 0 0 0 0
221 328 0 0 0 0 0 0 0 0
222 328 0 0 0 0 0 0 0 0
223 213 0 0 0 0 0 0 0 0
224 122 0 0 0 0 0 0 0 0
225 122 0 0 0 0 0 0 0 0
226 122 0 0 0 0 0 0 0 0
228 213 0 0 0 0 0 0 0 0
229 213 0 0 0 0 0 0 0 0
230 213 0 0 0 0 0 0 0 0
231 213 0 0 213 14 2 0 0 0
232 213 0 0 0 0 0 0 0 0
233 213 0 0 0 0 0 0 0 0
243 115 3 1 115 12 3 0 0 0
244 115 0 0 0 0 0 0 0 0
245 115 0 0 0 0 0 0 0 0
247 115 0 0 115 7 5 0 0 0
253 115 0 0 0 0 0 0 0 0
254 115 0 0 0 0 0 0 0 0
255 115 0 0 0 0 0 0 0 0
256 115 0 0 0 0 0 0 0 0
257 115 0 0 0 0 0 0 0 0
262 115 0 0 0 0 0 0 0 0
264 106 0 0 0 0 0 0 0 0
265 106 0 0 0 0 0 0 0 0
266 212 0 0 0 0 0 0 0 0
274 131 2 1 131 10 1 0 0 0
275 131 0 0 131 6 6 0 0 0
278 131 0 0 0 0 0 0 0 0
279 131 0 0 0 0 0 0 0 0
280 131 0 0 0 0 0 0 0 0
281 131 0 0 0 0 0 0 0 0
282 131 0 0 0 0 0 0 0 0
283 131 0 0 0 0 0 0 0 0
289 40 0 0 0 0 0 0 0 0
290 40 0 0 40 0 0 0 0 0
291 40 0 0 40 2 1 0 0 0
294 40 0 0 0 0 0 0 0 0
295 40 0 0 0 0 0 0 0 0
296 40 0 0 0 0 0 0 0 0
297 40 1 1 0 0 0 0 0 0
298 40 0 0 0 0 0 0 0 0
299 40 0 0 0 0 0 0 0 0
304 25 0 0 0 0 0 0 0 0
305 25 0 0 0 0 0 0 0 0
444 6 2 1 0 0 0 0 0 0
445 6 0 0 6 0 0 0 0 0
446 6 0 0 6 1 0 0 0 0
447 6 0 0 0 0 0 0 0 0
448 6 0 0 0 0 0 0 0 0
450 6 0 0 0 0 0 0 0 0
451 6 0 0 0 0 0 0 0 0
452 6 1 1 0 0 0 0 0 0
453 6 0 0 0 0 0 0 0 0
454 6 0 0 0 0 0 0 0 0
455 6 0 0 0 0 0 0 0 0
456 6 0 0 0 0 0 0 0 0
457 1 0 0 1 0 0 0 0 0
460 1 0 0 0 0 0 0 0 0
461 1 0 0 0 0 0 0 0 0
462 1 0 0 0 0 0 0 0 0
468 1 0 0 0 0 0 0 0 0
469 1 0 0 0 0 0 0 0 0
470 2 0 0 0 0 0 0 0 0
474 1 1 1 0 0 0 0 0 0
475 1 0 0 0 0 0 0 0 0
478 1 0 0 1 1 0 0 0 0
479 1 0 0 1 1 0 0 0 0
480 1 0 0 0 0 0 0 0 0
483 1 0 0 0 0 0 0 0 0
484 1 0 0 0 0 0 0 0 0
485 1 0 0 0 0 0 0 0 0
491 1 0 0 0 0 0 0 0 0
492 1 0 0 0 0 0 0 0 0
493 1 0 0 0 0 0 0 0 0
494 1 0 0 0 0 0 0 0 0
495 1 0 0 0 0 0 0 0 0
496 1 1 1 0 0 0 0 0 0
568 2 1 1 0 0 0 0 0 0
569 2 0 0 2 2 1 0 0 0
570 2 0 0 2 1 0 0 0 0
571 2 0 0 0 0 0 0 0 0
572 2 0 0 0 0 0 0 0 0
574 2 0 0 0 0 0 0 0 0
575 2 0 0 0 0 0 0 0 0
576 2 1 1 0 0 0 0 0 0
577 2 0 0 0 0 0 0 0 0
578 2 0 0 0 0 0 0 0 0
579 2 0 0 0 0 0 0 0 0
580 2 0 0 0 0 0 0 0 0
581 2 0 0 2 0 0 0 0 0
585 2 0 0 0 0 0 0 0 0
586 2 0 0 0 0 0 0 0 0
587 2 0 0 0 0 0 0 0 0
593 2 0 0 0 0 0 0 0 0
594 2 0 0 0 0 0 0 0 0
595 4 0 0 0 0 0 0 0 0
599 2 1 1 0 0 0 0 0 0
600 2 0 0 0 0 0 0 0 0
603 2 0 0 2 0 0 0 0 0
604 2 0 0 2 0 0 0 0 0
605 2 0 0 0 0 0 0 0 0
608 2 0 0 0 0 0 0 0 0
609 2 0 0 0 0 0 0 0 0
610 2 0 0 0 0 0 0 0 0
616 2 0 0 0 0 0 0 0 0
617 2 0 0 0 0 0 0 0 0
618 2 0 0 0 0 0 0 0 0
619 2 0 0 0 0 0 0 0 0
620 2 0 0 0 0 0 0 0 0
621 2 1 1 0 0 0 0 0 0
693 4 1 1 0 0 0 0 0 0
694 4 0 0 4 1 1 0 0 0
695 4 0 0 4 0 0 0 0 0
696 4 0 0 0 0 0 0 0 0
697 4 0 0 0 0 0 0 0 0
699 4 0 0 0 0 0 0 0 0
700 4 0 0 0 0 0 0 0 0
701 4 1 1 0 0 0 0 0 0
702 4 0 0 0 0 0 0 0 0
703 4 0 0 0 0 0 0 0 0
704 4 0 0 0 0 0 0 0 0
705 4 0 0 0 0 0 0 0 0
706 4 0 0 4 0 0 0 0 0
710 4 0 0 0 0 0 0 0 0
711 4 0 0 0 0 0 0 0 0
712 4 0 0 0 0 0 0 0 0
718 4 0 0 0 0 0 0 0 0
719 4 0 0 0 0 0 0 0 0
720 8 0 0 0 0 0 0 0 0
724 7 1 1 0 0 0 0 0 0
725 7 0 0 0 0 0 0 0 0
728 7 0 0 7 3 3 0 0 0
729 7 0 0 7 1 1 0 0 0
730 7 0 0 0 0 0 0 0 0
733 7 0 0 0 0 0 0 0 0
734 7 0 0 0 0 0 0 0 0
735 7 0 0 0 0 0 0 0 0
741 7 0 0 0 0 0 0 0 0
742 7 0 0 0 0 0 0 0 0
743 7 0 0 0 0 0 0 0 0
744 7 0 0 0 0 0 0 0 0
745 7 0 0 0 0 0 0 0 0
746 7 1 1 0 0 0 0 0 0
753 4 0 0 0 0 0 0 0 0
754 4 0 0 0 0 0 0 0 0
756 4 0 0 0 0 0 0 0 0
757 4 0 0 0 0 0 0 0 0
759 4 0 0 4 0 0 0 0 0
760 4 0 0 4 0 0 0 0 0
761 4 0 0 0 0 0 0 0 0
764 4 0 0 0 0 0 0 0 0
765 4 0 0 0 0 0 0 0 0
766 4 0 0 0 0 0 0 0 0
772 4 0 0 0 0 0 0 0 0
773 4 0 0 0 0 0 0 0 0
774 4 0 0 0 0 0 0 0 0
775 4 0 0 0 0 0 0 0 0
776 4 1 1 0 0 0 0 0 0
777 4 0 0 0 0 0 0 0 0
784 3 0 0 0 0 0 0 0 0
785 3 0 0 0 0 0 0 0 0
786 3 0 0 0 0 0 0 0 0
818 2 1 1 0 0 0 0 0 0
819 2 0 0 2 0 0 0 0 0
820 2 0 0 2 0 0 0 0 0
821 2 0 0 0 0 0 0 0 0
822 2 0 0 0 0 0 0 0 0
824 2 0 0 0 0 0 0 0 0
825 2 0 0 0 0 0 0 0 0
826 2 1 1 0 0 0 0 0 0
827 2 0 0 0 0 0 0 0 0
828 2 0 0 0 0 0 0 0 0
829 2 0 0 0 0 0 0 0 0
830 2 0 0 0 0 0 0 0 0
831 2 0 0 2 0 0 0 0 0
835 2 0 0 0 0 0 0 0 0
836 2 0 0 0 0 0 0 0 0
837 2 0 0 0 0 0 0 0 0
843 2 0 0 0 0 0 0 0 0
844 2 0 0 0 0 0 0 0 0
845 4 0 0 0 0 0 0 0 0
849 2 1 1 0 0 0 0 0 0
850 2 0 0 0 0 0 0 0 0
853 2 0 0 2 0 0 0 0 0
854 2 0 0 2 0 0 0 0 0
855 2 0 0 0 0 0 0 0 0
858 2 0 0 0 0 0 0 0 0
859 2 0 0 0 0 0 0 0 0
860 2 0 0 0 0 0 0 0 0
866 2 0 0 0 0 0 0 0 0
867 2 0 0 0 0 0 0 0 0
868 2 0 0 0 0 0 0 0 0
869 2 0 0 0 0 0 0 0 0
870 2 0 0 0 0 0 0 0 0
871 2 1 1 0 0 0 0 0 0
943 7 1 1 0 0 0 0 0 0
944 7 0 0 7 2 1 0 0 0
945 7 0 0 7 1 1 0 0 0
946 7 0 0 0 0 0 0 0 0
947 7 0 0 0 0 0 0 0 0
949 7 0 0 0 0 0 0 0 0
950 7 0 0 0 0 0 0 0 0
951 7 1 1 0 0 0 0 0 0
952 7 0 0 0 0 0 0 0 0
953 7 0 0 0 0 0 0 0 0
954 7 0 0 0 0 0 0 0 0
955 7 0 0 0 0 0 0 0 0
956 7 0 0 7 0 0 0 0 0
960 7 0 0 0 0 0 0 0 0
961 7 0 0 0 0 0 0 0 0
962 7 0 0 0 0 0 0 0 0
968 7 0 0 0 0 0 0 0 0
969 7 0 0 0 0 0 0 0 0
970 14 0 0 0 0 0 0 0 0
974 8 1 1 0 0 0 0 0 0
975 8 0 0 0 0 0 0 0 0
978 8 0 0 8 0 0 0 0 0
979 8 0 0 8 1 1 0 0 0
980 8 0 0 0 0 0 0 0 0
983 8 0 0 0 0 0 0 0 0
984 8 0 0 0 0 0 0 0 0
985 8 0 0 0 0 0 0 0 0
991 8 0 0 0 0 0 0 0 0
992 8 0 0 0 0 0 0 0 0
993 8 0 0 0 0 0 0 0 0
994 8 0 0 0 0 0 0 0 0
995 8 0 0 0 0 0 0 0 0
996 8 1 1 0 0 0 0 0 0
1003 1 0 0 0 0 0 0 0 0
1004 1 0 0 0 0 0 0 0 0
1006 1 0 0 0 0 0 0 0 0
1007 1 0 0 0 0 0 0 0 0
1009 1 0 0 1 0 0 0 0 0
1010 1 0 0 1 1 1 0 0 0
1011 1 0 0 0 0 0 0 0 0
1014 1 0 0 0 0 0 0 0 0
1015 1 0 0 0 0 0 0 0 0
1016 1 0 0 0 0 0 0 0 0
1022 1 0 0 0 0 0 0 0 0
1023 1 0 0 0 0 0 0 0 0
1024 1 0 0 0 0 0 0 0 0
1025 1 0 0 0 0 0 0 0 0
1026 1 1 1 0 0 0 0 0 0
1027 1 0 0 0 0 0 0 0 0
1034 1 0 0 0 0 0 0 0 0
1035 1 0 0 0 0 0 0 0 0
1036 1 0 0 0 0 0 0 0 0
1068 10 1 1 0 0 0 0 0 0
1069 10 0 0 10 1 1 0 0 0
1070 10 0 0 10 0 0 0 0 0
1071 10 0 0 0 0 0 0 0 0
1072 10 0 0 0 0 0 0 0 0
1074 10 0 0 0 0 0 0 0 0
1075 10 0 0 0 0 0 0 0 0
1076 10 1 1 0 0 0 0 0 0
1077 10 0 0 0 0 0 0 0 0
1078 10 0 0 0 0 0 0 0 0
1079 10 0 0 0 0 0 0 0 0
1080 10 0 0 0 0 0 0 0 0
1081 3 0 0 3 0 0 0 0 0
1085 3 0 0 0 0 0 0 0 0
1086 3 0 0 0 0 0 0 0 0
1087 3 0 0 0 0 0 0 0 0
1093 3 0 0 0 0 0 0 0 0
1094 3 0 0 0 0 0 0 0 0
1095 6 0 0 0 0 0 0 0 0
1099 4 1 1 0 0 0 0 0 0
1100 4 0 0 0 0 0 0 0 0
1103 4 0 0 4 0 0 0 0 0
1104 4 0 0 4 2 1 0 0 0
1105 4 0 0 0 0 0 0 0 0
1108 4 0 0 0 0 0 0 0 0
1109 4 0 0 0 0 0 0 0 0
1110 4 0 0 0 0 0 0 0 0
1116 4 0 0 0 0 0 0 0 0
1117 4 0 0 0 0 0 0 0 0
1118 4 0 0 0 0 0 0 0 0
1119 4 0 0 0 0 0 0 0 0
1120 4 0 0 0 0 0 0 0 0
1121 4 1 1 0 0 0 0 0 0
1128 2 0 0 0 0 0 0 0 0
1129 2 0 0 0 0 0 0 0 0
1131 2 0 0 0 0 0 0 0 0
1132 2 0 0 0 0 0 0 0 0
1134 2 0 0 2 0 0 0 0 0
1135 2 0 0 2 0 0 0 0 0
1136 2 0 0 0 0 0 0 0 0
1139 2 0 0 0 0 0 0 0 0
1140 2 0 0 0 0 0 0 0 0
1141 2 0 0 0 0 0 0 0 0
1147 2 0 0 0 0 0 0 0 0
1148 2 0 0 0 0 0 0 0 0
1149 2 0 0 0 0 0 0 0 0
1150 2 0 0 0 0 0 0 0 0
1151 2 1 1 0 0 0 0 0 0
1152 2 0 0 0 0 0 0 0 0
1159 1 0 0 0 0 0 0 0 0
1160 1 0 0 0 0 0 0 0 0
1161 1 0 0 0 0 0 0 0 0
1193 5 2 1 0 0 0 0 0 0
1194 5 0 0 5 1 1 0 0 0
1195 5 0 0 5 1 0 0 0 0
1196 5 0 0 0 0 0 0 0 0
1197 5 0 0 0 0 0 0 0 0
1199 5 0 0 0 0 0 0 0 0
1200 5 0 0 0 0 0 0 0 0
1201 5 1 1 0 0 0 0 0 0
1202 5 0 0 0 0 0 0 0 0
1203 5 0 0 0 0 0 0 0 0
1204 5 0 0 0 0 0 0 0 0
1205 5 0 0 0 0 0 0 0 0
1206 3 0 0 3 0 0 0 0 0
1210 3 0 0 0 0 0 0 0 0
1211 3 0 0 0 0 0 0 0 0
1212 3 0 0 0 0 0 0 0 0
1218 3 0 0 0 0 0 0 0 0
1219 3 0 0 0 0 0 0 0 0
1220 6 0 0 0 0 0 0 0 0
1224 3 1 1 0 0 0 0 0 0
1225 3 0 0 0 0 0 0 0 0
1228 3 0 0 3 0 0 0 0 0
1229 3 0 0 3 1 1 0 0 0
1230 3 0 0 0 0 0 0 0 0
1233 3 0 0 0 0 0 0 0 0
1234 3 0 0 0 0 0 0 0 0
1235 3 0 0 0 0 0 0 0 0
1241 3 0 0 0 0 0 0 0 0
1242 3 0 0 0 0 0 0 0 0
1243 3 0 0 0 0 0 0 0 0
1244 3 0 0 0 0 0 0 0 0
1245 3 0 0 0 0 0 0 0 0
1246 3 1 1 0 0 0 0 0 0
1253 1 0 0 0 0 0 0 0 0
1254 1 0 0 0 0 0 0 0 0
1256 1 0 0 0 0 0 0 0 0
1257 1 0 0 0 0 0 0 0 0
1259 1 0 0 1 0 0 0 0 0
1260 1 0 0 1 0 0 0 0 0
1261 1 0 0 0 0 0 0 0 0
1264 1 0 0 0 0 0 0 0 0
1265 1 0 0 0 0 0 0 0 0
1266 1 0 0 0 0 0 0 0 0
1272 1 0 0 0 0 0 0 0 0
1273 1 0 0 0 0 0 0 0 0
1274 1 0 0 0 0 0 0 0 0
1275 1 0 0 0 0 0 0 0 0
1276 1 1 1 0 0 0 0 0 0
1277 1 0 0 0 0 0 0 0 0
1318 36 1 1 0 0 0 0 0 0
1319 36 0 0 36 2 2 0 0 0
1320 36 0 0 36 1 0 0 0 0
1321 36 0 0 0 0 0 0 0 0
1322 36 0 0 0 0 0 0 0 0
1324 36 0 0 0 0 0 0 0 0
1325 36 0 0 0 0 0 0 0 0
1326 36 1 1 0 0 0 0 0 0
1327 36 0 0 0 0 0 0 0 0
1328 36 0 0 0 0 0 0 0 0
1329 36 0 0 0 0 0 0 0 0
1330 36 0 0 0 0 0 0 0 0
1331 13 0 0 13 0 0 0 0 0
1335 13 0 0 0 0 0 0 0 0
1336 13 0 0 0 0 0 0 0 0
1337 13 0 0 0 0 0 0 0 0
1343 13 0 0 0 0 0 0 0 0
1344 13 0 0 0 0 0 0 0 0
1345 26 0 0 0 0 0 0 0 0
1349 13 1 1 0 0 0 0 0 0
1350 13 0 0 0 0 0 0 0 0
1353 12 0 0 12 1 1 0 0 0
1354 12 0 0 12 2 2 0 0 0
1355 12 0 0 0 0 0 0 0 0
1358 12 0 0 0 0 0 0 0 0
1359 12 0 0 0 0 0 0 0 0
1360 12 0 0 0 0 0 0 0 0
1366 12 0 0 0 0 0 0 0 0
1367 12 0 0 0 0 0 0 0 0
1368 12 0 0 0 0 0 0 0 0
1369 12 0 0 0 0 0 0 0 0
1370 12 0 0 0 0 0 0 0 0
1371 12 1 1 0 0 0 0 0 0
1378 1 0 0 0 0 0 0 0 0
1379 1 0 0 0 0 0 0 0 0
1381 1 0 0 0 0 0 0 0 0
1382 1 0 0 0 0 0 0 0 0
1384 1 0 0 1 0 0 0 0 0
1385 1 0 0 1 1 1 0 0 0
1386 1 0 0 0 0 0 0 0 0
1389 1 0 0 0 0 0 0 0 0
1390 1 0 0 0 0 0 0 0 0
1391 1 0 0 0 0 0 0 0 0
1397 1 0 0 0 0 0 0 0 0
1398 1 0 0 0 0 0 0 0 0
1399 1 0 0 0 0 0 0 0 0
1400 1 0 0 0 0 0 0 0 0
1401 1 0 0 0 0 0 0 0 0
1402 1 0 0 0 0 0 0 0 0
1415 1 1 1 0 0 0 0 0 0
1416 1 0 0 0 0 0 0 0 0
1417 1 0 0 0 0 0 0 0 0
1418 1 0 0 0 0 0 0 0 0
1431 1 0 0 1 0 0 0 0 0
1432 1 0 0 0 0 0 0 0 0
1433 1 0 0 0 0 0 0 0 0
1434 1 0 0 0 0 0 0 0 0
1443 23 1 1 0 0 0 0 0 0
1444 23 0 0 23 2 1 0 0 0
1445 23 0 0 23 2 1 0 0 0
1446 23 0 0 0 0 0 0 0 0
1447 23 0 0 0 0 0 0 0 0
1449 23 0 0 0 0 0 0 0 0
1450 23 0 0 0 0 0 0 0 0
1451 23 1 1 0 0 0 0 0 0
1452 23 0 0 0 0 0 0 0 0
1453 23 0 0 0 0 0 0 0 0
1454 23 0 0 0 0 0 0 0 0
1455 23 0 0 0 0 0 0 0 0
1456 11 0 0 11 0 0 0 0 0
1460 11 0 0 0 0 0 0 0 0
1461 11 0 0 0 0 0 0 0 0
1462 11 0 0 0 0 0 0 0 0
1468 11 0 0 0 0 0 0 0 0
1469 11 0 0 0 0 0 0 0 0
1470 22 0 0 0 0 0 0 0 0
1474 12 1 1 0 0 0 0 0 0
1475 12 0 0 0 0 0 0 0 0
1478 12 0 0 12 2 1 0 0 0
1479 12 0 0 12 3 2 0 0 0
1480 12 0 0 0 0 0 0 0 0
1483 12 0 0 0 0 0 0 0 0
1484 12 0 0 0 0 0 0 0 0
1485 12 0 0 0 0 0 0 0 0
1491 12 0 0 0 0 0 0 0 0
1492 12 0 0 0 0 0 0 0 0
1493 12 0 0 0 0 0 0 0 0
1494 12 0 0 0 0 0 0 0 0
1495 12 0 0 0 0 0 0 0 0
1496 12 1 1 0 0 0 0 0 0
1503 2 0 0 0 0 0 0 0 0
1504 2 0 0 0 0 0 0 0 0
1506 2 0 0 0 0 0 0 0 0
1507 2 0 0 0 0 0 0 0 0
1509 2 0 0 2 0 0 0 0 0
1510 2 0 0 2 0 0 0 0 0
1511 2 0 0 0 0 0 0 0 0
1514 2 0 0 0 0 0 0 0 0
1515 2 0 0 0 0 0 0 0 0
1516 2 0 0 0 0 0 0 0 0
1522 2 0 0 0 0 0 0 0 0
1523 2 0 0 0 0 0 0 0 0
1524 2 0 0 0 0 0 0 0 0
1525 2 0 0 0 0 0 0 0 0
1526 2 1 1 0 0 0 0 0 0
1527 2 0 0 0 0 0 0 0 0
1534 1 0 0 0 0 0 0 0 0
1535 1 0 0 0 0 0 0 0 0
1536 1 0 0 0 0 0 0 0 0
1568 15 2 1 0 0 0 0 0 0
1569 15 0 0 15 0 0 0 0 0
1570 15 0 0 15 3 2 0 0 0
1571 15 0 0 0 0 0 0 0 0
1572 15 0 0 0 0 0 0 0 0
1574 15 0 0 0 0 0 0 0 0
1575 15 0 0 0 0 0 0 0 0
1576 15 2 1 0 0 0 0 0 0
1577 15 0 0 0 0 0 0 0 0
1578 15 0 0 0 0 0 0 0 0
1579 15 0 0 0 0 0 0 0 0
1580 15 0 0 0 0 0 0 0 0
1581 7 0 0 7 0 0 0 0 0
1585 7 0 0 0 0 0 0 0 0
1586 7 0 0 0 0 0 0 0 0
1587 7 0 0 0 0 0 0 0 0
1593 7 0 0 0 0 0 0 0 0
1594 7 0 0 0 0 0 0 0 0
1595 14 0 0 0 0 0 0 0 0
1599 8 1 1 0 0 0 0 0 0
1600 8 0 0 0 0 0 0 0 0
1603 8 0 0 8 0 0 0 0 0
1604 8 0 0 8 1 1 0 0 0
1605 8 0 0 0 0 0 0 0 0
1608 8 0 0 0 0 0 0 0 0
1609 8 0 0 0 0 0 0 0 0
1610 8 0 0 0 0 0 0 0 0
1616 8 0 0 0 0 0 0 0 0
1617 8 0 0 0 0 0 0 0 0
1618 8 0 0 0 0 0 0 0 0
1619 8 0 0 0 0 0 0 0 0
1620 8 0 0 0 0 0 0 0 0
1621 8 2 1 0 0 0 0 0 0
1628 4 0 0 0 0 0 0 0 0
1629 4 0 0 0 0 0 0 0 0
1631 4 0 0 0 0 0 0 0 0
1632 4 0 0 0 0 0 0 0 0
1634 4 0 0 4 1 0 0 0 0
1635 4 0 0 4 0 0 0 0 0
1636 4 0 0 0 0 0 0 0 0
1639 4 0 0 0 0 0 0 0 0
1640 4 0 0 0 0 0 0 0 0
1641 4 0 0 0 0 0 0 0 0
1647 4 0 0 0 0 0 0 0 0
1648 4 0 0 0 0 0 0 0 0
1649 4 0 0 0 0 0 0 0 0
1650 4 0 0 0 0 0 0 0 0
1651 4 1 1 0 0 0 0 0 0
1652 4 0 0 0 0 0 0 0 0
1659 1 0 0 0 0 0 0 0 0
1660 1 0 0 0 0 0 0 0 0
1661 1 0 0 0 0 0 0 0 0
1693 17 2 1 0 0 0 0 0 0
1694 17 0 0 17 2 2 0 0 0
1695 17 0 0 17 4 2 0 0 0
1696 17 0 0 0 0 0 0 0 0
1697 17 0 0 0 0 0 0 0 0
1699 17 0 0 0 0 0 0 0 0
1700 17 0 0 0 0 0 0 0 0
1701 17 2 1 0 0 0 0 0 0
1702 17 0 0 0 0 0 0 0 0
1703 17 0 0 0 0 0 0 0 0
1704 17 0 0 0 0 0 0 0 0
1705 17 0 0 0 0 0 0 0 0
1706 6 0 0 6 0 0 0 0 0
1710 6 0 0 0 0 0 0 0 0
1711 6 0 0 0 0 0 0 0 0
1712 6 0 0 0 0 0 0 0 0
1718 6 0 0 0 0 0 0 0 0
1719 6 0 0 0 0 0 0 0 0
1720 12 0 0 0 0 0 0 0 0
1724 7 2 1 0 0 0 0 0 0
1725 7 0 0 0 0 0 0 0 0
1728 7 0 0 7 2 2 0 0 0
1729 7 0 0 7 1 1 0 0 0
1730 7 0 0 0 0 0 0 0 0
1733 7 0 0 0 0 0 0 0 0
1734 7 0 0 0 0 0 0 0 0
1735 7 0 0 0 0 0 0 0 0
1741 7 0 0 0 0 0 0 0 0
1742 7 0 0 0 0 0 0 0 0
1743 7 0 0 0 0 0 0 0 0
1744 7 0 0 0 0 0 0 0 0
1745 7 0 0 0 0 0 0 0 0
1746 7 2 1 0 0 0 0 0 0
1753 1 0 0 0 0 0 0 0 0
1754 1 0 0 0 0 0 0 0 0
1756 1 0 0 0 0 0 0 0 0
1757 1 0 0 0 0 0 0 0 0
1759 1 0 0 1 0 0 0 0 0
1760 1 0 0 1 0 0 0 0 0
1761 1 0 0 0 0 0 0 0 0
1764 1 0 0 0 0 0 0 0 0
1765 1 0 0 0 0 0 0 0 0
1766 1 0 0 0 0 0 0 0 0
1772 1 0 0 0 0 0 0 0 0
1773 1 0 0 0 0 0 0 0 0
1774 1 0 0 0 0 0 0 0 0
1775 1 0 0 0 0 0 0 0 0
1776 1 1 1 0 0 0 0 0 0
1777 1 0 0 0 0 0 0 0 0
1784 1 0 0 0 0 0 0 0 0
1785 1 0 0 0 0 0 0 0 0
1786 1 0 0 0 0 0 0 0 0
1818 16 2 1 0 0 0 0 0 0
1819 16 0 0 16 3 0 0 0 0
1820 16 0 0 16 7 2 0 0 0
1821 16 0 0 0 0 0 0 0 0
1822 16 0 0 0 0 0 0 0 0
1824 16 0 0 0 0 0 0 0 0
1825 16 0 0 0 0 0 0 0 0
1826 16 2 1 0 0 0 0 0 0
1827 16 0 0 0 0 0 0 0 0
1828 16 0 0 0 0 0 0 0 0
1829 16 0 0 0 0 0 0 0 0
1830 16 0 0 0 0 0 0 0 0
1831 11 0 0 11 0 0 0 0 0
1835 11 0 0 0 0 0 0 0 0
1836 11 0 0 0 0 0 0 0 0
1837 11 0 0 0 0 0 0 0 0
1843 11 0 0 0 0 0 0 0 0
1844 11 0 0 0 0 0 0 0 0
1845 22 0 0 0 0 0 0 0 0
1849 12 1 1 0 0 0 0 0 0
1850 12 0 0 0 0 0 0 0 0
1853 12 0 0 12 5 3 0 0 0
1854 12 0 0 12 3 2 0 0 0
1855 12 0 0 0 0 0 0 0 0
1858 12 0 0 0 0 0 0 0 0
1859 12 0 0 0 0 0 0 0 0
1860 12 0 0 0 0 0 0 0 0
1866 12 0 0 0 0 0 0 0 0
1867 12 0 0 0 0 0 0 0 0
1868 12 0 0 0 0 0 0 0 0
1869 12 0 0 0 0 0 0 0 0
1870 12 0 0 0 0 0 0 0 0
1871 12 1 1 0 0 0 0 0 0
1878 4 0 0 0 0 0 0 0 0
1879 4 0 0 0 0 0 0 0 0
1881 4 0 0 0 0 0 0 0 0
1882 4 0 0 0 0 0 0 0 0
1884 4 0 0 4 0 0 0 0 0
1885 4 0 0 4 0 0 0 0 0
1886 4 0 0 0 0 0 0 0 0
1889 4 0 0 0 0 0 0 0 0
1890 4 0 0 0 0 0 0 0 0
1891 4 0 0 0 0 0 0 0 0
1897 4 0 0 0 0 0 0 0 0
1898 4 0 0 0 0 0 0 0 0
1899 4 0 0 0 0 0 0 0 0
1900 4 0 0 0 0 0 0 0 0
1901 4 1 1 0 0 0 0 0 0
1902 4 0 0 0 0 0 0 0 0
1909 1 0 0 0 0 0 0 0 0
1910 1 0 0 0 0 0 0 0 0
1911 1 0 0 0 0 0 0 0 0
1943 14 1 1 0 0 0 0 0 0
1944 14 0 0 14 1 0 0 0 0
1945 14 0 0 14 7 3 0 0 0
1946 14 0 0 0 0 0 0 0 0
1947 14 0 0 0 0 0 0 0 0
1949 14 0 0 0 0 0 0 0 0
1950 14 0 0 0 0 0 0 0 0
1951 14 2 1 0 0 0 0 0 0
1952 14 0 0 0 0 0 0 0 0
1953 14 0 0 0 0 0 0 0 0
1954 14 0 0 0 0 0 0 0 0
1955 14 0 0 0 0 0 0 0 0
1956 11 0 0 11 0 0 0 0 0
1960 11 0 0 0 0 0 0 0 0
1961 11 0 0 0 0 0 0 0 0
1962 11 0 0 0 0 0 0 0 0
1968 11 0 0 0 0 0 0 0 0
1969 11 0 0 0 0 0 0 0 0
1970 22 0 0 0 0 0 0 0 0
1974 14 1 1 0 0 0 0 0 0
1975 14 0 0 0 0 0 0 0 0
1978 14 0 0 14 4 2 0 0 0
1979 14 0 0 14 0 0 0 0 0
1980 14 0 0 0 0 0 0 0 0
1983 14 0 0 0 0 0 0 0 0
1984 14 0 0 0 0 0 0 0 0
1985 14 0 0 0 0 0 0 0 0
1991 14 0 0 0 0 0 0 0 0
1992 14 0 0 0 0 0 0 0 0
1993 14 0 0 0 0 0 0 0 0
1994 14 0 0 0 0 0 0 0 0
1995 14 0 0 0 0 0 0 0 0
1996 14 1 1 0 0 0 0 0 0
2003 7 0 0 0 0 0 0 0 0
2004 7 0 0 0 0 0 0 0 0
2006 7 0 0 0 0 0 0 0 0
2007 7 0 0 0 0 0 0 0 0
2009 7 0 0 7 1 0 0 0 0
2010 7 0 0 7 1 1 0 0 0
2011 7 0 0 0 0 0 0 0 0
2014 7 0 0 0 0 0 0 0 0
2015 7 0 0 0 0 0 0 0 0
2016 7 0 0 0 0 0 0 0 0
2022 7 0 0 0 0 0 0 0 0
2023 7 0 0 0 0 0 0 0 0
2024 7 0 0 0 0 0 0 0 0
2025 7 0 0 0 0 0 0 0 0
2026 7 1 1 0 0 0 0 0 0
2027 7 0 0 0 0 0 0 0 0
2034 3 0 0 0 0 0 0 0 0
2035 3 0 0 0 0 0 0 0 0
2036 3 0 0 0 0 0 0 0 0
2040 1 0 0 0 0 0 0 0 0
2041 1 0 0 0 0 0 0 0 0
2042 1 0 0 0 0 0 0 0 0
2043 1 0 0 0 0 0 0 0 0
2050 1 0 0 0 0 0 0 0 0
2051 1 0 0 0 0 0 0 0 0
2052 1 0 0 0 0 0 0 0 0
2068 56 1 1 0 0 0 0 0 0
2069 56 0 0 56 4 2 0 0 0
2070 56 0 0 56 8 5 0 0 0
2071 56 0 0 0 0 0 0 0 0
2072 56 0 0 0 0 0 0 0 0
2074 56 0 0 0 0 0 0 0 0
2075 56 0 0 0 0 0 0 0 0
2076 56 1 1 0 0 0 0 0 0
2077 56 0 0 0 0 0 0 0 0
2078 56 0 0 0 0 0 0 0 0
2079 56 0 0 0 0 0 0 0 0
2080 56 0 0 0 0 0 0 0 0
2082 19 0 0 19 0 0 0 0 0
2086 19 0 0 0 0 0 0 0 0
2087 19 0 0 0 0 0 0 0 0
2088 19 0 0 0 0 0 0 0 0
2094 19 0 0 0 0 0 0 0 0
2095 19 0 0 0 0 0 0 0 0
2097 38 0 0 0 0 0 0 0 0
2101 19 1 1 0 0 0 0 0 0
2102 19 0 0 0 0 0 0 0 0
2105 19 0 0 19 7 4 0 0 0
2106 19 0 0 19 2 2 0 0 0
2107 19 0 0 0 0 0 0 0 0
2110 19 0 0 0 0 0 0 0 0
2111 19 0 0 0 0 0 0 0 0
2112 19 0 0 0 0 0 0 0 0
2118 19 0 0 0 0 0 0 0 0
2119 19 0 0 0 0 0 0 0 0
2120 19 0 0 0 0 0 0 0 0
2121 19 0 0 0 0 0 0 0 0
2122 19 0 0 0 0 0 0 0 0
2123 19 1 1 0 0 0 0 0 0
2190 1 0 0 0 0 0 0 0 0
2191 1 0 0 0 0 0 0 0 0
2192 1 0 0 0 0 0 0 0 0
2193 2 0 0 0 0 0 0 0 0
2197 206 1 0 0 0 0 0 0 0
2199 328 1 1 0 0 0 0 0 0
2200 328 0 0 0 0 0 0 0 0
2201 328 0 0 0 0 0 0 0 0
2202 328 0 0 0 0 0 0 0 0
2203 244 0 0 0 0 0 0 0 0
2208 2682 2 1 0 0 0 0 0 0
2214 2682 0 0 2682 0 0 0 0 0
2215 2682 0 0 2682 0 0 0 0 0
2223 2682 0 0 0 0 0 0 0 0
2224 2682 0 0 2682 0 0 0 0 0
fl=./string/../sysdeps/x86_64/strcspn.S
fn=strcspn
25 1 1 1 0 0 0 0 0 0
27 1 0 0 0 0 0 0 0 0
34 1 0 0 0 0 0 0 0 0
35 1 1 1 0 0 0 0 0 0
37 1 0 0 0 0 0 0 0 0
38 1 0 0 0 0 0 0 0 0
39 1 0 0 0 0 0 0 0 0
40 1 0 0 0 0 0 0 0 0
41 33 0 0 0 0 0 32 4 4
44 3 0 0 0 0 0 0 0 0
51 1 0 0 1 1 1 0 0 0
52 1 0 0 0 0 0 0 0 0
53 1 0 0 0 0 0 0 0 0
54 1 0 0 0 0 0 1 0 0
56 1 0 0 1 0 0 0 0 0
57 1 0 0 0 0 0 0 0 0
58 1 0 0 0 0 0 0 0 0
59 1 0 0 0 0 0 1 0 0
61 1 0 0 1 0 0 0 0 0
62 1 0 0 0 0 0 0 0 0
63 1 0 0 0 0 0 0 0 0
72 3 1 1 0 0 0 0 0 0
84 13 0 0 0 0 0 0 0 0
86 13 0 0 13 0 0 0 0 0
87 13 0 0 13 0 0 0 0 0
88 13 0 0 0 0 0 0 0 0
90 13 0 0 13 0 0 0 0 0
91 13 0 0 13 0 0 0 0 0
92 13 0 0 0 0 0 0 0 0
94 13 0 0 13 0 0 0 0 0
95 13 0 0 13 0 0 0 0 0
96 13 0 0 0 0 0 0 0 0
98 13 0 0 13 1 1 0 0 0
99 13 0 0 13 0 0 0 0 0
100 13 0 0 0 0 0 0 0 0
102 1 0 0 0 0 0 0 0 0
103 1 0 0 0 0 0 0 0 0
104 1 0 0 0 0 0 0 0 0
106 1 0 0 0 0 0 0 0 0
113 1 0 0 0 0 0 0 0 0
117 1 0 0 1 0 0 0 0 0
fl=./string/./string/strdup.c
fn=strdup
40 40 1 1 0 0 0 16 0 0
41 16 0 0 0 0 0 8 0 0
44 16 0 0 0 0 0 0 0 0
47 32 0 0 0 0 0 0 0 0
48 24 0 0 16 0 0 0 0 0
fl=./wcsmbs/../sysdeps/x86_64/multiarch/ifunc-avx2.h
fn=wcschr
32 4 0 0 0 0 0 0 0 0
33 10 1 1 4 0 0 0 0 0
34 6 0 0 2 0 0 0 0 0
36 4 0 0 0 0 0 0 0 0
37 4 0 0 0 0 0 0 0 0
40 6 0 0 0 0 0 0 0 0
43 8 0 0 0 0 0 0 0 0
fn=wcscmp
32 2 0 0 0 0 0 0 0 0
33 5 1 1 2 0 0 0 0 0
34 3 0 0 1 0 0 0 0 0
36 2 0 0 0 0 0 0 0 0
37 2 0 0 0 0 0 0 0 0
40 3 0 0 0 0 0 0 0 0
43 4 0 0 0 0 0 0 0 0
fl=./wcsmbs/../sysdeps/x86_64/multiarch/ifunc-evex.h
fn=wmemchr
34 4 0 0 0 0 0 0 0 0
35 10 1 1 4 0 0 0 0 0
36 6 0 0 2 0 0 0 0 0
38 4 0 0 0 0 0 0 0 0
39 4 1 1 0 0 0 0 0 0
41 4 0 0 0 0 0 0 0 0
47 6 0 0 0 0 0 0 0 0
50 8 0 0 0 0 0 0 0 0
fl=./wcsmbs/../sysdeps/x86_64/multiarch/ifunc-memcmp.h
fn=wmemcmp
34 4 0 0 2 0 0 0 0 0
35 3 0 0 1 0 0 0 0 0
36 2 1 1 0 0 0 0 0 0
37 3 0 0 1 0 0 0 0 0
39 2 0 0 0 0 0 0 0 0
40 2 0 0 0 0 0 0 0 0
43 3 0 0 0 0 0 0 0 0
46 3 0 0 0 0 0 0 0 0
fl=./wcsmbs/../sysdeps/x86_64/multiarch/ifunc-wcslen.h
fn=wcslen
33 2 0 0 0 0 0 0 0 0
34 4 0 0 2 0 0 0 0 0
35 3 1 1 1 0 0 0 0 0
37 2 0 0 0 0 0 0 0 0
38 2 0 0 0 0 0 0 0 0
41 3 0 0 0 0 0 0 0 0
44 3 0 0 0 0 0 0 0 0
fn=wcsnlen
33 2 0 0 0 0 0 0 0 0
34 4 0 0 2 0 0 0 0 0
35 3 1 1 1 0 0 0 0 0
37 2 0 0 0 0 0 0 0 0
38 2 0 0 0 0 0 0 0 0
41 3 0 0 0 0 0 0 0 0
44 3 0 0 0 0 0 0 0 0
fl=./wcsmbs/../sysdeps/x86_64/multiarch/ifunc-wmemset.h
fn=wmemset
33 10 0 0 4 0 0 0 0 0
34 6 0 0 2 0 0 0 0 0
36 4 0 0 0 0 0 0 0 0
44 6 0 0 0 0 0 0 0 0
47 8 1 1 0 0 0 0 0 0
fl=./wcsmbs/../sysdeps/x86_64/multiarch/wcschr.c
fn=wcschr
31 6 2 2 2 0 0 0 0 0
fl=./wcsmbs/../sysdeps/x86_64/multiarch/wcscmp.c
fn=wcscmp
30 3 1 1 1 0 0 0 0 0
fl=./wcsmbs/../sysdeps/x86_64/multiarch/wcscpy.c
fn=wcscpy
37 5 1 1 2 0 0 0 0 0
43 2 0 0 1 0 0 0 0 0
fl=./wcsmbs/../sysdeps/x86_64/multiarch/wcslen.c
fn=wcslen
29 3 1 1 1 0 0 0 0 0
fl=./wcsmbs/../sysdeps/x86_64/multiarch/wcsnlen.c
fn=wcsnlen
29 3 2 2 1 0 0 0 0 0
fl=./wcsmbs/../sysdeps/x86_64/multiarch/wmemchr.c
fn=wmemchr
31 4 1 1 2 0 0 0 0 0
fl=./wcsmbs/../sysdeps/x86_64/multiarch/wmemcmp.c
fn=wmemcmp
29 3 2 2 1 0 0 0 0 0
fl=./wcsmbs/../sysdeps/x86_64/multiarch/wmemset.c
fn=wmemset
31 4 1 1 2 0 0 0 0 0
fl=./wcsmbs/./wcsmbs/btowc.c
fn=btowc
32 3584 2 2 256 0 0 1280 0 0
37 1792 1 1 0 0 0 0 0 0
42 512 0 0 0 0 0 0 0 0
46 384 0 0 384 1 0 0 0 0
47 256 0 0 256 2 0 0 0 0
49 256 0 0 128 1 0 0 0 0
54 512 0 0 128 0 0 0 0 0
57 640 0 0 128 0 0 256 0 0
98 2304 1 1 1792 0 0 0 0 0
fl=./wcsmbs/./wcsmbs/wctob.c
fn=wctob
30 1664 2 2 128 0 0 512 0 0
39 384 0 0 0 0 0 0 0 0
44 256 0 0 0 0 0 0 0 0
45 128 0 0 0 0 0 0 0 0
81 1024 1 1 768 0 0 0 0 0
fl=./wcsmbs/./wcsmbsload.h
fn=btowc
69 384 0 0 128 1 0 0 0 0
71 384 1 1 0 0 0 0 0 0
72 128 0 0 0 0 0 0 0 0
fl=./wctype/./wctype/wctype_l.c
fn=wctype_l
26 100 1 1 0 0 0 60 0 0
29 20 0 0 0 0 0 10 0 0
32 20 0 0 20 1 0 0 0 0
33 68 0 0 0 0 0 0 0 0
35 174 1 1 0 0 0 58 0 0
37 410 0 0 0 0 0 49 0 0
40 48 0 0 0 0 0 0 0 0
41 96 0 0 48 0 0 0 0 0
45 10 0 0 10 1 0 0 0 0
46 10 0 0 10 2 0 0 0 0
47 80 0 0 70 0 0 0 0 0
fl=/home/thanish/Desktop/Orderbook/Order.hpp
fn=Order::Fill(unsigned int)
35 12327106 76798 6 1120646 0 0 6723876 0 0
36 7844522 68914 7 2241292 0 0 1120646 0 0
43 6723876 452535 64 4482584 0 0 1120646 0 0
44 10085814 353074 41 6723876 0 0 0 0 0
fn=Order::GetOrderId() const
25 27660960 0 0 13830480 0 0 6915240 0 0
fn=Order::GetOrderType() const
26 19378504 1 1 9689252 2513 18 4844626 0 0
fn=Order::GetPrice() const
28 19316560 0 0 9658280 0 0 4829140 0 0
fn=Order::GetRemainingQuantity() const
30 26895504 297609 94 13447752 11625 73 6723876 0 0
fn=Order::GetSide() const
27 10351392 0 0 5175696 1 0 2587848 0 0
fn=Order::IsFilled() const
33 13447752 0 0 3361938 0 0 3361938 0 0
fn=Order::Order(OrderType, unsigned long, Side, int, unsigned int)
16 9169416 376380 7 0 0 0 7131768 4654 0
17 3056472 0 0 2037648 0 0 1018824 0 0
18 3056472 0 0 2037648 0 0 1018824 0 0
19 3056472 1 1 2037648 0 0 1018824 0 0
20 3056472 0 0 2037648 0 0 1018824 0 0
21 3056472 0 0 2037648 0 0 1018824 0 0
22 3056472 0 0 2037648 0 0 1018824 0 0
23 3056472 0 0 2037648 0 0 0 0 0
fl=/home/thanish/Desktop/Orderbook/OrderModify.hpp
fn=OrderModify::GetOrderId() const
21 702960 0 0 351480 0 0 175740 0 0
fn=OrderModify::GetPrice() const
22 150592 0 0 75296 0 0 37648 0 0
fn=OrderModify::GetQuantity() const
24 150592 0 0 75296 0 0 37648 0 0
fn=OrderModify::GetSide() const
23 150592 0 0 75296 0 0 37648 0 0
fn=OrderModify::OrderModify(unsigned long, Side, int, unsigned int)
14 401776 24588 0 0 0 0 301332 0 0
15 150666 0 0 100444 0 0 50222 0 0
16 150666 0 0 100444 0 0 50222 0 0
17 150666 46999 40 100444 0 0 50222 0 0
18 150666 0 0 100444 0 0 50222 0 0
19 150666 0 0 100444 0 0 0 0 0
fn=OrderModify::ToOrderPointer(OrderType) const
26 188240 18824 6 18824 0 0 94120 0 0
28 489424 18461 111 94120 0 0 169416 0 0
30 112944 401 0 94120 0 0 0 0 0
fl=/home/thanish/Desktop/Orderbook/Orderbook.hpp
fn=Orderbook::AddOrder(std::shared_ptr<Order>)
119 11207064 523897 19 1018824 0 0 6112944 0 0
121 14263536 692241 14 2037648 0 0 4075296 0 0
124 23131623 1310376 210 3172548 0 0 5844846 0 0
126 2077011 18646 58 0 0 0 692337 0 0
128 6231033 0 0 692337 0 0 1384674 0 0
129 4151604 28870 77 691934 0 0 1729835 0 0
130 1729835 0 0 691934 0 0 345967 0 0
131 1383868 93907 8 345967 0 0 691934 0 0
132 1729835 0 0 0 0 0 345967 0 0
135 4502810 7375 2 692740 0 0 1731850 0 0
136 1731850 0 0 692740 0 0 346370 0 0
137 1385480 0 0 346370 0 0 692740 0 0
138 1385480 146445 64 0 0 0 346370 0 0
142 21462447 429936 165 2769348 0 0 6231033 0 0
144 3461685 0 0 1384674 0 0 692337 0 0
146 7131768 162184 15 6112944 26 0 0 0 0
fn=Orderbook::CanMatch(Side, int) const
36 5002500 68992 4 500250 0 0 2501250 0 0
38 1000500 0 0 500250 0 0 0 0 0
39 1498908 71730 7 249818 0 0 249818 0 0
41 4246906 2993 60 749454 0 0 1998544 0 0
42 1249090 0 0 749454 0 0 0 0 0
45 1252166 2796 51 250432 0 0 250432 0 0
47 4006864 6619 176 751287 0 0 2003432 0 0
48 1001716 0 0 751287 0 0 0 0 0
52 2501250 1 1 2001000 0 0 0 0 0
fn=Orderbook::CancelOrder(unsigned long)
148 1473597 152688 4 163733 0 0 654932 0 0
149 1535993 42119 1 163733 0 0 163733 0 0
151 709359 92909 3 101337 0 0 202674 0 0
152 608022 0 0 101337 0 0 101337 0 0
154 912033 80747 104 101337 0 0 202674 0 0
155 304344 0 0 50724 0 0 152172 0 0
156 355068 0 0 50724 0 0 101448 0 0
157 557964 50087 2 152172 0 0 101448 0 0
158 586309 44050 1 98251 0 0 98251 0 0
160 303678 38331 2 50613 0 0 151839 0 0
161 303678 0 0 50613 0 0 101226 0 0
162 556743 47557 108 151839 0 0 101226 0 0
163 538473 39192 1 98181 0 0 98181 0 0
165 818665 36340 0 654932 0 0 0 0 0
fn=Orderbook::MatchOrders()
54 6923370 421175 54 692337 0 0 3461685 0 0
55 2077011 0 0 692337 0 0 692337 0 0
56 6231033 437461 70 1384674 0 0 1384674 0 0
59 17438197 683065 114 2491166 0 0 2491166 0 0
61 19929248 656197 6 3736734 0 0 9964624 0 0
62 21174826 691996 6 3736734 0 0 9964624 0 0
64 8165796 748134 83 4982312 16 0 0 0 0
66 16154670 81318 64 1950063 0 0 1950063 0 0
67 4482584 0 0 560323 0 0 1120646 0 0
68 4482584 353074 9 560323 0 0 1120646 0 0
70 10646137 353074 103 560323 0 0 4482584 0 0
72 4482584 0 0 560323 0 0 1120646 0 0
73 4482584 353074 8 560323 0 0 1120646 0 0
75 3922261 0 0 0 0 0 1120646 0 0
76 841638 176690 77 280546 0 0 280546 0 0
77 3366552 0 0 280546 0 0 1122184 0 0
80 3922261 473966 84 0 0 0 1120646 0 0
81 841110 0 0 280370 0 0 280370 0 0
82 3364440 70838 6 280370 0 0 1121480 0 0
85 4187030 73571 2 1114489 0 0 837406 0 0
87 4462073 103905 13 1113809 0 0 837066 0 0
89 2801615 0 0 560323 0 0 560323 0 0
90 19050982 705996 107 1120646 0 0 8404845 0 0
93 3361938 0 0 0 0 0 1120646 0 0
95 553250 0 0 0 0 0 0 0 0
99 4154022 0 0 692337 0 0 692337 0 0
100 11077264 617831 92 2076987 0 0 5538632 0 0
101 2769316 0 0 692329 0 0 1384658 0 0
103 6460581 386657 41 738253 0 0 1453544 0 0
106 4846359 641668 10 692337 0 0 692337 0 0
107 11769712 204498 5 2077008 0 0 5538688 0 0
108 2769344 0 0 692336 0 0 1384672 0 0
110 6462134 420138 145 738558 0 0 1454005 0 0
113 715448 0 0 0 0 0 0 0 0
115 4846359 0 0 4154022 2 0 0 0 0
fn=Orderbook::ModifyOrder(OrderModify)
167 502220 81731 71 50222 0 0 251110 0 0
169 853848 30635 4 113018 0 0 276258 0 0
171 188240 37434 10 18824 0 0 75296 0 0
173 188240 0 0 37648 0 0 56472 0 0
175 376480 22494 9 56472 0 0 94120 0 0
176 370378 39318 121 301332 0 0 0 0 0
fn=Orderbook::OrderEntry::OrderEntry(Orderbook::OrderEntry&&)
27 24924132 139105 4 9692718 0 0 6923370 8744 102
fn=Orderbook::OrderEntry::~OrderEntry()
27 22847121 149308 32 6231033 0 0 6231033 0 0
fn=Orderbook::Orderbook()
23 19 2 2 5 0 0 5 0 0
fn=Orderbook::~Orderbook()
23 19 2 2 5 0 0 5 0 0
fl=/home/thanish/Desktop/Orderbook/OrderbookTest.cpp
fn=_GLOBAL__sub_I__Z7makeRedNSt7__cxx1112basic_stringIcSt11char_traitsIcESaIcEEE
85 8 1 1 2 0 0 2 0 0
fn=__static_initialization_and_destruction_0(int, int)
85 13 1 1 4 1 0 3 0 0
fn=getRandomNumber1000()
18 20502220 349937 3 0 0 0 12301332 0 0
20 20502241 367075 5 4100444 7 2 4 0 0
22 20502239 83152 105 4100444 7 2 4 0 0
24 20502236 19084 13 4100444 0 0 3 0 0
26 24602664 215205 20 0 0 0 4100444 0 0
27 16401776 1777 4 16401776 0 0 0 0 0
fn=getRandomNumber2()
7 10251110 87193 97 0 0 0 6150666 0 0
9 10251131 304847 95 2050222 30 14 4 0 0
11 10251129 29858 5 2050222 7 1 4 0 0
13 10251126 46612 7 2050222 0 0 3 0 0
15 12301332 305111 125 0 0 0 2050222 0 0
16 8200888 0 0 8200888 0 0 0 0 0
fn=main
57 8 1 1 1 0 0 3 0 0
59 3 1 1 0 0 0 1 0 0
62 1 0 0 0 0 0 1 0 0
66 4000005 35577 3 3000002 0 0 1 0 0
67 3000000 0 0 0 0 0 1000000 0 0
83 1 1 1 0 0 0 0 0 0
85 10 1 1 5 2 0 1 0 0
fn=randomOrder(Orderbook&)
29 12000000 285195 139 1000000 0 0 7000000 0 0
33 32000000 2860 77 2000000 0 0 7000000 0 0
34 3000000 0 0 0 0 0 1000000 0 0
36 3000000 0 0 0 0 0 1000000 0 0
38 1000000 0 0 0 0 0 1000000 0 0
41 5000000 0 0 0 0 0 1000000 0 0
42 1205328 1 0 251110 0 0 351554 0 0
44 150666 0 0 0 0 0 50222 0 0
46 50222 21690 12 0 0 0 50222 0 0
50 5000000 5 1 0 0 0 1000000 0 0
51 593016 2677 14 197672 0 0 98836 0 0
54 11098836 58496 302 8000000 7 0 0 0 0
fl=/home/thanish/Desktop/Orderbook/Trade.hpp
fn=Trade::Trade(TradeInfo const&, TradeInfo const&)
8 3361938 6693 4 0 0 0 2241292 0 0
9 3361938 0 0 2241292 0 0 1120646 0 0
10 3361938 154502 78 2241292 0 0 1120646 0 0
11 1680969 0 0 1120646 0 0 0 0 0
fl=/usr/include/c++/11/bits/alloc_traits.h
fn=std::allocator_traits<std::allocator<Trade> >::allocate(std::allocator<Trade>&, unsigned long)
463 6923370 692337 5 1384674 0 0 3461685 0 0
464 1384674 0 0 1384674 0 0 0 0 0
fn=std::allocator_traits<std::allocator<Trade> >::deallocate(std::allocator<Trade>&, Trade*, unsigned long)
495 9000381 684455 113 2077011 0 0 4846359 0 0
496 2769348 0 0 1384674 0 0 0 0 0
fn=std::allocator_traits<std::allocator<Trade> >::max_size(std::allocator<Trade> const&)
547 2769348 0 0 0 0 0 1384674 0 0
552 692337 0 0 0 0 0 0 0 0
554 1384674 0 0 1384674 0 0 0 0 0
fn=std::allocator_traits<std::allocator<std::_List_node<std::shared_ptr<Order> > > >::allocate(std::allocator<std::_List_node<std::shared_ptr<Order> > >&, unsigned long)
463 6923370 2918 81 1384674 0 0 3461685 0 0
464 1384674 0 0 1384674 0 0 0 0 0
fn=std::allocator_traits<std::allocator<std::_List_node<std::shared_ptr<Order> > > >::deallocate(std::allocator<std::_List_node<std::shared_ptr<Order> > >&, std::_List_node<std::shared_ptr<Order> >*, unsigned long)
495 9000381 0 0 2077011 0 0 4846359 0 0
496 2769348 0 0 1384674 0 0 0 0 0
fn=std::allocator_traits<std::allocator<std::_Rb_tree_node<std::pair<int const, std::__cxx11::list<std::shared_ptr<Order>, std::allocator<std::shared_ptr<Order> > > > > > >::allocate(std::allocator<std::_Rb_tree_node<std::pair<int const, std::__cxx11::list<std::shared_ptr<Order>, std::allocator<std::shared_ptr<Order> > > > > >&, unsigned long)
463 6490870 615 3 1298174 0 0 3245435 0 0
464 1298174 0 0 1298174 0 0 0 0 0
fn=std::allocator_traits<std::allocator<std::_Rb_tree_node<std::pair<int const, std::__cxx11::list<std::shared_ptr<Order>, std::allocator<std::shared_ptr<Order> > > > > > >::deallocate(std::allocator<std::_Rb_tree_node<std::pair<int const, std::__cxx11::list<std::shared_ptr<Order>, std::allocator<std::shared_ptr<Order> > > > > >&, std::_Rb_tree_node<std::pair<int const, std::__cxx11::list<std::shared_ptr<Order>, std::allocator<std::shared_ptr<Order> > > > >*, unsigned long)
495 8438131 28343 4 1947261 0 0 4543609 0 0
496 2596348 0 0 1298174 0 0 0 0 0
fn=std::allocator_traits<std::allocator<std::_Sp_counted_ptr_inplace<Order, std::allocator<Order>, (__gnu_cxx::_Lock_policy)2> > >::allocate(std::allocator<std::_Sp_counted_ptr_inplace<Order, std::allocator<Order>, (__gnu_cxx::_Lock_policy)2> >&, unsigned long)
463 10188240 25746 97 2037648 0 0 5094120 0 0
464 2037648 0 0 2037648 0 0 0 0 0
fn=std::allocator_traits<std::allocator<std::_Sp_counted_ptr_inplace<Order, std::allocator<Order>, (__gnu_cxx::_Lock_policy)2> > >::deallocate(std::allocator<std::_Sp_counted_ptr_inplace<Order, std::allocator<Order>, (__gnu_cxx::_Lock_policy)2> >&, std::_Sp_counted_ptr_inplace<Order, std::allocator<Order>, (__gnu_cxx::_Lock_policy)2>*, unsigned long)
495 13244712 302529 110 3056472 0 0 7131768 0 0
496 4075296 0 0 2037648 0 0 0 0 0
fn=std::allocator_traits<std::allocator<std::__detail::_Hash_node<std::pair<unsigned long const, Orderbook::OrderEntry>, false> > >::allocate(std::allocator<std::__detail::_Hash_node<std::pair<unsigned long const, Orderbook::OrderEntry>, false> >&, unsigned long)
463 6923370 41692 110 1384674 0 0 3461685 0 0
464 1384674 0 0 1384674 0 0 0 0 0
fn=std::allocator_traits<std::allocator<std::__detail::_Hash_node<std::pair<unsigned long const, Orderbook::OrderEntry>, false> > >::deallocate(std::allocator<std::__detail::_Hash_node<std::pair<unsigned long const, Orderbook::OrderEntry>, false> >&, std::__detail::_Hash_node<std::pair<unsigned long const, Orderbook::OrderEntry>, false>*, unsigned long)
495 9000381 358759 128 2077011 0 0 4846359 0 0
496 2769348 0 0 1384674 0 0 0 0 0
fn=std::allocator_traits<std::allocator<std::__detail::_Hash_node_base*> >::allocate(std::allocator<std::__detail::_Hash_node_base*>&, unsigned long)
463 120 24 3 24 0 0 60 0 0
464 24 0 0 24 0 0 0 0 0
fn=std::allocator_traits<std::allocator<std::__detail::_Hash_node_base*> >::deallocate(std::allocator<std::__detail::_Hash_node_base*>&, std::__detail::_Hash_node_base**, unsigned long)
495 156 12 5 36 0 0 84 0 0
496 48 0 0 24 1 0 0 0 0
fn=void std::_Destroy<Trade*, Trade>(Trade*, Trade*, std::allocator<Trade>&)
845 7351554 0 0 0 0 0 4200888 0 0
848 5251110 0 0 2100444 0 0 1050222 0 0
849 3150666 0 0 2100444 0 0 0 0 0
fn=void std::allocator_traits<std::allocator<Order> >::construct<Order, Order>(std::allocator<Order>&, Order*, Order&&)
511 7000000 389208 4 0 0 0 4000000 0 0
518 8000000 477507 11 2000000 0 0 2000000 0 0
520 3000000 0 0 2000000 0 0 0 0 0
fn=void std::allocator_traits<std::allocator<Order> >::construct<Order, OrderType&, unsigned long, Side, int, unsigned int>(std::allocator<Order>&, Order*, OrderType&, unsigned long&&, Side&&, int&&, unsigned int&&)
511 263536 18824 91 0 0 0 207064 0 0
518 489424 18824 5 112944 0 0 112944 0 0
520 150592 0 0 112944 0 0 0 0 0
fn=void std::allocator_traits<std::allocator<Order> >::destroy<Order>(std::allocator<Order>&, Order*)
531 6112944 0 0 0 0 0 3056472 0 0
537 3056472 0 0 1018824 0 0 1018824 0 0
539 3056472 0 0 2037648 0 0 0 0 0
fn=void std::allocator_traits<std::allocator<Trade> >::construct<Trade, Trade>(std::allocator<Trade>&, Trade*, Trade&&)
511 3922261 111226 16 0 0 0 2241292 0 0
518 4482584 316815 15 1120646 0 0 1120646 0 0
520 1680969 0 0 1120646 0 0 0 0 0
fn=void std::allocator_traits<std::allocator<std::_List_node<std::shared_ptr<Order> > > >::construct<std::shared_ptr<Order>, std::shared_ptr<Order> const&>(std::allocator<std::_List_node<std::shared_ptr<Order> > >&, std::shared_ptr<Order>*, std::shared_ptr<Order> const&)
511 4846359 692337 7 0 0 0 2769348 0 0
518 5538696 209361 60 1384674 0 0 1384674 0 0
520 2077011 0 0 1384674 0 0 0 0 0
fn=void std::allocator_traits<std::allocator<std::_List_node<std::shared_ptr<Order> > > >::destroy<std::shared_ptr<Order> >(std::allocator<std::_List_node<std::shared_ptr<Order> > >&, std::shared_ptr<Order>*)
531 4154022 0 0 0 0 0 2077011 0 0
537 2077011 130721 91 692337 0 0 692337 0 0
539 2077011 0 0 1384674 0 0 0 0 0
fn=void std::allocator_traits<std::allocator<std::_Rb_tree_node<std::pair<int const, std::__cxx11::list<std::shared_ptr<Order>, std::allocator<std::shared_ptr<Order> > > > > > >::construct<std::pair<int const, std::__cxx11::list<std::shared_ptr<Order>, std::allocator<std::shared_ptr<Order> > > >, std::piecewise_construct_t const&, std::tuple<int&&>, std::tuple<> >(std::allocator<std::_Rb_tree_node<std::pair<int const, std::__cxx11::list<std::shared_ptr<Order>, std::allocator<std::shared_ptr<Order> > > > > >&, std::pair<int const, std::__cxx11::list<std::shared_ptr<Order>, std::allocator<std::shared_ptr<Order> > > >*, std::piecewise_construct_t const&, std::tuple<int&&>&&, std::tuple<>&&)
511 7139957 97727 3 0 0 0 5192696 0 0
518 11034479 328628 124 2596348 0 0 2596348 0 0
520 3894522 0 0 2596348 0 0 0 0 0
fn=void std::allocator_traits<std::allocator<std::_Rb_tree_node<std::pair<int const, std::__cxx11::list<std::shared_ptr<Order>, std::allocator<std::shared_ptr<Order> > > > > > >::destroy<std::pair<int const, std::__cxx11::list<std::shared_ptr<Order>, std::allocator<std::shared_ptr<Order> > > > >(std::allocator<std::_Rb_tree_node<std::pair<int const, std::__cxx11::list<std::shared_ptr<Order>, std::allocator<std::shared_ptr<Order> > > > > >&, std::pair<int const, std::__cxx11::list<std::shared_ptr<Order>, std::allocator<std::shared_ptr<Order> > > >*)
531 3894522 25451 5 0 0 0 1947261 0 0
537 1947261 0 0 649087 0 0 649087 0 0
539 1947261 0 0 1298174 56 0 0 0 0
fn=void std::allocator_traits<std::allocator<std::__detail::_Hash_node<std::pair<unsigned long const, Orderbook::OrderEntry>, false> > >::construct<std::pair<unsigned long const, Orderbook::OrderEntry>, std::pair<unsigned long const, Orderbook::OrderEntry> >(std::allocator<std::__detail::_Hash_node<std::pair<unsigned long const, Orderbook::OrderEntry>, false> >&, std::pair<unsigned long const, Orderbook::OrderEntry>*, std::pair<unsigned long const, Orderbook::OrderEntry>&&)
511 4846359 377442 6 0 0 0 2769348 0 0
518 5538696 0 0 1384674 0 0 1384674 0 0
520 2077011 0 0 1384674 0 0 0 0 0
fn=void std::allocator_traits<std::allocator<std::__detail::_Hash_node<std::pair<unsigned long const, Orderbook::OrderEntry>, false> > >::destroy<std::pair<unsigned long const, Orderbook::OrderEntry> >(std::allocator<std::__detail::_Hash_node<std::pair<unsigned long const, Orderbook::OrderEntry>, false> >&, std::pair<unsigned long const, Orderbook::OrderEntry>*)
531 4154022 0 0 0 0 0 2077011 0 0
537 2077011 0 0 692337 0 0 692337 0 0
539 2077011 0 0 1384674 0 0 0 0 0
fl=/usr/include/c++/11/bits/allocated_ptr.h
fn=std::__allocated_ptr<std::allocator<std::_List_node<std::shared_ptr<Order> > > >::__allocated_ptr(std::allocator<std::_List_node<std::shared_ptr<Order> > >&, std::_List_node<std::shared_ptr<Order> >*)
53 4846359 0 0 0 0 0 2769348 0 0
54 5538696 692337 74 2769348 0 0 2077011 0 0
55 2077011 0 0 1384674 0 0 0 0 0
fn=std::__allocated_ptr<std::allocator<std::_List_node<std::shared_ptr<Order> > > >::operator=(decltype(nullptr))
79 3461685 0 0 0 0 0 2077011 0 0
81 1384674 0 0 692337 0 0 692337 0 0
82 692337 0 0 692337 0 0 0 0 0
83 1384674 0 0 1384674 0 0 0 0 0
fn=std::__allocated_ptr<std::allocator<std::_List_node<std::shared_ptr<Order> > > >::~__allocated_ptr()
71 3461685 0 0 0 0 0 1384674 0 0
73 2769348 0 0 1384674 0 0 0 0 0
75 2077011 0 0 1384674 0 0 0 0 0
fn=std::__allocated_ptr<std::allocator<std::_Sp_counted_ptr_inplace<Order, std::allocator<Order>, (__gnu_cxx::_Lock_policy)2> > > std::__allocate_guarded<std::allocator<std::_Sp_counted_ptr_inplace<Order, std::allocator<Order>, (__gnu_cxx::_Lock_policy)2> > >(std::allocator<std::_Sp_counted_ptr_inplace<Order, std::allocator<Order>, (__gnu_cxx::_Lock_policy)2> >&)
96 6112944 1 1 0 0 0 3056472 0 0
98 10188240 0 0 3056472 0 0 2037648 0 0
99 3056472 0 0 3056472 0 0 0 0 0
fn=std::__allocated_ptr<std::allocator<std::_Sp_counted_ptr_inplace<Order, std::allocator<Order>, (__gnu_cxx::_Lock_policy)2> > >::__allocated_ptr(std::allocator<std::_Sp_counted_ptr_inplace<Order, std::allocator<Order>, (__gnu_cxx::_Lock_policy)2> >&, std::_Sp_counted_ptr_inplace<Order, std::allocator<Order>, (__gnu_cxx::_Lock_policy)2>*)
53 14263536 12072 124 0 0 0 8150592 0 0
54 16301184 0 0 8150592 0 0 6112944 0 0
55 6112944 0 0 4075296 0 0 0 0 0
fn=std::__allocated_ptr<std::allocator<std::_Sp_counted_ptr_inplace<Order, std::allocator<Order>, (__gnu_cxx::_Lock_policy)2> > >::get()
86 11207064 393123 6 4075296 0 0 3056472 0 0
fn=std::__allocated_ptr<std::allocator<std::_Sp_counted_ptr_inplace<Order, std::allocator<Order>, (__gnu_cxx::_Lock_policy)2> > >::operator=(decltype(nullptr))
79 5094120 402888 97 0 0 0 3056472 0 0
81 2037648 0 0 1018824 0 0 1018824 0 0
82 1018824 0 0 1018824 0 0 0 0 0
83 2037648 0 0 2037648 0 0 0 0 0
fn=std::__allocated_ptr<std::allocator<std::_Sp_counted_ptr_inplace<Order, std::allocator<Order>, (__gnu_cxx::_Lock_policy)2> > >::~__allocated_ptr()
71 10188240 1148 3 0 0 0 4075296 0 0
73 8150592 0 0 4075296 0 0 0 0 0
74 8150592 0 0 4075296 0 0 1018824 0 0
75 6112944 0 0 4075296 0 0 0 0 0
fl=/usr/include/c++/11/bits/allocator.h
fn=std::allocator<Order>::allocator()
156 11207064 402021 4 3056472 0 0 3056472 0 0
fn=std::allocator<Order>::allocator(std::allocator<Order> const&)
159 18338832 0 0 0 0 0 9169416 2313 0
160 24451776 0 0 12225888 0 0 3056472 0 0
fn=std::allocator<Order>::~allocator()
174 28527072 17185 3 8150592 0 0 8150592 0 0
fn=std::allocator<Trade>::allocator()
156 11552442 28417 110 3150666 0 0 3150666 0 0
fn=std::allocator<Trade>::~allocator()
174 7351554 0 0 2100444 0 0 2100444 0 0
fn=std::allocator<std::_List_node<std::shared_ptr<Order> > >::allocator()
156 7139957 0 0 1947261 0 0 1947261 0 0
fn=std::allocator<std::_List_node<std::shared_ptr<Order> > >::~allocator()
174 4543609 8621 2 1298174 0 0 1298174 0 0
fn=std::allocator<std::_Rb_tree_node<std::pair<int const, std::__cxx11::list<std::shared_ptr<Order>, std::allocator<std::shared_ptr<Order> > > > > >::allocator()
156 22 1 1 6 0 0 6 0 0
fn=std::allocator<std::_Rb_tree_node<std::pair<int const, std::__cxx11::list<std::shared_ptr<Order>, std::allocator<std::shared_ptr<Order> > > > > >::~allocator()
174 14 1 1 4 0 0 4 0 0
fn=std::allocator<std::_Sp_counted_ptr_inplace<Order, std::allocator<Order>, (__gnu_cxx::_Lock_policy)2> >::allocator<Order>(std::allocator<Order> const&)
169 24451776 377613 94 6112944 0 0 8150592 0 0
fn=std::allocator<std::_Sp_counted_ptr_inplace<Order, std::allocator<Order>, (__gnu_cxx::_Lock_policy)2> >::~allocator()
174 14263536 0 0 4075296 0 0 4075296 0 0
fn=std::allocator<std::__detail::_Hash_node<std::pair<unsigned long const, Orderbook::OrderEntry>, false> >::allocator()
156 11 2 2 3 0 0 3 0 0
fn=std::allocator<std::__detail::_Hash_node<std::pair<unsigned long const, Orderbook::OrderEntry>, false> >::~allocator()
174 7 0 0 2 0 0 2 0 0
fn=std::allocator<std::__detail::_Hash_node_base*>::allocator<std::__detail::_Hash_node<std::pair<unsigned long const, Orderbook::OrderEntry>, false> >(std::allocator<std::__detail::_Hash_node<std::pair<unsigned long const, Orderbook::OrderEntry>, false> > const&)
169 288 25 4 72 0 0 96 0 0
fn=std::allocator<std::__detail::_Hash_node_base*>::~allocator()
174 168 0 0 48 0 0 48 0 0
fn=std::allocator_traits<std::allocator<Trade> >::allocate(std::allocator<Trade>&, unsigned long)
182 2077011 0 0 0 0 0 692337 0 0
185 4846359 0 0 1384674 0 0 692337 0 0
fn=std::allocator_traits<std::allocator<Trade> >::deallocate(std::allocator<Trade>&, Trade*, unsigned long)
193 2077011 0 0 0 0 0 692337 0 0
199 4154022 0 0 2077011 0 0 692337 0 0
fn=std::allocator_traits<std::allocator<std::_List_node<std::shared_ptr<Order> > > >::allocate(std::allocator<std::_List_node<std::shared_ptr<Order> > >&, unsigned long)
182 2077011 0 0 0 0 0 692337 0 0
185 4846359 22816 2 1384674 0 0 692337 0 0
fn=std::allocator_traits<std::allocator<std::_List_node<std::shared_ptr<Order> > > >::deallocate(std::allocator<std::_List_node<std::shared_ptr<Order> > >&, std::_List_node<std::shared_ptr<Order> >*, unsigned long)
193 2077011 0 0 0 0 0 692337 0 0
199 4154022 0 0 2077011 0 0 692337 0 0
fn=std::allocator_traits<std::allocator<std::_Rb_tree_node<std::pair<int const, std::__cxx11::list<std::shared_ptr<Order>, std::allocator<std::shared_ptr<Order> > > > > > >::allocate(std::allocator<std::_Rb_tree_node<std::pair<int const, std::__cxx11::list<std::shared_ptr<Order>, std::allocator<std::shared_ptr<Order> > > > > >&, unsigned long)
182 1947261 0 0 0 0 0 649087 0 0
185 4543609 285553 118 1298174 0 0 649087 0 0
fn=std::allocator_traits<std::allocator<std::_Rb_tree_node<std::pair<int const, std::__cxx11::list<std::shared_ptr<Order>, std::allocator<std::shared_ptr<Order> > > > > > >::deallocate(std::allocator<std::_Rb_tree_node<std::pair<int const, std::__cxx11::list<std::shared_ptr<Order>, std::allocator<std::shared_ptr<Order> > > > > >&, std::_Rb_tree_node<std::pair<int const, std::__cxx11::list<std::shared_ptr<Order>, std::allocator<std::shared_ptr<Order> > > > >*, unsigned long)
193 1947261 0 0 0 0 0 649087 0 0
199 3894522 3 0 1947261 0 0 649087 0 0
fn=std::allocator_traits<std::allocator<std::_Sp_counted_ptr_inplace<Order, std::allocator<Order>, (__gnu_cxx::_Lock_policy)2> > >::allocate(std::allocator<std::_Sp_counted_ptr_inplace<Order, std::allocator<Order>, (__gnu_cxx::_Lock_policy)2> >&, unsigned long)
182 3056472 0 0 0 0 0 1018824 0 0
185 7131768 1 1 2037648 0 0 1018824 0 0
fn=std::allocator_traits<std::allocator<std::_Sp_counted_ptr_inplace<Order, std::allocator<Order>, (__gnu_cxx::_Lock_policy)2> > >::deallocate(std::allocator<std::_Sp_counted_ptr_inplace<Order, std::allocator<Order>, (__gnu_cxx::_Lock_policy)2> >&, std::_Sp_counted_ptr_inplace<Order, std::allocator<Order>, (__gnu_cxx::_Lock_policy)2>*, unsigned long)
193 3056472 0 0 0 0 0 1018824 0 0
199 6112944 104871 10 3056472 0 0 1018824 0 0
fn=std::allocator_traits<std::allocator<std::__detail::_Hash_node<std::pair<unsigned long const, Orderbook::OrderEntry>, false> > >::allocate(std::allocator<std::__detail::_Hash_node<std::pair<unsigned long const, Orderbook::OrderEntry>, false> >&, unsigned long)
182 2077011 0 0 0 0 0 692337 0 0
185 4846359 34074 16 1384674 0 0 692337 0 0
fn=std::allocator_traits<std::allocator<std::__detail::_Hash_node<std::pair<unsigned long const, Orderbook::OrderEntry>, false> > >::deallocate(std::allocator<std::__detail::_Hash_node<std::pair<unsigned long const, Orderbook::OrderEntry>, false> >&, std::__detail::_Hash_node<std::pair<unsigned long const, Orderbook::OrderEntry>, false>*, unsigned long)
193 2077011 0 0 0 0 0 692337 0 0
199 4154022 0 0 2077011 0 0 692337 0 0
fn=std::allocator_traits<std::allocator<std::__detail::_Hash_node_base*> >::allocate(std::allocator<std::__detail::_Hash_node_base*>&, unsigned long)
182 36 0 0 0 0 0 12 0 0
185 84 0 0 24 0 0 12 0 0
fn=std::allocator_traits<std::allocator<std::__detail::_Hash_node_base*> >::deallocate(std::allocator<std::__detail::_Hash_node_base*>&, std::__detail::_Hash_node_base**, unsigned long)
193 36 0 0 0 0 0 12 0 0
199 72 12 5 36 0 0 12 0 0
fl=/usr/include/c++/11/bits/basic_string.h
fn=std::__cxx11::basic_string<char, std::char_traits<char>, std::allocator<char> >::_Alloc_hider::_Alloc_hider(char*, std::allocator<char> const&)
164 14 0 0 0 0 0 8 0 0
165 22 1 1 12 0 0 4 0 0
fn=std::__cxx11::basic_string<char, std::char_traits<char>, std::allocator<char> >::_Alloc_hider::~_Alloc_hider()
158 22 1 1 6 0 0 6 0 0
fn=std::__cxx11::basic_string<char, std::char_traits<char>, std::allocator<char> >::_M_data() const
194 24 1 1 0 0 0 12 0 0
195 24 0 0 24 0 0 0 0 0
fn=std::__cxx11::basic_string<char, std::char_traits<char>, std::allocator<char> >::_M_dispose()
237 10 1 1 0 0 0 4 0 0
239 12 0 0 2 0 0 2 0 0
241 6 1 1 4 0 0 0 0 0
fn=std::__cxx11::basic_string<char, std::char_traits<char>, std::allocator<char> >::_M_is_local() const
229 12 2 2 0 0 0 6 0 0
230 24 0 0 10 0 0 4 0 0
fn=std::__cxx11::basic_string<char, std::char_traits<char>, std::allocator<char> >::_M_length(unsigned long)
190 10 1 1 0 0 0 6 0 0
191 12 0 0 8 0 0 2 0 0
fn=std::__cxx11::basic_string<char, std::char_traits<char>, std::allocator<char> >::_M_local_data()
198 10 1 1 0 0 0 4 0 0
201 8 0 0 2 0 0 2 0 0
205 4 0 0 4 0 0 0 0 0
fn=std::__cxx11::basic_string<char, std::char_traits<char>, std::allocator<char> >::_M_local_data() const
208 10 1 1 0 0 0 4 0 0
211 8 0 0 2 0 0 2 0 0
215 4 0 0 4 0 0 0 0 0
fn=std::__cxx11::basic_string<char, std::char_traits<char>, std::allocator<char> >::_M_set_length(unsigned long)
222 18 1 1 2 0 0 8 0 0
224 10 0 0 4 0 0 2 0 0
225 20 1 1 4 0 0 6 0 0
226 12 0 0 8 0 0 0 0 0
fn=std::__cxx11::basic_string<char, std::char_traits<char>, std::allocator<char> >::_S_copy(char*, char const*, unsigned long)
354 14 2 2 0 0 0 8 0 0
356 4 0 0 2 0 0 0 0 0
359 12 0 0 6 0 0 2 0 0
360 6 0 0 4 0 0 0 0 0
fn=std::__cxx11::basic_string<char, std::char_traits<char>, std::allocator<char> >::_S_copy_chars(char*, char const*, char const*)
404 14 0 0 0 0 0 8 0 0
406 22 1 1 12 0 0 2 0 0
fn=std::__cxx11::basic_string<char, std::char_traits<char>, std::allocator<char> >::basic_string<std::allocator<char> >(char const*, std::allocator<char> const&)
533 22 2 2 2 0 0 12 0 0
534 20 1 1 6 0 0 4 0 0
536 18 0 0 6 0 0 4 0 0
539 12 1 1 6 0 0 2 0 0
540 14 0 0 10 0 0 0 0 0
fn=std::__cxx11::basic_string<char, std::char_traits<char>, std::allocator<char> >::~basic_string()
671 10 1 1 0 0 0 4 0 0
672 18 1 1 8 0 0 4 0 0
fl=/usr/include/c++/11/bits/basic_string.tcc
fn=void std::__cxx11::basic_string<char, std::char_traits<char>, std::allocator<char> >::_M_construct<char const*>(char const*, char const*, std::forward_iterator_tag)
206 20 2 2 2 0 0 10 0 0
211 16 1 1 2 0 0 2 0 0
215 12 0 0 4 0 0 4 0 0
217 6 0 0 2 0 0 0 0 0
225 18 2 2 6 0 0 4 0 0
232 10 0 0 4 0 0 2 0 0
233 12 1 1 8 0 0 0 0 0
fl=/usr/include/c++/11/bits/char_traits.h
fn=std::char_traits<char>::assign(char&, char const&)
356 10 1 1 0 0 0 6 0 0
357 14 0 0 10 0 0 2 0 0
fn=std::char_traits<char>::copy(char*, char const*, unsigned long)
429 14 2 2 0 0 0 8 0 0
431 4 0 0 2 0 0 0 0 0
434 6 0 0 0 0 0 2 0 0
437 18 1 1 6 0 0 2 0 0
438 4 0 0 4 0 0 0 0 0
fn=std::char_traits<char>::length(char const*)
290 2 0 0 0 0 0 0 0 0
393 14 1 1 2 0 0 6 0 0
396 4 0 0 0 0 0 0 0 0
399 8 1 1 2 0 0 2 0 0
400 4 0 0 4 0 0 0 0 0
fl=/usr/include/c++/11/bits/functional_hash.h
fn=std::hash<unsigned long>::operator()(unsigned long) const
169 39922776 12079 3 14971041 0 0 14971041 0 0
fl=/usr/include/c++/11/bits/hashtable.h
fn=std::_Hashtable<unsigned long, std::pair<unsigned long const, Orderbook::OrderEntry>, std::allocator<std::pair<unsigned long const, Orderbook::OrderEntry> >, std::__detail::_Select1st, std::equal_to<unsigned long>, std::hash<unsigned long>, std::__detail::_Mod_range_hashing, std::__detail::_Default_ranged_hash, std::__detail::_Prime_rehash_policy, std::__detail::_Hashtable_traits<false, false, true> >::_Hashtable()
528 34 2 2 12 1 1 10 0 0
fn=std::_Hashtable<unsigned long, std::pair<unsigned long const, Orderbook::OrderEntry>, std::allocator<std::pair<unsigned long const, Orderbook::OrderEntry> >, std::__detail::_Select1st, std::equal_to<unsigned long>, std::hash<unsigned long>, std::__detail::_Mod_range_hashing, std::__detail::_Default_ranged_hash, std::__detail::_Prime_rehash_policy, std::__detail::_Hashtable_traits<false, false, true> >::_M_allocate_buckets(unsigned long)
432 72 0 0 0 0 0 36 0 0
434 60 0 0 12 0 0 0 0 0
440 72 0 0 24 0 0 12 0 0
441 24 0 0 24 4 0 0 0 0
fn=std::_Hashtable<unsigned long, std::pair<unsigned long const, Orderbook::OrderEntry>, std::allocator<std::pair<unsigned long const, Orderbook::OrderEntry> >, std::__detail::_Select1st, std::equal_to<unsigned long>, std::hash<unsigned long>, std::__detail::_Mod_range_hashing, std::__detail::_Default_ranged_hash, std::__detail::_Prime_rehash_policy, std::__detail::_Hashtable_traits<false, false, true> >::_M_begin() const
462 52 4 0 0 0 0 26 0 0
463 52 0 0 52 4 0 0 0 0
fn=std::_Hashtable<unsigned long, std::pair<unsigned long const, Orderbook::OrderEntry>, std::allocator<std::pair<unsigned long const, Orderbook::OrderEntry> >, std::__detail::_Select1st, std::equal_to<unsigned long>, std::hash<unsigned long>, std::__detail::_Mod_range_hashing, std::__detail::_Default_ranged_hash, std::__detail::_Prime_rehash_policy, std::__detail::_Hashtable_traits<false, false, true> >::_M_bucket_index(std::__detail::_Hash_node_value<std::pair<unsigned long const, Orderbook::OrderEntry>, false> const&) const
790 13453272 220397 106 0 0 0 6726636 0 0
791 20179908 235891 56 13453272 0 0 2242212 0 0
fn=std::_Hashtable<unsigned long, std::pair<unsigned long const, Orderbook::OrderEntry>, std::allocator<std::pair<unsigned long const, Orderbook::OrderEntry> >, std::__detail::_Select1st, std::equal_to<unsigned long>, std::hash<unsigned long>, std::__detail::_Mod_range_hashing, std::__detail::_Default_ranged_hash, std::__detail::_Prime_rehash_policy, std::__detail::_Hashtable_traits<false, false, true> >::_M_bucket_index(unsigned long) const
794 16245252 1 1 0 0 0 8122626 0 0
795 24367878 0 0 16245252 0 0 2707542 0 0
fn=std::_Hashtable<unsigned long, std::pair<unsigned long const, Orderbook::OrderEntry>, std::allocator<std::pair<unsigned long const, Orderbook::OrderEntry> >, std::__detail::_Select1st, std::equal_to<unsigned long>, std::hash<unsigned long>, std::__detail::_Mod_range_hashing, std::__detail::_Default_ranged_hash, std::__detail::_Prime_rehash_policy, std::__detail::_Hashtable_traits<false, false, true> >::_M_deallocate_buckets()
453 65 25 7 0 0 0 26 0 0
454 143 0 0 91 8 0 13 0 0
fn=std::_Hashtable<unsigned long, std::pair<unsigned long const, Orderbook::OrderEntry>, std::allocator<std::pair<unsigned long const, Orderbook::OrderEntry> >, std::__detail::_Select1st, std::equal_to<unsigned long>, std::hash<unsigned long>, std::__detail::_Mod_range_hashing, std::__detail::_Default_ranged_hash, std::__detail::_Prime_rehash_policy, std::__detail::_Hashtable_traits<false, false, true> >::_M_deallocate_buckets(std::__detail::_Hash_node_base**, unsigned long)
444 91 13 2 0 0 0 52 0 0
446 91 0 0 26 0 0 13 0 0
447 1 1 1 0 0 0 0 0 0
449 84 12 2 36 0 0 12 0 0
450 26 0 0 26 0 0 0 0 0
fn=std::_Hashtable<unsigned long, std::pair<unsigned long const, Orderbook::OrderEntry>, std::allocator<std::pair<unsigned long const, Orderbook::OrderEntry> >, std::__detail::_Select1st, std::equal_to<unsigned long>, std::hash<unsigned long>, std::__detail::_Mod_range_hashing, std::__detail::_Default_ranged_hash, std::__detail::_Prime_rehash_policy, std::__detail::_Hashtable_traits<false, false, true> >::_M_erase(std::integral_constant<bool, true>, unsigned long const&)
2194 3973518 101813 41 0 0 0 1986759 0 0
2199 3973518 0 0 1324506 0 0 1324506 0 0
2200 3973518 0 0 1324506 0 0 1324506 0 0
2203 4635771 375635 60 2649012 0 0 1324506 0 0
2204 1324506 0 0 662253 0 0 0 0 0
2208 1986759 0 0 1324506 0 0 662253 0 0
2209 3973518 384923 4 2649012 0 0 662253 0 0
2210 662253 0 0 0 0 0 0 0 0
2211 1324506 0 0 1324506 0 0 0 0 0
fn=std::_Hashtable<unsigned long, std::pair<unsigned long const, Orderbook::OrderEntry>, std::allocator<std::pair<unsigned long const, Orderbook::OrderEntry> >, std::__detail::_Select1st, std::equal_to<unsigned long>, std::hash<unsigned long>, std::__detail::_Mod_range_hashing, std::__detail::_Default_ranged_hash, std::__detail::_Prime_rehash_policy, std::__detail::_Hashtable_traits<false, false, true> >::_M_erase(unsigned long, std::__detail::_Hash_node_base*, std::__detail::_Hash_node<std::pair<unsigned long const, Orderbook::OrderEntry>, false>*)
2166 7947036 0 0 662253 0 0 4635771 0 0
2171 5298024 100277 5 3311265 0 0 0 0 0
2172 7941635 7 1 1985406 0 0 1323604 0 0
2173 7941514 375491 5 2647186 0 0 1323582 0 0
2174 1804 137 0 902 0 0 0 0 0
2176 3987 409 81 886 0 0 1329 0 0
2177 1329 0 0 886 0 0 0 0 0
2178 2457 46 0 1404 0 0 351 283 0
2181 2649012 192205 4 1986759 0 0 662253 0 0
2182 5298024 0 0 662253 0 0 1324506 0 0
2183 3311265 135449 78 1324506 0 0 662253 0 0
2184 3311265 0 0 1986759 0 0 662253 0 0
2186 662253 0 0 662253 0 0 0 0 0
2187 3973518 0 0 3311265 0 0 0 0 0
fn=std::_Hashtable<unsigned long, std::pair<unsigned long const, Orderbook::OrderEntry>, std::allocator<std::pair<unsigned long const, Orderbook::OrderEntry> >, std::__detail::_Select1st, std::equal_to<unsigned long>, std::hash<unsigned long>, std::__detail::_Mod_range_hashing, std::__detail::_Default_ranged_hash, std::__detail::_Prime_rehash_policy, std::__detail::_Hashtable_traits<false, false, true> >::_M_find_before_node(unsigned long, unsigned long const&, unsigned long) const
1827 21660240 959647 123 0 0 0 13537650 0 0
1833 18952710 0 0 10830120 150795 0 2707530 0 0
1834 5415060 0 0 2707530 0 0 0 0 0
1835 1820232 0 0 0 0 0 0 0 0
1837 5392242 243475 103 3594828 436591 8066 1797414 0 0
1838 1345284 0 0 336321 0 0 672642 0 0
1840 19539936 0 0 8534940 0 0 2133735 0 0
1841 1805150 0 0 902575 0 0 0 0 0
1843 21821189 159812 13 6154789 0 0 2461646 0 0
1844 894839 0 0 0 0 0 0 0 0
1845 672642 0 0 336321 0 0 336321 0 0
1848 894839 0 0 0 0 0 0 0 0
1849 5415060 1 1 5415060 0 0 0 0 0
fn=std::_Hashtable<unsigned long, std::pair<unsigned long const, Orderbook::OrderEntry>, std::allocator<std::pair<unsigned long const, Orderbook::OrderEntry> >, std::__detail::_Select1st, std::equal_to<unsigned long>, std::hash<unsigned long>, std::__detail::_Mod_range_hashing, std::__detail::_Default_ranged_hash, std::__detail::_Prime_rehash_policy, std::__detail::_Hashtable_traits<false, false, true> >::_M_find_node(unsigned long, unsigned long const&, unsigned long) const
807 16362216 0 0 0 0 0 10226385 0 0
810 14316939 0 0 8181108 0 0 4090554 0 0
811 4090554 0 0 2045277 0 0 0 0 0
812 720966 0 0 480644 0 0 0 0 0
813 1804955 0 0 0 0 0 0 0 0
814 4090554 0 0 4090554 0 0 0 0 0
fn=std::_Hashtable<unsigned long, std::pair<unsigned long const, Orderbook::OrderEntry>, std::allocator<std::pair<unsigned long const, Orderbook::OrderEntry> >, std::__detail::_Select1st, std::equal_to<unsigned long>, std::hash<unsigned long>, std::__detail::_Mod_range_hashing, std::__detail::_Default_ranged_hash, std::__detail::_Prime_rehash_policy, std::__detail::_Hashtable_traits<false, false, true> >::_M_insert_bucket_begin(unsigned long, std::__detail::_Hash_node<std::pair<unsigned long const, Orderbook::OrderEntry>, false>*)
1886 6231033 20928 109 0 0 0 4154022 0 0
1890 5538696 0 0 2769348 3 0 0 0 0
1894 3088629 11965 3 2059086 2 0 343181 2 0
1895 2745448 0 0 1715905 0 0 343181 0 0
1902 1396624 12197 9 1047468 0 0 349156 4 0
1903 1047468 5009 11 698312 0 0 349156 0 0
1905 1396624 0 0 698312 0 0 0 0 0
1908 4888170 0 0 1745775 0 0 1047465 54 0
1910 2793248 0 0 1396624 0 0 349156 0 0
1912 4497203 0 0 2769348 0 0 0 0 0
fn=std::_Hashtable<unsigned long, std::pair<unsigned long const, Orderbook::OrderEntry>, std::allocator<std::pair<unsigned long const, Orderbook::OrderEntry> >, std::__detail::_Select1st, std::equal_to<unsigned long>, std::hash<unsigned long>, std::__detail::_Mod_range_hashing, std::__detail::_Default_ranged_hash, std::__detail::_Prime_rehash_policy, std::__detail::_Hashtable_traits<false, false, true> >::_M_insert_unique_node(unsigned long, unsigned long, std::__detail::_Hash_node<std::pair<unsigned long const, Orderbook::OrderEntry>, false>*, unsigned long)
2008 8308044 391851 8 692337 0 0 4846359 0 0
2014 4846359 0 0 692337 0 0 2077011 0 0
2016 9000381 3784 128 4154022 0 0 2077011 0 0
2019 2077011 0 0 692337 0 0 0 0 0
2021 72 0 0 36 0 0 12 0 0
2022 72 1 1 24 6 0 24 0 0
2025 4846359 43999 4 2077011 0 0 692337 0 0
2028 4154022 0 0 2077011 0 0 692337 0 0
2029 3461685 1 1 2077011 0 0 692337 0 0
2030 4154022 0 0 1384674 0 0 692337 0 0
2031 3461685 0 0 2769348 6 0 0 0 0
fn=std::_Hashtable<unsigned long, std::pair<unsigned long const, Orderbook::OrderEntry>, std::allocator<std::pair<unsigned long const, Orderbook::OrderEntry> >, std::__detail::_Select1st, std::equal_to<unsigned long>, std::hash<unsigned long>, std::__detail::_Mod_range_hashing, std::__detail::_Default_ranged_hash, std::__detail::_Prime_rehash_policy, std::__detail::_Hashtable_traits<false, false, true> >::_M_rehash(unsigned long, unsigned long const&)
2355 96 24 4 0 0 0 60 0 0
2361 60 0 0 24 0 0 12 0 0
2370 48 2 1 36 7 0 0 0 0
fn=std::_Hashtable<unsigned long, std::pair<unsigned long const, Orderbook::OrderEntry>, std::allocator<std::pair<unsigned long const, Orderbook::OrderEntry> >, std::__detail::_Select1st, std::equal_to<unsigned long>, std::hash<unsigned long>, std::__detail::_Mod_range_hashing, std::__detail::_Default_ranged_hash, std::__detail::_Prime_rehash_policy, std::__detail::_Hashtable_traits<false, false, true> >::_M_rehash_aux(unsigned long, std::integral_constant<bool, true>)
2378 72 0 0 0 0 0 36 0 0
2382 72 12 2 24 0 0 24 4 0
2383 48 0 0 12 0 0 24 0 0
2384 24 0 0 12 0 0 12 0 0
2385 12 0 0 0 0 0 12 0 0
2386 81246 12 2 40617 0 0 0 0 0
2388 162420 11 2 40605 0 0 81210 0 0
2390 324840 0 0 121815 0 0 81210 0 0
2391 284235 0 0 121815 35139 0 0 0 0
2393 130168 11 4 97626 0 0 32542 0 0
2394 97626 0 0 65084 0 0 32542 0 0
2395 227794 0 0 97626 0 0 32542 0 0
2396 130168 11 2 65084 0 0 0 0 0
2397 195186 0 0 97593 0 0 32531 0 0
2398 97626 0 0 32542 0 0 32542 0 0
2402 64504 0 0 40315 7412 0 8063 0 0
2403 56441 0 0 32252 0 0 8063 0 0
2406 81210 0 0 40605 0 0 40605 0 0
2409 36 0 0 12 0 0 12 0 0
2410 36 0 0 24 0 0 12 0 0
2411 36 0 0 24 0 0 12 0 0
2412 36 0 0 24 0 0 0 0 0
fn=std::_Hashtable<unsigned long, std::pair<unsigned long const, Orderbook::OrderEntry>, std::allocator<std::pair<unsigned long const, Orderbook::OrderEntry> >, std::__detail::_Select1st, std::equal_to<unsigned long>, std::hash<unsigned long>, std::__detail::_Mod_range_hashing, std::__detail::_Default_ranged_hash, std::__detail::_Prime_rehash_policy, std::__detail::_Hashtable_traits<false, false, true> >::_M_remove_bucket_begin(unsigned long, std::__detail::_Hash_node<std::pair<unsigned long const, Orderbook::OrderEntry>, false>*, unsigned long)
1919 4632614 0 0 0 0 0 3309010 0 0
1924 3308977 339824 90 1985384 0 0 0 0 0
1928 667834 5 1 333917 0 0 0 0 0
1929 4006872 0 0 2337342 0 0 333906 13453 0
1932 3339170 120878 5 1669585 0 0 0 0 0
1933 640698 0 0 427132 0 0 213566 0 0
1934 2003502 0 0 1001751 0 0 333917 0 0
1936 1985406 0 0 1323604 0 0 0 0 0
fn=std::_Hashtable<unsigned long, std::pair<unsigned long const, Orderbook::OrderEntry>, std::allocator<std::pair<unsigned long const, Orderbook::OrderEntry> >, std::__detail::_Select1st, std::equal_to<unsigned long>, std::hash<unsigned long>, std::__detail::_Mod_range_hashing, std::__detail::_Default_ranged_hash, std::__detail::_Prime_rehash_policy, std::__detail::_Hashtable_traits<false, false, true> >::_M_uses_single_bucket(std::__detail::_Hash_node_base**) const
421 65 2 1 0 0 0 39 1 0
422 117 0 0 52 0 0 0 0 0
fn=std::_Hashtable<unsigned long, std::pair<unsigned long const, Orderbook::OrderEntry>, std::allocator<std::pair<unsigned long const, Orderbook::OrderEntry> >, std::__detail::_Select1st, std::equal_to<unsigned long>, std::hash<unsigned long>, std::__detail::_Mod_range_hashing, std::__detail::_Default_ranged_hash, std::__detail::_Prime_rehash_policy, std::__detail::_Hashtable_traits<false, false, true> >::_Scoped_node::_Scoped_node<std::pair<unsigned long const, Orderbook::OrderEntry> >(std::__detail::_Hashtable_alloc<std::allocator<std::__detail::_Hash_node<std::pair<unsigned long const, Orderbook::OrderEntry>, false> > >*, std::pair<unsigned long const, Orderbook::OrderEntry>&&)
302 5538696 0 0 0 0 0 3461685 0 0
303 2077011 464384 9 1384674 0 0 692337 0 0
304 6231033 0 0 2077011 0 0 2077011 0 0
305 2769348 0 0 2077011 0 0 0 0 0
fn=std::_Hashtable<unsigned long, std::pair<unsigned long const, Orderbook::OrderEntry>, std::allocator<std::pair<unsigned long const, Orderbook::OrderEntry> >, std::__detail::_Select1st, std::equal_to<unsigned long>, std::hash<unsigned long>, std::__detail::_Mod_range_hashing, std::__detail::_Default_ranged_hash, std::__detail::_Prime_rehash_policy, std::__detail::_Hashtable_traits<false, false, true> >::_Scoped_node::~_Scoped_node()
308 8308044 0 0 2769348 0 0 1384674 0 0
fn=std::_Hashtable<unsigned long, std::pair<unsigned long const, Orderbook::OrderEntry>, std::allocator<std::pair<unsigned long const, Orderbook::OrderEntry> >, std::__detail::_Select1st, std::equal_to<unsigned long>, std::hash<unsigned long>, std::__detail::_Mod_range_hashing, std::__detail::_Default_ranged_hash, std::__detail::_Prime_rehash_policy, std::__detail::_Hashtable_traits<false, false, true> >::clear()
2316 5 1 1 0 0 0 2 0 0
2320 8 0 0 2 0 0 2 0 0
2321 6 1 1 2 0 0 1 0 0
2322 2 0 0 2 2 0 0 0 0
2323 2 0 0 1 1 0 1 1 0
2324 2 0 0 1 0 0 1 0 0
2325 3 0 0 2 0 0 0 0 0
fn=std::_Hashtable<unsigned long, std::pair<unsigned long const, Orderbook::OrderEntry>, std::allocator<std::pair<unsigned long const, Orderbook::OrderEntry> >, std::__detail::_Select1st, std::equal_to<unsigned long>, std::hash<unsigned long>, std::__detail::_Mod_range_hashing, std::__detail::_Default_ranged_hash, std::__detail::_Prime_rehash_policy, std::__detail::_Hashtable_traits<false, false, true> >::end() const
633 9862232 657739 91 1232779 0 0 3698337 0 0
634 12327790 490304 121 6163895 0 0 1232779 0 0
fn=std::_Hashtable<unsigned long, std::pair<unsigned long const, Orderbook::OrderEntry>, std::allocator<std::pair<unsigned long const, Orderbook::OrderEntry> >, std::__detail::_Select1st, std::equal_to<unsigned long>, std::hash<unsigned long>, std::__detail::_Mod_range_hashing, std::__detail::_Default_ranged_hash, std::__detail::_Prime_rehash_policy, std::__detail::_Hashtable_traits<false, false, true> >::erase(unsigned long const&)
937 3973518 6044 4 0 0 0 1986759 0 0
938 4635771 104628 20 2649012 0 0 662253 0 0
fn=std::_Hashtable<unsigned long, std::pair<unsigned long const, Orderbook::OrderEntry>, std::allocator<std::pair<unsigned long const, Orderbook::OrderEntry> >, std::__detail::_Select1st, std::equal_to<unsigned long>, std::hash<unsigned long>, std::__detail::_Mod_range_hashing, std::__detail::_Default_ranged_hash, std::__detail::_Prime_rehash_policy, std::__detail::_Hashtable_traits<false, false, true> >::find(unsigned long const&)
1588 1081449 83062 12 120161 0 0 480644 0 0
1593 720966 0 0 240322 0 0 240322 0 0
1594 720966 0 0 240322 0 0 240322 0 0
1595 1441932 58265 8 600805 0 0 240322 0 0
1596 600805 0 0 480644 0 0 0 0 0
fn=std::_Hashtable<unsigned long, std::pair<unsigned long const, Orderbook::OrderEntry>, std::allocator<std::pair<unsigned long const, Orderbook::OrderEntry> >, std::__detail::_Select1st, std::equal_to<unsigned long>, std::hash<unsigned long>, std::__detail::_Mod_range_hashing, std::__detail::_Default_ranged_hash, std::__detail::_Prime_rehash_policy, std::__detail::_Hashtable_traits<false, false, true> >::find(unsigned long const&) const
1603 11095011 7395 7 1232779 0 0 4931116 0 0
1608 7396674 0 0 2465558 0 0 2465558 0 0
1609 7396674 644546 8 2465558 0 0 2465558 0 0
1610 14793348 0 0 6163895 0 0 2465558 0 0
1611 6163895 0 0 4931116 0 0 0 0 0
fn=std::_Hashtable<unsigned long, std::pair<unsigned long const, Orderbook::OrderEntry>, std::allocator<std::pair<unsigned long const, Orderbook::OrderEntry> >, std::__detail::_Select1st, std::equal_to<unsigned long>, std::hash<unsigned long>, std::__detail::_Mod_range_hashing, std::__detail::_Default_ranged_hash, std::__detail::_Prime_rehash_policy, std::__detail::_Hashtable_traits<false, false, true> >::size() const
645 2769348 247772 6 0 0 0 1384674 0 0
646 2769348 421175 17 2769348 0 0 0 0 0
fn=std::_Hashtable<unsigned long, std::pair<unsigned long const, Orderbook::OrderEntry>, std::allocator<std::pair<unsigned long const, Orderbook::OrderEntry> >, std::__detail::_Select1st, std::equal_to<unsigned long>, std::hash<unsigned long>, std::__detail::_Mod_range_hashing, std::__detail::_Default_ranged_hash, std::__detail::_Prime_rehash_policy, std::__detail::_Hashtable_traits<false, false, true> >::~_Hashtable()
1528 5 2 1 0 0 0 2 0 0
1532 3 0 0 1 0 0 1 0 0
1533 3 0 0 1 0 0 1 0 0
1534 6 0 0 3 0 0 1 0 0
fn=std::pair<std::__detail::_Node_iterator<std::pair<unsigned long const, Orderbook::OrderEntry>, false, false>, bool> std::_Hashtable<unsigned long, std::pair<unsigned long const, Orderbook::OrderEntry>, std::allocator<std::pair<unsigned long const, Orderbook::OrderEntry> >, std::__detail::_Select1st, std::equal_to<unsigned long>, std::hash<unsigned long>, std::__detail::_Mod_range_hashing, std::__detail::_Default_ranged_hash, std::__detail::_Prime_rehash_policy, std::__detail::_Hashtable_traits<false, false, true> >::_M_emplace<std::pair<unsigned long const, Orderbook::OrderEntry> >(std::integral_constant<bool, true>, std::pair<unsigned long const, Orderbook::OrderEntry>&&)
1960 8308044 121587 89 692337 0 0 4846359 0 0
1966 6231033 20227 96 1384674 0 0 1384674 0 0
1967 6923370 0 0 692337 0 0 2077011 0 0
1968 4154022 11721 10 1384674 0 0 1384674 0 0
1969 4154022 0 0 1384674 0 0 1384674 0 0
1970 6231033 284313 131 3461685 0 0 1384674 0 0
1975 5538696 60 1 2769348 0 0 1384674 6 0
1976 692337 0 0 0 0 0 692337 0 0
1977 6231033 3855 163 1384674 0 0 1384674 0 0
1978 9692718 266857 9 4846359 7 0 692337 0 0
fl=/usr/include/c++/11/bits/hashtable_policy.h
fn=decltype ((get<0>)((forward<std::pair<unsigned long const, Orderbook::OrderEntry> const&>)({parm#1}))) std::__detail::_Select1st::operator()<std::pair<unsigned long const, Orderbook::OrderEntry> const&>(std::pair<unsigned long const, Orderbook::OrderEntry> const&) const
93 26499312 0 0 0 0 0 13249656 0 0
95 30915864 0 0 13249656 0 0 8833104 0 0
fn=decltype ((get<0>)((forward<std::pair<unsigned long const, Orderbook::OrderEntry>&>)({parm#1}))) std::__detail::_Select1st::operator()<std::pair<unsigned long const, Orderbook::OrderEntry>&>(std::pair<unsigned long const, Orderbook::OrderEntry>&) const
93 4154022 0 0 0 0 0 2077011 0 0
95 4846359 0 0 2077011 0 0 1384674 0 0
fn=std::__detail::_Hash_code_base<unsigned long, std::pair<unsigned long const, Orderbook::OrderEntry>, std::__detail::_Select1st, std::hash<unsigned long>, std::__detail::_Mod_range_hashing, std::__detail::_Default_ranged_hash, false>::_Hash_code_base()
1210 11 0 0 3 0 0 3 0 0
fn=std::__detail::_Hash_code_base<unsigned long, std::pair<unsigned long const, Orderbook::OrderEntry>, std::__detail::_Select1st, std::hash<unsigned long>, std::__detail::_Mod_range_hashing, std::__detail::_Default_ranged_hash, false>::_M_bucket_index(std::__detail::_Hash_node_value<std::pair<unsigned long const, Orderbook::OrderEntry>, false> const&, unsigned long) const
1236 22828170 96 4 2282817 0 0 11414085 0 0
1242 43373523 0 0 6848451 0 0 9131268 0 0
1244 11414085 0 0 9131268 0 0 0 0 0
fn=std::__detail::_Hash_code_base<unsigned long, std::pair<unsigned long const, Orderbook::OrderEntry>, std::__detail::_Select1st, std::hash<unsigned long>, std::__detail::_Mod_range_hashing, std::__detail::_Default_ranged_hash, false>::_M_bucket_index(unsigned long, unsigned long) const
1232 27075420 0 0 2707542 0 0 13537710 0 0
1233 29782962 0 0 16245252 0 0 2707542 0 0
fn=std::__detail::_Hash_code_base<unsigned long, std::pair<unsigned long const, Orderbook::OrderEntry>, std::__detail::_Select1st, std::hash<unsigned long>, std::__detail::_Mod_range_hashing, std::__detail::_Default_ranged_hash, false>::_M_hash() const
1276 49903470 2 2 14971041 0 0 14971041 0 0
fn=std::__detail::_Hash_code_base<unsigned long, std::pair<unsigned long const, Orderbook::OrderEntry>, std::__detail::_Select1st, std::hash<unsigned long>, std::__detail::_Mod_range_hashing, std::__detail::_Default_ranged_hash, false>::_M_hash_code(unsigned long const&) const
1215 29942082 2 2 0 0 0 14971041 0 0
1219 44913123 0 0 14971041 590031 11425 9980694 0 0
1220 9980694 0 0 9980694 0 0 0 0 0
fn=std::__detail::_Hash_code_base<unsigned long, std::pair<unsigned long const, Orderbook::OrderEntry>, std::__detail::_Select1st, std::hash<unsigned long>, std::__detail::_Mod_range_hashing, std::__detail::_Default_ranged_hash, false>::_M_store_code(std::__detail::_Hash_node_code_cache<false>&, unsigned long) const
1254 4154022 295617 110 0 0 0 2769348 0 0
1255 2077011 0 0 1384674 0 0 0 0 0
fn=std::__detail::_Hash_node<std::pair<unsigned long const, Orderbook::OrderEntry>, false>* std::__detail::_Hashtable_alloc<std::allocator<std::__detail::_Hash_node<std::pair<unsigned long const, Orderbook::OrderEntry>, false> > >::_M_allocate_node<std::pair<unsigned long const, Orderbook::OrderEntry> >(std::pair<unsigned long const, Orderbook::OrderEntry>&&)
1870 5538696 557721 131 0 0 0 3461685 0 0
1873 4846359 0 0 692337 0 0 2077011 0 0
1874 2769348 0 0 692337 0 0 1384674 0 0
1877 4154022 106570 100 692337 0 0 1384674 0 0
1878 11077392 107172 44 2077011 0 0 2769348 0 0
1881 1384674 0 0 692337 0 0 0 0 0
1888 3461685 11721 1 2769348 0 0 0 0 0
fn=std::__detail::_Hash_node<std::pair<unsigned long const, Orderbook::OrderEntry>, false>::_Hash_node()
277 7615707 0 0 2077011 0 0 2077011 0 0
fn=std::__detail::_Hash_node<std::pair<unsigned long const, Orderbook::OrderEntry>, false>::_M_next() const
282 15893108 448 0 0 0 0 7946554 0 0
283 15893108 0 0 15893108 68880 992 0 0 0
fn=std::__detail::_Hash_node_base::_Hash_node_base()
219 6231042 1 1 2077014 0 0 2077014 0 0
fn=std::__detail::_Hash_node_value_base<std::pair<unsigned long const, Orderbook::OrderEntry> >::_M_v()
245 3461685 440773 3 0 0 0 1384674 0 0
246 3461685 683632 109 2077011 0 0 692337 0 0
fn=std::__detail::_Hash_node_value_base<std::pair<unsigned long const, Orderbook::OrderEntry> >::_M_v() const
249 22082760 131085 8 0 0 0 8833104 0 0
250 22082760 55 26 13249656 0 0 4416552 0 0
fn=std::__detail::_Hash_node_value_base<std::pair<unsigned long const, Orderbook::OrderEntry> >::_M_valptr()
237 10985860 187651 117 0 0 0 4394344 0 0
238 10985860 0 0 6591516 0 0 2197172 0 0
fn=std::__detail::_Hash_node_value_base<std::pair<unsigned long const, Orderbook::OrderEntry> >::_M_valptr() const
241 22082760 62656 23 0 0 0 8833104 0 0
242 22082760 0 0 13249656 0 0 4416552 0 0
fn=std::__detail::_Hashtable_alloc<std::allocator<std::__detail::_Hash_node<std::pair<unsigned long const, Orderbook::OrderEntry>, false> > >::_Hashtable_alloc()
1823 11 0 0 3 0 0 3 0 0
fn=std::__detail::_Hashtable_alloc<std::allocator<std::__detail::_Hash_node<std::pair<unsigned long const, Orderbook::OrderEntry>, false> > >::_M_allocate_buckets(unsigned long)
1922 120 12 2 12 0 0 60 0 0
1925 96 12 2 12 0 0 24 0 0
1927 72 0 0 12 0 0 24 0 0
1928 48 0 0 12 0 0 24 0 0
1929 72 12 2 24 0 0 12 0 0
1930 24 0 0 12 4 0 0 0 0
1931 108 12 2 60 4 0 12 0 0
fn=std::__detail::_Hashtable_alloc<std::allocator<std::__detail::_Hash_node<std::pair<unsigned long const, Orderbook::OrderEntry>, false> > >::_M_deallocate_buckets(std::__detail::_Hash_node_base**, unsigned long)
1935 132 12 5 12 1 0 72 1 0
1940 48 12 5 12 0 0 24 0 0
1941 96 0 0 12 0 0 24 0 0
1942 72 0 0 24 0 0 12 0 0
1943 108 12 3 60 2 0 12 0 0
fn=std::__detail::_Hashtable_alloc<std::allocator<std::__detail::_Hash_node<std::pair<unsigned long const, Orderbook::OrderEntry>, false> > >::_M_deallocate_node(std::__detail::_Hash_node<std::pair<unsigned long const, Orderbook::OrderEntry>, false>*)
1892 4846359 0 0 0 0 0 2769348 0 0
1894 7615707 43919 102 1384674 0 0 2077011 0 0
1895 3461685 0 0 1384674 0 0 692337 0 0
1896 2769348 46775 18 2077011 0 0 0 0 0
fn=std::__detail::_Hashtable_alloc<std::allocator<std::__detail::_Hash_node<std::pair<unsigned long const, Orderbook::OrderEntry>, false> > >::_M_deallocate_node_ptr(std::__detail::_Hash_node<std::pair<unsigned long const, Orderbook::OrderEntry>, false>*)
1900 4154022 401691 4 0 0 0 2077011 0 0
1903 2769348 0 0 692337 0 0 1384674 0 0
1905 6231033 401691 118 1384674 0 0 1384674 0 0
1906 2077011 0 0 1384674 0 0 0 0 0
fn=std::__detail::_Hashtable_alloc<std::allocator<std::__detail::_Hash_node<std::pair<unsigned long const, Orderbook::OrderEntry>, false> > >::_M_deallocate_nodes(std::__detail::_Hash_node<std::pair<unsigned long const, Orderbook::OrderEntry>, false>*)
1910 6 1 1 0 0 0 3 0 0
1912 60171 0 0 30085 0 0 0 0 0
1914 60168 0 0 30084 0 0 30084 0 0
1915 120336 0 0 30084 0 0 60168 0 0
1916 150420 0 0 60168 0 0 30084 0 0
1918 4 0 0 2 0 0 0 0 0
fn=std::__detail::_Hashtable_alloc<std::allocator<std::__detail::_Hash_node<std::pair<unsigned long const, Orderbook::OrderEntry>, false> > >::_M_node_allocator()
1833 13846860 2059 0 0 0 0 5538744 0 0
1834 13846860 408420 6 8308116 0 0 2769372 0 0
fn=std::__detail::_Hashtable_alloc<std::allocator<std::__detail::_Hash_node<std::pair<unsigned long const, Orderbook::OrderEntry>, false> > >::~_Hashtable_alloc()
1802 11 1 1 3 0 0 3 0 0
fn=std::__detail::_Hashtable_base<unsigned long, std::pair<unsigned long const, Orderbook::OrderEntry>, std::__detail::_Select1st, std::equal_to<unsigned long>, std::hash<unsigned long>, std::__detail::_Mod_range_hashing, std::__detail::_Default_ranged_hash, std::__detail::_Hashtable_traits<false, false, true> >::_Hashtable_base()
1604 14 2 2 4 0 0 4 0 0
fn=std::__detail::_Hashtable_base<unsigned long, std::pair<unsigned long const, Orderbook::OrderEntry>, std::__detail::_Select1st, std::equal_to<unsigned long>, std::hash<unsigned long>, std::__detail::_Mod_range_hashing, std::__detail::_Default_ranged_hash, std::__detail::_Hashtable_traits<false, false, true> >::_M_eq() const
1650 21337350 0 0 6401205 0 0 6401205 0 0
fn=std::__detail::_Hashtable_base<unsigned long, std::pair<unsigned long const, Orderbook::OrderEntry>, std::__detail::_Select1st, std::equal_to<unsigned long>, std::hash<unsigned long>, std::__detail::_Mod_range_hashing, std::__detail::_Default_ranged_hash, std::__detail::_Hashtable_traits<false, false, true> >::_M_equals(unsigned long const&, unsigned long, std::__detail::_Hash_node_value<std::pair<unsigned long const, Orderbook::OrderEntry>, false> const&) const
1611 25604820 214398 46 2133735 0 0 14936145 0 0
1617 58513420 502168 93 10668675 0 0 10668675 0 0
1618 12802410 0 0 10668675 0 0 0 0 0
fn=std::__detail::_Hashtable_base<unsigned long, std::pair<unsigned long const, Orderbook::OrderEntry>, std::__detail::_Select1st, std::equal_to<unsigned long>, std::hash<unsigned long>, std::__detail::_Mod_range_hashing, std::__detail::_Default_ranged_hash, std::__detail::_Hashtable_traits<false, false, true> >::_S_equals(unsigned long, std::__detail::_Hash_node_code_cache<false> const&)
1586 10668675 135176 7 0 0 0 6401205 0 0
1587 6401205 0 0 4267470 0 0 0 0 0
fn=std::__detail::_Hashtable_ebo_helper<0, std::allocator<std::__detail::_Hash_node<std::pair<unsigned long const, Orderbook::OrderEntry>, false> >, true>::_Hashtable_ebo_helper()
1127 11 0 0 3 0 0 3 0 0
fn=std::__detail::_Hashtable_ebo_helper<0, std::allocator<std::__detail::_Hash_node<std::pair<unsigned long const, Orderbook::OrderEntry>, false> >, true>::_M_get()
1135 19385604 1 1 8308116 0 0 5538744 0 0
fn=std::__detail::_Hashtable_ebo_helper<0, std::allocator<std::__detail::_Hash_node<std::pair<unsigned long const, Orderbook::OrderEntry>, false> >, true>::~_Hashtable_ebo_helper()
1124 11 1 1 3 0 0 3 0 0
fn=std::__detail::_Hashtable_ebo_helper<0, std::equal_to<unsigned long>, true>::_Hashtable_ebo_helper()
1127 7 1 1 2 0 0 2 0 0
fn=std::__detail::_Hashtable_ebo_helper<0, std::equal_to<unsigned long>, true>::_M_cget() const
1134 14936145 354817 81 6401205 0 0 4267470 0 0
fn=std::__detail::_Hashtable_ebo_helper<1, std::hash<unsigned long>, true>::_Hashtable_ebo_helper()
1127 7 1 1 2 0 0 2 0 0
fn=std::__detail::_Hashtable_ebo_helper<1, std::hash<unsigned long>, true>::_M_cget() const
1134 34932429 1 1 14971041 0 0 9980694 0 0
fn=std::__detail::_Insert_base<unsigned long, std::pair<unsigned long const, Orderbook::OrderEntry>, std::allocator<std::pair<unsigned long const, Orderbook::OrderEntry> >, std::__detail::_Select1st, std::equal_to<unsigned long>, std::hash<unsigned long>, std::__detail::_Mod_range_hashing, std::__detail::_Default_ranged_hash, std::__detail::_Prime_rehash_policy, std::__detail::_Hashtable_traits<false, false, true> >::_M_conjure_hashtable()
815 2769348 0 0 0 0 0 1384674 0 0
816 2077011 0 0 2077011 0 0 0 0 0
fn=std::__detail::_Map_base<unsigned long, std::pair<unsigned long const, Orderbook::OrderEntry>, std::allocator<std::pair<unsigned long const, Orderbook::OrderEntry> >, std::__detail::_Select1st, std::equal_to<unsigned long>, std::hash<unsigned long>, std::__detail::_Mod_range_hashing, std::__detail::_Default_ranged_hash, std::__detail::_Prime_rehash_policy, std::__detail::_Hashtable_traits<false, false, true>, true>::at(unsigned long const&)
750 1081449 97883 60 120161 0 0 480644 0 0
755 240322 0 0 120161 0 0 120161 0 0
756 720966 0 0 240322 0 0 240322 0 0
758 360483 0 0 120161 0 0 0 0 0
760 480644 100500 160 0 0 0 120161 0 0
761 600805 0 0 480644 0 0 0 0 0
fn=std::__detail::_Mod_range_hashing::operator()(unsigned long, unsigned long) const
428 29942154 0 0 0 0 0 19961436 0 0
430 29942154 0 0 19961436 0 0 0 0 0
fn=std::__detail::_Node_const_iterator<std::pair<unsigned long const, Orderbook::OrderEntry>, false, false>::_Node_const_iterator(std::__detail::_Hash_node<std::pair<unsigned long const, Orderbook::OrderEntry>, false>*)
385 14793348 2319 15 0 0 0 7396674 0 0
386 19724464 0 0 9862232 0 0 2465558 0 0
fn=std::__detail::_Node_iterator<std::pair<unsigned long const, Orderbook::OrderEntry>, false, false>::_Node_iterator(std::__detail::_Hash_node<std::pair<unsigned long const, Orderbook::OrderEntry>, false>*)
338 8848506 553642 7 0 0 0 4424253 0 0
339 11798008 0 0 5899004 0 0 1474751 0 0
fn=std::__detail::_Node_iterator<std::pair<unsigned long const, Orderbook::OrderEntry>, false, false>::operator->() const
346 600805 18338 13 0 0 0 240322 0 0
347 841127 0 0 480644 0 0 120161 0 0
fn=std::__detail::_Node_iterator_base<std::pair<unsigned long const, Orderbook::OrderEntry>, false>::_Node_iterator_base(std::__detail::_Hash_node<std::pair<unsigned long const, Orderbook::OrderEntry>, false>*)
295 19701545 1 1 0 0 0 11820927 0 0
296 23641854 1 1 15761236 0 0 3940309 0 0
fn=std::__detail::_Prime_rehash_policy::_M_state() const
473 2769348 692337 3 0 0 0 1384674 0 0
474 2769348 0 0 2769348 0 0 0 0 0
fn=std::__detail::_Prime_rehash_policy::_Prime_rehash_policy(float)
446 5 1 1 0 0 0 3 0 0
447 8 1 1 5 0 0 2 0 0
fn=std::__detail::operator==(std::__detail::_Node_iterator_base<std::pair<unsigned long const, Orderbook::OrderEntry>, false> const&, std::__detail::_Node_iterator_base<std::pair<unsigned long const, Orderbook::OrderEntry>, false> const&)
303 6163895 0 0 0 0 0 3698337 0 0
305 9862232 367503 8 7396674 0 0 0 0 0
fn=std::pair<std::__detail::_Node_iterator<std::pair<unsigned long const, Orderbook::OrderEntry>, false, false>, bool> std::__detail::_Insert<unsigned long, std::pair<unsigned long const, Orderbook::OrderEntry>, std::allocator<std::pair<unsigned long const, Orderbook::OrderEntry> >, std::__detail::_Select1st, std::equal_to<unsigned long>, std::hash<unsigned long>, std::__detail::_Mod_range_hashing, std::__detail::_Default_ranged_hash, std::__detail::_Prime_rehash_policy, std::__detail::_Hashtable_traits<false, false, true>, false>::insert<std::pair<unsigned long const, Orderbook::OrderEntry>, void>(std::pair<unsigned long const, Orderbook::OrderEntry>&&)
1033 4154022 350379 123 0 0 0 2077011 0 0
1035 2769348 0 0 692337 0 0 1384674 0 0
1036 5538696 0 0 1384674 0 0 1384674 0 0
1037 1384674 0 0 1384674 0 0 0 0 0
fl=/usr/include/c++/11/bits/list.tcc
fn=std::__cxx11::_List_base<std::shared_ptr<Order>, std::allocator<std::shared_ptr<Order> > >::_M_clear()
66 3245435 249550 1 0 0 0 1298174 1 0
70 1947261 392887 109 1298174 41 0 649087 0 0
71 2686600 48989 1 1358342 0 0 0 0 0
73 60168 0 0 30084 0 0 30084 0 0
74 90252 0 0 60168 29989 55 30084 0 0
75 120336 0 0 30084 0 0 60168 0 0
77 240672 0 0 60168 0 0 60168 0 0
81 150420 0 0 60168 0 0 30084 0 0
83 2596348 0 0 1298174 29 0 0 0 0
fn=std::__cxx11::list<std::shared_ptr<Order>, std::allocator<std::shared_ptr<Order> > >::erase(std::_List_const_iterator<std::shared_ptr<Order> >)
150 912033 0 0 101337 0 0 405348 0 0
157 608022 0 0 202674 0 0 101337 0 0
158 810696 48733 55 101337 0 0 202674 0 0
159 101337 0 0 101337 0 0 0 0 0
160 506685 0 0 405348 0 0 0 0 0
fl=/usr/include/c++/11/bits/move.h
fn=Order&& std::forward<Order>(std::remove_reference<Order>::type&)
77 32000000 673513 12 0 0 0 16000000 0 0
78 24000000 0 0 24000000 0 0 0 0 0
fn=OrderType& std::forward<OrderType&>(std::remove_reference<OrderType&>::type&)
77 602368 0 0 0 0 0 301184 0 0
78 451776 0 0 451776 0 0 0 0 0
fn=Orderbook::OrderEntry&& std::forward<Orderbook::OrderEntry>(std::remove_reference<Orderbook::OrderEntry>::type&)
77 2769348 70894 20 0 0 0 1384674 0 0
78 2077011 0 0 2077011 0 0 0 0 0
fn=Side&& std::forward<Side>(std::remove_reference<Side>::type&)
77 602368 0 0 0 0 0 301184 0 0
78 451776 0 0 451776 0 0 0 0 0
fn=Trade&& std::forward<Trade>(std::remove_reference<Trade>::type&)
77 6723876 177842 3 0 0 0 3361938 0 0
78 5042907 0 0 5042907 0 0 0 0 0
fn=bool&& std::forward<bool>(std::remove_reference<bool>::type&)
77 2769348 0 0 0 0 0 1384674 0 0
78 2077011 0 0 2077011 0 0 0 0 0
fn=char const* std::__addressof<char const>(char const&)
49 8 1 1 0 0 0 4 0 0
50 6 0 0 6 0 0 0 0 0
fn=char const* std::addressof<char const>(char const&)
145 10 1 1 0 0 0 4 0 0
146 10 0 0 6 0 0 2 0 0
fn=char* std::__addressof<char>(char&)
49 8 1 1 0 0 0 4 0 0
50 6 0 0 6 0 0 0 0 0
fn=char* std::addressof<char>(char&)
145 10 1 1 0 0 0 4 0 0
146 10 0 0 6 0 0 2 0 0
fn=int&& std::forward<int&&>(std::remove_reference<int&&>::type&)
77 2596348 45 1 0 0 0 1298174 0 0
78 1947261 0 0 1947261 0 0 0 0 0
fn=int&& std::forward<int>(std::remove_reference<int>::type&)
77 10987760 650676 112 0 0 0 5493880 0 0
78 8240820 0 0 8240820 0 0 0 0 0
fn=std::_Rb_tree_iterator<std::pair<int const, std::__cxx11::list<std::shared_ptr<Order>, std::allocator<std::shared_ptr<Order> > > > >&& std::forward<std::_Rb_tree_iterator<std::pair<int const, std::__cxx11::list<std::shared_ptr<Order>, std::allocator<std::shared_ptr<Order> > > > > >(std::remove_reference<std::_Rb_tree_iterator<std::pair<int const, std::__cxx11::list<std::shared_ptr<Order>, std::allocator<std::shared_ptr<Order> > > > > >::type&)
77 5191368 0 0 0 0 0 2595684 0 0
78 3893526 0 0 3893526 0 0 0 0 0
fn=std::_Rb_tree_node<std::pair<int const, std::__cxx11::list<std::shared_ptr<Order>, std::allocator<std::shared_ptr<Order> > > > >*& std::forward<std::_Rb_tree_node<std::pair<int const, std::__cxx11::list<std::shared_ptr<Order>, std::allocator<std::shared_ptr<Order> > > > >*&>(std::remove_reference<std::_Rb_tree_node<std::pair<int const, std::__cxx11::list<std::shared_ptr<Order>, std::allocator<std::shared_ptr<Order> > > > >*&>::type&)
77 24 1 1 0 0 0 12 0 0
78 18 0 0 18 0 0 0 0 0
fn=std::_Rb_tree_node_base*& std::forward<std::_Rb_tree_node_base*&>(std::remove_reference<std::_Rb_tree_node_base*&>::type&)
77 4859988 0 0 0 0 0 2429994 0 0
78 3644991 0 0 3644991 0 0 0 0 0
fn=std::__detail::_Hash_node<std::pair<unsigned long const, Orderbook::OrderEntry>, false>* std::__addressof<std::__detail::_Hash_node<std::pair<unsigned long const, Orderbook::OrderEntry>, false> >(std::__detail::_Hash_node<std::pair<unsigned long const, Orderbook::OrderEntry>, false>&)
49 2769348 13523 0 0 0 0 1384674 0 0
50 2077011 0 0 2077011 0 0 0 0 0
fn=std::__detail::_Hash_node<std::pair<unsigned long const, Orderbook::OrderEntry>, false>* std::addressof<std::__detail::_Hash_node<std::pair<unsigned long const, Orderbook::OrderEntry>, false> >(std::__detail::_Hash_node<std::pair<unsigned long const, Orderbook::OrderEntry>, false>&)
145 3461685 0 0 0 0 0 1384674 0 0
146 3461685 2153 4 2077011 0 0 692337 0 0
fn=std::__detail::_Hash_node_base** std::__addressof<std::__detail::_Hash_node_base*>(std::__detail::_Hash_node_base*&)
49 48 0 0 0 0 0 24 0 0
50 36 0 0 36 0 0 0 0 0
fn=std::__detail::_Hash_node_base** std::addressof<std::__detail::_Hash_node_base*>(std::__detail::_Hash_node_base*&)
145 60 0 0 0 0 0 24 6 0
146 60 0 0 36 0 0 12 0 0
fn=std::__detail::_Node_iterator<std::pair<unsigned long const, Orderbook::OrderEntry>, false, false>& std::forward<std::__detail::_Node_iterator<std::pair<unsigned long const, Orderbook::OrderEntry>, false, false>&>(std::remove_reference<std::__detail::_Node_iterator<std::pair<unsigned long const, Orderbook::OrderEntry>, false, false>&>::type&)
77 2769348 0 0 0 0 0 1384674 0 0
78 2077011 0 0 2077011 0 0 0 0 0
fn=std::allocator<std::_List_node<std::shared_ptr<Order> > >* std::__addressof<std::allocator<std::_List_node<std::shared_ptr<Order> > > >(std::allocator<std::_List_node<std::shared_ptr<Order> > >&)
49 2769348 0 0 0 0 0 1384674 0 0
50 2077011 0 0 2077011 0 0 0 0 0
fn=std::allocator<std::_Sp_counted_ptr_inplace<Order, std::allocator<Order>, (__gnu_cxx::_Lock_policy)2> >* std::__addressof<std::allocator<std::_Sp_counted_ptr_inplace<Order, std::allocator<Order>, (__gnu_cxx::_Lock_policy)2> > >(std::allocator<std::_Sp_counted_ptr_inplace<Order, std::allocator<Order>, (__gnu_cxx::_Lock_policy)2> >&)
49 8150592 356573 6 0 0 0 4075296 1 0
50 6112944 262536 3 6112944 0 0 0 0 0
fn=std::pair<unsigned long const, Orderbook::OrderEntry> const& std::forward<std::pair<unsigned long const, Orderbook::OrderEntry> const&>(std::remove_reference<std::pair<unsigned long const, Orderbook::OrderEntry> const&>::type&)
77 17666208 0 0 0 0 0 8833104 0 0
78 13249656 0 0 13249656 0 0 0 0 0
fn=std::pair<unsigned long const, Orderbook::OrderEntry>& std::forward<std::pair<unsigned long const, Orderbook::OrderEntry>&>(std::remove_reference<std::pair<unsigned long const, Orderbook::OrderEntry>&>::type&)
77 2769348 0 0 0 0 0 1384674 0 0
78 2077011 0 0 2077011 0 0 0 0 0
fn=std::pair<unsigned long const, Orderbook::OrderEntry>&& std::forward<std::pair<unsigned long const, Orderbook::OrderEntry> >(std::remove_reference<std::pair<unsigned long const, Orderbook::OrderEntry> >::type&)
77 16616088 0 0 0 0 0 8308044 0 0
78 12462066 0 0 12462066 0 0 0 0 0
fn=std::piecewise_construct_t const& std::forward<std::piecewise_construct_t const&>(std::remove_reference<std::piecewise_construct_t const&>::type&)
77 12981740 0 0 0 0 0 6490870 0 0
78 9736305 0 0 9736305 0 0 0 0 0
fn=std::remove_reference<Trade&>::type&& std::move<Trade&>(Trade&)
104 2241292 176474 5 0 0 0 1120646 0 0
105 1680969 0 0 1680969 0 0 0 0 0
fn=std::remove_reference<int&>::type&& std::move<int&>(int&)
104 2596348 192944 47 0 0 0 1298174 0 0
105 1947261 0 0 1947261 0 0 0 0 0
fn=std::remove_reference<std::pair<unsigned long const, Orderbook::OrderEntry>&>::type&& std::move<std::pair<unsigned long const, Orderbook::OrderEntry>&>(std::pair<unsigned long const, Orderbook::OrderEntry>&)
104 2769348 0 0 0 0 0 1384674 0 0
105 2077011 0 0 2077011 0 0 0 0 0
fn=std::remove_reference<std::shared_ptr<Order>&>::type&& std::move<std::shared_ptr<Order>&>(std::shared_ptr<Order>&)
104 5538696 711161 90 0 0 0 2769348 0 0
105 4154022 0 0 4154022 0 0 0 0 0
fn=std::shared_ptr<Order> const& std::forward<std::shared_ptr<Order> const&>(std::remove_reference<std::shared_ptr<Order> const&>::type&)
77 11077392 94820 26 0 0 0 5538696 0 0
78 8308044 0 0 8308044 0 0 0 0 0
fn=std::tuple<>&& std::forward<std::tuple<> >(std::remove_reference<std::tuple<> >::type&)
77 12981740 0 0 0 0 0 6490870 0 0
78 9736305 0 0 9736305 0 0 0 0 0
fn=std::tuple<int&&>&& std::forward<std::tuple<int&&> >(std::remove_reference<std::tuple<int&&> >::type&)
77 12981740 0 0 0 0 0 6490870 0 0
78 9736305 0 0 9736305 0 0 0 0 0
fn=unsigned int&& std::forward<unsigned int>(std::remove_reference<unsigned int>::type&)
77 602368 18824 86 0 0 0 301184 0 0
78 451776 0 0 451776 0 0 0 0 0
fn=unsigned long&& std::forward<unsigned long>(std::remove_reference<unsigned long>::type&)
77 3371716 678149 5 0 0 0 1685858 0 0
78 2528787 0 0 2528787 0 0 0 0 0
fl=/usr/include/c++/11/bits/ptr_traits.h
fn=std::_Sp_counted_ptr_inplace<Order, std::allocator<Order>, (__gnu_cxx::_Lock_policy)2>* std::__to_address<std::_Sp_counted_ptr_inplace<Order, std::allocator<Order>, (__gnu_cxx::_Lock_policy)2> >(std::_Sp_counted_ptr_inplace<Order, std::allocator<Order>, (__gnu_cxx::_Lock_policy)2>*)
159 4075296 19271 1 0 0 0 2037648 0 0
162 1018824 0 0 1018824 0 0 0 0 0
163 2037648 0 0 2037648 0 0 0 0 0
fn=std::__detail::_Hash_node<std::pair<unsigned long const, Orderbook::OrderEntry>, false>* std::__to_address<std::__detail::_Hash_node<std::pair<unsigned long const, Orderbook::OrderEntry>, false> >(std::__detail::_Hash_node<std::pair<unsigned long const, Orderbook::OrderEntry>, false>*)
159 2769348 0 0 0 0 0 1384674 0 0
162 692337 0 0 692337 0 0 0 0 0
163 1384674 0 0 1384674 0 0 0 0 0
fn=std::__detail::_Hash_node_base** std::__to_address<std::__detail::_Hash_node_base*>(std::__detail::_Hash_node_base**)
159 48 0 0 0 0 0 24 0 0
162 12 0 0 12 0 0 0 0 0
163 24 0 0 24 0 0 0 0 0
fn=std::pointer_traits<char const*>::pointer_to(char const&)
149 10 1 1 0 0 0 4 0 0
150 10 0 0 6 0 0 2 0 0
fn=std::pointer_traits<char*>::pointer_to(char&)
149 10 1 1 0 0 0 4 0 0
150 10 0 0 6 0 0 2 0 0
fn=std::pointer_traits<std::__detail::_Hash_node<std::pair<unsigned long const, Orderbook::OrderEntry>, false>*>::pointer_to(std::__detail::_Hash_node<std::pair<unsigned long const, Orderbook::OrderEntry>, false>&)
149 3461685 0 0 0 0 0 1384674 0 0
150 3461685 0 0 2077011 0 0 692337 0 0
fn=std::pointer_traits<std::__detail::_Hash_node_base**>::pointer_to(std::__detail::_Hash_node_base*&)
149 60 0 0 0 0 0 24 0 0
150 60 0 0 36 0 0 12 0 0
fl=/usr/include/c++/11/bits/random.h
fn=std::__detail::_Mod<unsigned long, 4294967296ul, 1ul, 0ul, true, true>::__calc(unsigned long)
136 4992 1 1 0 0 0 2496 0 0
138 2496 1 1 1248 0 0 1248 0 0
140 2496 0 0 1248 0 0 0 0 0
141 1248 0 0 1248 0 0 0 0 0
142 2496 0 0 2496 0 0 0 0 0
fn=std::__detail::_Mod<unsigned long, 624ul, 1ul, 0ul, true, true>::__calc(unsigned long)
136 4984 0 0 0 0 0 2492 0 0
138 2492 0 0 1246 0 0 1246 0 0
140 13706 1 1 1246 0 0 1246 0 0
141 1246 0 0 1246 0 0 0 0 0
142 2492 0 0 2492 0 0 0 0 0
fn=std::mersenne_twister_engine<unsigned long, 32ul, 624ul, 397ul, 31ul, 2567483615ul, 11ul, 4294967295ul, 7ul, 2636928640ul, 15ul, 4022730752ul, 18ul, 1812433253ul>::mersenne_twister_engine(unsigned long)
530 12 1 1 0 0 0 6 0 0
531 16 0 0 8 0 0 2 0 0
fn=std::random_device::operator()()
1647 10 0 0 0 0 0 4 0 0
1648 10 0 0 6 0 0 2 0 0
fn=std::random_device::random_device()
1618 72 4 4 14 0 0 18 0 0
fn=std::random_device::~random_device()
1624 10 1 1 0 0 0 4 0 0
1625 12 0 0 6 0 0 2 1 0
fn=unsigned long std::__detail::__mod<unsigned long, 4294967296ul, 1ul, 0ul>(unsigned long)
147 6240 0 0 0 0 0 2496 0 0
154 1248 0 0 0 0 0 1248 0 0
155 3744 0 0 1248 0 0 1248 0 0
157 2496 0 0 2496 0 0 0 0 0
fn=unsigned long std::__detail::__mod<unsigned long, 624ul, 1ul, 0ul>(unsigned long)
147 6230 0 0 0 0 0 2492 0 0
154 1246 1 1 0 0 0 1246 0 0
155 3738 0 0 1246 0 0 1246 0 0
157 2492 0 0 2492 0 0 0 0 0
fl=/usr/include/c++/11/bits/random.tcc
fn=std::mersenne_twister_engine<unsigned long, 32ul, 624ul, 397ul, 31ul, 2567483615ul, 11ul, 4294967295ul, 7ul, 2636928640ul, 15ul, 4022730752ul, 18ul, 1812433253ul>::_M_gen_rand()
394 39432 6826 7 0 0 0 19716 0 0
398 9858 0 0 0 0 0 9858 0 0
399 9858 0 0 0 0 0 9858 0 0
401 6752730 6988 142 4485390 0 0 9858 0 0
403 15664362 6572 7 6713298 8307 39 2237766 0 0
404 11188830 0 0 6713298 181329 1801 0 0 0
405 22377660 0 0 13426596 23572 192 2237766 0 0
406 16785239 0 0 2237766 0 0 0 0 0
409 11750736 6577 140 7817394 0 0 9858 0 0
411 27326376 6743 10 11711304 0 0 3903768 0 0
412 19518840 0 0 11711304 88160 858 0 0 0
413 39037680 0 0 23422608 0 0 3903768 0 0
414 29279754 0 0 3903768 0 0 0 0 0
417 59148 6569 7 19716 0 0 9858 0 0
418 29574 0 0 19716 0 0 0 0 0
419 69006 1 1 39432 0 0 9858 0 0
420 64090 0 0 9858 0 0 0 0 0
421 19716 0 0 9858 0 0 9858 0 0
422 29574 0 0 19716 0 0 0 0 0
fn=std::mersenne_twister_engine<unsigned long, 32ul, 624ul, 397ul, 31ul, 2567483615ul, 11ul, 4294967295ul, 7ul, 2636928640ul, 15ul, 4022730752ul, 18ul, 1812433253ul>::operator()()
450 30753330 564268 13 0 0 0 12301332 0 0
455 24602664 0 0 12301332 0 0 0 0 0
456 29574 0 0 9858 0 0 9858 0 0
459 49205328 657216 9 30753330 288419 3668 12301332 0 0
460 24602664 0 0 12301332 0 0 0 0 0
461 24602664 0 0 12301332 0 0 0 0 0
462 24602664 0 0 12301332 0 0 0 0 0
463 18451998 0 0 12301332 0 0 0 0 0
465 6150666 0 0 6150666 0 0 0 0 0
466 12301332 0 0 12301332 0 0 0 0 0
fn=std::mersenne_twister_engine<unsigned long, 32ul, 624ul, 397ul, 31ul, 2567483615ul, 11ul, 4294967295ul, 7ul, 2636928640ul, 15ul, 4022730752ul, 18ul, 1812433253ul>::seed(unsigned long)
323 12 0 0 0 0 0 6 0 0
327 4 0 0 2 0 0 2 2 2
328 6 0 0 2 0 0 2 0 0
330 3746 1 1 2494 0 0 2 0 0
332 6230 1 1 3738 0 0 1246 0 0
333 3738 0 0 2492 0 0 0 0 0
334 3738 0 0 1246 0 0 1246 0 0
335 4984 0 0 2492 0 0 1246 0 0
336 3738 0 0 2492 0 0 1246 154 154
337 3738 0 0 1246 0 0 1246 0 0
339 4 0 0 2 0 0 2 0 0
340 6 0 0 4 0 0 0 0 0
fl=/usr/include/c++/11/bits/shared_ptr.h
fn=std::shared_ptr<Order> std::allocate_shared<Order, std::allocator<Order>, Order>(std::allocator<Order> const&, Order&&)
858 7000000 673513 7 0 0 0 4000000 0 0
863 9000000 0 0 3000000 0 0 2000000 0 0
864 3000000 0 0 3000000 0 0 0 0 0
fn=std::shared_ptr<Order> std::allocate_shared<Order, std::allocator<Order>, OrderType&, unsigned long, Side, int, unsigned int>(std::allocator<Order> const&, OrderType&, unsigned long&&, Side&&, int&&, unsigned int&&)
858 263536 0 0 0 0 0 207064 0 0
863 545896 18824 146 131768 0 0 131768 0 0
864 150592 0 0 131768 0 0 0 0 0
fn=std::shared_ptr<Order> std::make_shared<Order, Order>(Order&&)
875 10000000 1347026 94 1000000 0 0 5000000 0 0
878 6000000 673513 3 0 0 0 2000000 0 0
879 12000000 0 0 2000000 0 0 2000000 0 0
880 7000000 405093 104 6000000 0 0 0 0 0
fn=std::shared_ptr<Order> std::make_shared<Order, OrderType&, unsigned long, Side, int, unsigned int>(OrderType&, unsigned long&&, Side&&, int&&, unsigned int&&)
875 338832 30961 13 18824 0 0 244712 0 0
878 112944 0 0 0 0 0 37648 0 0
879 602368 37311 92 112944 0 0 131768 0 0
880 225888 0 0 188240 0 0 0 0 0
fn=std::shared_ptr<Order>::shared_ptr(std::shared_ptr<Order> const&)
150 35074480 274866 64 10021280 0 0 10021280 0 0
fn=std::shared_ptr<Order>::shared_ptr(std::shared_ptr<Order>&&)
304 9692718 0 0 0 0 0 5538696 0 0
305 15231414 47699 22 6923370 0 0 2769348 0 0
fn=std::shared_ptr<Order>::shared_ptr<std::allocator<Order>, Order>(std::_Sp_alloc_shared_tag<std::allocator<Order> >, Order&&)
408 8000000 779799 173 0 0 0 5000000 0 0
409 9000000 0 0 3000000 0 0 2000000 0 0
410 4000000 0 0 3000000 0 0 0 0 0
fn=std::shared_ptr<Order>::shared_ptr<std::allocator<Order>, OrderType&, unsigned long, Side, int, unsigned int>(std::_Sp_alloc_shared_tag<std::allocator<Order> >, OrderType&, unsigned long&&, Side&&, int&&, unsigned int&&)
408 282360 18791 9 0 0 0 225888 0 0
409 564720 33727 11 131768 0 0 131768 0 0
410 169416 0 0 131768 0 0 0 0 0
fn=std::shared_ptr<Order>::~shared_ptr()
122 53996998 80 1 14726454 0 0 14726454 1 0
fl=/usr/include/c++/11/bits/shared_ptr_base.h
fn=std::_Sp_counted_base<(__gnu_cxx::_Lock_policy)2>::_M_add_ref_copy()
147 10021280 3914 1 0 0 0 5010640 0 0
148 17537240 0 0 7515960 0 0 5010640 0 0
fn=std::_Sp_counted_base<(__gnu_cxx::_Lock_policy)2>::_M_release()
161 17620720 215545 10 0 0 0 7048288 374 0
165 28193152 3870 205 3524144 0 0 7048288 0 0
168 7131768 0 0 4075296 10 3 1018824 0 0
180 6112944 0 0 1018824 0 0 2037648 0 0
181 2037648 1 1 0 0 0 0 0 0
184 7131768 0 0 4075296 0 0 1018824 0 0
187 10572432 0 0 7048288 0 0 0 0 0
fn=std::_Sp_counted_base<(__gnu_cxx::_Lock_policy)2>::_Sp_counted_base()
126 4075296 0 0 0 0 0 2037648 172 0
127 10188240 684952 13 5094120 0 0 3056472 0 0
fn=std::_Sp_counted_base<(__gnu_cxx::_Lock_policy)2>::~_Sp_counted_base()
130 4075296 391449 115 0 0 0 2037648 0 0
131 6112944 2 1 3056472 0 0 1018824 0 0
fn=std::_Sp_counted_ptr_inplace<Order, std::allocator<Order>, (__gnu_cxx::_Lock_policy)2>::_Impl::_Impl(std::allocator<Order>)
502 14263536 682972 103 4075296 0 0 4075296 0 0
fn=std::_Sp_counted_ptr_inplace<Order, std::allocator<Order>, (__gnu_cxx::_Lock_policy)2>::_Impl::_M_alloc()
504 20376480 308846 169 6112944 0 0 6112944 0 0
fn=std::_Sp_counted_ptr_inplace<Order, std::allocator<Order>, (__gnu_cxx::_Lock_policy)2>::_Impl::~_Impl()
497 11207064 580395 120 3056472 0 0 3056472 0 0
fn=std::_Sp_counted_ptr_inplace<Order, std::allocator<Order>, (__gnu_cxx::_Lock_policy)2>::_M_destroy()
533 8150592 80546 79 1018824 0 0 3056472 0 0
535 9169416 0 0 1018824 0 0 2037648 0 0
536 6112944 70414 22 1018824 0 0 1018824 0 0
537 3056472 0 0 1018824 0 0 1018824 0 0
538 11207064 0 0 4075296 0 0 2037648 0 0
fn=std::_Sp_counted_ptr_inplace<Order, std::allocator<Order>, (__gnu_cxx::_Lock_policy)2>::_M_dispose()
526 6112944 363178 6 0 0 0 3056472 1 0
528 11207064 484816 6 2037648 0 0 3056472 0 0
529 4075296 0 0 3056472 0 0 0 0 0
fn=std::_Sp_counted_ptr_inplace<Order, std::allocator<Order>, (__gnu_cxx::_Lock_policy)2>::_M_ptr()
565 33621192 692241 10 9169416 0 0 9169416 1 0
fn=std::_Sp_counted_ptr_inplace<Order, std::allocator<Order>, (__gnu_cxx::_Lock_policy)2>::_Sp_counted_ptr_inplace<Order>(std::allocator<Order>, Order&&)
514 11000000 285602 15 1000000 0 0 6000000 0 0
515 20000000 23944 110 4000000 0 0 5000000 0 0
519 13000000 1 1 3000000 0 0 3000000 0 0
521 7000000 0 0 5000000 0 0 0 0 0
fn=std::_Sp_counted_ptr_inplace<Order, std::allocator<Order>, (__gnu_cxx::_Lock_policy)2>::_Sp_counted_ptr_inplace<OrderType&, unsigned long, Side, int, unsigned int>(std::allocator<Order>, OrderType&, unsigned long&&, Side&&, int&&, unsigned int&&)
514 376480 37193 8 37648 0 0 263536 0 0
515 376480 18824 107 75296 0 0 94120 0 0
519 640016 37647 12 131768 0 0 150592 0 0
521 225888 16778 3 169416 0 0 0 0 0
fn=std::_Sp_counted_ptr_inplace<Order, std::allocator<Order>, (__gnu_cxx::_Lock_policy)2>::~_Sp_counted_ptr_inplace()
523 18338832 434491 16 5094120 0 0 5094120 0 0
fn=std::_Sp_ebo_helper<0, std::allocator<Order>, true>::_S_get(std::_Sp_ebo_helper<0, std::allocator<Order>, true>&)
389 14263536 13517 5 6112944 0 0 4075296 0 0
fn=std::_Sp_ebo_helper<0, std::allocator<Order>, true>::_Sp_ebo_helper(std::allocator<Order> const&)
385 14263536 0 0 4075296 0 0 4075296 0 0
fn=std::_Sp_ebo_helper<0, std::allocator<Order>, true>::~_Sp_ebo_helper()
383 11207064 0 0 3056472 0 0 3056472 1 0
fn=std::__shared_count<(__gnu_cxx::_Lock_policy)2>::_M_swap(std::__shared_count<(__gnu_cxx::_Lock_policy)2>&)
731 6923370 503504 5 0 0 0 4154022 0 0
733 4154022 685411 12 2769348 0 0 1384674 0 0
734 5538696 0 0 4154022 0 0 1384674 0 0
735 4154022 0 0 2769348 0 0 1384674 0 0
736 4154022 0 0 2769348 0 0 0 0 0
fn=std::__shared_count<(__gnu_cxx::_Lock_policy)2>::__shared_count()
587 8308044 1384482 135 1384674 0 0 4154022 0 0
588 4154022 0 0 2769348 0 0 0 0 0
fn=std::__shared_count<(__gnu_cxx::_Lock_policy)2>::__shared_count(std::__shared_count<(__gnu_cxx::_Lock_policy)2> const&)
708 15031920 22900 4 0 0 0 7515960 0 0
709 10021280 0 0 7515960 0 0 2505320 0 0
711 10021280 0 0 5010640 0 0 0 0 0
712 10021280 0 0 5010640 0 0 2505320 0 0
713 7515960 0 0 5010640 0 0 0 0 0
fn=std::__shared_count<(__gnu_cxx::_Lock_policy)2>::__shared_count<Order, std::allocator<Order>, Order>(Order*&, std::_Sp_alloc_shared_tag<std::allocator<Order> >, Order&&)
643 14000000 994000 114 1000000 0 0 9000000 0 0
647 5000000 0 0 1000000 0 0 1000000 0 0
648 5000000 0 0 0 0 0 1000000 0 0
649 4000000 0 0 0 0 0 2000000 0 0
650 19000000 1308611 9 2000000 0 0 5000000 0 0
651 4000000 0 0 1000000 0 0 1000000 0 0
652 4000000 0 0 0 0 0 1000000 0 0
653 3000000 0 0 2000000 0 0 1000000 0 0
654 5000000 673190 85 2000000 0 0 2000000 0 0
655 16000000 12079 1 7000000 0 0 2000000 0 0
fn=std::__shared_count<(__gnu_cxx::_Lock_policy)2>::__shared_count<Order, std::allocator<Order>, OrderType&, unsigned long, Side, int, unsigned int>(Order*&, std::_Sp_alloc_shared_tag<std::allocator<Order> >, OrderType&, unsigned long&&, Side&&, int&&, unsigned int&&)
643 414128 18537 12 56472 0 0 282360 0 0
647 94120 18818 8 18824 0 0 18824 0 0
648 94120 0 0 0 0 0 18824 0 0
649 75296 0 0 0 0 0 37648 0 0
650 470600 18757 91 94120 0 0 112944 0 0
651 376480 37251 14 94120 0 0 150592 0 0
652 75296 18737 3 0 0 0 18824 0 0
653 56472 0 0 37648 0 0 18824 0 0
654 94120 0 0 37648 0 0 37648 0 0
655 338832 21106 113 169416 0 0 37648 0 0
fn=std::__shared_count<(__gnu_cxx::_Lock_policy)2>::~__shared_count()
702 24544090 442 1 0 0 0 9817636 0 0
704 19635272 752 3 9817636 20946 120 0 0 0
705 14096576 0 0 7048288 0 0 3524144 1 0
706 14726454 0 0 9817636 0 0 0 0 0
fn=std::__shared_ptr<Order, (__gnu_cxx::_Lock_policy)2>::__shared_ptr(std::__shared_ptr<Order, (__gnu_cxx::_Lock_policy)2> const&)
1152 50106400 18941 112 17537240 23452 265 12526600 160 1
fn=std::__shared_ptr<Order, (__gnu_cxx::_Lock_policy)2>::__shared_ptr(std::__shared_ptr<Order, (__gnu_cxx::_Lock_policy)2>&&)
1161 8308044 394909 33 0 0 0 4154022 0 0
1162 11077392 0 0 5538696 0 0 2769348 84 1
1164 9692718 392902 20 2769348 0 0 1384674 0 0
1165 2769348 0 0 1384674 0 0 1384674 0 0
1166 4154022 0 0 2769348 0 0 0 0 0
fn=std::__shared_ptr<Order, (__gnu_cxx::_Lock_policy)2>::__shared_ptr<std::allocator<Order>, Order>(std::_Sp_alloc_shared_tag<std::allocator<Order> >, Order&&)
1341 8000000 395401 96 0 0 0 5000000 0 0
1342 13000000 114936 15 5000000 0 0 3000000 0 0
1343 10000000 0 0 6000000 0 0 1000000 0 0
fn=std::__shared_ptr<Order, (__gnu_cxx::_Lock_policy)2>::__shared_ptr<std::allocator<Order>, OrderType&, unsigned long, Side, int, unsigned int>(std::_Sp_alloc_shared_tag<std::allocator<Order> >, OrderType&, unsigned long&&, Side&&, int&&, unsigned int&&)
1341 282360 37374 263 0 0 0 225888 0 0
1342 621192 18804 8 169416 0 0 169416 0 0
1343 282360 0 0 188240 0 0 18824 0 0
fn=std::__shared_ptr<Order, (__gnu_cxx::_Lock_policy)2>::get() const
1295 51801460 1 1 0 0 0 25900730 0 0
1296 51801460 0 0 51801460 2519 20 0 0 0
fn=std::__shared_ptr<Order, (__gnu_cxx::_Lock_policy)2>::~__shared_ptr()
1154 58905816 5179 104 14726454 0 0 14726454 0 0
fn=std::__shared_ptr_access<Order, (__gnu_cxx::_Lock_policy)2, false, false>::_M_get() const
992 64751825 1 1 0 0 0 25900730 0 0
993 64751825 0 0 38851095 0 0 12950365 0 0
fn=std::__shared_ptr_access<Order, (__gnu_cxx::_Lock_policy)2, false, false>::operator->() const
984 64751825 1 1 0 0 0 25900730 0 0
987 38851095 0 0 12950365 0 0 12950365 0 0
988 25900730 0 0 25900730 0 0 0 0 0
fn=std::enable_if<!std::__shared_ptr<Order, (__gnu_cxx::_Lock_policy)2>::__has_esft_base<Order, void>::value, void>::type std::__shared_ptr<Order, (__gnu_cxx::_Lock_policy)2>::_M_enable_shared_from_this_with<Order, Order>(Order*)
1386 5094120 378792 86 0 0 0 3056472 0 0
1387 3056472 24607 7 2037648 0 0 0 0 0
fl=/usr/include/c++/11/bits/stl_algobase.h
fn=Trade* std::__niter_base<Trade*>(Trade*)
313 8308044 0 0 0 0 0 4154022 0 0
315 6231033 0 0 6231033 0 0 0 0 0
fn=unsigned int const& std::min<unsigned int>(unsigned int const&, unsigned int const&)
230 2801615 353074 142 0 0 0 1680969 0 0
235 3361938 0 0 2241292 0 0 0 0 0
236 559554 0 0 279777 0 0 0 0 0
237 280546 0 0 280546 0 0 0 0 0
238 1120646 0 0 1120646 0 0 0 0 0
fn=unsigned long const& std::min<unsigned long>(unsigned long const&, unsigned long const&)
230 3461685 692337 109 0 0 0 2077011 0 0
235 4154022 0 0 2769348 0 0 0 0 0
237 692337 0 0 692337 0 0 0 0 0
238 1384674 0 0 1384674 0 0 0 0 0
fl=/usr/include/c++/11/bits/stl_construct.h
fn=decltype (::new ((void*)(0)) Order((declval<Order>)())) std::construct_at<Order, Order>(Order*, Order&&)
94 8000000 596189 122 0 0 0 5000000 0 0
97 21000000 0 0 10000000 0 0 6000000 1792 15
fn=decltype (::new ((void*)(0)) Order((declval<OrderType&>)(), (declval<unsigned long>)(), (declval<Side>)(), (declval<int>)(), (declval<unsigned int>)())) std::construct_at<Order, OrderType&, unsigned long, Side, int, unsigned int>(Order*, OrderType&, unsigned long&&, Side&&, int&&, unsigned int&&)
94 282360 0 0 0 0 0 225888 7189 0
97 790608 37648 118 357656 0 0 150592 0 0
fn=decltype (::new ((void*)(0)) Trade((declval<Trade>)())) std::construct_at<Trade, Trade>(Trade*, Trade&&)
94 4482584 252258 10 0 0 0 2801615 0 0
97 11766783 0 0 5603230 0 0 3361938 22549 9550
fn=decltype (::new ((void*)(0)) std::pair<int const, std::__cxx11::list<std::shared_ptr<Order>, std::allocator<std::shared_ptr<Order> > > >((declval<std::piecewise_construct_t const&>)(), (declval<std::tuple<int&&> >)(), (declval<std::tuple<> >)())) std::construct_at<std::pair<int const, std::__cxx11::list<std::shared_ptr<Order>, std::allocator<std::shared_ptr<Order> > > >, std::piecewise_construct_t const&, std::tuple<int&&>, std::tuple<> >(std::pair<int const, std::__cxx11::list<std::shared_ptr<Order>, std::allocator<std::shared_ptr<Order> > > >*, std::piecewise_construct_t const&, std::tuple<int&&>&&, std::tuple<>&&)
94 9087218 374153 195 649087 0 0 5841783 0 0
97 21419871 573765 19 7139957 0 0 3894522 0 0
fn=decltype (::new ((void*)(0)) std::pair<unsigned long const, Orderbook::OrderEntry>((declval<std::pair<unsigned long const, Orderbook::OrderEntry> >)())) std::construct_at<std::pair<unsigned long const, Orderbook::OrderEntry>, std::pair<unsigned long const, Orderbook::OrderEntry> >(std::pair<unsigned long const, Orderbook::OrderEntry>*, std::pair<unsigned long const, Orderbook::OrderEntry>&&)
94 5538696 44259 224 0 0 0 3461685 0 0
97 12462066 0 0 4154022 0 0 2077011 0 0
fn=decltype (::new ((void*)(0)) std::shared_ptr<Order>((declval<std::shared_ptr<Order> const&>)())) std::construct_at<std::shared_ptr<Order>, std::shared_ptr<Order> const&>(std::shared_ptr<Order>*, std::shared_ptr<Order> const&)
94 5538696 692337 3 0 0 0 3461685 0 0
97 12462066 0 0 4154022 0 0 2077011 0 0
fn=void std::_Destroy<Trade*>(Trade*, Trade*)
182 6301332 623629 9 0 0 0 3150666 0 0
192 3150666 0 0 0 0 0 1050222 0 0
196 5251110 1 1 2100444 0 0 1050222 0 0
197 2100444 0 0 2100444 0 0 0 0 0
fn=void std::_Destroy_aux<true>::__destroy<Trade*>(Trade*, Trade*)
172 8401776 1 1 2100444 0 0 3150666 0 0
fn=void std::destroy_at<Order>(Order*)
80 4075296 3777 3 0 0 0 2037648 0 0
89 3056472 0 0 2037648 0 0 0 0 0
fn=void std::destroy_at<std::pair<int const, std::__cxx11::list<std::shared_ptr<Order>, std::allocator<std::shared_ptr<Order> > > > >(std::pair<int const, std::__cxx11::list<std::shared_ptr<Order>, std::allocator<std::shared_ptr<Order> > > >*)
80 3245435 19 0 0 0 0 1298174 0 0
88 1947261 0 0 649087 0 0 649087 0 0
89 1947261 0 0 1298174 72 0 0 0 0
fn=void std::destroy_at<std::pair<unsigned long const, Orderbook::OrderEntry> >(std::pair<unsigned long const, Orderbook::OrderEntry>*)
80 3461685 0 0 0 0 0 1384674 0 0
88 2077011 0 0 692337 0 0 692337 0 0
89 2077011 0 0 1384674 0 0 0 0 0
fn=void std::destroy_at<std::shared_ptr<Order> >(std::shared_ptr<Order>*)
80 3461685 0 0 0 0 0 1384674 0 0
88 2077011 401691 9 692337 0 0 692337 0 0
89 2077011 0 0 1384674 0 0 0 0 0
fl=/usr/include/c++/11/bits/stl_function.h
fn=std::_Select1st<std::pair<int const, std::__cxx11::list<std::shared_ptr<Order>, std::allocator<std::shared_ptr<Order> > > > >::operator()(std::pair<int const, std::__cxx11::list<std::shared_ptr<Order>, std::allocator<std::shared_ptr<Order> > > > const&) const
1174 79730795 317903 137 0 0 0 47838477 0 0
1175 47838477 0 0 47838477 0 0 0 0 0
fn=std::equal_to<unsigned long>::operator()(unsigned long const&, unsigned long const&) const
369 12802410 0 0 0 0 0 8534940 0 0
370 17069880 0 0 12802410 362249 7029 0 0 0
fn=std::greater<int>::operator()(int const&, int const&) const
389 48195744 395572 7 0 0 0 32130496 0 0
390 64260992 184621 65 48195744 79319 69 0 0 0
fn=std::less<int>::operator()(int const&, int const&) const
399 47849580 33758 2 0 0 0 31899720 0 0
400 63799440 168605 3 47849580 80668 113 0 0 0
fl=/usr/include/c++/11/bits/stl_iterator.h
fn=__gnu_cxx::__normal_iterator<Trade*, std::vector<Trade, std::allocator<Trade> > >::__normal_iterator(Trade* const&)
1027 5603230 177758 13 0 0 0 3361938 0 0
1028 7844522 353074 118 5603230 0 0 1120646 0 0
fn=__gnu_cxx::__normal_iterator<Trade*, std::vector<Trade, std::allocator<Trade> > >::operator*() const
1042 2241292 0 0 0 0 0 1120646 0 0
1043 2241292 0 0 2241292 0 0 0 0 0
fn=__gnu_cxx::__normal_iterator<Trade*, std::vector<Trade, std::allocator<Trade> > >::operator-(long) const
1100 5042907 388556 14 560323 0 0 2241292 0 0
1101 10085814 0 0 4482584 0 0 1120646 0 0
fl=/usr/include/c++/11/bits/stl_iterator_base_funcs.h
fn=std::iterator_traits<char const*>::difference_type std::__distance<char const*>(char const*, char const*, std::random_access_iterator_tag)
98 10 1 1 0 0 0 6 0 0
104 4 0 0 4 0 0 0 0 0
105 4 0 0 4 0 0 0 0 0
fn=std::iterator_traits<char const*>::difference_type std::distance<char const*>(char const*, char const*)
138 12 0 0 0 0 0 6 0 0
141 10 0 0 4 0 0 2 0 0
142 6 0 0 0 0 0 2 0 0
143 4 0 0 4 0 0 0 0 0
fl=/usr/include/c++/11/bits/stl_iterator_base_types.h
fn=std::iterator_traits<char const*>::iterator_category std::__iterator_category<char const*>(char const* const&)
238 8 0 0 0 0 0 4 0 0
239 4 0 0 4 0 0 0 0 0
fl=/usr/include/c++/11/bits/stl_list.h
fn=std::_List_const_iterator<std::shared_ptr<Order> >::_List_const_iterator(std::_List_iterator<std::shared_ptr<Order> > const&)
287 506685 38077 0 0 0 0 304011 0 0
288 709359 85020 5 506685 0 0 101337 0 0
fn=std::_List_const_iterator<std::shared_ptr<Order> >::_M_const_cast() const
291 810696 40445 9 101337 0 0 304011 0 0
292 1216044 101331 99 709359 0 0 101337 0 0
fn=std::_List_iterator<std::shared_ptr<Order> >::_List_iterator()
197 2769348 0 0 0 0 0 1384674 0 0
198 3461685 0 0 2077011 0 0 692337 0 0
fn=std::_List_iterator<std::shared_ptr<Order> >::_List_iterator(std::__detail::_List_node_base*)
201 23267875 1 1 0 0 0 13960725 0 0
202 27921450 0 0 18614300 0 0 4653575 0 0
fn=std::_List_iterator<std::shared_ptr<Order> >::operator*() const
210 12526555 691939 1 0 0 0 5010622 0 0
211 15031866 0 0 10021244 0 0 2505311 0 0
fn=std::_List_iterator<std::shared_ptr<Order> >::operator--(int)
240 6231033 0 0 692337 0 0 2769348 0 0
242 2077011 150610 8 1384674 0 0 692337 0 0
243 3461685 0 0 2769348 0 0 692337 0 0
244 692337 0 0 692337 0 0 0 0 0
245 3461685 0 0 2769348 0 0 0 0 0
fn=std::_List_node<std::shared_ptr<Order> >* std::__cxx11::list<std::shared_ptr<Order>, std::allocator<std::shared_ptr<Order> > >::_M_create_node<std::shared_ptr<Order> const&>(std::shared_ptr<Order> const&)
633 6923370 332911 96 692337 0 0 3461685 0 0
635 2769348 0 0 692337 0 0 1384674 0 0
636 2769348 0 0 692337 0 0 1384674 0 0
637 4154022 296541 9 1384674 0 0 692337 0 0
638 9000381 0 0 2077011 0 0 2077011 0 0
640 2769348 384699 8 0 0 0 692337 0 0
641 1384674 0 0 692337 0 0 0 0 0
642 6231033 0 0 3461685 0 0 692337 0 0
fn=std::_List_node<std::shared_ptr<Order> >::_M_valptr()
171 42789835 0 0 11669955 0 0 11669955 1 0
fn=std::__cxx11::_List_base<std::shared_ptr<Order>, std::allocator<std::shared_ptr<Order> > >::_List_base()
461 7139957 0 0 1947261 0 0 1947261 0 0
fn=std::__cxx11::_List_base<std::shared_ptr<Order>, std::allocator<std::shared_ptr<Order> > >::_List_impl::_List_impl()
380 3245435 0 0 0 0 0 1298174 0 0
382 3894522 0 0 1298174 0 0 1298174 0 0
383 1947261 0 0 1298174 0 0 0 0 0
fn=std::__cxx11::_List_base<std::shared_ptr<Order>, std::allocator<std::shared_ptr<Order> > >::_List_impl::~_List_impl()
375 7139957 197338 4 1947261 0 0 1947261 0 0
fn=std::__cxx11::_List_base<std::shared_ptr<Order>, std::allocator<std::shared_ptr<Order> > >::_M_dec_size(unsigned long)
411 9271542 0 0 3973518 6417 55 2649012 0 0
fn=std::__cxx11::_List_base<std::shared_ptr<Order>, std::allocator<std::shared_ptr<Order> > >::_M_get_Node_allocator()
453 5538696 215223 8 0 0 0 2769348 0 0
454 4154022 0 0 4154022 0 0 0 0 0
fn=std::__cxx11::_List_base<std::shared_ptr<Order>, std::allocator<std::shared_ptr<Order> > >::_M_get_node()
442 3461685 1101431 226 0 0 0 1384674 0 0
443 4154022 0 0 2077011 0 0 692337 0 0
fn=std::__cxx11::_List_base<std::shared_ptr<Order>, std::allocator<std::shared_ptr<Order> > >::_M_inc_size(unsigned long)
409 9692718 340187 60 4154022 0 0 2769348 0 0
fn=std::__cxx11::_List_base<std::shared_ptr<Order>, std::allocator<std::shared_ptr<Order> > >::_M_put_node(std::_List_node<std::shared_ptr<Order> >*)
446 4154022 0 0 0 0 0 2077011 0 0
447 6231033 0 0 2769348 0 0 692337 0 0
fn=std::__cxx11::_List_base<std::shared_ptr<Order>, std::allocator<std::shared_ptr<Order> > >::~_List_base()
499 3245435 383162 5 0 0 0 1298174 0 0
500 5841783 0 0 2596348 54 0 1298174 0 0
fn=std::__cxx11::list<std::shared_ptr<Order>, std::allocator<std::shared_ptr<Order> > >::_M_erase(std::_List_iterator<std::shared_ptr<Order> >)
1920 4635771 144992 11 0 0 0 2649012 0 0
1922 2649012 0 0 662253 0 0 662253 0 0
1923 1986759 0 0 662253 0 0 662253 0 0
1924 1324506 0 0 662253 0 0 662253 0 0
1926 6622530 81177 82 1324506 0 0 1986759 0 0
1931 3311265 0 0 1324506 0 0 662253 0 0
1932 2649012 0 0 1986759 0 0 0 0 0
fn=std::__cxx11::list<std::shared_ptr<Order>, std::allocator<std::shared_ptr<Order> > >::begin()
946 24529816 692338 90 3066227 0 0 9198681 0 0
947 36794724 0 0 21463589 0 0 3066227 0 0
fn=std::__cxx11::list<std::shared_ptr<Order>, std::allocator<std::shared_ptr<Order> > >::empty() const
1056 12688184 0 0 0 0 0 6344092 0 0
1057 22204322 0 0 15860230 0 0 0 0 0
fn=std::__cxx11::list<std::shared_ptr<Order>, std::allocator<std::shared_ptr<Order> > >::end()
964 11077392 686024 6 1384674 0 0 4154022 0 0
965 15231414 467725 5 8308044 0 0 1384674 0 0
fn=std::__cxx11::list<std::shared_ptr<Order>, std::allocator<std::shared_ptr<Order> > >::front()
1115 20042488 1 1 2505311 0 0 7515933 0 0
1116 30063732 0 0 12526555 0 0 7515933 0 0
fn=std::__cxx11::list<std::shared_ptr<Order>, std::allocator<std::shared_ptr<Order> > >::list()
674 7139957 21945 12 1947261 0 0 1947261 0 0
fn=std::__cxx11::list<std::shared_ptr<Order>, std::allocator<std::shared_ptr<Order> > >::pop_front()
1198 2804580 0 0 0 0 0 1121832 0 0
1199 6170076 252333 4 2243664 0 0 1121832 0 0
fn=std::__cxx11::list<std::shared_ptr<Order>, std::allocator<std::shared_ptr<Order> > >::push_back(std::shared_ptr<Order> const&)
1212 4154022 346343 4 0 0 0 2077011 0 0
1213 8308044 0 0 3461685 0 0 1384674 0 0
fn=std::__cxx11::list<std::shared_ptr<Order>, std::allocator<std::shared_ptr<Order> > >::~list()
828 7139957 202285 84 1947261 67 0 1947261 0 0
fn=std::__detail::_List_node_header::_List_node_header()
110 3245435 1297649 88 0 0 0 1298174 0 0
111 3894522 0 0 1947261 0 0 649087 0 0
fn=std::__detail::_List_node_header::_M_init()
150 2596348 0 0 0 0 0 1298174 0 0
152 4543609 0 0 3245435 0 0 1298174 0 0
154 1298174 0 0 649087 0 0 649087 0 0
156 1947261 0 0 1298174 0 0 0 0 0
fn=void std::__cxx11::list<std::shared_ptr<Order>, std::allocator<std::shared_ptr<Order> > >::_M_insert<std::shared_ptr<Order> const&>(std::_List_iterator<std::shared_ptr<Order> >, std::shared_ptr<Order> const&)
1910 4846359 524163 18 0 0 0 2769348 0 0
1912 6231033 0 0 1384674 0 0 2077011 0 0
1913 3461685 0 0 1384674 0 0 692337 0 0
1914 2769348 0 0 692337 0 0 692337 0 0
1915 2077011 0 0 1384674 0 0 0 0 0
fl=/usr/include/c++/11/bits/stl_map.h
fn=std::map<int, std::__cxx11::list<std::shared_ptr<Order>, std::allocator<std::shared_ptr<Order> > >, std::greater<int>, std::allocator<std::pair<int const, std::__cxx11::list<std::shared_ptr<Order>, std::allocator<std::shared_ptr<Order> > > > > >::at(int const&)
537 455517 95302 168 50613 0 0 202452 0 0
539 303678 0 0 101226 0 0 101226 0 0
540 1417164 101094 12 151839 0 0 303678 0 0
542 202452 0 0 0 0 0 50613 0 0
543 253065 50613 195 202452 0 0 0 0 0
fn=std::map<int, std::__cxx11::list<std::shared_ptr<Order>, std::allocator<std::shared_ptr<Order> > >, std::greater<int>, std::allocator<std::pair<int const, std::__cxx11::list<std::shared_ptr<Order>, std::allocator<std::shared_ptr<Order> > > > > >::begin()
356 9689535 0 0 0 0 0 3875814 0 0
357 9689535 0 0 5813721 0 0 1937907 0 0
fn=std::map<int, std::__cxx11::list<std::shared_ptr<Order>, std::allocator<std::shared_ptr<Order> > >, std::greater<int>, std::allocator<std::pair<int const, std::__cxx11::list<std::shared_ptr<Order>, std::allocator<std::shared_ptr<Order> > > > > >::begin() const
365 1252145 91982 33 0 0 0 500858 0 0
366 1252145 0 0 751287 0 0 250429 0 0
fn=std::map<int, std::__cxx11::list<std::shared_ptr<Order>, std::allocator<std::shared_ptr<Order> > >, std::greater<int>, std::allocator<std::pair<int const, std::__cxx11::list<std::shared_ptr<Order>, std::allocator<std::shared_ptr<Order> > > > > >::empty() const
465 10941780 446623 82 0 0 0 4376712 0 0
466 10941780 0 0 6565068 0 0 2188356 0 0
fn=std::map<int, std::__cxx11::list<std::shared_ptr<Order>, std::allocator<std::shared_ptr<Order> > >, std::greater<int>, std::allocator<std::pair<int const, std::__cxx11::list<std::shared_ptr<Order>, std::allocator<std::shared_ptr<Order> > > > > >::end()
374 1982900 369839 10 0 0 0 793160 0 0
375 1982900 0 0 1189740 0 0 396580 0 0
fn=std::map<int, std::__cxx11::list<std::shared_ptr<Order>, std::allocator<std::shared_ptr<Order> > >, std::greater<int>, std::allocator<std::pair<int const, std::__cxx11::list<std::shared_ptr<Order>, std::allocator<std::shared_ptr<Order> > > > > >::erase(int const&)
1068 1947906 0 0 0 0 0 973953 0 0
1069 2272557 0 0 1298604 0 0 324651 0 0
fn=std::map<int, std::__cxx11::list<std::shared_ptr<Order>, std::allocator<std::shared_ptr<Order> > >, std::greater<int>, std::allocator<std::pair<int const, std::__cxx11::list<std::shared_ptr<Order>, std::allocator<std::shared_ptr<Order> > > > > >::key_comp() const
1142 2379408 0 0 0 0 0 1189704 0 0
1143 3172544 0 0 1586272 0 0 396568 0 0
fn=std::map<int, std::__cxx11::list<std::shared_ptr<Order>, std::allocator<std::shared_ptr<Order> > >, std::greater<int>, std::allocator<std::pair<int const, std::__cxx11::list<std::shared_ptr<Order>, std::allocator<std::shared_ptr<Order> > > > > >::lower_bound(int const&)
1258 2379480 0 0 0 0 0 1189740 0 0
1259 2776060 0 0 1586320 0 0 396580 0 0
fn=std::map<int, std::__cxx11::list<std::shared_ptr<Order>, std::allocator<std::shared_ptr<Order> > >, std::greater<int>, std::allocator<std::pair<int const, std::__cxx11::list<std::shared_ptr<Order>, std::allocator<std::shared_ptr<Order> > > > > >::map()
185 11 1 1 3 0 0 3 0 0
fn=std::map<int, std::__cxx11::list<std::shared_ptr<Order>, std::allocator<std::shared_ptr<Order> > >, std::greater<int>, std::allocator<std::pair<int const, std::__cxx11::list<std::shared_ptr<Order>, std::allocator<std::shared_ptr<Order> > > > > >::operator[](int&&)
512 3459670 338191 18 345967 0 0 1729835 0 0
517 2075802 0 0 691934 0 0 691934 0 0
519 10011638 633067 113 1037877 0 0 2075766 0 0
520 6494600 267704 87 649460 0 0 1298920 0 0
521 1298920 0 0 324730 0 0 324730 0 0
523 1383868 17228 8 0 0 0 345967 0 0
524 2075802 345942 1 1729835 0 0 0 0 0
fn=std::map<int, std::__cxx11::list<std::shared_ptr<Order>, std::allocator<std::shared_ptr<Order> > >, std::greater<int>, std::allocator<std::pair<int const, std::__cxx11::list<std::shared_ptr<Order>, std::allocator<std::shared_ptr<Order> > > > > >::~map()
302 11 1 1 3 1 0 3 0 0
fn=std::map<int, std::__cxx11::list<std::shared_ptr<Order>, std::allocator<std::shared_ptr<Order> > >, std::less<int>, std::allocator<std::pair<int const, std::__cxx11::list<std::shared_ptr<Order>, std::allocator<std::shared_ptr<Order> > > > > >::at(int const&)
537 456516 0 0 50724 0 0 202896 0 0
539 304344 50172 4 101448 0 0 101448 0 0
540 1420272 46797 5 152172 0 0 304344 0 0
542 202896 46601 4 0 0 0 50724 0 0
543 253620 0 0 202896 0 0 0 0 0
fn=std::map<int, std::__cxx11::list<std::shared_ptr<Order>, std::allocator<std::shared_ptr<Order> > >, std::less<int>, std::allocator<std::pair<int const, std::__cxx11::list<std::shared_ptr<Order>, std::allocator<std::shared_ptr<Order> > > > > >::begin()
356 9689570 0 0 0 0 0 3875828 0 0
357 9689570 0 0 5813742 0 0 1937914 0 0
fn=std::map<int, std::__cxx11::list<std::shared_ptr<Order>, std::allocator<std::shared_ptr<Order> > >, std::less<int>, std::allocator<std::pair<int const, std::__cxx11::list<std::shared_ptr<Order>, std::allocator<std::shared_ptr<Order> > > > > >::begin() const
365 1249090 165097 52 0 0 0 499636 0 0
366 1249090 0 0 749454 0 0 249818 0 0
fn=std::map<int, std::__cxx11::list<std::shared_ptr<Order>, std::allocator<std::shared_ptr<Order> > >, std::less<int>, std::allocator<std::pair<int const, std::__cxx11::list<std::shared_ptr<Order>, std::allocator<std::shared_ptr<Order> > > > > >::empty() const
465 10938670 0 0 0 0 0 4375468 0 0
466 10938670 0 0 6563202 0 0 2187734 0 0
fn=std::map<int, std::__cxx11::list<std::shared_ptr<Order>, std::allocator<std::shared_ptr<Order> > >, std::less<int>, std::allocator<std::pair<int const, std::__cxx11::list<std::shared_ptr<Order>, std::allocator<std::shared_ptr<Order> > > > > >::end()
374 1985470 0 0 0 0 0 794188 0 0
375 1985470 0 0 1191282 0 0 397094 0 0
fn=std::map<int, std::__cxx11::list<std::shared_ptr<Order>, std::allocator<std::shared_ptr<Order> > >, std::less<int>, std::allocator<std::pair<int const, std::__cxx11::list<std::shared_ptr<Order>, std::allocator<std::shared_ptr<Order> > > > > >::erase(int const&)
1068 1945620 183173 15 0 0 0 972810 0 0
1069 2269890 0 0 1297080 0 0 324270 0 0
fn=std::map<int, std::__cxx11::list<std::shared_ptr<Order>, std::allocator<std::shared_ptr<Order> > >, std::less<int>, std::allocator<std::pair<int const, std::__cxx11::list<std::shared_ptr<Order>, std::allocator<std::shared_ptr<Order> > > > > >::key_comp() const
1142 2382510 0 0 0 0 0 1191255 0 0
1143 3176680 0 0 1588340 0 0 397085 0 0
fn=std::map<int, std::__cxx11::list<std::shared_ptr<Order>, std::allocator<std::shared_ptr<Order> > >, std::less<int>, std::allocator<std::pair<int const, std::__cxx11::list<std::shared_ptr<Order>, std::allocator<std::shared_ptr<Order> > > > > >::lower_bound(int const&)
1258 2382564 227008 9 0 0 0 1191282 0 0
1259 2779658 0 0 1588376 0 0 397094 0 0
fn=std::map<int, std::__cxx11::list<std::shared_ptr<Order>, std::allocator<std::shared_ptr<Order> > >, std::less<int>, std::allocator<std::pair<int const, std::__cxx11::list<std::shared_ptr<Order>, std::allocator<std::shared_ptr<Order> > > > > >::map()
185 11 1 1 3 0 0 3 0 0
fn=std::map<int, std::__cxx11::list<std::shared_ptr<Order>, std::allocator<std::shared_ptr<Order> > >, std::less<int>, std::allocator<std::pair<int const, std::__cxx11::list<std::shared_ptr<Order>, std::allocator<std::shared_ptr<Order> > > > > >::operator[](int&&)
512 3463700 282942 120 346370 0 0 1731850 0 0
517 2078220 0 0 692740 0 0 692740 0 0
519 10022591 236165 135 1039092 0 0 2078193 0 0
520 6487140 3001 114 648714 0 0 1297428 0 0
521 1297428 0 0 324357 0 0 324357 0 0
523 1385480 186 12 0 0 0 346370 0 0
524 2078220 1 0 1731850 0 0 0 0 0
fn=std::map<int, std::__cxx11::list<std::shared_ptr<Order>, std::allocator<std::shared_ptr<Order> > >, std::less<int>, std::allocator<std::pair<int const, std::__cxx11::list<std::shared_ptr<Order>, std::allocator<std::shared_ptr<Order> > > > > >::~map()
302 11 2 2 3 1 0 3 0 0
fl=/usr/include/c++/11/bits/stl_pair.h
fn=std::pair<int const, std::__cxx11::list<std::shared_ptr<Order>, std::allocator<std::shared_ptr<Order> > > >::~pair()
211 7789044 0 0 1947261 56 0 1947261 0 0
fn=std::pair<std::_Rb_tree_iterator<std::pair<int const, std::__cxx11::list<std::shared_ptr<Order>, std::allocator<std::shared_ptr<Order> > > > >, std::_Rb_tree_iterator<std::pair<int const, std::__cxx11::list<std::shared_ptr<Order>, std::allocator<std::shared_ptr<Order> > > > > >::pair<std::_Rb_tree_iterator<std::pair<int const, std::__cxx11::list<std::shared_ptr<Order>, std::allocator<std::shared_ptr<Order> > > > >, std::_Rb_tree_iterator<std::pair<int const, std::__cxx11::list<std::shared_ptr<Order>, std::allocator<std::shared_ptr<Order> > > > >, true>(std::_Rb_tree_iterator<std::pair<int const, std::__cxx11::list<std::shared_ptr<Order>, std::allocator<std::shared_ptr<Order> > > > >&&, std::_Rb_tree_iterator<std::pair<int const, std::__cxx11::list<std::shared_ptr<Order>, std::allocator<std::shared_ptr<Order> > > > >&&)
352 4542447 595368 15 0 0 0 2595684 0 0
353 9733815 395449 14 5191368 0 0 2595684 0 0
fn=std::pair<std::_Rb_tree_node_base*, std::_Rb_tree_node_base*>::pair<std::_Rb_tree_node<std::pair<int const, std::__cxx11::list<std::shared_ptr<Order>, std::allocator<std::shared_ptr<Order> > > > >*&, std::_Rb_tree_node_base*&, true>(std::_Rb_tree_node<std::pair<int const, std::__cxx11::list<std::shared_ptr<Order>, std::allocator<std::shared_ptr<Order> > > > >*&, std::_Rb_tree_node_base*&)
352 42 6 1 0 0 0 24 0 0
353 90 1 1 48 0 0 24 0 0
fn=std::pair<std::_Rb_tree_node_base*, std::_Rb_tree_node_base*>::pair<std::_Rb_tree_node_base*&, std::_Rb_tree_node_base*&, true>(std::_Rb_tree_node_base*&, std::_Rb_tree_node_base*&)
352 3961370 45345 1 0 0 0 2263640 0 0
353 8488650 356658 11 4527280 0 0 2263640 0 0
fn=std::pair<std::_Rb_tree_node_base*, std::_Rb_tree_node_base*>::pair<std::_Rb_tree_node_base*&, true>(std::_Rb_tree_node_base* const&, std::_Rb_tree_node_base*&)
336 582197 6247 4 0 0 0 332684 0 0
337 1081223 67814 50 665368 0 0 249513 0 0
fn=std::pair<std::__detail::_Node_iterator<std::pair<unsigned long const, Orderbook::OrderEntry>, false, false>, bool>::pair<std::__detail::_Node_iterator<std::pair<unsigned long const, Orderbook::OrderEntry>, false, false>&, bool, true>(std::__detail::_Node_iterator<std::pair<unsigned long const, Orderbook::OrderEntry>, false, false>&, bool&&)
352 4846359 0 0 0 0 0 2769348 0 0
353 10385055 0 0 5538696 0 0 2769348 6 0
fn=std::pair<unsigned long const, Orderbook::OrderEntry>::pair(std::pair<unsigned long const, Orderbook::OrderEntry>&&)
315 13846740 0 0 4846359 0 0 3461685 0 0
fn=std::pair<unsigned long const, Orderbook::OrderEntry>::pair<unsigned long, Orderbook::OrderEntry, true>(unsigned long&&, Orderbook::OrderEntry&&)
352 5538696 368782 113 0 0 0 3461685 0 0
353 12462066 375688 114 5538696 0 0 2769348 0 0
fn=std::pair<unsigned long const, Orderbook::OrderEntry>::~pair()
211 16616088 6648 0 4154022 0 0 4154022 0 0
fl=/usr/include/c++/11/bits/stl_tree.h
fn=std::_Rb_tree<int, std::pair<int const, std::__cxx11::list<std::shared_ptr<Order>, std::allocator<std::shared_ptr<Order> > > >, std::_Select1st<std::pair<int const, std::__cxx11::list<std::shared_ptr<Order>, std::allocator<std::shared_ptr<Order> > > > >, std::greater<int>, std::allocator<std::pair<int const, std::__cxx11::list<std::shared_ptr<Order>, std::allocator<std::shared_ptr<Order> > > > > >::_M_begin()
738 3606205 127863 7 0 0 0 1442482 0 0
739 3606205 0 0 2163723 0 0 721241 0 0
fn=std::_Rb_tree<int, std::pair<int const, std::__cxx11::list<std::shared_ptr<Order>, std::allocator<std::shared_ptr<Order> > > >, std::_Select1st<std::pair<int const, std::__cxx11::list<std::shared_ptr<Order>, std::allocator<std::shared_ptr<Order> > > > >, std::greater<int>, std::allocator<std::pair<int const, std::__cxx11::list<std::shared_ptr<Order>, std::allocator<std::shared_ptr<Order> > > > > >::_M_destroy_node(std::_Rb_tree_node<std::pair<int const, std::__cxx11::list<std::shared_ptr<Order>, std::allocator<std::shared_ptr<Order> > > > >*)
618 2273110 285686 11 0 0 0 1298920 0 0
623 3247300 0 0 649460 0 0 974190 0 0
626 1298920 0 0 974190 47 0 0 0 0
fn=std::_Rb_tree<int, std::pair<int const, std::__cxx11::list<std::shared_ptr<Order>, std::allocator<std::shared_ptr<Order> > > >, std::_Select1st<std::pair<int const, std::__cxx11::list<std::shared_ptr<Order>, std::allocator<std::shared_ptr<Order> > > > >, std::greater<int>, std::allocator<std::pair<int const, std::__cxx11::list<std::shared_ptr<Order>, std::allocator<std::shared_ptr<Order> > > > > >::_M_drop_node(std::_Rb_tree_node<std::pair<int const, std::__cxx11::list<std::shared_ptr<Order>, std::allocator<std::shared_ptr<Order> > > > >*)
629 1948380 126279 113 0 0 0 974190 0 0
631 1623650 87625 9 649460 0 0 324730 0 0
632 1623650 0 0 649460 16 0 324730 0 0
633 974190 0 0 649460 23 0 0 0 0
fn=std::_Rb_tree<int, std::pair<int const, std::__cxx11::list<std::shared_ptr<Order>, std::allocator<std::shared_ptr<Order> > > >, std::_Select1st<std::pair<int const, std::__cxx11::list<std::shared_ptr<Order>, std::allocator<std::shared_ptr<Order> > > > >, std::greater<int>, std::allocator<std::pair<int const, std::__cxx11::list<std::shared_ptr<Order>, std::allocator<std::shared_ptr<Order> > > > > >::_M_end()
749 4351176 62231 39 0 0 0 2175588 0 0
750 4351176 124695 12 3263382 0 0 0 0 0
fn=std::_Rb_tree<int, std::pair<int const, std::__cxx11::list<std::shared_ptr<Order>, std::allocator<std::shared_ptr<Order> > > >, std::_Select1st<std::pair<int const, std::__cxx11::list<std::shared_ptr<Order>, std::allocator<std::shared_ptr<Order> > > > >, std::greater<int>, std::allocator<std::pair<int const, std::__cxx11::list<std::shared_ptr<Order>, std::allocator<std::shared_ptr<Order> > > > > >::_M_erase(std::_Rb_tree_node<std::pair<int const, std::__cxx11::list<std::shared_ptr<Order>, std::allocator<std::shared_ptr<Order> > > > >*)
1883 528 4 1 0 0 0 264 0 0
1887 430 0 0 171 0 0 0 0 0
1889 664 0 0 166 0 0 166 0 0
1890 332 0 0 83 11 0 166 7 0
1891 415 0 0 166 0 0 83 0 0
1892 166 0 0 83 24 0 83 0 0
1894 352 0 0 176 9 0 0 0 0
fn=std::_Rb_tree<int, std::pair<int const, std::__cxx11::list<std::shared_ptr<Order>, std::allocator<std::shared_ptr<Order> > > >, std::_Select1st<std::pair<int const, std::__cxx11::list<std::shared_ptr<Order>, std::allocator<std::shared_ptr<Order> > > > >, std::greater<int>, std::allocator<std::pair<int const, std::__cxx11::list<std::shared_ptr<Order>, std::allocator<std::shared_ptr<Order> > > > > >::_M_erase_aux(std::_Rb_tree_const_iterator<std::pair<int const, std::__cxx11::list<std::shared_ptr<Order>, std::allocator<std::shared_ptr<Order> > > > >)
2480 1947882 0 0 0 0 0 973941 0 0
2485 1623235 94087 2 324647 0 0 649294 0 0
2486 649294 0 0 324647 0 0 0 0 0
2487 1623235 0 0 649294 0 0 324647 0 0
2488 1623235 0 0 973941 0 0 324647 0 0
2489 973941 0 0 649294 0 0 0 0 0
fn=std::_Rb_tree<int, std::pair<int const, std::__cxx11::list<std::shared_ptr<Order>, std::allocator<std::shared_ptr<Order> > > >, std::_Select1st<std::pair<int const, std::__cxx11::list<std::shared_ptr<Order>, std::allocator<std::shared_ptr<Order> > > > >, std::greater<int>, std::allocator<std::pair<int const, std::__cxx11::list<std::shared_ptr<Order>, std::allocator<std::shared_ptr<Order> > > > > >::_M_erase_aux(std::_Rb_tree_const_iterator<std::pair<int const, std::__cxx11::list<std::shared_ptr<Order>, std::allocator<std::shared_ptr<Order> > > > >, std::_Rb_tree_const_iterator<std::pair<int const, std::__cxx11::list<std::shared_ptr<Order>, std::allocator<std::shared_ptr<Order> > > > >)
2494 3246510 285499 15 324651 0 0 1623255 0 0
2497 11203797 571374 152 639365 0 0 2557460 0 0
2498 12 0 0 4 0 0 4 0 0
2500 5194352 201368 8 0 0 0 649294 0 0
2501 2921823 0 0 324647 0 0 649294 0 0
2502 1947910 3 1 1298604 0 0 0 0 0
fn=std::_Rb_tree<int, std::pair<int const, std::__cxx11::list<std::shared_ptr<Order>, std::allocator<std::shared_ptr<Order> > > >, std::_Select1st<std::pair<int const, std::__cxx11::list<std::shared_ptr<Order>, std::allocator<std::shared_ptr<Order> > > > >, std::greater<int>, std::allocator<std::pair<int const, std::__cxx11::list<std::shared_ptr<Order>, std::allocator<std::shared_ptr<Order> > > > > >::_M_get_Node_allocator()
547 5195680 13090 5 0 0 0 2597840 0 0
548 3896760 0 0 3896760 0 0 0 0 0
fn=std::_Rb_tree<int, std::pair<int const, std::__cxx11::list<std::shared_ptr<Order>, std::allocator<std::shared_ptr<Order> > > >, std::_Select1st<std::pair<int const, std::__cxx11::list<std::shared_ptr<Order>, std::allocator<std::shared_ptr<Order> > > > >, std::greater<int>, std::allocator<std::pair<int const, std::__cxx11::list<std::shared_ptr<Order>, std::allocator<std::shared_ptr<Order> > > > > >::_M_get_insert_hint_unique_pos(std::_Rb_tree_const_iterator<std::pair<int const, std::__cxx11::list<std::shared_ptr<Order>, std::allocator<std::shared_ptr<Order> > > > >, int const&)
2163 3572030 49861 6 324730 0 0 1948380 0 0
2167 1298920 0 0 0 0 0 649460 0 0
2171 2597840 49999 5 649460 0 0 324730 0 0
2173 60 0 0 12 0 0 12 0 0
2174 148 9 1 28 0 0 21 0 0
2175 91 7 0 21 0 0 21 0 0
2177 30 5 1 10 0 0 5 0 0
2179 3571898 579325 103 974154 0 0 649436 0 0
2182 649436 0 0 324718 0 0 324718 0 0
2183 2922462 324718 3 974154 0 0 324718 0 0
2184 4105344 256584 53 1026336 0 0 769752 0 0
2185 1022010 68134 15 204402 0 0 204402 0 0
2187 476938 68134 3 68134 0 0 68134 0 0
2188 418160 0 0 83632 0 0 83632 0 0
2190 236862 26318 100 52636 0 0 26318 0 0
2214 1948380 0 0 1623650 0 0 0 0 0
fn=std::_Rb_tree<int, std::pair<int const, std::__cxx11::list<std::shared_ptr<Order>, std::allocator<std::shared_ptr<Order> > > >, std::_Select1st<std::pair<int const, std::__cxx11::list<std::shared_ptr<Order>, std::allocator<std::shared_ptr<Order> > > > >, std::greater<int>, std::allocator<std::pair<int const, std::__cxx11::list<std::shared_ptr<Order>, std::allocator<std::shared_ptr<Order> > > > > >::_M_get_insert_unique_pos(int const&)
2061 50 2 1 5 0 0 25 0 0
2065 20 3 1 5 0 0 10 0 0
2066 20 0 0 5 0 0 10 0 0
2067 5 0 0 0 0 0 5 0 0
2068 20 2 1 5 0 0 0 0 0
2074 25 5 1 5 0 0 5 0 0
2075 10 0 0 5 0 0 0 0 0
2077 55 0 0 5 0 0 15 0 0
2078 45 5 1 10 0 0 5 0 0
2085 30 3 1 25 0 0 0 0 0
fn=std::_Rb_tree<int, std::pair<int const, std::__cxx11::list<std::shared_ptr<Order>, std::allocator<std::shared_ptr<Order> > > >, std::_Select1st<std::pair<int const, std::__cxx11::list<std::shared_ptr<Order>, std::allocator<std::shared_ptr<Order> > > > >, std::greater<int>, std::allocator<std::pair<int const, std::__cxx11::list<std::shared_ptr<Order>, std::allocator<std::shared_ptr<Order> > > > > >::_M_get_node()
560 1623650 0 0 0 0 0 649460 0 0
561 2597840 0 0 974190 0 0 649460 0 0
fn=std::_Rb_tree<int, std::pair<int const, std::__cxx11::list<std::shared_ptr<Order>, std::allocator<std::shared_ptr<Order> > > >, std::_Select1st<std::pair<int const, std::__cxx11::list<std::shared_ptr<Order>, std::allocator<std::shared_ptr<Order> > > > >, std::greater<int>, std::allocator<std::pair<int const, std::__cxx11::list<std::shared_ptr<Order>, std::allocator<std::shared_ptr<Order> > > > > >::_M_insert_node(std::_Rb_tree_node_base*, std::_Rb_tree_node_base*, std::_Rb_tree_node<std::pair<int const, std::__cxx11::list<std::shared_ptr<Order>, std::allocator<std::shared_ptr<Order> > > > >*)
2330 4221490 159538 106 324730 0 0 2597840 0 0
2333 533870 293964 14 83656 0 0 366558 0 0
2334 1842619 230265 4 450199 0 0 125469 0 0
2337 1623650 0 0 974190 0 0 324730 0 0
2338 649460 0 0 324730 0 0 0 0 0
2339 1623650 0 0 974190 0 0 324730 0 0
2340 1948380 6105 10 649460 0 0 324730 0 0
2341 2597840 0 0 1948380 0 0 0 0 0
fn=std::_Rb_tree<int, std::pair<int const, std::__cxx11::list<std::shared_ptr<Order>, std::allocator<std::shared_ptr<Order> > > >, std::_Select1st<std::pair<int const, std::__cxx11::list<std::shared_ptr<Order>, std::allocator<std::shared_ptr<Order> > > > >, std::greater<int>, std::allocator<std::pair<int const, std::__cxx11::list<std::shared_ptr<Order>, std::allocator<std::shared_ptr<Order> > > > > >::_M_leftmost()
718 3351544 38520 8 0 0 0 1675772 0 0
719 3351544 257870 5 2513658 0 0 0 0 0
fn=std::_Rb_tree<int, std::pair<int const, std::__cxx11::list<std::shared_ptr<Order>, std::allocator<std::shared_ptr<Order> > > >, std::_Select1st<std::pair<int const, std::__cxx11::list<std::shared_ptr<Order>, std::allocator<std::shared_ptr<Order> > > > >, std::greater<int>, std::allocator<std::pair<int const, std::__cxx11::list<std::shared_ptr<Order>, std::allocator<std::shared_ptr<Order> > > > > >::_M_lower_bound(std::_Rb_tree_node<std::pair<int const, std::__cxx11::list<std::shared_ptr<Order>, std::allocator<std::shared_ptr<Order> > > > >*, std::_Rb_tree_node_base*, int const&)
1900 8654772 0 0 721231 0 0 5048617 0 0
1904 7399267 342573 18 3339018 0 0 0 0 0
1905 34031231 238350 87 7853361 0 0 5235574 0 0
1906 17055339 0 0 4872954 0 0 7309431 0 0
1908 725240 0 0 181310 0 0 362620 0 0
1909 4327386 0 0 1442462 0 0 721231 0 0
1910 4327386 346801 88 3606155 0 0 0 0 0
fn=std::_Rb_tree<int, std::pair<int const, std::__cxx11::list<std::shared_ptr<Order>, std::allocator<std::shared_ptr<Order> > > >, std::_Select1st<std::pair<int const, std::__cxx11::list<std::shared_ptr<Order>, std::allocator<std::shared_ptr<Order> > > > >, std::greater<int>, std::allocator<std::pair<int const, std::__cxx11::list<std::shared_ptr<Order>, std::allocator<std::shared_ptr<Order> > > > > >::_M_mbegin() const
734 2884964 574833 87 0 0 0 1442482 0 0
735 2884964 0 0 2884964 1 0 0 0 0
fn=std::_Rb_tree<int, std::pair<int const, std::__cxx11::list<std::shared_ptr<Order>, std::allocator<std::shared_ptr<Order> > > >, std::_Select1st<std::pair<int const, std::__cxx11::list<std::shared_ptr<Order>, std::allocator<std::shared_ptr<Order> > > > >, std::greater<int>, std::allocator<std::pair<int const, std::__cxx11::list<std::shared_ptr<Order>, std::allocator<std::shared_ptr<Order> > > > > >::_M_put_node(std::_Rb_tree_node<std::pair<int const, std::__cxx11::list<std::shared_ptr<Order>, std::allocator<std::shared_ptr<Order> > > > >*)
564 1948380 1114 0 0 0 0 974190 0 0
565 3896760 0 0 1298920 0 0 649460 0 0
fn=std::_Rb_tree<int, std::pair<int const, std::__cxx11::list<std::shared_ptr<Order>, std::allocator<std::shared_ptr<Order> > > >, std::_Select1st<std::pair<int const, std::__cxx11::list<std::shared_ptr<Order>, std::allocator<std::shared_ptr<Order> > > > >, std::greater<int>, std::allocator<std::pair<int const, std::__cxx11::list<std::shared_ptr<Order>, std::allocator<std::shared_ptr<Order> > > > > >::_M_rightmost()
726 56 0 0 0 0 0 28 0 0
727 56 0 0 42 0 0 0 0 0
fn=std::_Rb_tree<int, std::pair<int const, std::__cxx11::list<std::shared_ptr<Order>, std::allocator<std::shared_ptr<Order> > > >, std::_Select1st<std::pair<int const, std::__cxx11::list<std::shared_ptr<Order>, std::allocator<std::shared_ptr<Order> > > > >, std::greater<int>, std::allocator<std::pair<int const, std::__cxx11::list<std::shared_ptr<Order>, std::allocator<std::shared_ptr<Order> > > > > >::_M_upper_bound(std::_Rb_tree_node<std::pair<int const, std::__cxx11::list<std::shared_ptr<Order>, std::allocator<std::shared_ptr<Order> > > > >*, std::_Rb_tree_node_base*, int const&)
1932 3895812 106985 22 324651 0 0 2272557 0 0
1936 1079523 200866 5 377436 0 0 0 0 0
1937 580635 50273 7 158355 0 0 105570 0 0
1938 369495 0 0 105570 0 0 158355 0 0
1941 1947906 0 0 649302 0 0 324651 0 0
1942 1947906 0 0 1623255 0 0 0 0 0
fn=std::_Rb_tree<int, std::pair<int const, std::__cxx11::list<std::shared_ptr<Order>, std::allocator<std::shared_ptr<Order> > > >, std::_Select1st<std::pair<int const, std::__cxx11::list<std::shared_ptr<Order>, std::allocator<std::shared_ptr<Order> > > > >, std::greater<int>, std::allocator<std::pair<int const, std::__cxx11::list<std::shared_ptr<Order>, std::allocator<std::shared_ptr<Order> > > > > >::_Rb_tree()
928 11 1 1 3 0 0 3 0 0
fn=std::_Rb_tree<int, std::pair<int const, std::__cxx11::list<std::shared_ptr<Order>, std::allocator<std::shared_ptr<Order> > > >, std::_Select1st<std::pair<int const, std::__cxx11::list<std::shared_ptr<Order>, std::allocator<std::shared_ptr<Order> > > > >, std::greater<int>, std::allocator<std::pair<int const, std::__cxx11::list<std::shared_ptr<Order>, std::allocator<std::shared_ptr<Order> > > > > >::_Rb_tree_impl<std::greater<int>, true>::_Rb_tree_impl()
667 5 1 1 0 0 0 2 0 0
671 10 1 1 3 0 0 3 0 0
672 3 0 0 2 0 0 0 0 0
fn=std::_Rb_tree<int, std::pair<int const, std::__cxx11::list<std::shared_ptr<Order>, std::allocator<std::shared_ptr<Order> > > >, std::_Select1st<std::pair<int const, std::__cxx11::list<std::shared_ptr<Order>, std::allocator<std::shared_ptr<Order> > > > >, std::greater<int>, std::allocator<std::pair<int const, std::__cxx11::list<std::shared_ptr<Order>, std::allocator<std::shared_ptr<Order> > > > > >::_Rb_tree_impl<std::greater<int>, true>::~_Rb_tree_impl()
660 11 1 1 3 0 0 3 0 0
fn=std::_Rb_tree<int, std::pair<int const, std::__cxx11::list<std::shared_ptr<Order>, std::allocator<std::shared_ptr<Order> > > >, std::_Select1st<std::pair<int const, std::__cxx11::list<std::shared_ptr<Order>, std::allocator<std::shared_ptr<Order> > > > >, std::greater<int>, std::allocator<std::pair<int const, std::__cxx11::list<std::shared_ptr<Order>, std::allocator<std::shared_ptr<Order> > > > > >::_S_key(std::_Rb_tree_node<std::pair<int const, std::__cxx11::list<std::shared_ptr<Order>, std::allocator<std::shared_ptr<Order> > > > > const*)
757 64020872 398864 184 8002609 0 0 24007827 0 0
775 64020872 0 0 8002609 0 0 16005218 0 0
776 40013045 0 0 32010436 0 0 0 0 0
fn=std::_Rb_tree<int, std::pair<int const, std::__cxx11::list<std::shared_ptr<Order>, std::allocator<std::shared_ptr<Order> > > >, std::_Select1st<std::pair<int const, std::__cxx11::list<std::shared_ptr<Order>, std::allocator<std::shared_ptr<Order> > > > >, std::greater<int>, std::allocator<std::pair<int const, std::__cxx11::list<std::shared_ptr<Order>, std::allocator<std::shared_ptr<Order> > > > > >::_S_key(std::_Rb_tree_node_base const*)
795 2173410 60300 63 0 0 0 869364 0 0
796 2173410 0 0 1304046 0 0 434682 0 0
fn=std::_Rb_tree<int, std::pair<int const, std::__cxx11::list<std::shared_ptr<Order>, std::allocator<std::shared_ptr<Order> > > >, std::_Select1st<std::pair<int const, std::__cxx11::list<std::shared_ptr<Order>, std::allocator<std::shared_ptr<Order> > > > >, std::greater<int>, std::allocator<std::pair<int const, std::__cxx11::list<std::shared_ptr<Order>, std::allocator<std::shared_ptr<Order> > > > > >::_S_left(std::_Rb_tree_node_base*)
779 18999620 0 0 0 0 0 9499810 0 0
780 18999620 0 0 18999620 13503 2 0 0 0
fn=std::_Rb_tree<int, std::pair<int const, std::__cxx11::list<std::shared_ptr<Order>, std::allocator<std::shared_ptr<Order> > > >, std::_Select1st<std::pair<int const, std::__cxx11::list<std::shared_ptr<Order>, std::allocator<std::shared_ptr<Order> > > > >, std::greater<int>, std::allocator<std::pair<int const, std::__cxx11::list<std::shared_ptr<Order>, std::allocator<std::shared_ptr<Order> > > > > >::_S_right(std::_Rb_tree_node_base*)
787 2335440 0 0 0 0 0 1167720 0 0
788 2335440 0 0 2335440 11407 8 0 0 0
fn=std::_Rb_tree<int, std::pair<int const, std::__cxx11::list<std::shared_ptr<Order>, std::allocator<std::shared_ptr<Order> > > >, std::_Select1st<std::pair<int const, std::__cxx11::list<std::shared_ptr<Order>, std::allocator<std::shared_ptr<Order> > > > >, std::greater<int>, std::allocator<std::pair<int const, std::__cxx11::list<std::shared_ptr<Order>, std::allocator<std::shared_ptr<Order> > > > > >::begin()
995 18100504 1 1 2262563 0 0 6787689 0 0
996 27150756 0 0 15837941 0 0 2262563 0 0
fn=std::_Rb_tree<int, std::pair<int const, std::__cxx11::list<std::shared_ptr<Order>, std::allocator<std::shared_ptr<Order> > > >, std::_Select1st<std::pair<int const, std::__cxx11::list<std::shared_ptr<Order>, std::allocator<std::shared_ptr<Order> > > > >, std::greater<int>, std::allocator<std::pair<int const, std::__cxx11::list<std::shared_ptr<Order>, std::allocator<std::shared_ptr<Order> > > > > >::begin() const
999 2003432 0 0 250429 0 0 751287 0 0
1000 3005148 0 0 1753003 0 0 250429 0 0
fn=std::_Rb_tree<int, std::pair<int const, std::__cxx11::list<std::shared_ptr<Order>, std::allocator<std::shared_ptr<Order> > > >, std::_Select1st<std::pair<int const, std::__cxx11::list<std::shared_ptr<Order>, std::allocator<std::shared_ptr<Order> > > > >, std::greater<int>, std::allocator<std::pair<int const, std::__cxx11::list<std::shared_ptr<Order>, std::allocator<std::shared_ptr<Order> > > > > >::clear()
1252 20 0 0 0 0 0 8 0 0
1254 32 0 0 8 0 0 8 0 0
1255 16 3 1 4 0 0 4 0 0
1256 12 0 0 8 0 0 0 0 0
fn=std::_Rb_tree<int, std::pair<int const, std::__cxx11::list<std::shared_ptr<Order>, std::allocator<std::shared_ptr<Order> > > >, std::_Select1st<std::pair<int const, std::__cxx11::list<std::shared_ptr<Order>, std::allocator<std::shared_ptr<Order> > > > >, std::greater<int>, std::allocator<std::pair<int const, std::__cxx11::list<std::shared_ptr<Order>, std::allocator<std::shared_ptr<Order> > > > > >::empty() const
1027 8753424 261 90 0 0 0 4376712 0 0
1028 13130136 0 0 8753424 6 0 0 0 0
fn=std::_Rb_tree<int, std::pair<int const, std::__cxx11::list<std::shared_ptr<Order>, std::allocator<std::shared_ptr<Order> > > >, std::_Select1st<std::pair<int const, std::__cxx11::list<std::shared_ptr<Order>, std::allocator<std::shared_ptr<Order> > > > >, std::greater<int>, std::allocator<std::pair<int const, std::__cxx11::list<std::shared_ptr<Order>, std::allocator<std::shared_ptr<Order> > > > > >::end()
1003 5690352 82818 128 711294 0 0 2133882 0 0
1004 8535528 0 0 4267764 0 0 711294 0 0
fn=std::_Rb_tree<int, std::pair<int const, std::__cxx11::list<std::shared_ptr<Order>, std::allocator<std::shared_ptr<Order> > > >, std::_Select1st<std::pair<int const, std::__cxx11::list<std::shared_ptr<Order>, std::allocator<std::shared_ptr<Order> > > > >, std::greater<int>, std::allocator<std::pair<int const, std::__cxx11::list<std::shared_ptr<Order>, std::allocator<std::shared_ptr<Order> > > > > >::equal_range(int const&)
1966 3246510 0 0 324651 0 0 1623255 0 0
1969 1298604 282823 119 324651 0 0 649302 0 0
1970 1298604 0 0 324651 0 0 649302 0 0
1971 4865135 275159 13 2270242 0 0 0 0 0
1973 27242904 0 0 6810726 0 0 4540484 0 0
1974 48410 9 0 9682 0 0 19364 0 0
1975 24866160 285678 7 6781680 0 0 4521120 0 0
1976 13551363 275136 110 3871818 0 0 5807727 0 0
1979 649302 3 1 324651 0 0 324651 0 0
1980 649302 0 0 324651 0 0 324651 0 0
1981 1947906 0 0 649302 0 0 973953 0 0
1982 1298604 250857 10 324651 0 0 649302 0 0
1983 1947906 0 0 0 0 0 324651 0 0
1984 2272557 0 0 1298604 0 0 649302 0 0
1985 3246510 0 0 1947906 0 0 649302 0 0
1990 1947906 524583 119 1623255 0 0 0 0 0
fn=std::_Rb_tree<int, std::pair<int const, std::__cxx11::list<std::shared_ptr<Order>, std::allocator<std::shared_ptr<Order> > > >, std::_Select1st<std::pair<int const, std::__cxx11::list<std::shared_ptr<Order>, std::allocator<std::shared_ptr<Order> > > > >, std::greater<int>, std::allocator<std::pair<int const, std::__cxx11::list<std::shared_ptr<Order>, std::allocator<std::shared_ptr<Order> > > > > >::erase(int const&)
2507 2921859 0 0 324651 0 0 1298604 0 0
2510 2272557 284303 10 649302 0 0 973953 0 0
2511 1298604 0 0 324651 0 0 649302 0 0
2512 5519067 226382 9 973953 0 0 973953 0 0
2513 1947906 0 0 649302 0 0 324651 0 0
2514 1623255 198002 50 1298604 0 0 0 0 0
fn=std::_Rb_tree<int, std::pair<int const, std::__cxx11::list<std::shared_ptr<Order>, std::allocator<std::shared_ptr<Order> > > >, std::_Select1st<std::pair<int const, std::__cxx11::list<std::shared_ptr<Order>, std::allocator<std::shared_ptr<Order> > > > >, std::greater<int>, std::allocator<std::pair<int const, std::__cxx11::list<std::shared_ptr<Order>, std::allocator<std::shared_ptr<Order> > > > > >::key_comp() const
991 1586272 25478 3 0 0 0 793136 0 0
992 1189704 0 0 793136 0 0 0 0 0
fn=std::_Rb_tree<int, std::pair<int const, std::__cxx11::list<std::shared_ptr<Order>, std::allocator<std::shared_ptr<Order> > > >, std::_Select1st<std::pair<int const, std::__cxx11::list<std::shared_ptr<Order>, std::allocator<std::shared_ptr<Order> > > > >, std::greater<int>, std::allocator<std::pair<int const, std::__cxx11::list<std::shared_ptr<Order>, std::allocator<std::shared_ptr<Order> > > > > >::lower_bound(int const&)
1269 2776060 0 0 0 0 0 1586320 0 0
1270 6741860 107671 16 2776060 0 0 1189740 0 0
fn=std::_Rb_tree<int, std::pair<int const, std::__cxx11::list<std::shared_ptr<Order>, std::allocator<std::shared_ptr<Order> > > >, std::_Select1st<std::pair<int const, std::__cxx11::list<std::shared_ptr<Order>, std::allocator<std::shared_ptr<Order> > > > >, std::greater<int>, std::allocator<std::pair<int const, std::__cxx11::list<std::shared_ptr<Order>, std::allocator<std::shared_ptr<Order> > > > > >::size() const
1031 2597256 4 1 0 0 0 1298628 0 0
1032 2597256 0 0 2597256 0 0 0 0 0
fn=std::_Rb_tree<int, std::pair<int const, std::__cxx11::list<std::shared_ptr<Order>, std::allocator<std::shared_ptr<Order> > > >, std::_Select1st<std::pair<int const, std::__cxx11::list<std::shared_ptr<Order>, std::allocator<std::shared_ptr<Order> > > > >, std::greater<int>, std::allocator<std::pair<int const, std::__cxx11::list<std::shared_ptr<Order>, std::allocator<std::shared_ptr<Order> > > > > >::~_Rb_tree()
983 5 0 0 0 0 0 2 0 0
984 14 1 1 5 0 0 3 0 0
fn=std::_Rb_tree<int, std::pair<int const, std::__cxx11::list<std::shared_ptr<Order>, std::allocator<std::shared_ptr<Order> > > >, std::_Select1st<std::pair<int const, std::__cxx11::list<std::shared_ptr<Order>, std::allocator<std::shared_ptr<Order> > > > >, std::less<int>, std::allocator<std::pair<int const, std::__cxx11::list<std::shared_ptr<Order>, std::allocator<std::shared_ptr<Order> > > > > >::_M_begin()
738 3606830 139113 4 0 0 0 1442732 0 0
739 3606830 0 0 2164098 0 0 721366 0 0
fn=std::_Rb_tree<int, std::pair<int const, std::__cxx11::list<std::shared_ptr<Order>, std::allocator<std::shared_ptr<Order> > > >, std::_Select1st<std::pair<int const, std::__cxx11::list<std::shared_ptr<Order>, std::allocator<std::shared_ptr<Order> > > > >, std::less<int>, std::allocator<std::pair<int const, std::__cxx11::list<std::shared_ptr<Order>, std::allocator<std::shared_ptr<Order> > > > > >::_M_destroy_node(std::_Rb_tree_node<std::pair<int const, std::__cxx11::list<std::shared_ptr<Order>, std::allocator<std::shared_ptr<Order> > > > >*)
618 2270499 334496 197 0 0 0 1297428 0 0
623 3243570 0 0 648714 0 0 973071 0 0
626 1297428 0 0 973071 45 0 0 0 0
fn=std::_Rb_tree<int, std::pair<int const, std::__cxx11::list<std::shared_ptr<Order>, std::allocator<std::shared_ptr<Order> > > >, std::_Select1st<std::pair<int const, std::__cxx11::list<std::shared_ptr<Order>, std::allocator<std::shared_ptr<Order> > > > >, std::less<int>, std::allocator<std::pair<int const, std::__cxx11::list<std::shared_ptr<Order>, std::allocator<std::shared_ptr<Order> > > > > >::_M_drop_node(std::_Rb_tree_node<std::pair<int const, std::__cxx11::list<std::shared_ptr<Order>, std::allocator<std::shared_ptr<Order> > > > >*)
629 1946142 175504 28 0 0 0 973071 0 0
631 1621785 0 0 648714 0 0 324357 0 0
632 1621785 0 0 648714 19 0 324357 0 0
633 973071 0 0 648714 19 0 0 0 0
fn=std::_Rb_tree<int, std::pair<int const, std::__cxx11::list<std::shared_ptr<Order>, std::allocator<std::shared_ptr<Order> > > >, std::_Select1st<std::pair<int const, std::__cxx11::list<std::shared_ptr<Order>, std::allocator<std::shared_ptr<Order> > > > >, std::less<int>, std::allocator<std::pair<int const, std::__cxx11::list<std::shared_ptr<Order>, std::allocator<std::shared_ptr<Order> > > > > >::_M_end()
749 4348284 320510 9 0 0 0 2174142 0 0
750 4348284 0 0 3261213 0 0 0 0 0
fn=std::_Rb_tree<int, std::pair<int const, std::__cxx11::list<std::shared_ptr<Order>, std::allocator<std::shared_ptr<Order> > > >, std::_Select1st<std::pair<int const, std::__cxx11::list<std::shared_ptr<Order>, std::allocator<std::shared_ptr<Order> > > > >, std::less<int>, std::allocator<std::pair<int const, std::__cxx11::list<std::shared_ptr<Order>, std::allocator<std::shared_ptr<Order> > > > > >::_M_erase(std::_Rb_tree_node<std::pair<int const, std::__cxx11::list<std::shared_ptr<Order>, std::allocator<std::shared_ptr<Order> > > > >*)
1883 528 0 0 0 0 0 264 0 0
1887 438 0 0 175 0 0 0 0 0
1889 696 1 1 174 0 0 174 0 0
1890 348 0 0 87 9 0 174 6 0
1891 435 0 0 174 0 0 87 0 0
1892 174 0 0 87 27 0 87 0 0
1894 352 0 0 176 10 0 0 0 0
fn=std::_Rb_tree<int, std::pair<int const, std::__cxx11::list<std::shared_ptr<Order>, std::allocator<std::shared_ptr<Order> > > >, std::_Select1st<std::pair<int const, std::__cxx11::list<std::shared_ptr<Order>, std::allocator<std::shared_ptr<Order> > > > >, std::less<int>, std::allocator<std::pair<int const, std::__cxx11::list<std::shared_ptr<Order>, std::allocator<std::shared_ptr<Order> > > > > >::_M_erase_aux(std::_Rb_tree_const_iterator<std::pair<int const, std::__cxx11::list<std::shared_ptr<Order>, std::allocator<std::shared_ptr<Order> > > > >)
2480 1945620 285546 8 0 0 0 972810 0 0
2485 1621350 0 0 324270 0 0 648540 0 0
2486 648540 0 0 324270 0 0 0 0 0
2487 1621350 196368 10 648540 0 0 324270 0 0
2488 1621350 0 0 972810 0 0 324270 0 0
2489 972810 0 0 648540 0 0 0 0 0
fn=std::_Rb_tree<int, std::pair<int const, std::__cxx11::list<std::shared_ptr<Order>, std::allocator<std::shared_ptr<Order> > > >, std::_Select1st<std::pair<int const, std::__cxx11::list<std::shared_ptr<Order>, std::allocator<std::shared_ptr<Order> > > > >, std::less<int>, std::allocator<std::pair<int const, std::__cxx11::list<std::shared_ptr<Order>, std::allocator<std::shared_ptr<Order> > > > > >::_M_erase_aux(std::_Rb_tree_const_iterator<std::pair<int const, std::__cxx11::list<std::shared_ptr<Order>, std::allocator<std::shared_ptr<Order> > > > >, std::_Rb_tree_const_iterator<std::pair<int const, std::__cxx11::list<std::shared_ptr<Order>, std::allocator<std::shared_ptr<Order> > > > >)
2494 3242700 0 0 324270 0 0 1621350 0 0
2497 11195850 290638 10 638940 0 0 2555760 0 0
2500 5188320 481900 119 0 0 0 648540 0 0
2501 2918430 0 0 324270 0 0 648540 0 0
2502 1945620 0 0 1297080 0 0 0 0 0
fn=std::_Rb_tree<int, std::pair<int const, std::__cxx11::list<std::shared_ptr<Order>, std::allocator<std::shared_ptr<Order> > > >, std::_Select1st<std::pair<int const, std::__cxx11::list<std::shared_ptr<Order>, std::allocator<std::shared_ptr<Order> > > > >, std::less<int>, std::allocator<std::pair<int const, std::__cxx11::list<std::shared_ptr<Order>, std::allocator<std::shared_ptr<Order> > > > > >::_M_get_Node_allocator()
547 5189712 80652 3 0 0 0 2594856 0 0
548 3892284 0 0 3892284 0 0 0 0 0
fn=std::_Rb_tree<int, std::pair<int const, std::__cxx11::list<std::shared_ptr<Order>, std::allocator<std::shared_ptr<Order> > > >, std::_Select1st<std::pair<int const, std::__cxx11::list<std::shared_ptr<Order>, std::allocator<std::shared_ptr<Order> > > > >, std::less<int>, std::allocator<std::pair<int const, std::__cxx11::list<std::shared_ptr<Order>, std::allocator<std::shared_ptr<Order> > > > > >::_M_get_insert_hint_unique_pos(std::_Rb_tree_const_iterator<std::pair<int const, std::__cxx11::list<std::shared_ptr<Order>, std::allocator<std::shared_ptr<Order> > > > >, int const&)
2163 3567927 0 0 324357 0 0 1946142 0 0
2167 1297428 276583 8 0 0 0 648714 0 0
2171 2594856 0 0 648714 0 0 324357 0 0
2173 45 9 1 9 0 0 9 0 0
2174 155 9 1 32 0 0 24 0 0
2175 104 0 0 24 0 0 24 0 0
2177 6 1 1 2 0 0 1 0 0
2179 3567828 317949 9 973044 0 0 648696 0 0
2182 648696 272094 7 324348 0 0 324348 0 0
2183 2919132 0 0 973044 0 0 324348 0 0
2184 4109392 115895 7 1027348 0 0 770511 0 0
2185 1012665 67230 4 202533 0 0 202533 0 0
2187 472577 0 0 67511 0 0 67511 0 0
2188 413400 31720 74 82680 0 0 82680 0 0
2190 235539 19403 35 52342 0 0 26171 0 0
2214 1946142 121901 7 1621785 0 0 0 0 0
fn=std::_Rb_tree<int, std::pair<int const, std::__cxx11::list<std::shared_ptr<Order>, std::allocator<std::shared_ptr<Order> > > >, std::_Select1st<std::pair<int const, std::__cxx11::list<std::shared_ptr<Order>, std::allocator<std::shared_ptr<Order> > > > >, std::less<int>, std::allocator<std::pair<int const, std::__cxx11::list<std::shared_ptr<Order>, std::allocator<std::shared_ptr<Order> > > > > >::_M_get_insert_unique_pos(int const&)
2061 10 1 1 1 0 0 5 0 0
2065 4 0 0 1 0 0 2 0 0
2066 4 0 0 1 0 0 2 0 0
2067 1 1 1 0 0 0 1 0 0
2068 4 1 1 1 0 0 0 0 0
2074 5 0 0 1 0 0 1 0 0
2075 2 0 0 1 0 0 0 0 0
2077 11 1 1 1 0 0 3 0 0
2078 9 1 1 2 0 0 1 0 0
2085 6 1 1 5 0 0 0 0 0
fn=std::_Rb_tree<int, std::pair<int const, std::__cxx11::list<std::shared_ptr<Order>, std::allocator<std::shared_ptr<Order> > > >, std::_Select1st<std::pair<int const, std::__cxx11::list<std::shared_ptr<Order>, std::allocator<std::shared_ptr<Order> > > > >, std::less<int>, std::allocator<std::pair<int const, std::__cxx11::list<std::shared_ptr<Order>, std::allocator<std::shared_ptr<Order> > > > > >::_M_get_node()
560 1621785 259790 64 0 0 0 648714 0 0
561 2594856 0 0 973071 0 0 648714 0 0
fn=std::_Rb_tree<int, std::pair<int const, std::__cxx11::list<std::shared_ptr<Order>, std::allocator<std::shared_ptr<Order> > > >, std::_Select1st<std::pair<int const, std::__cxx11::list<std::shared_ptr<Order>, std::allocator<std::shared_ptr<Order> > > > >, std::less<int>, std::allocator<std::pair<int const, std::__cxx11::list<std::shared_ptr<Order>, std::allocator<std::shared_ptr<Order> > > > > >::_M_insert_node(std::_Rb_tree_node_base*, std::_Rb_tree_node_base*, std::_Rb_tree_node<std::pair<int const, std::__cxx11::list<std::shared_ptr<Order>, std::allocator<std::shared_ptr<Order> > > > >*)
2330 4216641 85539 4 324357 0 0 2594856 0 0
2333 531102 0 0 82698 0 0 365706 0 0
2334 1834952 87859 70 448401 0 0 124044 0 0
2337 1621785 0 0 973071 0 0 324357 0 0
2338 648714 0 0 324357 0 0 0 0 0
2339 1621785 82949 41 973071 0 0 324357 0 0
2340 1946142 0 0 648714 0 0 324357 0 0
2341 2594856 0 0 1946142 0 0 0 0 0
fn=std::_Rb_tree<int, std::pair<int const, std::__cxx11::list<std::shared_ptr<Order>, std::allocator<std::shared_ptr<Order> > > >, std::_Select1st<std::pair<int const, std::__cxx11::list<std::shared_ptr<Order>, std::allocator<std::shared_ptr<Order> > > > >, std::less<int>, std::allocator<std::pair<int const, std::__cxx11::list<std::shared_ptr<Order>, std::allocator<std::shared_ptr<Order> > > > > >::_M_leftmost()
718 3352088 79498 43 0 0 0 1676044 0 0
719 3352088 0 0 2514066 0 0 0 0 0
fn=std::_Rb_tree<int, std::pair<int const, std::__cxx11::list<std::shared_ptr<Order>, std::allocator<std::shared_ptr<Order> > > >, std::_Select1st<std::pair<int const, std::__cxx11::list<std::shared_ptr<Order>, std::allocator<std::shared_ptr<Order> > > > >, std::less<int>, std::allocator<std::pair<int const, std::__cxx11::list<std::shared_ptr<Order>, std::allocator<std::shared_ptr<Order> > > > > >::_M_lower_bound(std::_Rb_tree_node<std::pair<int const, std::__cxx11::list<std::shared_ptr<Order>, std::allocator<std::shared_ptr<Order> > > > >*, std::_Rb_tree_node_base*, int const&)
1900 8656368 0 0 721364 0 0 5049548 0 0
1904 7368398 897917 121 3323517 0 0 0 0 0
1905 33827989 0 0 7806459 0 0 5204306 0 0
1906 16885463 0 0 4824418 0 0 7236627 0 0
1908 759776 0 0 189944 0 0 379888 0 0
1909 4328184 0 0 1442728 0 0 721364 0 0
1910 4328184 13004 18 3606820 0 0 0 0 0
fn=std::_Rb_tree<int, std::pair<int const, std::__cxx11::list<std::shared_ptr<Order>, std::allocator<std::shared_ptr<Order> > > >, std::_Select1st<std::pair<int const, std::__cxx11::list<std::shared_ptr<Order>, std::allocator<std::shared_ptr<Order> > > > >, std::less<int>, std::allocator<std::pair<int const, std::__cxx11::list<std::shared_ptr<Order>, std::allocator<std::shared_ptr<Order> > > > > >::_M_mbegin() const
734 2885464 581764 107 0 0 0 1442732 0 0
735 2885464 0 0 2885464 1 0 0 0 0
fn=std::_Rb_tree<int, std::pair<int const, std::__cxx11::list<std::shared_ptr<Order>, std::allocator<std::shared_ptr<Order> > > >, std::_Select1st<std::pair<int const, std::__cxx11::list<std::shared_ptr<Order>, std::allocator<std::shared_ptr<Order> > > > >, std::less<int>, std::allocator<std::pair<int const, std::__cxx11::list<std::shared_ptr<Order>, std::allocator<std::shared_ptr<Order> > > > > >::_M_put_node(std::_Rb_tree_node<std::pair<int const, std::__cxx11::list<std::shared_ptr<Order>, std::allocator<std::shared_ptr<Order> > > > >*)
564 1946142 31107 1 0 0 0 973071 0 0
565 3892284 0 0 1297428 0 0 648714 0 0
fn=std::_Rb_tree<int, std::pair<int const, std::__cxx11::list<std::shared_ptr<Order>, std::allocator<std::shared_ptr<Order> > > >, std::_Select1st<std::pair<int const, std::__cxx11::list<std::shared_ptr<Order>, std::allocator<std::shared_ptr<Order> > > > >, std::less<int>, std::allocator<std::pair<int const, std::__cxx11::list<std::shared_ptr<Order>, std::allocator<std::shared_ptr<Order> > > > > >::_M_rightmost()
726 64 0 0 0 0 0 32 0 0
727 64 0 0 48 0 0 0 0 0
fn=std::_Rb_tree<int, std::pair<int const, std::__cxx11::list<std::shared_ptr<Order>, std::allocator<std::shared_ptr<Order> > > >, std::_Select1st<std::pair<int const, std::__cxx11::list<std::shared_ptr<Order>, std::allocator<std::shared_ptr<Order> > > > >, std::less<int>, std::allocator<std::pair<int const, std::__cxx11::list<std::shared_ptr<Order>, std::allocator<std::shared_ptr<Order> > > > > >::_M_upper_bound(std::_Rb_tree_node<std::pair<int const, std::__cxx11::list<std::shared_ptr<Order>, std::allocator<std::shared_ptr<Order> > > > >*, std::_Rb_tree_node_base*, int const&)
1932 3891240 35679 53 324270 0 0 2269890 0 0
1936 1077752 169815 16 376741 0 0 0 0 0
1937 577181 47985 62 157413 0 0 104942 0 0
1938 367297 0 0 104942 0 0 157413 0 0
1941 1945620 0 0 648540 0 0 324270 0 0
1942 1945620 5092 8 1621350 0 0 0 0 0
fn=std::_Rb_tree<int, std::pair<int const, std::__cxx11::list<std::shared_ptr<Order>, std::allocator<std::shared_ptr<Order> > > >, std::_Select1st<std::pair<int const, std::__cxx11::list<std::shared_ptr<Order>, std::allocator<std::shared_ptr<Order> > > > >, std::less<int>, std::allocator<std::pair<int const, std::__cxx11::list<std::shared_ptr<Order>, std::allocator<std::shared_ptr<Order> > > > > >::_Rb_tree()
928 11 1 1 3 0 0 3 0 0
fn=std::_Rb_tree<int, std::pair<int const, std::__cxx11::list<std::shared_ptr<Order>, std::allocator<std::shared_ptr<Order> > > >, std::_Select1st<std::pair<int const, std::__cxx11::list<std::shared_ptr<Order>, std::allocator<std::shared_ptr<Order> > > > >, std::less<int>, std::allocator<std::pair<int const, std::__cxx11::list<std::shared_ptr<Order>, std::allocator<std::shared_ptr<Order> > > > > >::_Rb_tree_impl<std::less<int>, true>::_Rb_tree_impl()
667 5 1 1 0 0 0 2 0 0
671 10 1 1 3 0 0 3 0 0
672 3 0 0 2 0 0 0 0 0
fn=std::_Rb_tree<int, std::pair<int const, std::__cxx11::list<std::shared_ptr<Order>, std::allocator<std::shared_ptr<Order> > > >, std::_Select1st<std::pair<int const, std::__cxx11::list<std::shared_ptr<Order>, std::allocator<std::shared_ptr<Order> > > > >, std::less<int>, std::allocator<std::pair<int const, std::__cxx11::list<std::shared_ptr<Order>, std::allocator<std::shared_ptr<Order> > > > > >::_Rb_tree_impl<std::less<int>, true>::~_Rb_tree_impl()
660 11 1 1 3 0 0 3 0 0
fn=std::_Rb_tree<int, std::pair<int const, std::__cxx11::list<std::shared_ptr<Order>, std::allocator<std::shared_ptr<Order> > > >, std::_Select1st<std::pair<int const, std::__cxx11::list<std::shared_ptr<Order>, std::allocator<std::shared_ptr<Order> > > > >, std::less<int>, std::allocator<std::pair<int const, std::__cxx11::list<std::shared_ptr<Order>, std::allocator<std::shared_ptr<Order> > > > > >::_S_key(std::_Rb_tree_node<std::pair<int const, std::__cxx11::list<std::shared_ptr<Order>, std::allocator<std::shared_ptr<Order> > > > > const*)
757 63548400 169127 114 7943550 0 0 23830650 0 0
775 63548400 0 0 7943550 0 0 15887100 0 0
776 39717750 363 75 31774200 0 0 0 0 0
fn=std::_Rb_tree<int, std::pair<int const, std::__cxx11::list<std::shared_ptr<Order>, std::allocator<std::shared_ptr<Order> > > >, std::_Select1st<std::pair<int const, std::__cxx11::list<std::shared_ptr<Order>, std::allocator<std::shared_ptr<Order> > > > >, std::less<int>, std::allocator<std::pair<int const, std::__cxx11::list<std::shared_ptr<Order>, std::allocator<std::shared_ptr<Order> > > > > >::_S_key(std::_Rb_tree_node_base const*)
795 2166075 0 0 0 0 0 866430 0 0
796 2166075 0 0 1299645 0 0 433215 0 0
fn=std::_Rb_tree<int, std::pair<int const, std::__cxx11::list<std::shared_ptr<Order>, std::allocator<std::shared_ptr<Order> > > >, std::_Select1st<std::pair<int const, std::__cxx11::list<std::shared_ptr<Order>, std::allocator<std::shared_ptr<Order> > > > >, std::less<int>, std::allocator<std::pair<int const, std::__cxx11::list<std::shared_ptr<Order>, std::allocator<std::shared_ptr<Order> > > > > >::_S_left(std::_Rb_tree_node_base*)
779 18820288 0 0 0 0 0 9410144 0 0
780 18820288 0 0 18820288 6983 18 0 0 0
fn=std::_Rb_tree<int, std::pair<int const, std::__cxx11::list<std::shared_ptr<Order>, std::allocator<std::shared_ptr<Order> > > >, std::_Select1st<std::pair<int const, std::__cxx11::list<std::shared_ptr<Order>, std::allocator<std::shared_ptr<Order> > > > >, std::less<int>, std::allocator<std::pair<int const, std::__cxx11::list<std::shared_ptr<Order>, std::allocator<std::shared_ptr<Order> > > > > >::_S_right(std::_Rb_tree_node_base*)
787 2364832 0 0 0 0 0 1182416 0 0
788 2364832 0 0 2364832 6636 9 0 0 0
fn=std::_Rb_tree<int, std::pair<int const, std::__cxx11::list<std::shared_ptr<Order>, std::allocator<std::shared_ptr<Order> > > >, std::_Select1st<std::pair<int const, std::__cxx11::list<std::shared_ptr<Order>, std::allocator<std::shared_ptr<Order> > > > >, std::less<int>, std::allocator<std::pair<int const, std::__cxx11::list<std::shared_ptr<Order>, std::allocator<std::shared_ptr<Order> > > > > >::begin()
995 18097480 0 0 2262185 0 0 6786555 0 0
996 27146220 684732 22 15835295 0 0 2262185 0 0
fn=std::_Rb_tree<int, std::pair<int const, std::__cxx11::list<std::shared_ptr<Order>, std::allocator<std::shared_ptr<Order> > > >, std::_Select1st<std::pair<int const, std::__cxx11::list<std::shared_ptr<Order>, std::allocator<std::shared_ptr<Order> > > > >, std::less<int>, std::allocator<std::pair<int const, std::__cxx11::list<std::shared_ptr<Order>, std::allocator<std::shared_ptr<Order> > > > > >::begin() const
999 1998544 0 0 249818 0 0 749454 0 0
1000 2997816 0 0 1748726 0 0 249818 0 0
fn=std::_Rb_tree<int, std::pair<int const, std::__cxx11::list<std::shared_ptr<Order>, std::allocator<std::shared_ptr<Order> > > >, std::_Select1st<std::pair<int const, std::__cxx11::list<std::shared_ptr<Order>, std::allocator<std::shared_ptr<Order> > > > >, std::less<int>, std::allocator<std::pair<int const, std::__cxx11::list<std::shared_ptr<Order>, std::allocator<std::shared_ptr<Order> > > > > >::empty() const
1027 8750936 593 4 0 0 0 4375468 0 0
1028 13126404 36 3 8750936 0 0 0 0 0
fn=std::_Rb_tree<int, std::pair<int const, std::__cxx11::list<std::shared_ptr<Order>, std::allocator<std::shared_ptr<Order> > > >, std::_Select1st<std::pair<int const, std::__cxx11::list<std::shared_ptr<Order>, std::allocator<std::shared_ptr<Order> > > > >, std::less<int>, std::allocator<std::pair<int const, std::__cxx11::list<std::shared_ptr<Order>, std::allocator<std::shared_ptr<Order> > > > > >::end()
1003 5694112 337415 4 711764 0 0 2135292 0 0
1004 8541168 336420 4 4270584 0 0 711764 0 0
fn=std::_Rb_tree<int, std::pair<int const, std::__cxx11::list<std::shared_ptr<Order>, std::allocator<std::shared_ptr<Order> > > >, std::_Select1st<std::pair<int const, std::__cxx11::list<std::shared_ptr<Order>, std::allocator<std::shared_ptr<Order> > > > >, std::less<int>, std::allocator<std::pair<int const, std::__cxx11::list<std::shared_ptr<Order>, std::allocator<std::shared_ptr<Order> > > > > >::equal_range(int const&)
1966 3242700 482991 17 324270 0 0 1621350 0 0
1969 1297080 0 0 324270 0 0 648540 0 0
1970 1297080 0 0 324270 0 0 648540 0 0
1971 4823672 416362 143 2249701 0 0 0 0 0
1973 26996412 0 0 6749103 0 0 4499402 0 0
1974 46980 0 0 9396 0 0 18792 0 0
1975 24643355 285533 6 6720915 0 0 4480610 0 0
1976 13412245 285023 150 3832070 0 0 5748105 0 0
1979 648540 1 0 324270 0 0 324270 0 0
1980 648540 0 0 324270 0 0 324270 0 0
1981 1945620 0 0 648540 0 0 972810 0 0
1982 1297080 0 0 324270 0 0 648540 0 0
1983 1945620 0 0 0 0 0 324270 0 0
1984 2269890 0 0 1297080 0 0 648540 0 0
1985 3242700 284674 105 1945620 0 0 648540 0 0
1990 1945620 84934 84 1621350 0 0 0 0 0
fn=std::_Rb_tree<int, std::pair<int const, std::__cxx11::list<std::shared_ptr<Order>, std::allocator<std::shared_ptr<Order> > > >, std::_Select1st<std::pair<int const, std::__cxx11::list<std::shared_ptr<Order>, std::allocator<std::shared_ptr<Order> > > > >, std::less<int>, std::allocator<std::pair<int const, std::__cxx11::list<std::shared_ptr<Order>, std::allocator<std::shared_ptr<Order> > > > > >::erase(int const&)
2507 2918430 186561 59 324270 0 0 1297080 0 0
2510 2269890 249623 6 648540 0 0 972810 0 0
2511 1297080 0 0 324270 0 0 648540 0 0
2512 5512590 246769 103 972810 0 0 972810 0 0
2513 1945620 0 0 648540 0 0 324270 0 0
2514 1621350 191904 8 1297080 0 0 0 0 0
fn=std::_Rb_tree<int, std::pair<int const, std::__cxx11::list<std::shared_ptr<Order>, std::allocator<std::shared_ptr<Order> > > >, std::_Select1st<std::pair<int const, std::__cxx11::list<std::shared_ptr<Order>, std::allocator<std::shared_ptr<Order> > > > >, std::less<int>, std::allocator<std::pair<int const, std::__cxx11::list<std::shared_ptr<Order>, std::allocator<std::shared_ptr<Order> > > > > >::key_comp() const
991 1588340 0 0 0 0 0 794170 0 0
992 1191255 0 0 794170 0 0 0 0 0
fn=std::_Rb_tree<int, std::pair<int const, std::__cxx11::list<std::shared_ptr<Order>, std::allocator<std::shared_ptr<Order> > > >, std::_Select1st<std::pair<int const, std::__cxx11::list<std::shared_ptr<Order>, std::allocator<std::shared_ptr<Order> > > > >, std::less<int>, std::allocator<std::pair<int const, std::__cxx11::list<std::shared_ptr<Order>, std::allocator<std::shared_ptr<Order> > > > > >::lower_bound(int const&)
1269 2779658 258747 40 0 0 0 1588376 0 0
1270 6750598 82796 6 2779658 0 0 1191282 0 0
fn=std::_Rb_tree<int, std::pair<int const, std::__cxx11::list<std::shared_ptr<Order>, std::allocator<std::shared_ptr<Order> > > >, std::_Select1st<std::pair<int const, std::__cxx11::list<std::shared_ptr<Order>, std::allocator<std::shared_ptr<Order> > > > >, std::less<int>, std::allocator<std::pair<int const, std::__cxx11::list<std::shared_ptr<Order>, std::allocator<std::shared_ptr<Order> > > > > >::size() const
1031 2594196 169813 44 0 0 0 1297098 0 0
1032 2594196 0 0 2594196 0 0 0 0 0
fn=std::_Rb_tree<int, std::pair<int const, std::__cxx11::list<std::shared_ptr<Order>, std::allocator<std::shared_ptr<Order> > > >, std::_Select1st<std::pair<int const, std::__cxx11::list<std::shared_ptr<Order>, std::allocator<std::shared_ptr<Order> > > > >, std::less<int>, std::allocator<std::pair<int const, std::__cxx11::list<std::shared_ptr<Order>, std::allocator<std::shared_ptr<Order> > > > > >::~_Rb_tree()
983 5 1 1 0 0 0 2 0 0
984 14 1 1 5 0 0 3 0 0
fn=std::_Rb_tree_const_iterator<std::pair<int const, std::__cxx11::list<std::shared_ptr<Order>, std::allocator<std::shared_ptr<Order> > > > >::_M_const_cast() const
354 5192696 2224 0 649087 0 0 1947261 0 0
355 7789044 317948 135 4543609 0 0 649087 0 0
fn=std::_Rb_tree_const_iterator<std::pair<int const, std::__cxx11::list<std::shared_ptr<Order>, std::allocator<std::shared_ptr<Order> > > > >::_Rb_tree_const_iterator(std::_Rb_tree_iterator<std::pair<int const, std::__cxx11::list<std::shared_ptr<Order>, std::allocator<std::shared_ptr<Order> > > > > const&)
350 16126170 106126 31 0 0 0 9675702 0 0
351 22576638 0 0 16126170 0 0 3225234 0 0
fn=std::_Rb_tree_const_iterator<std::pair<int const, std::__cxx11::list<std::shared_ptr<Order>, std::allocator<std::shared_ptr<Order> > > > >::_Rb_tree_const_iterator(std::_Rb_tree_node_base const*)
347 2501235 477 0 0 0 0 1500741 0 0
348 3001482 0 0 2000988 0 0 500247 0 0
fn=std::_Rb_tree_const_iterator<std::pair<int const, std::__cxx11::list<std::shared_ptr<Order>, std::allocator<std::shared_ptr<Order> > > > >::operator*() const
358 2501235 165233 33 0 0 0 1000494 0 0
359 3001482 0 0 2000988 0 0 500247 0 0
fn=std::_Rb_tree_const_iterator<std::pair<int const, std::__cxx11::list<std::shared_ptr<Order>, std::allocator<std::shared_ptr<Order> > > > >::operator++(int)
373 5840253 402093 7 648917 0 0 2595668 0 0
375 1946751 0 0 1297834 0 0 648917 0 0
376 3893502 392885 19 1946751 0 0 1297834 0 0
377 648917 0 0 648917 0 0 0 0 0
378 3244585 0 0 2595668 0 0 0 0 0
fn=std::_Rb_tree_header::_M_reset()
206 24 4 0 0 0 0 12 0 0
208 12 1 1 6 0 0 6 0 0
209 18 0 0 12 0 0 6 0 0
210 18 0 0 12 0 0 6 0 0
211 12 0 0 6 0 0 6 0 0
212 18 0 0 12 0 0 0 0 0
fn=std::_Rb_tree_header::_Rb_tree_header()
173 10 1 1 0 0 0 4 0 0
175 4 0 0 2 0 0 2 0 0
176 6 0 0 2 0 0 2 0 0
177 6 0 0 4 0 0 0 0 0
fn=std::_Rb_tree_iterator<std::pair<int const, std::__cxx11::list<std::shared_ptr<Order>, std::allocator<std::shared_ptr<Order> > > > > std::_Rb_tree<int, std::pair<int const, std::__cxx11::list<std::shared_ptr<Order>, std::allocator<std::shared_ptr<Order> > > >, std::_Select1st<std::pair<int const, std::__cxx11::list<std::shared_ptr<Order>, std::allocator<std::shared_ptr<Order> > > > >, std::greater<int>, std::allocator<std::pair<int const, std::__cxx11::list<std::shared_ptr<Order>, std::allocator<std::shared_ptr<Order> > > > > >::_M_emplace_hint_unique<std::piecewise_construct_t const&, std::tuple<int&&>, std::tuple<> >(std::_Rb_tree_const_iterator<std::pair<int const, std::__cxx11::list<std::shared_ptr<Order>, std::allocator<std::shared_ptr<Order> > > > >, std::piecewise_construct_t const&, std::tuple<int&&>&&, std::tuple<>&&)
2428 4546220 125209 48 324730 0 0 2922570 0 0
2431 5845140 91711 6 1298920 0 0 1623650 0 0
2435 3572030 150578 6 974190 0 0 1298920 0 0
2437 974190 0 0 324730 0 0 0 0 0
2438 2273110 0 0 1298920 0 0 324730 0 0
2448 2597840 133857 12 1948380 0 0 0 0 0
fn=std::_Rb_tree_iterator<std::pair<int const, std::__cxx11::list<std::shared_ptr<Order>, std::allocator<std::shared_ptr<Order> > > > > std::_Rb_tree<int, std::pair<int const, std::__cxx11::list<std::shared_ptr<Order>, std::allocator<std::shared_ptr<Order> > > >, std::_Select1st<std::pair<int const, std::__cxx11::list<std::shared_ptr<Order>, std::allocator<std::shared_ptr<Order> > > > >, std::less<int>, std::allocator<std::pair<int const, std::__cxx11::list<std::shared_ptr<Order>, std::allocator<std::shared_ptr<Order> > > > > >::_M_emplace_hint_unique<std::piecewise_construct_t const&, std::tuple<int&&>, std::tuple<> >(std::_Rb_tree_const_iterator<std::pair<int const, std::__cxx11::list<std::shared_ptr<Order>, std::allocator<std::shared_ptr<Order> > > > >, std::piecewise_construct_t const&, std::tuple<int&&>&&, std::tuple<>&&)
2428 4540998 1 1 324357 0 0 2919213 0 0
2431 5838426 157120 130 1297428 0 0 1621785 0 0
2435 3567927 0 0 973071 0 0 1297428 0 0
2437 973071 0 0 324357 0 0 0 0 0
2438 2270499 69886 5 1297428 0 0 324357 0 0
2448 2594856 319488 130 1946142 0 0 0 0 0
fn=std::_Rb_tree_iterator<std::pair<int const, std::__cxx11::list<std::shared_ptr<Order>, std::allocator<std::shared_ptr<Order> > > > >::_Rb_tree_iterator(std::_Rb_tree_node_base*)
273 46687510 692339 10 0 0 0 28012506 0 0
274 56025012 0 0 37350008 0 0 9337502 0 0
fn=std::_Rb_tree_iterator<std::pair<int const, std::__cxx11::list<std::shared_ptr<Order>, std::allocator<std::shared_ptr<Order> > > > >::operator*() const
277 27315740 1 1 0 0 0 10926296 0 0
278 32778888 0 0 21852592 0 0 5463148 0 0
fn=std::_Rb_tree_iterator<std::pair<int const, std::__cxx11::list<std::shared_ptr<Order>, std::allocator<std::shared_ptr<Order> > > > >::operator--()
300 678225 75117 2 0 0 0 271290 0 0
302 813870 0 0 406935 0 0 271290 0 0
303 135645 0 0 135645 0 0 0 0 0
304 271290 0 0 271290 0 0 0 0 0
fn=std::_Rb_tree_key_compare<std::greater<int> >::_Rb_tree_key_compare()
146 4 1 1 0 0 0 2 0 0
150 3 0 0 2 0 0 0 0 0
fn=std::_Rb_tree_key_compare<std::less<int> >::_Rb_tree_key_compare()
146 4 1 1 0 0 0 2 0 0
150 3 0 0 2 0 0 0 0 0
fn=std::_Rb_tree_node<std::pair<int const, std::__cxx11::list<std::shared_ptr<Order>, std::allocator<std::shared_ptr<Order> > > > >* std::_Rb_tree<int, std::pair<int const, std::__cxx11::list<std::shared_ptr<Order>, std::allocator<std::shared_ptr<Order> > > >, std::_Select1st<std::pair<int const, std::__cxx11::list<std::shared_ptr<Order>, std::allocator<std::shared_ptr<Order> > > > >, std::greater<int>, std::allocator<std::pair<int const, std::__cxx11::list<std::shared_ptr<Order>, std::allocator<std::shared_ptr<Order> > > > > >::_M_create_node<std::piecewise_construct_t const&, std::tuple<int&&>, std::tuple<> >(std::piecewise_construct_t const&, std::tuple<int&&>&&, std::tuple<>&&)
609 3247300 2965 4 0 0 0 2273110 0 0
611 1298920 0 0 324730 0 0 649460 0 0
612 5845140 41949 4 1623650 0 0 1298920 0 0
613 324730 0 0 324730 0 0 0 0 0
614 1623650 0 0 1298920 0 0 0 0 0
fn=std::_Rb_tree_node<std::pair<int const, std::__cxx11::list<std::shared_ptr<Order>, std::allocator<std::shared_ptr<Order> > > > >* std::_Rb_tree<int, std::pair<int const, std::__cxx11::list<std::shared_ptr<Order>, std::allocator<std::shared_ptr<Order> > > >, std::_Select1st<std::pair<int const, std::__cxx11::list<std::shared_ptr<Order>, std::allocator<std::shared_ptr<Order> > > > >, std::less<int>, std::allocator<std::pair<int const, std::__cxx11::list<std::shared_ptr<Order>, std::allocator<std::shared_ptr<Order> > > > > >::_M_create_node<std::piecewise_construct_t const&, std::tuple<int&&>, std::tuple<> >(std::piecewise_construct_t const&, std::tuple<int&&>&&, std::tuple<>&&)
609 3243570 0 0 0 0 0 2270499 0 0
611 1297428 324357 4 324357 0 0 648714 0 0
612 5838426 268245 215 1621785 0 0 1297428 0 0
613 324357 0 0 324357 0 0 0 0 0
614 1621785 0 0 1297428 0 0 0 0 0
fn=std::_Rb_tree_node<std::pair<int const, std::__cxx11::list<std::shared_ptr<Order>, std::allocator<std::shared_ptr<Order> > > > >::_M_valptr()
234 33806610 68 2 0 0 0 13522644 0 0
235 40567932 0 0 20283966 0 0 6761322 0 0
fn=std::_Rb_tree_node<std::pair<int const, std::__cxx11::list<std::shared_ptr<Order>, std::allocator<std::shared_ptr<Order> > > > >::_M_valptr() const
238 82232030 0 0 0 0 0 32892812 0 0
239 98678436 0 0 49339218 0 0 16446406 0 0
fn=std::operator==(std::_Rb_tree_const_iterator<std::pair<int const, std::__cxx11::list<std::shared_ptr<Order>, std::allocator<std::shared_ptr<Order> > > > > const&, std::_Rb_tree_const_iterator<std::pair<int const, std::__cxx11::list<std::shared_ptr<Order>, std::allocator<std::shared_ptr<Order> > > > > const&)
396 12880695 36824 4 0 0 0 7728417 0 0
397 20609112 45345 105 15456834 0 0 0 0 0
fn=std::operator==(std::_Rb_tree_iterator<std::pair<int const, std::__cxx11::list<std::shared_ptr<Order>, std::allocator<std::shared_ptr<Order> > > > > const&, std::_Rb_tree_iterator<std::pair<int const, std::__cxx11::list<std::shared_ptr<Order>, std::allocator<std::shared_ptr<Order> > > > > const&)
315 3968400 361094 7 0 0 0 2381040 0 0
316 6349440 0 0 4762080 0 0 0 0 0
fn=void std::_Rb_tree<int, std::pair<int const, std::__cxx11::list<std::shared_ptr<Order>, std::allocator<std::shared_ptr<Order> > > >, std::_Select1st<std::pair<int const, std::__cxx11::list<std::shared_ptr<Order>, std::allocator<std::shared_ptr<Order> > > > >, std::greater<int>, std::allocator<std::pair<int const, std::__cxx11::list<std::shared_ptr<Order>, std::allocator<std::shared_ptr<Order> > > > > >::_M_construct_node<std::piecewise_construct_t const&, std::tuple<int&&>, std::tuple<> >(std::_Rb_tree_node<std::pair<int const, std::__cxx11::list<std::shared_ptr<Order>, std::allocator<std::shared_ptr<Order> > > > >*, std::piecewise_construct_t const&, std::tuple<int&&>&&, std::tuple<>&&)
590 4221490 30509 14 0 0 0 3247300 0 0
594 1298920 0 0 324730 0 0 324730 0 0
595 8118250 305030 227 1623650 0 0 1948380 0 0
605 2597840 2163 1 1948380 0 0 0 0 0
fn=void std::_Rb_tree<int, std::pair<int const, std::__cxx11::list<std::shared_ptr<Order>, std::allocator<std::shared_ptr<Order> > > >, std::_Select1st<std::pair<int const, std::__cxx11::list<std::shared_ptr<Order>, std::allocator<std::shared_ptr<Order> > > > >, std::less<int>, std::allocator<std::pair<int const, std::__cxx11::list<std::shared_ptr<Order>, std::allocator<std::shared_ptr<Order> > > > > >::_M_construct_node<std::piecewise_construct_t const&, std::tuple<int&&>, std::tuple<> >(std::_Rb_tree_node<std::pair<int const, std::__cxx11::list<std::shared_ptr<Order>, std::allocator<std::shared_ptr<Order> > > > >*, std::piecewise_construct_t const&, std::tuple<int&&>&&, std::tuple<>&&)
590 4216641 208546 130 0 0 0 3243570 0 0
594 1297428 0 0 324357 0 0 324357 0 0
595 8108925 159767 40 1621785 0 0 1946142 0 0
605 2594856 524369 187 1946142 0 0 0 0 0
fl=/usr/include/c++/11/bits/stl_uninitialized.h
fn=Trade* std::__relocate_a<Trade*, Trade*, std::allocator<Trade> >(Trade*, Trade*, Trade*, std::allocator<Trade>&)
1040 6923370 464512 5 0 0 0 4846359 0 0
1046 11769729 691995 7 2769348 0 0 2769348 0 0
1049 3461685 0 0 2769348 0 0 0 0 0
fn=Trade* std::__relocate_a_1<Trade*, Trade*, std::allocator<Trade> >(Trade*, Trade*, Trade*, std::allocator<Trade>&)
1018 6231033 686585 17 0 0 0 4154022 0 0
1030 1384674 0 0 692337 0 0 692337 0 0
1031 2769348 0 0 1384674 0 0 0 0 0
1034 692337 0 0 692337 0 0 0 0 0
1035 2077011 0 0 2077011 0 0 0 0 0
fl=/usr/include/c++/11/bits/stl_vector.h
fn=std::_Vector_base<Trade, std::allocator<Trade> >::_M_allocate(unsigned long)
343 4154022 682692 8 0 0 0 2077011 0 0
346 5538696 0 0 2077011 0 0 692337 0 0
347 1384674 0 0 1384674 0 0 0 0 0
fn=std::_Vector_base<Trade, std::allocator<Trade> >::_M_deallocate(Trade*, unsigned long)
350 12197913 0 0 0 0 0 6970236 0 0
353 3485118 0 0 1742559 0 0 0 0 0
354 4154022 0 0 2077011 0 0 692337 0 0
355 5227677 0 0 3485118 0 0 0 0 0
fn=std::_Vector_base<Trade, std::allocator<Trade> >::_M_get_Tp_allocator()
276 6970236 12436 8 0 0 0 3485118 0 0
277 5227677 1 1 5227677 0 0 0 0 0
fn=std::_Vector_base<Trade, std::allocator<Trade> >::_M_get_Tp_allocator() const
280 2769348 691916 105 0 0 0 1384674 0 0
281 2077011 0 0 2077011 0 0 0 0 0
fn=std::_Vector_base<Trade, std::allocator<Trade> >::_Vector_base()
288 11552442 0 0 3150666 0 0 3150666 0 0
fn=std::_Vector_base<Trade, std::allocator<Trade> >::_Vector_impl::_Vector_impl()
131 5251110 464747 63 0 0 0 2100444 0 0
133 6301332 0 0 2100444 0 0 2100444 0 0
134 3150666 1 1 2100444 0 0 0 0 0
fn=std::_Vector_base<Trade, std::allocator<Trade> >::_Vector_impl::~_Vector_impl()
128 11552442 6853 9 3150666 0 0 3150666 0 0
fn=std::_Vector_base<Trade, std::allocator<Trade> >::_Vector_impl_data::_Vector_impl_data()
97 4200888 0 0 0 0 0 2100444 0 0
98 6301332 0 0 3150666 0 0 3150666 6 0
99 3150666 0 0 2100444 0 0 0 0 0
fn=std::_Vector_base<Trade, std::allocator<Trade> >::~_Vector_base()
333 5251110 0 0 0 0 0 2100444 0 0
335 7351554 0 0 3150666 0 0 1050222 0 0
336 7351554 0 0 4200888 0 0 0 0 0
337 6301332 0 0 3150666 0 0 1050222 0 0
fn=std::vector<Trade, std::allocator<Trade> >::_S_do_relocate(Trade*, Trade*, Trade*, std::allocator<Trade>&, std::integral_constant<bool, true>)
453 5538696 6769 120 0 0 0 3461685 0 0
456 4154022 0 0 2769348 0 0 692337 0 0
457 1384674 0 0 1384674 0 0 0 0 0
fn=std::vector<Trade, std::allocator<Trade> >::_S_max_size(std::allocator<Trade> const&)
1776 5538696 694473 159 692337 0 0 2077011 0 0
1781 1384674 0 0 0 0 0 692337 0 0
1783 2769348 0 0 692337 0 0 1384674 0 0
1784 4154022 0 0 692337 0 0 692337 0 0
1785 3461685 0 0 2769348 0 0 0 0 0
fn=std::vector<Trade, std::allocator<Trade> >::_S_relocate(Trade*, Trade*, Trade*, std::allocator<Trade>&)
465 5538696 634680 6 0 0 0 3461685 0 0
469 4154022 0 0 2769348 0 0 692337 0 0
470 1384674 0 0 1384674 0 0 0 0 0
fn=std::vector<Trade, std::allocator<Trade> >::back()
1143 4482584 122817 80 560323 0 0 1680969 0 0
1146 6723876 0 0 560323 0 0 2801615 0 0
1147 2801615 0 0 2241292 0 0 0 0 0
fn=std::vector<Trade, std::allocator<Trade> >::capacity() const
998 2769348 0 0 0 0 0 1384674 0 0
999 1384674 684484 12 1384674 0 0 0 0 0
1000 4846359 0 0 2769348 0 0 0 0 0
fn=std::vector<Trade, std::allocator<Trade> >::end()
829 4482584 0 0 560323 0 0 1680969 0 0
830 6723876 76798 6 3361938 0 0 560323 0 0
fn=std::vector<Trade, std::allocator<Trade> >::max_size() const
923 3461685 0 0 0 0 0 1384674 0 0
924 4846359 0 0 2077011 0 0 1384674 0 0
fn=std::vector<Trade, std::allocator<Trade> >::push_back(Trade&&)
1203 3361938 176299 18 0 0 0 1680969 0 0
1204 6163553 0 0 2241292 0 0 1120646 0 0
fn=std::vector<Trade, std::allocator<Trade> >::size() const
918 2769348 0 0 0 0 0 1384674 0 0
919 6231033 0 0 4154022 0 0 0 0 0
fn=std::vector<Trade, std::allocator<Trade> >::vector()
487 11552442 149 53 3150666 0 0 3150666 0 0
fn=std::vector<Trade, std::allocator<Trade> >::~vector()
678 5251110 650183 8 0 0 0 2100444 0 0
680 7351554 0 0 4200888 0 0 1050222 0 0
681 4200888 40 1 1050222 0 0 1050222 0 0
683 6301332 0 0 3150666 0 0 1050222 0 0
fl=/usr/include/c++/11/bits/uniform_int_dist.h
fn=int std::uniform_int_distribution<int>::operator()<std::mersenne_twister_engine<unsigned long, 32ul, 624ul, 397ul, 31ul, 2567483615ul, 11ul, 4294967295ul, 7ul, 2636928640ul, 15ul, 4022730752ul, 18ul, 1812433253ul> >(std::mersenne_twister_engine<unsigned long, 32ul, 624ul, 397ul, 31ul, 2567483615ul, 11ul, 4294967295ul, 7ul, 2636928640ul, 15ul, 4022730752ul, 18ul, 1812433253ul>&)
192 12301332 391451 4 0 0 0 6150666 0 0
193 16401776 0 0 10251110 0 0 2050222 0 0
fn=int std::uniform_int_distribution<int>::operator()<std::mersenne_twister_engine<unsigned long, 32ul, 624ul, 397ul, 31ul, 2567483615ul, 11ul, 4294967295ul, 7ul, 2636928640ul, 15ul, 4022730752ul, 18ul, 1812433253ul> >(std::mersenne_twister_engine<unsigned long, 32ul, 624ul, 397ul, 31ul, 2567483615ul, 11ul, 4294967295ul, 7ul, 2636928640ul, 15ul, 4022730752ul, 18ul, 1812433253ul>&, std::uniform_int_distribution<int>::param_type const&)
276 22552442 668755 16 2050222 0 0 12301332 0 0
284 2050222 0 0 0 0 0 2050222 0 0
285 4100444 0 0 0 0 0 2050222 0 0
288 2050222 0 0 0 0 0 2050222 0 0
290 6150666 394374 66 0 0 0 2050222 0 0
291 16401776 0 0 4100444 0 0 4100444 0 0
294 6150666 0 0 2050222 0 0 0 0 0
298 6150666 0 0 2050222 0 0 2050222 0 0
315 4100444 0 0 2050222 0 0 2050222 0 0
316 16401776 200938 47 4100444 0 0 4100444 0 0
360 12301332 657215 112 4100444 0 0 2050222 0 0
361 12301332 0 0 10251110 0 0 0 0 0
fn=std::uniform_int_distribution<int>::param_type::a() const
101 16401776 0 0 0 0 0 8200888 0 0
102 16401776 0 0 16401776 0 0 0 0 0
fn=std::uniform_int_distribution<int>::param_type::b() const
105 8200888 382376 106 0 0 0 4100444 0 0
106 8200888 0 0 8200888 0 0 0 0 0
fn=std::uniform_int_distribution<int>::param_type::param_type(int, int)
93 6 1 1 0 0 0 4 0 0
95 6 0 0 4 0 0 2 0 0
98 3 0 0 2 0 0 0 0 0
fn=std::uniform_int_distribution<int>::uniform_int_distribution(int, int)
131 7 0 0 0 0 0 4 0 0
134 6 1 1 3 0 0 1 0 0
135 3 0 0 2 0 0 0 0 0
fn=std::uniform_int_distribution<unsigned int>::param_type::a() const
101 32803552 0 0 0 0 0 16401776 0 0
102 32803552 0 0 32803552 0 0 0 0 0
fn=std::uniform_int_distribution<unsigned int>::param_type::b() const
105 16401776 676056 8 0 0 0 8200888 0 0
106 16401776 0 0 16401776 0 0 0 0 0
fn=std::uniform_int_distribution<unsigned int>::param_type::param_type(unsigned int, unsigned int)
93 6 1 1 0 0 0 4 0 0
95 6 0 0 4 0 0 2 0 0
98 3 0 0 2 0 0 0 0 0
fn=std::uniform_int_distribution<unsigned int>::uniform_int_distribution(unsigned int, unsigned int)
131 7 1 1 0 0 0 4 0 0
134 6 0 0 3 0 0 1 0 0
135 3 0 0 2 0 0 0 0 0
fn=unsigned int std::uniform_int_distribution<int>::_S_nd<unsigned long, std::mersenne_twister_engine<unsigned long, 32ul, 624ul, 397ul, 31ul, 2567483615ul, 11ul, 4294967295ul, 7ul, 2636928640ul, 15ul, 4022730752ul, 18ul, 1812433253ul>, unsigned int>(std::mersenne_twister_engine<unsigned long, 32ul, 624ul, 397ul, 31ul, 2567483615ul, 11ul, 4294967295ul, 7ul, 2636928640ul, 15ul, 4022730752ul, 18ul, 1812433253ul>&, unsigned int)
246 12301332 544369 4 0 0 0 6150666 0 0
258 12301332 0 0 4100444 0 0 4100444 0 0
259 4100444 0 0 2050222 0 0 2050222 0 0
260 6150666 0 0 4100444 0 0 0 0 0
269 4100444 0 0 2050222 0 0 0 0 0
270 4100444 0 0 4100444 0 0 0 0 0
fn=unsigned int std::uniform_int_distribution<unsigned int>::_S_nd<unsigned long, std::mersenne_twister_engine<unsigned long, 32ul, 624ul, 397ul, 31ul, 2567483615ul, 11ul, 4294967295ul, 7ul, 2636928640ul, 15ul, 4022730752ul, 18ul, 1812433253ul>, unsigned int>(std::mersenne_twister_engine<unsigned long, 32ul, 624ul, 397ul, 31ul, 2567483615ul, 11ul, 4294967295ul, 7ul, 2636928640ul, 15ul, 4022730752ul, 18ul, 1812433253ul>&, unsigned int)
246 24602664 427842 12 0 0 0 12301332 0 0
258 24602664 0 0 8200888 0 0 8200888 0 0
259 8200888 0 0 4100444 0 0 4100444 0 0
260 12301332 0 0 8200888 0 0 0 0 0
262 10 1 0 4 0 0 2 0 0
263 8 0 0 4 0 0 0 0 0
269 8200888 380529 14 4100444 0 0 0 0 0
270 8200888 0 0 8200888 0 0 0 0 0
fn=unsigned int std::uniform_int_distribution<unsigned int>::operator()<std::mersenne_twister_engine<unsigned long, 32ul, 624ul, 397ul, 31ul, 2567483615ul, 11ul, 4294967295ul, 7ul, 2636928640ul, 15ul, 4022730752ul, 18ul, 1812433253ul> >(std::mersenne_twister_engine<unsigned long, 32ul, 624ul, 397ul, 31ul, 2567483615ul, 11ul, 4294967295ul, 7ul, 2636928640ul, 15ul, 4022730752ul, 18ul, 1812433253ul>&)
192 24602664 632041 20 0 0 0 12301332 0 0
193 32803552 0 0 20502220 0 0 4100444 0 0
fn=unsigned int std::uniform_int_distribution<unsigned int>::operator()<std::mersenne_twister_engine<unsigned long, 32ul, 624ul, 397ul, 31ul, 2567483615ul, 11ul, 4294967295ul, 7ul, 2636928640ul, 15ul, 4022730752ul, 18ul, 1812433253ul> >(std::mersenne_twister_engine<unsigned long, 32ul, 624ul, 397ul, 31ul, 2567483615ul, 11ul, 4294967295ul, 7ul, 2636928640ul, 15ul, 4022730752ul, 18ul, 1812433253ul>&, std::uniform_int_distribution<unsigned int>::param_type const&)
276 45104884 838358 7 4100444 0 0 24602664 0 0
284 4100444 0 0 0 0 0 4100444 0 0
285 8200888 0 0 0 0 0 4100444 0 0
288 4100444 0 0 0 0 0 4100444 0 0
290 12301332 0 0 0 0 0 4100444 0 0
291 32803552 380531 2 8200888 0 0 8200888 0 0
294 12301332 0 0 4100444 0 0 0 0 0
298 12301332 0 0 4100444 0 0 4100444 0 0
315 8200888 0 0 4100444 0 0 4100444 0 0
316 32803552 692217 125 8200888 0 0 8200888 0 0
360 24602664 384907 3 8200888 0 0 4100444 0 0
361 24602664 333083 2 20502220 0 0 0 0 0
fl=/usr/include/c++/11/bits/unordered_map.h
fn=std::unordered_map<unsigned long, Orderbook::OrderEntry, std::hash<unsigned long>, std::equal_to<unsigned long>, std::allocator<std::pair<unsigned long const, Orderbook::OrderEntry> > >::at(unsigned long const&)
996 720966 0 0 0 0 0 360483 0 0
997 841127 91202 136 480644 0 0 120161 0 0
fn=std::unordered_map<unsigned long, Orderbook::OrderEntry, std::hash<unsigned long>, std::equal_to<unsigned long>, std::allocator<std::pair<unsigned long const, Orderbook::OrderEntry> > >::contains(unsigned long const&) const
920 11095011 205491 70 1232779 0 0 4931116 0 0
921 25888359 499700 222 8629453 0 0 6163895 0 0
fn=std::unordered_map<unsigned long, Orderbook::OrderEntry, std::hash<unsigned long>, std::equal_to<unsigned long>, std::allocator<std::pair<unsigned long const, Orderbook::OrderEntry> > >::erase(unsigned long const&)
762 3973518 38791 0 0 0 0 1986759 0 0
763 4635771 119680 7 2649012 0 0 662253 0 0
fn=std::unordered_map<unsigned long, Orderbook::OrderEntry, std::hash<unsigned long>, std::equal_to<unsigned long>, std::allocator<std::pair<unsigned long const, Orderbook::OrderEntry> > >::insert(std::pair<unsigned long const, Orderbook::OrderEntry>&&)
557 4846359 0 0 0 0 0 2769348 0 0
558 6923370 142299 4 3461685 6 0 1384674 0 0
fn=std::unordered_map<unsigned long, Orderbook::OrderEntry, std::hash<unsigned long>, std::equal_to<unsigned long>, std::allocator<std::pair<unsigned long const, Orderbook::OrderEntry> > >::size() const
310 3461685 0 0 0 0 0 1384674 0 0
311 3461685 692337 102 2077011 0 0 692337 0 0
fn=std::unordered_map<unsigned long, Orderbook::OrderEntry, std::hash<unsigned long>, std::equal_to<unsigned long>, std::allocator<std::pair<unsigned long const, Orderbook::OrderEntry> > >::unordered_map()
141 11 1 1 3 0 0 3 0 0
fn=std::unordered_map<unsigned long, Orderbook::OrderEntry, std::hash<unsigned long>, std::equal_to<unsigned long>, std::allocator<std::pair<unsigned long const, Orderbook::OrderEntry> > >::~unordered_map()
102 11 1 1 3 1 0 3 0 0
fl=/usr/include/c++/11/bits/vector.tcc
fn=Trade& std::vector<Trade, std::allocator<Trade> >::emplace_back<Trade>(Trade&&)
109 3922261 0 0 0 0 0 2241292 0 0
112 3361938 353074 8 2241292 0 0 0 0 0
115 5603230 0 0 2241292 0 0 1120646 0 0
117 3361938 0 0 1680969 0 0 560323 0 0
123 1680969 168584 7 560323 0 0 560323 0 0
125 1680969 341 0 1680969 0 0 0 0 0
fn=std::vector<Trade, std::allocator<Trade> >::reserve(unsigned long)
66 4154022 0 0 0 0 0 2077011 0 0
69 4846359 0 0 1384674 0 0 692337 0 0
71 4846359 692337 3 1384674 0 0 692337 0 0
73 2769348 0 0 692337 0 0 1384674 0 0
78 4154022 692337 8 1384674 0 0 1384674 0 0
79 4846359 0 0 3461685 0 0 692337 0 0
80 2769348 0 0 692337 0 0 692337 0 0
92 5538696 0 0 2077011 0 0 692337 0 0
93 1384674 0 0 1384674 0 0 0 0 0
94 3461685 391118 7 1384674 0 0 0 0 0
95 2077011 0 0 1384674 0 0 692337 0 0
96 4846359 42935 92 2077011 0 0 692337 0 0
97 4846359 0 0 2769348 0 0 692337 0 0
99 2077011 0 0 1384674 0 0 0 0 0
fl=/usr/include/c++/11/ext/aligned_buffer.h
fn=__gnu_cxx::__aligned_buffer<Order>::_M_addr()
102 12225888 368668 2 0 0 0 6112944 0 0
104 3056472 0 0 3056472 0 0 0 0 0
105 6112944 0 0 6112944 0 0 0 0 0
fn=__gnu_cxx::__aligned_buffer<Order>::_M_ptr()
114 15282360 692338 2 0 0 0 6112944 0 0
115 15282360 2 1 9169416 0 0 3056472 0 0
fn=__gnu_cxx::__aligned_buffer<std::pair<unsigned long const, Orderbook::OrderEntry> >::_M_addr()
102 8788688 0 0 0 0 0 4394344 0 0
104 2197172 0 0 2197172 0 0 0 0 0
105 4394344 0 0 4394344 0 0 0 0 0
fn=__gnu_cxx::__aligned_buffer<std::pair<unsigned long const, Orderbook::OrderEntry> >::_M_addr() const
108 17666208 0 0 0 0 0 8833104 0 0
110 4416552 0 0 4416552 0 0 0 0 0
111 8833104 0 0 8833104 0 0 0 0 0
fn=__gnu_cxx::__aligned_buffer<std::pair<unsigned long const, Orderbook::OrderEntry> >::_M_ptr()
114 10985860 795 7 0 0 0 4394344 0 0
115 10985860 0 0 6591516 0 0 2197172 0 0
fn=__gnu_cxx::__aligned_buffer<std::pair<unsigned long const, Orderbook::OrderEntry> >::_M_ptr() const
118 22082760 13105 42 0 0 0 8833104 0 0
119 22082760 0 0 13249656 0 0 4416552 4 0
fn=__gnu_cxx::__aligned_membuf<std::pair<int const, std::__cxx11::list<std::shared_ptr<Order>, std::allocator<std::shared_ptr<Order> > > > >::_M_addr()
64 27045288 2 1 0 0 0 13522644 0 0
65 20283966 0 0 20283966 0 0 0 0 0
fn=__gnu_cxx::__aligned_membuf<std::pair<int const, std::__cxx11::list<std::shared_ptr<Order>, std::allocator<std::shared_ptr<Order> > > > >::_M_addr() const
68 65785624 604263 9 0 0 0 32892812 0 0
69 49339218 0 0 49339218 0 0 0 0 0
fn=__gnu_cxx::__aligned_membuf<std::pair<int const, std::__cxx11::list<std::shared_ptr<Order>, std::allocator<std::shared_ptr<Order> > > > >::_M_ptr()
72 33806610 0 0 0 0 0 13522644 0 0
73 33806610 0 0 20283966 0 0 6761322 0 0
fn=__gnu_cxx::__aligned_membuf<std::pair<int const, std::__cxx11::list<std::shared_ptr<Order>, std::allocator<std::shared_ptr<Order> > > > >::_M_ptr() const
76 82232030 4090 7 0 0 0 32892812 0 0
77 82232030 0 0 49339218 0 0 16446406 0 0
fn=__gnu_cxx::__aligned_membuf<std::shared_ptr<Order> >::_M_addr()
64 15559940 64823 4 0 0 0 7779970 0 0
65 11669955 0 0 11669955 0 0 0 0 0
fn=__gnu_cxx::__aligned_membuf<std::shared_ptr<Order> >::_M_ptr()
72 19449925 0 0 0 0 0 7779970 0 0
73 19449925 0 0 11669955 0 0 3889985 0 0
fl=/usr/include/c++/11/ext/atomicity.h
fn=std::_Sp_counted_base<(__gnu_cxx::_Lock_policy)2>::_M_add_ref_copy()
52 7515960 43946 5 2505320 2 0 0 0 0
92 17537240 0 0 10021280 28199 232 2505320 0 0
108 15031920 0 0 5010640 0 0 5010640 0 0
112 2505320 0 0 0 0 0 0 0 0
fn=std::_Sp_counted_base<(__gnu_cxx::_Lock_policy)2>::_M_release()
52 13628904 0 0 4542968 5 3 0 0 0
84 13628904 15 4 9085936 58906 233 4542968 0 0
85 27257808 0 0 18171872 0 0 4542968 0 0
86 4542968 0 0 4542968 0 0 0 0 0
98 27257808 1317 15 9085936 0 0 9085936 0 0
99 4542968 0 0 0 0 0 0 0 0
fl=/usr/include/c++/11/ext/new_allocator.h
fn=__gnu_cxx::new_allocator<Order>::new_allocator()
79 7131768 14663 5 2037648 0 0 2037648 0 0
fn=__gnu_cxx::new_allocator<Order>::new_allocator(__gnu_cxx::new_allocator<Order> const&)
82 24451776 0 0 6112944 0 0 9169416 0 0
fn=__gnu_cxx::new_allocator<Trade>::_M_max_size() const
197 2769348 219062 8 0 0 0 1384674 0 0
200 692337 0 0 0 0 0 0 0 0
204 1384674 0 0 1384674 0 0 0 0 0
fn=__gnu_cxx::new_allocator<Trade>::allocate(unsigned long, void const*)
103 4846359 397119 6 0 0 0 2769348 0 0
111 6923370 0 0 1384674 0 0 692337 0 0
127 3461685 680849 95 692337 0 0 692337 0 0
128 1384674 0 0 1384674 0 0 0 0 0
fn=__gnu_cxx::new_allocator<Trade>::deallocate(Trade*, unsigned long)
132 4846359 284684 113 0 0 0 2769348 0 0
145 4846359 0 0 1384674 0 0 692337 0 0
150 1384674 0 0 1384674 0 0 0 0 0
fn=__gnu_cxx::new_allocator<Trade>::new_allocator()
79 7351554 1 1 2100444 0 0 2100444 0 0
fn=__gnu_cxx::new_allocator<std::_List_node<std::shared_ptr<Order> > >::_M_max_size() const
197 2769348 7477 7 0 0 0 1384674 0 0
200 692337 0 0 0 0 0 0 0 0
204 1384674 0 0 1384674 0 0 0 0 0
fn=__gnu_cxx::new_allocator<std::_List_node<std::shared_ptr<Order> > >::allocate(unsigned long, void const*)
103 4846359 271506 90 0 0 0 2769348 0 0
111 6923370 0 0 1384674 0 0 692337 0 0
127 3461685 393714 9 692337 0 0 692337 0 0
128 1384674 0 0 1384674 0 0 0 0 0
fn=__gnu_cxx::new_allocator<std::_List_node<std::shared_ptr<Order> > >::deallocate(std::_List_node<std::shared_ptr<Order> >*, unsigned long)
132 4846359 118890 5 0 0 0 2769348 0 0
145 4846359 0 0 1384674 0 0 692337 0 0
150 1384674 0 0 1384674 0 0 0 0 0
fn=__gnu_cxx::new_allocator<std::_List_node<std::shared_ptr<Order> > >::new_allocator()
79 4543609 0 0 1298174 0 0 1298174 0 0
fn=__gnu_cxx::new_allocator<std::_Rb_tree_node<std::pair<int const, std::__cxx11::list<std::shared_ptr<Order>, std::allocator<std::shared_ptr<Order> > > > > >::_M_max_size() const
197 2596348 0 0 0 0 0 1298174 0 0
200 649087 0 0 0 0 0 0 0 0
204 1298174 0 0 1298174 0 0 0 0 0
fn=__gnu_cxx::new_allocator<std::_Rb_tree_node<std::pair<int const, std::__cxx11::list<std::shared_ptr<Order>, std::allocator<std::shared_ptr<Order> > > > > >::allocate(unsigned long, void const*)
103 4543609 418471 76 0 0 0 2596348 0 0
111 6490870 0 0 1298174 0 0 649087 0 0
127 3245435 15719 175 649087 0 0 649087 0 0
128 1298174 0 0 1298174 0 0 0 0 0
fn=__gnu_cxx::new_allocator<std::_Rb_tree_node<std::pair<int const, std::__cxx11::list<std::shared_ptr<Order>, std::allocator<std::shared_ptr<Order> > > > > >::deallocate(std::_Rb_tree_node<std::pair<int const, std::__cxx11::list<std::shared_ptr<Order>, std::allocator<std::shared_ptr<Order> > > > >*, unsigned long)
132 4543609 3 0 0 0 0 2596348 0 0
145 4543609 0 0 1298174 0 0 649087 0 0
150 1298174 0 0 1298174 0 0 0 0 0
fn=__gnu_cxx::new_allocator<std::_Rb_tree_node<std::pair<int const, std::__cxx11::list<std::shared_ptr<Order>, std::allocator<std::shared_ptr<Order> > > > > >::new_allocator()
79 14 2 2 4 0 0 4 0 0
fn=__gnu_cxx::new_allocator<std::_Sp_counted_ptr_inplace<Order, std::allocator<Order>, (__gnu_cxx::_Lock_policy)2> >::_M_max_size() const
197 4075296 0 0 0 0 0 2037648 0 0
200 1018824 0 0 0 0 0 0 0 0
204 2037648 0 0 2037648 0 0 0 0 0
fn=__gnu_cxx::new_allocator<std::_Sp_counted_ptr_inplace<Order, std::allocator<Order>, (__gnu_cxx::_Lock_policy)2> >::allocate(unsigned long, void const*)
103 7131768 268218 16 0 0 0 4075296 0 0
111 10188240 0 0 2037648 0 0 1018824 0 0
127 8150592 1 1 1018824 0 0 1018824 0 0
128 2037648 0 0 2037648 0 0 0 0 0
fn=__gnu_cxx::new_allocator<std::_Sp_counted_ptr_inplace<Order, std::allocator<Order>, (__gnu_cxx::_Lock_policy)2> >::deallocate(std::_Sp_counted_ptr_inplace<Order, std::allocator<Order>, (__gnu_cxx::_Lock_policy)2>*, unsigned long)
132 7131768 8248 5 0 0 0 4075296 4 0
145 10188240 1 1 2037648 0 0 1018824 3 0
150 2037648 0 0 2037648 0 0 0 0 0
fn=__gnu_cxx::new_allocator<std::_Sp_counted_ptr_inplace<Order, std::allocator<Order>, (__gnu_cxx::_Lock_policy)2> >::new_allocator()
79 14263536 350106 14 4075296 0 0 4075296 0 0
fn=__gnu_cxx::new_allocator<std::__detail::_Hash_node<std::pair<unsigned long const, Orderbook::OrderEntry>, false> >::_M_max_size() const
197 2769348 550988 8 0 0 0 1384674 0 0
200 692337 0 0 0 0 0 0 0 0
204 1384674 0 0 1384674 0 0 0 0 0
fn=__gnu_cxx::new_allocator<std::__detail::_Hash_node<std::pair<unsigned long const, Orderbook::OrderEntry>, false> >::allocate(unsigned long, void const*)
103 4846359 686024 201 0 0 0 2769348 0 0
111 6923370 0 0 1384674 0 0 692337 0 0
127 5538696 370885 3 692337 0 0 692337 0 0
128 1384674 0 0 1384674 0 0 0 0 0
fn=__gnu_cxx::new_allocator<std::__detail::_Hash_node<std::pair<unsigned long const, Orderbook::OrderEntry>, false> >::deallocate(std::__detail::_Hash_node<std::pair<unsigned long const, Orderbook::OrderEntry>, false>*, unsigned long)
132 4846359 339848 9 0 0 0 2769348 0 0
145 6923370 0 0 1384674 0 0 692337 0 0
150 1384674 0 0 1384674 0 0 0 0 0
fn=__gnu_cxx::new_allocator<std::__detail::_Hash_node<std::pair<unsigned long const, Orderbook::OrderEntry>, false> >::new_allocator()
79 7 1 1 2 0 0 2 0 0
fn=__gnu_cxx::new_allocator<std::__detail::_Hash_node_base*>::_M_max_size() const
197 48 0 0 0 0 0 24 0 0
200 12 0 0 0 0 0 0 0 0
204 24 0 0 24 0 0 0 0 0
fn=__gnu_cxx::new_allocator<std::__detail::_Hash_node_base*>::allocate(unsigned long, void const*)
103 84 12 2 0 0 0 48 0 0
111 120 11 0 24 0 0 12 0 0
127 60 0 0 12 0 0 12 0 0
128 24 0 0 24 0 0 0 0 0
fn=__gnu_cxx::new_allocator<std::__detail::_Hash_node_base*>::deallocate(std::__detail::_Hash_node_base**, unsigned long)
132 84 0 0 0 0 0 48 6 0
145 72 12 5 24 0 0 12 0 0
150 24 0 0 24 1 0 0 0 0
fn=__gnu_cxx::new_allocator<std::__detail::_Hash_node_base*>::new_allocator()
79 168 3 1 48 0 0 48 0 0
fl=/usr/include/c++/11/ext/type_traits.h
fn=bool __gnu_cxx::__is_null_pointer<char const>(char const*)
152 8 1 1 0 0 0 4 0 0
153 8 0 0 6 0 0 0 0 0
fl=/usr/include/c++/11/iostream
fn=__static_initialization_and_destruction_0(int, int)
74 10 1 0 1 1 0 2 0 0
fl=/usr/include/c++/11/new
fn=operator new(unsigned long, void*)
175 47785248 0 0 17919468 0 0 17919468 0 0
fl=/usr/include/c++/11/tuple
fn=int& std::__get_helper<0ul, int&&>(std::_Tuple_impl<0ul, int&&>&)
1377 3245435 15251 47 0 0 0 1298174 0 0
1378 3245435 127077 1 1947261 0 0 649087 0 0
fn=std::_Head_base<0ul, int&&, false>::_Head_base<int>(int&&)
199 3894522 5660 6 0 0 0 1947261 0 0
200 5192696 0 0 2596348 0 0 1298174 0 0
fn=std::_Head_base<0ul, int&&, false>::_M_head(std::_Head_base<0ul, int&&, false>&)
233 5192696 0 0 2596348 0 0 1298174 0 0
fn=std::_Tuple_impl<0ul, int&&>::_M_head(std::_Tuple_impl<0ul, int&&>&)
424 6490870 48988 6 1947261 0 0 1947261 0 0
fn=std::_Tuple_impl<0ul, int&&>::_Tuple_impl(std::_Tuple_impl<0ul, int&&>&&)
454 3245435 1 1 0 0 0 1947261 0 0
456 2596348 7 2 1947261 0 0 649087 0 0
457 1947261 0 0 1298174 0 0 0 0 0
fn=std::_Tuple_impl<0ul, int&&>::_Tuple_impl<int>(int&&)
440 4543609 0 0 0 0 0 2596348 0 0
441 4543609 0 0 1298174 0 0 1298174 0 0
442 2596348 114303 19 1947261 0 0 0 0 0
fn=std::pair<int const, std::__cxx11::list<std::shared_ptr<Order>, std::allocator<std::shared_ptr<Order> > > >::pair<int&&, 0ul>(std::tuple<int&&>&, std::tuple<>&, std::_Index_tuple<0ul>, std::_Index_tuple<>)
1816 4543609 305990 5 0 0 0 2596348 0 0
1819 5192696 0 0 1947261 0 0 1947261 6371 1517
1820 5192696 1785 124 1298174 0 0 2596348 1710 20
1821 1947261 0 0 1298174 0 0 0 0 0
fn=std::pair<int const, std::__cxx11::list<std::shared_ptr<Order>, std::allocator<std::shared_ptr<Order> > > >::pair<int&&>(std::piecewise_construct_t, std::tuple<int&&>, std::tuple<>)
1804 3894522 3461 4 0 0 0 1947261 0 0
1809 3894522 0 0 1298174 0 0 649087 0 0
1810 1947261 0 0 1298174 0 0 0 0 0
fn=std::tuple<int&&> std::forward_as_tuple<int>(int&&)
1617 3894522 0 0 0 0 0 1947261 0 0
1618 7139957 16644 12 3245435 0 0 1298174 0 0
fn=std::tuple<int&&>::tuple(std::tuple<int&&>&&)
756 9087218 0 0 2596348 0 0 2596348 0 0
fn=std::tuple<int&&>::tuple<int, true, true>(int&&)
742 4543609 9846 1 0 0 0 2596348 0 0
744 7139957 448 1 3245435 0 0 1298174 0 0
fn=std::tuple_element<0ul, std::tuple<int&&> >::type& std::get<0ul, int&&>(std::tuple<int&&>&)
1393 3245435 0 0 0 0 0 1298174 0 0
1394 3245435 0 0 1947261 0 0 649087 0 0
fl=/usr/include/c++/11/type_traits
fn=std::is_constant_evaluated()
3420 51240552 1 1 17080184 0 0 8540092 0 0
fl=/usr/include/c++/11/utility
fn=int const& std::__pair_get<0ul>::__const_get<int const, std::__cxx11::list<std::shared_ptr<Order>, std::allocator<std::shared_ptr<Order> > > >(std::pair<int const, std::__cxx11::list<std::shared_ptr<Order>, std::allocator<std::shared_ptr<Order> > > > const&)
188 2000988 0 0 0 0 0 1000494 0 0
189 1500741 0 0 1500741 0 0 0 0 0
fn=int const& std::__pair_get<0ul>::__get<int const, std::__cxx11::list<std::shared_ptr<Order>, std::allocator<std::shared_ptr<Order> > > >(std::pair<int const, std::__cxx11::list<std::shared_ptr<Order>, std::allocator<std::shared_ptr<Order> > > >&)
178 15503284 0 0 0 0 0 7751642 0 0
179 11627463 0 0 11627463 0 0 0 0 0
fn=std::__cxx11::list<std::shared_ptr<Order>, std::allocator<std::shared_ptr<Order> > > const& std::__pair_get<1ul>::__const_get<int const, std::__cxx11::list<std::shared_ptr<Order>, std::allocator<std::shared_ptr<Order> > > >(std::pair<int const, std::__cxx11::list<std::shared_ptr<Order>, std::allocator<std::shared_ptr<Order> > > > const&)
212 2000988 0 0 0 0 0 1000494 0 0
213 2000988 0 0 1500741 0 0 0 0 0
fn=std::__cxx11::list<std::shared_ptr<Order>, std::allocator<std::shared_ptr<Order> > >& std::__pair_get<1ul>::__get<int const, std::__cxx11::list<std::shared_ptr<Order>, std::allocator<std::shared_ptr<Order> > > >(std::pair<int const, std::__cxx11::list<std::shared_ptr<Order>, std::allocator<std::shared_ptr<Order> > > >&)
202 15503284 1 1 0 0 0 7751642 0 0
203 15503284 0 0 11627463 0 0 0 0 0
fn=std::tuple_element<0ul, std::pair<int const, std::__cxx11::list<std::shared_ptr<Order>, std::allocator<std::shared_ptr<Order> > > > >::type const& std::get<0ul, int const, std::__cxx11::list<std::shared_ptr<Order>, std::allocator<std::shared_ptr<Order> > > >(std::pair<int const, std::__cxx11::list<std::shared_ptr<Order>, std::allocator<std::shared_ptr<Order> > > > const&)
233 2501235 28127 16 0 0 0 1000494 0 0
234 2501235 0 0 1500741 0 0 500247 0 0
fn=std::tuple_element<0ul, std::pair<int const, std::__cxx11::list<std::shared_ptr<Order>, std::allocator<std::shared_ptr<Order> > > > >::type& std::get<0ul, int const, std::__cxx11::list<std::shared_ptr<Order>, std::allocator<std::shared_ptr<Order> > > >(std::pair<int const, std::__cxx11::list<std::shared_ptr<Order>, std::allocator<std::shared_ptr<Order> > > >&)
223 19379105 0 0 0 0 0 7751642 0 0
224 19379105 0 0 11627463 0 0 3875821 0 0
fn=std::tuple_element<0ul, std::pair<unsigned long const, Orderbook::OrderEntry> >::type const& std::get<0ul, unsigned long const, Orderbook::OrderEntry>(std::pair<unsigned long const, Orderbook::OrderEntry> const&)
233 22082760 0 0 0 0 0 8833104 0 0
234 22082760 0 0 13249656 0 0 4416552 0 0
fn=std::tuple_element<0ul, std::pair<unsigned long const, Orderbook::OrderEntry> >::type& std::get<0ul, unsigned long const, Orderbook::OrderEntry>(std::pair<unsigned long const, Orderbook::OrderEntry>&)
223 3461685 0 0 0 0 0 1384674 0 0
224 3461685 284313 13 2077011 0 0 692337 0 0
fn=std::tuple_element<1ul, std::pair<int const, std::__cxx11::list<std::shared_ptr<Order>, std::allocator<std::shared_ptr<Order> > > > >::type const& std::get<1ul, int const, std::__cxx11::list<std::shared_ptr<Order>, std::allocator<std::shared_ptr<Order> > > >(std::pair<int const, std::__cxx11::list<std::shared_ptr<Order>, std::allocator<std::shared_ptr<Order> > > > const&)
233 2501235 0 0 0 0 0 1000494 0 0
234 2501235 0 0 1500741 0 0 500247 0 0
fn=std::tuple_element<1ul, std::pair<int const, std::__cxx11::list<std::shared_ptr<Order>, std::allocator<std::shared_ptr<Order> > > > >::type& std::get<1ul, int const, std::__cxx11::list<std::shared_ptr<Order>, std::allocator<std::shared_ptr<Order> > > >(std::pair<int const, std::__cxx11::list<std::shared_ptr<Order>, std::allocator<std::shared_ptr<Order> > > >&)
223 19379105 0 0 0 0 0 7751642 0 0
224 19379105 0 0 11627463 0 0 3875821 0 0
fn=unsigned long const& std::__pair_get<0ul>::__const_get<unsigned long const, Orderbook::OrderEntry>(std::pair<unsigned long const, Orderbook::OrderEntry> const&)
188 17666208 0 0 0 0 0 8833104 0 0
189 13249656 0 0 13249656 0 0 0 0 0
fn=unsigned long const& std::__pair_get<0ul>::__get<unsigned long const, Orderbook::OrderEntry>(std::pair<unsigned long const, Orderbook::OrderEntry>&)
178 2769348 473281 4 0 0 0 1384674 0 0
179 2077011 0 0 2077011 0 0 0 0 0
fl=???
fn=(below main)
0 12 1 1 2 1 0 3 0 0
fn=???
0 45711856 164585 504 22855689 287 25 443 21 13
fn=__cpu_indicator_init
0 367 34 34 47 4 2 13 0 0
fn=__cxa_get_globals
0 14 1 1 2 0 0 2 0 0
fn=__cxa_guard_acquire
0 102 2 2 36 0 0 12 0 0
fn=__cxa_guard_release
0 36 1 1 18 0 0 6 0 0
fn=__gnu_cxx::stdio_sync_filebuf<char, std::char_traits<char> >::sync()
0 15 1 1 5 2 0 0 0 0
fn=__gnu_cxx::stdio_sync_filebuf<wchar_t, std::char_traits<wchar_t> >::sync()
0 15 0 0 5 2 0 0 0 0
fn=bool std::has_facet<std::ctype<char> >(std::locale const&)
0 12 1 1 4 0 0 0 0 0
fn=bool std::has_facet<std::ctype<wchar_t> >(std::locale const&)
0 12 1 1 4 0 0 0 0 0
fn=bool std::has_facet<std::num_get<char, std::istreambuf_iterator<char, std::char_traits<char> > > >(std::locale const&)
0 12 0 0 4 0 0 0 0 0
fn=bool std::has_facet<std::num_get<wchar_t, std::istreambuf_iterator<wchar_t, std::char_traits<wchar_t> > > >(std::locale const&)
0 12 0 0 4 0 0 0 0 0
fn=bool std::has_facet<std::num_put<char, std::ostreambuf_iterator<char, std::char_traits<char> > > >(std::locale const&)
0 12 1 1 4 0 0 0 0 0
fn=bool std::has_facet<std::num_put<wchar_t, std::ostreambuf_iterator<wchar_t, std::char_traits<wchar_t> > > >(std::locale const&)
0 12 1 1 4 0 0 0 0 0
fn=operator delete(void*)
0 7489868 0 0 0 0 0 0 0 0
fn=operator delete(void*, unsigned long)
0 7489868 1 1 0 0 0 0 0 0
fn=operator new(unsigned long)
0 44939208 351179 2 7489868 0 0 7489868 0 0
fn=std::_Rb_tree_decrement(std::_Rb_tree_node_base*)
0 2151761 87395 2 773040 1902 25 0 0 0
fn=std::_Rb_tree_increment(std::_Rb_tree_node_base const*)
0 7193529 332394 2 2522734 21 0 0 0 0
fn=std::_Rb_tree_insert_and_rebalance(bool, std::_Rb_tree_node_base*, std::_Rb_tree_node_base*, std::_Rb_tree_node_base&)
0 22454404 1792946 11 5216381 10978 75 5716431 1429 14
fn=std::_Rb_tree_rebalance_for_erase(std::_Rb_tree_node_base*, std::_Rb_tree_node_base&)
0 28569052 3463223 19 9462246 29817 216 2236848 2822 16
fn=std::__cxx11::basic_string<char, std::char_traits<char>, std::allocator<char> >::compare(char const*) const
0 70 2 2 14 0 0 12 0 0
fn=std::__cxx11::messages<char>::messages(unsigned long)
0 20 2 2 4 1 0 8 1 1
fn=std::__cxx11::messages<wchar_t>::messages(unsigned long)
0 20 1 1 4 1 0 8 0 0
fn=std::__cxx11::moneypunct<char, false>::_M_initialize_moneypunct(__locale_struct*, char const*)
0 113 4 4 38 1 1 31 0 0
fn=std::__cxx11::moneypunct<char, true>::_M_initialize_moneypunct(__locale_struct*, char const*)
0 113 5 5 38 0 0 31 0 0
fn=std::__cxx11::moneypunct<wchar_t, false>::_M_initialize_moneypunct(__locale_struct*, char const*)
0 109 6 6 30 0 0 31 0 0
fn=std::__cxx11::moneypunct<wchar_t, true>::_M_initialize_moneypunct(__locale_struct*, char const*)
0 109 6 6 30 0 0 31 0 0
fn=std::__cxx11::numpunct<char>::_M_initialize_numpunct(__locale_struct*)
0 414 7 7 137 4 2 75 0 0
fn=std::__cxx11::numpunct<wchar_t>::_M_initialize_numpunct(__locale_struct*)
0 350 5 5 74 1 1 74 3 3
fn=std::__detail::_List_node_base::_M_hook(std::__detail::_List_node_base*)
0 6231033 454584 1 1384674 7549 5 2077011 37306 397
fn=std::__detail::_List_node_base::_M_unhook()
0 3973518 414131 1 1986759 5725 59 1324506 4868 56
fn=std::__detail::_Prime_rehash_policy::_M_need_rehash(unsigned long, unsigned long, unsigned long) const
0 6231572 9848 7 1384735 20 2 12 0 0
fn=std::__detail::_Prime_rehash_policy::_M_next_bkt(unsigned long) const
0 1399 83 9 196 65 17 12 0 0
fn=std::__timepunct<char>::_M_initialize_timepunct(__locale_struct*)
0 149 14 14 6 0 0 29 0 0
fn=std::__timepunct<char>::__timepunct(std::__timepunct_cache<char>*, unsigned long)
0 23 2 2 4 0 0 9 1 1
fn=std::__timepunct<wchar_t>::_M_initialize_timepunct(__locale_struct*)
0 149 14 14 6 0 0 29 0 0
fn=std::__timepunct<wchar_t>::__timepunct(std::__timepunct_cache<wchar_t>*, unsigned long)
0 23 2 2 4 0 0 9 0 0
fn=std::allocator<char>::allocator()
0 4 1 1 2 0 0 0 0 0
fn=std::allocator<char>::allocator(std::allocator<char> const&)
0 4 0 0 2 0 0 0 0 0
fn=std::allocator<char>::~allocator()
0 8 0 0 4 0 0 0 0 0
fn=std::basic_ios<char, std::char_traits<char> >::_M_cache_locale(std::locale const&)
0 124 2 2 12 0 0 44 0 0
fn=std::basic_ios<char, std::char_traits<char> >::init(std::basic_streambuf<char, std::char_traits<char> >*)
0 92 2 2 12 0 0 36 0 0
fn=std::basic_ios<wchar_t, std::char_traits<wchar_t> >::_M_cache_locale(std::locale const&)
0 124 2 2 12 0 0 44 0 0
fn=std::basic_ios<wchar_t, std::char_traits<wchar_t> >::init(std::basic_streambuf<wchar_t, std::char_traits<wchar_t> >*)
0 92 2 2 12 0 0 40 0 0
fn=std::basic_ostream<wchar_t, std::char_traits<wchar_t> >::flush()
0 162 4 4 79 10 0 22 0 0
fn=std::basic_ostream<wchar_t, std::char_traits<wchar_t> >::sentry::sentry(std::basic_ostream<wchar_t, std::char_traits<wchar_t> >&)
0 99 3 3 34 1 0 21 0 0
fn=std::codecvt<char, char, __mbstate_t>::codecvt(unsigned long)
0 18 2 2 4 0 0 6 2 2
fn=std::codecvt<wchar_t, char, __mbstate_t>::codecvt(unsigned long)
0 18 2 2 4 0 0 6 1 1
fn=std::ctype<char> const& std::use_facet<std::ctype<char> >(std::locale const&)
0 44 2 2 24 0 0 8 0 0
fn=std::ctype<char>::ctype(unsigned short const*, bool, unsigned long)
0 116 4 4 8 1 0 79 9 9
fn=std::ctype<wchar_t> const& std::use_facet<std::ctype<wchar_t> >(std::locale const&)
0 44 2 2 24 2 0 8 0 0
fn=std::ctype<wchar_t>::_M_convert_to_wmask(unsigned short) const
0 146 7 7 12 0 0 0 0 0
fn=std::ctype<wchar_t>::_M_initialize_ctype()
0 2733 4 4 5 0 0 810 20 20
fn=std::ctype<wchar_t>::ctype(unsigned long)
0 20 2 2 3 0 0 7 1 1
fn=std::error_category::error_category()
0 10 1 1 4 1 0 2 0 0
fn=std::error_category::~error_category()
0 4 0 0 2 0 0 0 0 0
fn=std::future_category()
0 3 1 1 1 0 0 0 0 0
fn=std::ios_base::Init::Init()
0 273 28 28 51 12 1 146 15 4
fn=std::ios_base::Init::~Init()
0 25 3 3 10 8 0 7 0 0
fn=std::ios_base::_M_init()
0 208 3 3 56 1 1 64 0 0
fn=std::ios_base::ios_base()
0 464 3 3 8 0 0 192 30 24
fn=std::locale::_Impl::_Impl(unsigned long)
0 666 55 55 88 26 1 385 50 50
fn=std::locale::_Impl::_M_install_facet(std::locale::id const*, std::locale::facet const*)
0 12128 6 6 3552 1 0 256 0 0
fn=std::locale::facet::_S_create_c_locale(__locale_struct*&, char const*, __locale_struct*)
0 10 2 2 2 0 0 3 0 0
fn=std::locale::facet::_S_get_c_locale()
0 126 1 1 28 0 0 14 0 0
fn=std::locale::facet::_S_get_c_name()
0 21 1 1 7 0 0 0 0 0
fn=std::locale::id::_M_id() const
0 948 2 2 316 10 4 96 0 0
fn=std::locale::locale()
0 374 3 3 132 1 0 132 2 1
fn=std::locale::locale(std::locale::_Impl*)
0 3 1 1 1 0 0 1 0 0
fn=std::locale::operator=(std::locale const&)
0 160 3 3 56 0 0 24 0 0
fn=std::locale::~locale()
0 64 1 1 32 0 0 8 0 0
fn=std::messages<char>::messages(unsigned long)
0 20 2 2 4 1 0 8 1 1
fn=std::messages<wchar_t>::messages(unsigned long)
0 20 2 2 4 0 0 8 0 0
fn=std::moneypunct<char, false>::_M_initialize_moneypunct(__locale_struct*, char const*)
0 113 4 4 38 0 0 31 1 0
fn=std::moneypunct<char, true>::_M_initialize_moneypunct(__locale_struct*, char const*)
0 113 5 5 38 0 0 31 0 0
fn=std::moneypunct<wchar_t, false>::_M_initialize_moneypunct(__locale_struct*, char const*)
0 109 5 5 30 0 0 31 0 0
fn=std::moneypunct<wchar_t, true>::_M_initialize_moneypunct(__locale_struct*, char const*)
0 109 6 6 30 0 0 31 0 0
fn=std::num_get<char, std::istreambuf_iterator<char, std::char_traits<char> > > const& std::use_facet<std::num_get<char, std::istreambuf_iterator<char, std::char_traits<char> > > >(std::locale const&)
0 44 1 1 24 0 0 8 0 0
fn=std::num_get<wchar_t, std::istreambuf_iterator<wchar_t, std::char_traits<wchar_t> > > const& std::use_facet<std::num_get<wchar_t, std::istreambuf_iterator<wchar_t, std::char_traits<wchar_t> > > >(std::locale const&)
0 44 1 1 24 0 0 8 0 0
fn=std::num_put<char, std::ostreambuf_iterator<char, std::char_traits<char> > > const& std::use_facet<std::num_put<char, std::ostreambuf_iterator<char, std::char_traits<char> > > >(std::locale const&)
0 44 1 1 24 1 0 8 0 0
fn=std::num_put<wchar_t, std::ostreambuf_iterator<wchar_t, std::char_traits<wchar_t> > > const& std::use_facet<std::num_put<wchar_t, std::ostreambuf_iterator<wchar_t, std::char_traits<wchar_t> > > >(std::locale const&)
0 44 1 1 24 0 0 8 0 0
fn=std::numpunct<char>::_M_initialize_numpunct(__locale_struct*)
0 414 5 5 137 0 0 75 0 0
fn=std::numpunct<wchar_t>::_M_initialize_numpunct(__locale_struct*)
0 350 6 6 74 0 0 74 0 0
fn=std::ostream::flush()
0 162 4 4 79 10 0 22 0 0
fn=std::ostream::sentry::sentry(std::ostream&)
0 99 3 3 34 1 0 21 0 0
fn=std::random_device::_M_fini()
0 8 2 1 4 2 2 0 0 0
fn=std::random_device::_M_getval()
0 40 2 2 16 0 0 8 0 0
fn=std::random_device::_M_init(std::__cxx11::basic_string<char, std::char_traits<char>, std::allocator<char> > const&)
0 100 5 5 16 0 0 20 2 2
fn=std::uncaught_exception()
0 16 1 1 4 1 0 2 0 0
summary: 12091370810 163216407 28424 3966497801 3038957 45412 3183295850 282136 99020
