# callgrind format
version: 1
creator: callgrind-3.18.1
pid: 12137
cmd:  ./OrderbookTest
part: 1


desc: I1 cache: 
desc: D1 cache: 
desc: LL cache: 

desc: Timerange: Basic block 0 - 1989077573
desc: Trigger: Program termination

positions: instr line
events: Ir
summary: 12118717364


ob=(7) /usr/lib/x86_64-linux-gnu/libstdc++.so.6.0.30
fl=(170) ???
fn=(750) 0x00000000000aad40
0xaad40 0 1
+4 0 1
+7 0 1
+3 0 1
+2 0 1
+3 0 1
+7 0 1
+3 0 1
+2 0 1
+3 0 1
+7 0 1
+3 0 1
+2 0 1
+3 0 1
+7 0 1
+3 0 1
+2 0 1
+3 0 1
+7 0 1
+3 0 1
+2 0 1
+3 0 1
+7 0 1
+3 0 1
+2 0 1
+3 0 1
+7 0 1
+3 0 1
+2 0 1
+3 0 1
+7 0 1
+3 0 1
+2 0 1
+3 0 1
+7 0 1
+3 0 1
+2 0 1
+3 0 1
+7 0 1
+3 0 1
+2 0 1
+3 0 1
+7 0 1
+3 0 1
+2 0 1
+3 0 1
+7 0 1
+3 0 1
+2 0 1
+3 0 1

fn=(802) 0x00000000000aaec0
0xaaec0 0 1
+4 0 1
+1 0 1
+7 0 1
+7 0 1
+3 0 1
+7 0 1
cob=(2) ???
cfi=(51) ???
cfn=(620) 0x00000000048fa4b0
calls=1 0x48fa4b0 0 
* 0 77
+5 0 1
+3 0 1
+7 0 1
+7 0 1
cob=(2)
cfi=(51)
cfn=(620)
calls=1 0x48fa4b0 0 
* 0 77
+5 0 1
+3 0 1
+1 0 1
+7 0 1
+7 0 1
cob=(2)
cfi=(51)
cfn=(620)
calls=1 0x48fa4b0 0 
* 0 77

fn=(866) std::ctype<char>::ctype(unsigned short const*, bool, unsigned long)
0xe7b40 0 1
+4 0 1
+2 0 1
+3 0 1
+2 0 1
+3 0 1
+3 0 1
+1 0 1
+3 0 1
+1 0 1
+3 0 1
+3 0 1
+7 0 1
+4 0 1
+3 0 1
cob=(2)
cfi=(51)
cfn=(868) 0x00000000048fc2c0
calls=1 0x48fc2c0 0 
* 0 3895
+5 0 1
+3 0 1
+4 0 1
+3 0 1
+3 0 1
+3 0 1
+4 0 1
+4 0 1
+4 0 1
+4 0 1
+3 0 1
jcnd=1/1 0xe7c10 0 
* 0 
+2 0 1
+4 0 1
+2 0 1
+2 0 1
+4 0 1
+4 0 1
+7 0 1
+4 0 1
+2 0 1
+7 0 1
+6 0 1
+8 0 1
+11 0 1
+3 0 1
jcnd=1/1 * 0 
* 0 
* 0 31
jcnd=30/31 * 0 
* 0 
+3 0 1
+3 0 1
+11 0 1
+11 0 1
+4 0 1
+2 0 1
+6 0 1
+3 0 1
jcnd=1/1 * 0 
* 0 
* 0 31
jcnd=30/31 * 0 
* 0 
+3 0 1
+1 0 1
+1 0 1
+2 0 1
+10 0 1
+4 0 1
jump=1 0xe7b94 0 
* 0 

fn=(912) std::locale::id::_M_id() const
0xc0cb0 0 86
+4 0 86
+3 0 86
+3 0 86
jcnd=38/86 +33 0 
* 0 
+2 0 48
+7 0 48
+3 0 48
+2 0 48
+7 0 48
+2 0 48
+3 0 48
+2 0 48
+2 0 48
+3 0 48
+4 0 48
-4 0 38
+4 0 38

fn=(924) std::__cxx11::numpunct<char>::_M_initialize_numpunct(__locale_struct*)
0xcf230 0 1
+4 0 1
+2 0 1
+2 0 1
+1 0 1
+3 0 1
+1 0 1
+3 0 1
+4 0 1
+5 0 1
+6 0 1
+3 0 1
jcnd=1/1 0xcf310 0 
* 0 
0xcf2b6 0 1
+4 0 1
+7 0 1
+8 0 1
+4 0 1
+7 0 1
+4 0 1
+8 0 1
+4 0 1
+1 0 1
+1 0 1
+2 0 1
+2 0 1
+38 0 1
+4 0 1
+7 0 1
+4 0 1
+8 0 1
+4 0 1
+4 0 1
+4 0 1
+4 0 1
+7 0 1
+3 0 1
+2 0 1
+5 0 1
+4 0 1
+4 0 1
+4 0 1
+4 0 1
+4 0 1
jcnd=1/1 -20 0 
* 0 
-20 0 35
+4 0 35
+4 0 35
+4 0 35
+4 0 35
+4 0 35
jcnd=34/35 -20 0 
* 0 
+2 0 1
+7 0 1
+3 0 1
+2 0 1
+6 0 1
+4 0 1
+4 0 1
+4 0 1
+4 0 1
+4 0 1
jcnd=1/1 -20 0 
* 0 
-20 0 25
+4 0 25
+4 0 25
+4 0 25
+4 0 25
+4 0 25
jcnd=24/25 -20 0 
* 0 
+2 0 1
jump=1 0xcf2b6 0 
* 0 

fn=(1034) std::__cxx11::moneypunct<wchar_t, true>::_M_initialize_moneypunct(__locale_struct*, char const*)
0xce4f0 0 1
+4 0 1
+2 0 1
+2 0 1
+2 0 1
+2 0 1
+1 0 1
+3 0 1
+1 0 1
+3 0 1
+4 0 1
+9 0 1
+5 0 1
+2 0 1
+5 0 1
+6 0 1
+3 0 1
jcnd=1/1 0xce740 0 
* 0 
0xce717 0 1
+5 0 1
+9 0 1
+6 0 1
+4 0 1
+1 0 1
+1 0 1
+2 0 1
+2 0 1
+2 0 1
+2 0 1
+7 0 1
+4 0 1
+7 0 1
+7 0 1
+4 0 1
+7 0 1
+4 0 1
+4 0 1
+4 0 1
+7 0 1
+4 0 1
+2 0 1
+8 0 1
+4 0 1
+3 0 1
+8 0 1
+8 0 1
+8 0 1
+7 0 1
+4 0 1
+3 0 1
+7 0 1
+4 0 1
+3 0 1
+2 0 1
+5 0 1
+4 0 1
+4 0 1
+4 0 1
+4 0 1
jcnd=1/1 -16 0 
* 0 
-16 0 10
+4 0 10
+4 0 10
+4 0 10
+4 0 10
jcnd=9/10 -16 0 
* 0 
+2 0 1
jump=1 0xce717 0 
* 0 

fn=(1046) std::__timepunct<wchar_t>::_M_initialize_timepunct(__locale_struct*)
0xd00c0 0 1
+4 0 1
+1 0 1
+1 0 1
+3 0 1
+4 0 1
+5 0 1
+5 0 1
+6 0 1
+6 0 1
jcnd=1/1 0xd05a0 0 
* 0 
0xd05a0 0 1
cob=(2)
cfi=(51)
cfn=(868)
calls=1 0x48fc2c0 0 
* 0 19
+5 0 1
+7 0 1
+7 0 1
+4 0 1
+5 0 1
+4 0 1
+7 0 1
+4 0 1
+5 0 1
+7 0 1
+4 0 1
+5 0 1
+5 0 1
+7 0 1
+4 0 1
+7 0 1
+7 0 1
+4 0 1
+5 0 1
+7 0 1
+5 0 1
+4 0 1
+7 0 1
+4 0 1
+5 0 1
+7 0 1
+5 0 1
+4 0 1
+7 0 1
+4 0 1
+5 0 1
+7 0 1
+5 0 1
+4 0 1
+7 0 1
+4 0 1
+5 0 1
+7 0 1
+5 0 1
+4 0 1
+7 0 1
+4 0 1
+5 0 1
+7 0 1
+5 0 1
+4 0 1
+7 0 1
+5 0 1
+4 0 1
+5 0 1
+7 0 1
+5 0 1
+4 0 1
+7 0 1
+7 0 1
+5 0 1
+7 0 1
+5 0 1
+4 0 1
+7 0 1
+7 0 1
+5 0 1
+7 0 1
+5 0 1
+4 0 1
+7 0 1
+7 0 1
+5 0 1
+7 0 1
+5 0 1
+4 0 1
+7 0 1
+7 0 1
+5 0 1
+7 0 1
+5 0 1
+4 0 1
+7 0 1
+7 0 1
+5 0 1
+7 0 1
+5 0 1
+4 0 1
+7 0 1
+7 0 1
+5 0 1
+7 0 1
+5 0 1
+4 0 1
+7 0 1
+7 0 1
+5 0 1
+7 0 1
+5 0 1
+4 0 1
+7 0 1
+7 0 1
+5 0 1
+7 0 1
+4 0 1
+7 0 1
+5 0 1
+7 0 1
+4 0 1
+7 0 1
+5 0 1
+7 0 1
+4 0 1
+7 0 1
+5 0 1
+7 0 1
+4 0 1
+7 0 1
+5 0 1
+7 0 1
+4 0 1
+5 0 1
+7 0 1
+7 0 1
+5 0 1
+7 0 1
+5 0 1
+4 0 1
+7 0 1
+7 0 1
+5 0 1
+7 0 1
+5 0 1
+4 0 1
+7 0 1
+5 0 1
+7 0 1
+4 0 1
+7 0 1
+7 0 1
+4 0 1
+1 0 1
+1 0 1

fn=(1226) std::ios_base::_M_init()
0xbfb60 0 8
+4 0 8
+1 0 8
+1 0 8
+3 0 8
+4 0 8
+8 0 8
+9 0 8
+5 0 8
+2 0 8
+7 0 8
+3 0 8
+4 0 8
+3 0 8
cob=(2)
cfi=(51)
cfn=(834) 0x00000000048fa780
calls=8 0x48fa780 0 
* 0 216
+5 0 8
+7 0 8
+3 0 8
cob=(2)
cfi=(51)
cfn=(1228) 0x00000000048fb880
calls=8 0x48fb880 0 
* 0 908
+5 0 8
+3 0 8
cob=(2)
cfi=(51)
cfn=(1234) 0x00000000048fbd50
calls=8 0x48fbd50 0 
* 0 820
+5 0 8
+5 0 8
+9 0 8
+2 0 8
+4 0 8
+1 0 8
+1 0 8

fn=(1244) std::basic_ios<char, std::char_traits<char> >::_M_cache_locale(std::locale const&)
0x11de40 0 4
+4 0 4
+1 0 4
+3 0 4
+3 0 4
+1 0 4
+3 0 4
+4 0 4
cob=(2)
cfi=(51)
cfn=(1246) 0x00000000048fd210
calls=4 0x48fd210 0 
* 0 919
+5 0 4
+2 0 4
+2 0 4
+3 0 4
cob=(2)
cfi=(51)
cfn=(1252) 0x00000000048f9550
calls=4 0x48f9550 0 
* 0 991
+5 0 4
+7 0 4
+3 0 4
cob=(2)
cfi=(51)
cfn=(1258) 0x00000000048fc1b0
calls=4 0x48fc1b0 0 
* 0 1271
+5 0 4
+2 0 4
+2 0 4
+3 0 4
cob=(2)
cfi=(51)
cfn=(1264) 0x00000000048f99b0
calls=4 0x48f99b0 0 
* 0 1359
+5 0 4
+7 0 4
+3 0 4
cob=(2)
cfi=(51)
cfn=(1270) 0x00000000048f9460
calls=4 0x48f9460 0 
* 0 1271
+5 0 4
+2 0 4
+2 0 4
+3 0 4
cob=(2)
cfi=(51)
cfn=(1276) 0x00000000048fa890
calls=4 0x48fa890 0 
* 0 1359
+5 0 4
+7 0 4
+4 0 4
+1 0 4
+1 0 4

fn=(1256) std::ctype<char> const& std::use_facet<std::ctype<char> >(std::locale const&)
0x12a620 0 4
+4 0 4
+1 0 4
+3 0 4
+7 0 4
cob=(2)
cfi=(51)
cfn=(908) 0x00000000048fa6b0
calls=4 0x48fa6b0 0 
* 0 32
+5 0 4
+3 0 4
+3 0 4
+1 0 4
+4 0 4
+4 0 4

fn=(1262) bool std::has_facet<std::num_put<char, std::ostreambuf_iterator<char, std::char_traits<char> > > >(std::locale const&)
0x128350 0 4
+4 0 4
+5 0 4

fn=(1292) std::basic_ios<wchar_t, std::char_traits<wchar_t> >::_M_cache_locale(std::locale const&)
0x11e790 0 4
+4 0 4
+1 0 4
+3 0 4
+3 0 4
+1 0 4
+3 0 4
+4 0 4
cob=(2)
cfi=(51)
cfn=(1294) 0x00000000048fa230
calls=4 0x48fa230 0 
* 0 903
+5 0 4
+2 0 4
+2 0 4
+3 0 4
cob=(2)
cfi=(51)
cfn=(1300) 0x00000000048f94c0
calls=4 0x48f94c0 0 
* 0 991
+5 0 4
+7 0 4
+3 0 4
cob=(2)
cfi=(51)
cfn=(1306) 0x00000000048f9dd0
calls=4 0x48f9dd0 0 
* 0 1316
+5 0 4
+2 0 4
+2 0 4
+3 0 4
cob=(2)
cfi=(51)
cfn=(1312) 0x00000000048fbed0
calls=4 0x48fbed0 0 
* 0 1375
+5 0 4
+7 0 4
+3 0 4
cob=(2)
cfi=(51)
cfn=(1318) 0x00000000048fb820
calls=4 0x48fb820 0 
* 0 1287
+5 0 4
+2 0 4
+2 0 4
+3 0 4
cob=(2)
cfi=(51)
cfn=(1324) 0x00000000048fcbd0
calls=4 0x48fcbd0 0 
* 0 1383
+5 0 4
+7 0 4
+4 0 4
+1 0 4
+1 0 4

fn=(1304) std::ctype<wchar_t> const& std::use_facet<std::ctype<wchar_t> >(std::locale const&)
0x152be0 0 4
+4 0 4
+1 0 4
+3 0 4
+7 0 4
cob=(2)
cfi=(51)
cfn=(908)
calls=4 0x48fa6b0 0 
* 0 32
+5 0 4
+3 0 4
+3 0 4
+1 0 4
+4 0 4
+4 0 4

fn=(2476) std::_Rb_tree_decrement(std::_Rb_tree_node_base*)
0xc6580 0 135644
+4 0 135644
+2 0 135644
+2 0 135644
jcnd=73186/135644 +12 0 
* 0 
+2 0 62458
+4 0 62458
+4 0 62458
+2 0 135644
+4 0 135644
+3 0 135644
jcnd=52341/135644 +21 0 
* 0 
+2 0 83303
+3 0 83303
+3 0 83303
+4 0 83303
+3 0 83303
jcnd=23328/83303 -10 0 
* 0 
-10 0 26923
+3 0 26923
+4 0 26923
+3 0 26923
jcnd=3595/26923 -10 0 
* 0 
+2 0 124939
+3 0 124939
+1 0 52341
+4 0 52341
+4 0 52341
jcnd=41636/52341 -12 0 
* 0 
+2 0 10705
+6 0 10705
+3 0 10705
+4 0 10705
+4 0 10705
jcnd=2446/10705 -11 0 
* 0 
-11 0 2811
+3 0 2811
+4 0 2811
+4 0 2811
jcnd=365/2811 -11 0 
* 0 
+2 0 10705
+3 0 10705

fn=(2490) std::_Rb_tree_rebalance_for_erase(std::_Rb_tree_node_base*, std::_Rb_tree_node_base&)
0xc69e0 0 649312
+4 0 649312
+4 0 649312
+3 0 649312
+3 0 649312
+4 0 649312
+3 0 649312
jcnd=644078/649312 0xc6d20 0 
* 0 
+6 0 5234
+3 0 5234
+3 0 5234
+6 0 5234
+9 0 5234
+3 0 5234
+4 0 5234
+3 0 5234
+2 0 5234
+4 0 5234
+3 0 5234
+6 0 5234
+4 0 5234
+3 0 5234
+4 0 5234
+3 0 5234
jcnd=5234/5234 +31 0 
* 0 
+31 0 5234
+4 0 5234
jcnd=1/5234 0xc6d48 0 
* 0 
+6 0 5233
+4 0 5233
+4 0 5233
jcnd=4670/5233 0xc6d80 0 
* 0 
+6 0 563
+4 0 563
+4 0 563
+3 0 563
+3 0 563
+2 0 563
+3 0 563
+3 0 563
jcnd=563/563 0xc6ca6 0 
* 0 
-18 0 4671
+4 0 4671
+3 0 4671
+3 0 4671
+2 0 4671
+3 0 4671
+3 0 4671
jcnd=4671/4671 0xc6ca6 0 
* 0 
-3 0 644078
+3 0 644078
jcnd=428227/644078 0xc6ca6 0 
* 0 
+6 0 215851
+4 0 215851
jcnd=5/215851 0xc6c98 0 
* 0 
+6 0 215846
+3 0 215846
jcnd=100038/215846 0xc6d60 0 
* 0 
+6 0 115808
+4 0 115808
+3 0 115808
jcnd=115808/115808 +93 0 
* 0 
+49 0 98582
+6 0 98582
+4 0 98582
+4 0 98582
jcnd=34/98582 0xc6ca0 0 
* 0 
+6 0 198586
+3 0 198586
jcnd=181940/198586 0xc6ca0 0 
* 0 
+6 0 16646
+3 0 16646
+3 0 16646
+4 0 16646
+3 0 16646
+2 0 132454
+4 0 132454
+3 0 132454
+3 0 132454
jcnd=18791/132454 0xc6cb0 0 
* 0 
+6 0 132454
+4 0 132454
+3 0 132454
jcnd=92979/132454 +11 0 
* 0 
+2 0 39475
+3 0 39475
jcnd=24474/39475 0xc6e5c 0 
* 0 
+6 0 107980
+4 0 107980
+3 0 107980
jcnd=84252/107980 -85 0 
* 0 
+2 0 23728
+4 0 23728
jcnd=14330/23728 -91 0 
* 0 
+2 0 18292
+4 0 18292
jcnd=1359/18292 0xc6e69 0 
* 0 
+6 0 16933
+3 0 16933
+4 0 16933
+3 0 16933
+6 0 16933
+7 0 16933
+4 0 16933
+4 0 16933
+3 0 16933
jcnd=8727/16933 +6 0 
* 0 
-18 0 16939
+7 0 16939
+4 0 16939
+4 0 16939
+3 0 16939
jcnd=15580/16939 +6 0 
* 0 
+2 0 9565
+4 0 9565
+4 0 9565
+4 0 9565
+4 0 9565
jcnd=7/9565 0xc6ef2 0 
* 0 
-12 0 24307
+4 0 24307
+4 0 24307
+4 0 24307
+6 0 33865
+4 0 33865
jcnd=33865/33865 0xc6f04 0 
* 0 
+10 0 33872
+4 0 33872
jump=33872 0xc6c94 0 
* 0 
+15 0 100043
+4 0 100043
+4 0 100043
jcnd=5/100043 0xc6d90 0 
* 0 
-4 0 544035
+4 0 544035
+6 0 644073
+4 0 644073
+4 0 644073
jcnd=634912/644073 0xc6d55 0 
* 0 
+6 0 9161
+4 0 9161
+4 0 9161
-4 0 634917
+4 0 634917
jcnd=629836/634917 0xc6dc8 0 
* 0 
+6 0 644078
+3 0 644078
+4 0 644078
jcnd=3/644078 0xc6da0 0 
* 0 
+6 0 644078
+3 0 644078
jump=644078 0xc6a81 0 
* 0 
0xc6c94 0 33872
+4 0 33872
+3 0 33872
+3 0 33872
jcnd=31556/33872 +8 0 
* 0 
-6 0 5
+3 0 5
+3 0 5
+2 0 184295
+6 0 184295
+3 0 184295
-3 0 465017
+3 0 465017
+7 0 18791
+4 0 18791
+6 0 18791
+6 0 18791
+4 0 18791
+3 0 18791
+2 0 18791
+4 0 18791
+4 0 18791
+4 0 18791
+4 0 18791
jcnd=10/18791 +95 0 
* 0 
+2 0 18781
+4 0 18781
jcnd=18781/18781 0xc6d70 0 
* 0 
+14 0 18791
+4 0 18791
+4 0 18791
+3 0 18791
jump=18791 0xc6b11 0 
* 0 
+40 0 644078
+4 0 644078
+3 0 644078
jcnd=100043/644078 0xc6b97 0 
* 0 
+6 0 544035
jump=544035 0xc6b9b 0 
* 0 
+11 0 10
+4 0 10
+4 0 10
jump=10 -83 0 
* 0 
+8 0 1
+4 0 1
+4 0 1
jump=1 0xc6a72 0 
* 0 
+5 0 634912
+4 0 634912
jump=634912 0xc6bb7 0 
* 0 
+7 0 100038
+3 0 100038
+3 0 100038
jump=100038 0xc6ae9 0 
* 0 
+10 0 18781
+4 0 18781
jump=18781 0xc6ced 0 
* 0 
+12 0 4670
+4 0 4670
jump=4670 0xc6a72 0 
* 0 
+12 0 5
+4 0 5
jump=5 0xc6bb7 0 
* 0 
+12 0 3
+5 0 3
+3 0 3
jcnd=3/3 0xc6ee5 0 
* 0 
+32 0 629836
+5 0 629836
+3 0 629836
jcnd=529793/629836 0xc6ed8 0 
* 0 
+6 0 100043
+10 0 100043
+3 0 100043
+4 0 100043
+3 0 100043
+2 0 100043
+4 0 100043
jump=100043 0xc6bc1 0 
* 0 
0xc6e5c 0 24474
+4 0 24474
+3 0 24474
jcnd=8894/24474 0xc6b32 0 
* 0 
+6 0 16939
+4 0 16939
+6 0 16939
+6 0 16939
+4 0 16939
+3 0 16939
jcnd=15580/16939 +6 0 
* 0 
+2 0 1359
+4 0 1359
+4 0 1359
+4 0 1359
+4 0 1359
-12 0 15580
+4 0 15580
+4 0 15580
+4 0 15580
+2 0 16939
+4 0 16939
jcnd=16939/16939 0xc6f13 0 
* 0 
+6 0 16939
+4 0 16939
+4 0 16939
+4 0 16939
+2 0 16939
+4 0 16939
+2 0 16939
+6 0 16939
+3 0 16939
+6 0 16939
jump=16939 0xc6b4c 0 
* 0 
+23 0 529793
+4 0 529793
+4 0 529793
jump=529793 0xc6bc1 0 
* 0 
+5 0 3
+4 0 3
+4 0 3
jump=3 0xc6bce 0 
* 0 
+5 0 7
+4 0 7
jump=7 0xc6b84 0 
* 0 
+14 0 33865
+4 0 33865
jump=33865 0xc6b84 0 
* 0 
+11 0 16939
+4 0 16939
jump=16939 0xc6e9e 0 
* 0 

fn=(2618) std::ios_base::Init::~Init()
0xbf840 0 1
+4 0 1
+7 0 1
+7 0 1
+3 0 1
+2 0 1
+2 0 1
+3 0 1
+2 0 1
+3 0 1
jcnd=1/1 +21 0 
* 0 
+21 0 1
+4 0 1
+7 0 1
cob=(2)
cfi=(51)
cfn=(2620) 0x00000000048fb770
calls=1 0x48fb770 0 
* 0 2336
+5 0 1
+7 0 1
cob=(2)
cfi=(51)
cfn=(2620)
calls=1 0x48fb770 0 
* 0 2788
+5 0 1
+7 0 1
cob=(2)
cfi=(51)
cfn=(2620)
calls=1 0x48fb770 0 
* 0 136
+5 0 1
+7 0 1
cob=(2)
cfi=(51)
cfn=(2662) 0x00000000048fc860
calls=1 0x48fc860 0 
* 0 2134
+5 0 1
+7 0 1
cob=(2)
cfi=(51)
cfn=(2662)
calls=1 0x48fc860 0 
* 0 393
+5 0 1
+7 0 1
cob=(2)
cfi=(51)
cfn=(2662)
calls=1 0x48fc860 0 
* 0 136
+5 0 1
+4 0 1

fn=(2648) std::uncaught_exception()
0xad310 0 2
+4 0 2
+4 0 2
cob=(2)
cfi=(51)
cfn=(2650) 0x00000000048fbd30
calls=2 0x48fbd30 0 
* 0 1669
+5 0 2
+3 0 2
+2 0 2
+3 0 2
+4 0 2

fn=(644) 0x00000000000aa900
0xaa900 0 1
+4 0 1
+4 0 1
+4 0 1
+5 0 1
+11 0 1
+11 0 1
+7 0 1
+7 0 1
cob=(2)
cfi=(51)
cfn=(646) 0x00000000048fa0d0
calls=1 0x48fa0d0 0 
* 0 2627
+5 0 1
+7 0 1
+3 0 1
+2 0 1
+7 0 1
+8 0 1
+7 0 1
+4 0 1

fn=(732) 0x00000000000aacc0
0xaacc0 0 1
+4 0 1
+7 0 1
+3 0 1
+2 0 1
+3 0 1
+7 0 1
+3 0 1
+2 0 1
+3 0 1
+7 0 1
+3 0 1
+2 0 1
+3 0 1
+7 0 1
+3 0 1
+2 0 1
+3 0 1
+7 0 1
+3 0 1
+2 0 1
+3 0 1
+7 0 1
+3 0 1
+2 0 1
+3 0 1
+7 0 1
+3 0 1
+2 0 1
+3 0 1
+7 0 1
+3 0 1
+2 0 1
+3 0 1

fn=(776) 0x00000000000aae00
0xaae00 0 1
+4 0 1
+7 0 1
+3 0 1
+2 0 1
+3 0 1
+7 0 1
+3 0 1
+2 0 1
+3 0 1
+7 0 1
+3 0 1
+2 0 1
+3 0 1
+7 0 1
+3 0 1
+2 0 1
+3 0 1
+7 0 1
+3 0 1
+2 0 1
+3 0 1
+7 0 1
+3 0 1
+2 0 1
+3 0 1
+7 0 1
+3 0 1
+2 0 1
+3 0 1
+7 0 1
+3 0 1
+2 0 1
+3 0 1
+7 0 1
+3 0 1
+2 0 1
+3 0 1
+7 0 1
+3 0 1
+2 0 1
+3 0 1
+7 0 1
+3 0 1
+2 0 1
+3 0 1
+7 0 1
+3 0 1
+2 0 1
+3 0 1

fn=(936) std::__cxx11::moneypunct<char, true>::_M_initialize_moneypunct(__locale_struct*, char const*)
0xcd8f0 0 1
+4 0 1
+2 0 1
+2 0 1
+2 0 1
+2 0 1
+1 0 1
+3 0 1
+1 0 1
+3 0 1
+4 0 1
+5 0 1
+6 0 1
+3 0 1
jcnd=1/1 0xcdb20 0 
* 0 
0xcdb20 0 1
+4 0 1
+7 0 1
+4 0 1
+4 0 1
+4 0 1
+4 0 1
+4 0 1
+4 0 1
+4 0 1
+4 0 1
+7 0 1
+8 0 1
+2 0 1
+4 0 1
+8 0 1
+8 0 1
+8 0 1
+7 0 1
+3 0 1
+4 0 1
+3 0 1
+7 0 1
+3 0 1
+2 0 1
+3 0 1
+4 0 1
+4 0 1
+4 0 1
+4 0 1
+4 0 1
jcnd=1/1 -20 0 
* 0 
-20 0 10
+4 0 10
+4 0 10
+4 0 10
+4 0 10
+4 0 10
jcnd=9/10 -20 0 
* 0 
+2 0 1
+4 0 1
+1 0 1
+1 0 1
+2 0 1
+2 0 1
+2 0 1
+2 0 1

fn=(1052) std::__cxx11::messages<wchar_t>::messages(unsigned long)
0x111dc0 0 1
+4 0 1
+1 0 1
+2 0 1
+1 0 1
+3 0 1
+4 0 1
+3 0 1
+3 0 1
+3 0 1
+7 0 1
+4 0 1
+3 0 1
cob=(2)
cfi=(51)
cfn=(868)
calls=1 0x48fc2c0 0 
* 0 19
+5 0 1
+4 0 1
cob=(2)
cfi=(51)
cfn=(856) 0x00000000048fa290
calls=1 0x48fa290 0 
* 0 5
+5 0 1
+4 0 1
+4 0 1
+1 0 1
+1 0 1

fn=(1238) std::locale::~locale()
0xc0a90 0 8
+4 0 8
+7 0 8
+1 0 8
+3 0 8
+3 0 8
jcnd=8/8 +26 0 
* 0 
+26 0 8
+1 0 8

fn=(1328) std::num_get<wchar_t, std::istreambuf_iterator<wchar_t, std::char_traits<wchar_t> > > const& std::use_facet<std::num_get<wchar_t, std::istreambuf_iterator<wchar_t, std::char_traits<wchar_t> > > >(std::locale const&)
0x1508f0 0 4
+4 0 4
+1 0 4
+3 0 4
+7 0 4
cob=(2)
cfi=(51)
cfn=(908)
calls=4 0x48fa6b0 0 
* 0 32
+5 0 4
+3 0 4
+3 0 4
+1 0 4
+4 0 4
+4 0 4

fn=(2632) __gnu_cxx::stdio_sync_filebuf<char, std::char_traits<char> >::sync()
0x112920 0 5
+4 0 5
+4 0 5
cob=(2)
cfi=(51)
cfn=(2634) 0x00000000048fd340
calls=5 0x48fd340 0 
* 0 1086

fn=(2750) 0x00000000000d9870
0xd9870 0 1
+4 0 1

fn=(2758) std::error_category::~error_category()
0xac060 0 2
+4 0 2

fn=(602) 0x00000000000aafc0
0xaaf40 0 1
+7 0 1
+7 0 1
+3 0 1
+3 0 1
+4 0 1
+4 0 1
+3 0 1
+3 0 1
jcnd=1/1 +22 0 
* 0 
+22 0 1
+72 0 1
+4 0 1
jump=1 0xaaf40 0 
* 0 

fn=(638) std::future_category()
0xd9cd0 0 1
+4 0 1
+7 0 1

fn=(642) 0x00000000000aa8f0
0xaa8f0 0 1
+4 0 1
+11 0 1

fn=(704) 0x00000000000aaa60
0xaaa60 0 1
+4 0 1
+8 0 1
+7 0 1
+11 0 1
+8 0 1
+11 0 1
+7 0 1
+8 0 1
+7 0 1
+10 0 1
+7 0 1
+8 0 1
+7 0 1
+10 0 1
+7 0 1
+7 0 1
+7 0 1
+7 0 1
+7 0 1
+7 0 1
+7 0 1
+7 0 1
+8 0 1
+7 0 1
+7 0 1
+7 0 1
+8 0 1
+7 0 1
+8 0 1
+7 0 1
+11 0 1
+11 0 1
+11 0 1
+11 0 1
+7 0 1
+7 0 1
+8 0 1
+7 0 1
+10 0 1
+7 0 1
+8 0 1
+7 0 1
+7 0 1

fn=(714) 0x00000000000aac40
0xaac40 0 1
+4 0 1
+7 0 1
+3 0 1
+2 0 1
+3 0 1
+7 0 1
+3 0 1
+2 0 1
+3 0 1
+7 0 1
+3 0 1
+2 0 1
+3 0 1
+7 0 1
+3 0 1
+2 0 1
+3 0 1
+7 0 1
+3 0 1
+2 0 1
+3 0 1
+7 0 1
+3 0 1
+2 0 1
+3 0 1
+7 0 1
+3 0 1
+2 0 1
+3 0 1
+7 0 1
+3 0 1
+2 0 1
+3 0 1

fn=(996) std::ctype<wchar_t>::_M_convert_to_wmask(unsigned short) const
0xe7db0 0 12
+4 0 12
+5 0 12
jcnd=1/12 0xe7e98 0 
* 0 
+6 0 11
jcnd=4/11 +49 0 
* 0 
+2 0 7
+5 0 7
jcnd=1/7 0xe7eb0 0 
* 0 
+6 0 6
jcnd=2/6 0xe7e48 0 
* 0 
+2 0 4
+4 0 4
jcnd=1/4 0xe7ec0 0 
* 0 
+6 0 3
+4 0 3
jcnd=2/3 +76 0 
* 0 
+2 0 1
+4 0 1
+7 0 1
cob=(2)
cfi=(51)
cfn=(998) 0x00000000048fa420
calls=1 0x48fa420 0 
* 0 612
+7 0 4
+5 0 4
jcnd=1/4 0xe7ed0 0 
* 0 
+6 0 3
+2 0 3
+5 0 3
jcnd=1/3 0xe7ee0 0 
* 0 
+6 0 2
+5 0 2
jcnd=1/2 0xe7ef0 0 
* 0 
+6 0 1
+4 0 1
+7 0 1
cob=(2)
cfi=(51)
cfn=(998)
calls=1 0x48fa420 0 
* 0 392
+10 0 2
+4 0 2
jcnd=1/2 0xe7ef0 0 
* 0 
+6 0 1
+4 0 1
+7 0 1
cob=(2)
cfi=(51)
cfn=(998)
calls=1 0x48fa420 0 
* 0 502
+11 0 2
+5 0 2
jcnd=1/2 0xe7ef8 0 
* 0 
+6 0 1
+5 0 1
+6 0 1
+4 0 1
+7 0 1
cob=(2)
cfi=(51)
cfn=(998)
calls=1 0x48fa420 0 
* 0 202
+47 0 1
+4 0 1
+7 0 1
cob=(2)
cfi=(51)
cfn=(998)
calls=1 0x48fa420 0 
* 0 257
+13 0 1
+4 0 1
+7 0 1
cob=(2)
cfi=(51)
cfn=(998)
calls=1 0x48fa420 0 
* 0 925
+5 0 1
+4 0 1
+7 0 1
cob=(2)
cfi=(51)
cfn=(998)
calls=1 0x48fa420 0 
* 0 557
+5 0 1
+4 0 1
+7 0 1
cob=(2)
cfi=(51)
cfn=(998)
calls=1 0x48fa420 0 
* 0 192
+5 0 1
+4 0 1
+7 0 1
cob=(2)
cfi=(51)
cfn=(998)
calls=1 0x48fa420 0 
* 0 337
+5 0 2
+2 0 2
+6 0 1
+4 0 1
+7 0 1
cob=(2)
cfi=(51)
cfn=(998)
calls=1 0x48fa420 0 
* 0 147

fn=(1016) std::codecvt<wchar_t, char, __mbstate_t>::codecvt(unsigned long)
0xbbae0 0 1
+4 0 1
+1 0 1
+2 0 1
+1 0 1
+3 0 1
+4 0 1
+3 0 1
+3 0 1
+3 0 1
+7 0 1
+4 0 1
+3 0 1
cob=(2)
cfi=(51)
cfn=(868)
calls=1 0x48fc2c0 0 
* 0 19
+5 0 1
+4 0 1
+4 0 1
+1 0 1
+1 0 1

fn=(1206) std::locale::locale(std::locale::_Impl*)
0xc02b0 0 1
+4 0 1
+3 0 1

fn=(1280) std::num_get<char, std::istreambuf_iterator<char, std::char_traits<char> > > const& std::use_facet<std::num_get<char, std::istreambuf_iterator<char, std::char_traits<char> > > >(std::locale const&)
0x1282e0 0 4
+4 0 4
+1 0 4
+3 0 4
+7 0 4
cob=(2)
cfi=(51)
cfn=(908)
calls=4 0x48fa6b0 0 
* 0 32
+5 0 4
+3 0 4
+3 0 4
+1 0 4
+4 0 4
+4 0 4

fn=(1512) std::random_device::_M_getval()
0xdaf80 0 2
+4 0 2
+4 0 2
+9 0 2
+5 0 2
+2 0 2
+3 0 2
+4 0 2
+2 0 2
+4 0 2
+5 0 2
+9 0 2
+2 0 2
+4 0 2
0xdb450 0 2
+4 0 2
+2 0 2
+3 0 2
+1 0 2
+1 0 2
+4 0 2
+9 0 2
+5 0 2
+4 0 2
+3 0 2
+2 0 2
+5 0 2
+9 0 2
+2 0 2
+3 0 2
+4 0 2
+1 0 2
+1 0 2
+2 0 2
jump=2 0xdaf80 0 
* 0 

fn=(2666) std::basic_ostream<wchar_t, std::char_traits<wchar_t> >::flush()
0x13e9a0 0 3
+4 0 3
+1 0 3
+1 0 3
+3 0 3
+4 0 3
+9 0 3
+5 0 3
+3 0 3
+4 0 3
+9 0 3
+2 0 3
+3 0 3
+3 0 3
+3 0 3
cob=(2)
cfi=(51)
cfn=(2668) 0x00000000048fb230
calls=3 0x48fb230 0 
* 0 1245
+5 0 3
+4 0 3
+2 0 3
+3 0 3
+4 0 3
+8 0 3
+3 0 3
cfn=(2674) __gnu_cxx::stdio_sync_filebuf<wchar_t, std::char_traits<wchar_t> >::sync()
calls=3 0x112930 0 
* 0 213
+3 0 3
+3 0 3
+2 0 3
+5 0 3
+3 0 3
+4 0 3
+3 0 3
+4 0 3
jcnd=1/3 +34 0 
* 0 
+2 0 3
+5 0 3
+9 0 3
+2 0 3
+4 0 3
+3 0 3
+1 0 3
+1 0 3
+7 0 1
cob=(2)
cfi=(51)
cfn=(2644) 0x00000000048fa820
calls=1 0x48fa820 0 
* 0 33
+5 0 1
+2 0 1
+2 0 1
+7 0 1
+3 0 1
+2 0 1
+3 0 1
cfn=(2674)
calls=1 0x112930 0 
* 0 71
+3 0 1
+3 0 1
jcnd=1/1 -62 0 
* 0 

fn=(2667) std::basic_ostream<wchar_t, std::char_traits<wchar_t> >::flush()'2
0x13e9a0 0 1
+4 0 1
+1 0 1
+1 0 1
+3 0 1
+4 0 1
+9 0 1
+5 0 1
+3 0 1
+4 0 1
+9 0 1
+2 0 1
+3 0 1
+3 0 1
+3 0 1
cob=(2)
cfi=(51)
cfn=(2669) 0x00000000048fb230'2
calls=1 0x48fb230 0 
* 0 25
+5 0 1
+4 0 1
+2 0 1
+3 0 1
+4 0 1
+8 0 1
+3 0 1
cfn=(2674)
calls=1 0x112930 0 
* 0 71
+3 0 1
+3 0 1
+2 0 1
+5 0 1
+3 0 1
+4 0 1
+3 0 1
+4 0 1
+2 0 1
+5 0 1
+9 0 1
+2 0 1
+4 0 1
+3 0 1
+1 0 1
+1 0 1

fn=(2746) 0x00000000000dbf10
0xdbf10 0 1
+4 0 1

fn=(678) 0x00000000000aa970
0xaa970 0 1
+4 0 1
+7 0 1
+3 0 1
+2 0 1
+3 0 1
+7 0 1
+2 0 1
+4 0 1
+4 0 1
+3 0 1
+7 0 1
+3 0 1
jcnd=1/1 0xaaa11 0 
* 0 
+2 0 1
+7 0 1
+3 0 1
+2 0 1
+7 0 1
+3 0 1
+5 0 1
+2 0 1
jump=1 * 0 
* 0 
* 0 10
jcnd=9/10 * 0 
* 0 
+2 0 1
+7 0 1
+3 0 1
+2 0 1
+3 0 1
+7 0 1
+2 0 1
+4 0 1
+4 0 1
+3 0 1
+7 0 1
+3 0 1
jcnd=1/1 +73 0 
* 0 
+2 0 1
+7 0 1
+3 0 1
+2 0 1
+7 0 1
+3 0 1
+5 0 1
+2 0 1
jump=1 * 0 
* 0 
* 0 10
jcnd=9/10 * 0 
* 0 
+2 0 1
+1 0 1
+3 0 1
+7 0 1
+2 0 1
+7 0 1
+3 0 1
+4 0 1
+8 0 1
jump=1 0xaa9a3 0 
* 0 
+5 0 1
+3 0 1
+7 0 1
+7 0 1
+3 0 1
+2 0 1
+4 0 1
+8 0 1
jump=1 0xaa9f1 0 
* 0 

fn=(854) std::locale::_Impl::_Impl(unsigned long)
0xc1490 0 1
+4 0 1
+2 0 1
+7 0 1
+5 0 1
+2 0 1
+2 0 1
+2 0 1
+1 0 1
+7 0 1
+1 0 1
+3 0 1
+4 0 1
+9 0 1
+5 0 1
+2 0 1
+2 0 1
+8 0 1
+3 0 1
+4 0 1
+7 0 1
+4 0 1
jump=1 * 0 
* 0 
* 0 48
jcnd=47/48 * 0 
* 0 
+3 0 1
+3 0 1
+5 0 1
+7 0 1
jump=1 * 0 
* 0 
* 0 48
jcnd=47/48 * 0 
* 0 
+3 0 1
+3 0 1
+5 0 1
jump=1 * 0 
* 0 
* 0 11
jcnd=10/11 * 0 
* 0 
+3 0 1
+4 0 1
+4 0 1
+7 0 1
+7 0 1
cob=(2)
cfi=(51)
cfn=(856)
calls=1 0x48fa290 0 
* 0 887
+5 0 1
+5 0 1
+2 0 1
+2 0 1
+3 0 1
+3 0 1
+7 0 1
cob=(2)
cfi=(51)
cfn=(862) 0x00000000048f96b0
calls=1 0x48f96b0 0 
* 0 4806
+5 0 1
+7 0 1
+3 0 1
+3 0 1
cob=(2)
cfi=(51)
cfn=(902) 0x00000000048fafc0
calls=1 0x48fafc0 0 
* 0 2222
+5 0 1
+7 0 1
+5 0 1
+3 0 1
cob=(2)
cfi=(51)
cfn=(914) 0x00000000048fa880
calls=1 0x48fa880 0 
* 0 936
+5 0 1
+7 0 1
+3 0 1
+3 0 1
cob=(2)
cfi=(51)
cfn=(902)
calls=1 0x48fafc0 0 
* 0 398
+5 0 1
+7 0 1
+7 0 1
+7 0 1
+2 0 1
+3 0 1
+10 0 1
+4 0 1
+7 0 1
+7 0 1
+7 0 1
+11 0 1
+4 0 1
+11 0 1
+11 0 1
+11 0 1
+11 0 1
+11 0 1
+9 0 1
+7 0 1
+10 0 1
+7 0 1
+7 0 1
cob=(2)
cfi=(51)
cfn=(920) 0x00000000048fc5c0
calls=1 0x48fc5c0 0 
* 0 1556
+5 0 1
+7 0 1
+3 0 1
+3 0 1
cob=(2)
cfi=(51)
cfn=(902)
calls=1 0x48fafc0 0 
* 0 398
+5 0 1
+7 0 1
+7 0 1
+7 0 1
+3 0 1
+10 0 1
+4 0 1
+7 0 1
cob=(2)
cfi=(51)
cfn=(902)
calls=1 0x48fafc0 0 
* 0 398
+5 0 1
+7 0 1
+7 0 1
+7 0 1
+3 0 1
+10 0 1
+4 0 1
+7 0 1
cob=(2)
cfi=(51)
cfn=(902)
calls=1 0x48fafc0 0 
* 0 398
+5 0 1
+7 0 1
+10 0 1
+4 0 1
+7 0 1
cob=(2)
cfi=(51)
cfn=(868)
calls=1 0x48fc2c0 0 
* 0 19
+5 0 1
+7 0 1
+7 0 1
+3 0 1
+7 0 1
cob=(2)
cfi=(51)
cfn=(902)
calls=1 0x48fafc0 0 
* 0 398
+5 0 1
+7 0 1
+7 0 1
+2 0 1
+2 0 1
+7 0 1
+3 0 1
+10 0 1
+4 0 1
+7 0 1
+7 0 1
+7 0 1
+11 0 1
+4 0 1
+11 0 1
+9 0 1
+11 0 1
+11 0 1
+11 0 1
+11 0 1
+11 0 1
+11 0 1
+10 0 1
+11 0 1
+7 0 1
+10 0 1
+7 0 1
+7 0 1
cob=(2)
cfi=(51)
cfn=(926) 0x00000000048fad00
calls=1 0x48fad00 0 
* 0 1335
+5 0 1
+7 0 1
+3 0 1
+3 0 1
cob=(2)
cfi=(51)
cfn=(902)
calls=1 0x48fafc0 0 
* 0 398
+5 0 1
+7 0 1
+7 0 1
+2 0 1
+2 0 1
+7 0 1
+3 0 1
+10 0 1
+4 0 1
+7 0 1
+7 0 1
+7 0 1
+11 0 1
+4 0 1
+11 0 1
+9 0 1
+11 0 1
+11 0 1
+11 0 1
+11 0 1
+11 0 1
+11 0 1
+10 0 1
+11 0 1
+7 0 1
+10 0 1
+7 0 1
+7 0 1
cob=(2)
cfi=(51)
cfn=(932) 0x00000000048fc410
calls=1 0x48fc410 0 
* 0 1343
+5 0 1
+7 0 1
+3 0 1
+3 0 1
cob=(2)
cfi=(51)
cfn=(902)
calls=1 0x48fafc0 0 
* 0 398
+5 0 1
+7 0 1
+7 0 1
+7 0 1
+3 0 1
+10 0 1
+4 0 1
+7 0 1
cob=(2)
cfi=(51)
cfn=(902)
calls=1 0x48fafc0 0 
* 0 398
+5 0 1
+7 0 1
+7 0 1
+7 0 1
+3 0 1
+10 0 1
+4 0 1
+7 0 1
cob=(2)
cfi=(51)
cfn=(902)
calls=1 0x48fafc0 0 
* 0 398
+5 0 1
+7 0 1
+7 0 1
+4 0 1
+5 0 1
+7 0 1
+3 0 1
+10 0 1
+4 0 1
+7 0 1
+7 0 1
+11 0 1
+7 0 1
+7 0 1
+7 0 1
+7 0 1
+7 0 1
+7 0 1
+7 0 1
+7 0 1
+7 0 1
+7 0 1
+7 0 1
+7 0 1
+7 0 1
+7 0 1
+7 0 1
+7 0 1
+7 0 1
+7 0 1
+7 0 1
+7 0 1
+7 0 1
+7 0 1
+7 0 1
cob=(2)
cfi=(51)
cfn=(938) 0x00000000048fb8c0
calls=1 0x48fb8c0 0 
* 0 2271
+5 0 1
+7 0 1
+3 0 1
+3 0 1
cob=(2)
cfi=(51)
cfn=(902)
calls=1 0x48fafc0 0 
* 0 398
+5 0 1
+7 0 1
+7 0 1
+7 0 1
+3 0 1
+10 0 1
+4 0 1
+7 0 1
cob=(2)
cfi=(51)
cfn=(902)
calls=1 0x48fafc0 0 
* 0 398
+5 0 1
+7 0 1
+7 0 1
+7 0 1
+3 0 1
+10 0 1
+4 0 1
+7 0 1
cob=(2)
cfi=(51)
cfn=(902)
calls=1 0x48fafc0 0 
* 0 398
+5 0 1
+7 0 1
+5 0 1
+3 0 1
cob=(2)
cfi=(51)
cfn=(950) 0x00000000048f9560
calls=1 0x48f9560 0 
* 0 849
+5 0 1
+7 0 1
+3 0 1
+3 0 1
cob=(2)
cfi=(51)
cfn=(902)
calls=1 0x48fafc0 0 
* 0 398
+5 0 1
+7 0 1
+5 0 1
+3 0 1
cob=(2)
cfi=(51)
cfn=(956) 0x00000000048f9a60
calls=1 0x48f9a60 0 
* 0 28839
+5 0 1
+7 0 1
+3 0 1
+3 0 1
cob=(2)
cfi=(51)
cfn=(902)
calls=1 0x48fafc0 0 
* 0 398
+5 0 1
+7 0 1
+5 0 1
+3 0 1
cob=(2)
cfi=(51)
cfn=(1012) 0x00000000048fa440
calls=1 0x48fa440 0 
* 0 891
+5 0 1
+7 0 1
+3 0 1
+3 0 1
cob=(2)
cfi=(51)
cfn=(902)
calls=1 0x48fafc0 0 
* 0 398
+5 0 1
+7 0 1
+2 0 1
+7 0 1
+10 0 1
+3 0 1
+7 0 1
+4 0 1
+11 0 1
+7 0 1
+7 0 1
+11 0 1
+4 0 1
+11 0 1
+7 0 1
+7 0 1
+11 0 1
+11 0 1
+11 0 1
+11 0 1
+7 0 1
+10 0 1
+7 0 1
cob=(2)
cfi=(51)
cfn=(1018) 0x00000000048f9b40
calls=1 0x48f9b40 0 
* 0 1468
+5 0 1
+7 0 1
+3 0 1
+3 0 1
cob=(2)
cfi=(51)
cfn=(902)
calls=1 0x48fafc0 0 
* 0 398
+5 0 1
+7 0 1
+7 0 1
+7 0 1
+3 0 1
+10 0 1
+4 0 1
+7 0 1
cob=(2)
cfi=(51)
cfn=(902)
calls=1 0x48fafc0 0 
* 0 398
+5 0 1
+7 0 1
+7 0 1
+7 0 1
+3 0 1
+10 0 1
+4 0 1
+7 0 1
cob=(2)
cfi=(51)
cfn=(902)
calls=1 0x48fafc0 0 
* 0 398
+5 0 1
+7 0 1
+10 0 1
+4 0 1
+7 0 1
cob=(2)
cfi=(51)
cfn=(868)
calls=1 0x48fc2c0 0 
* 0 19
+5 0 1
+7 0 1
+5 0 1
+3 0 1
+7 0 1
+5 0 1
+5 0 1
+5 0 1
+7 0 1
+4 0 1
+7 0 1
+7 0 1
+7 0 1
+4 0 1
+5 0 1
+5 0 1
cob=(2)
cfi=(51)
cfn=(902)
calls=1 0x48fafc0 0 
* 0 398
+5 0 1
+7 0 1
+7 0 1
+2 0 1
+2 0 1
+3 0 1
+10 0 1
+4 0 1
+7 0 1
+7 0 1
+7 0 1
+11 0 1
+4 0 1
+11 0 1
+11 0 1
+11 0 1
+11 0 1
+11 0 1
+11 0 1
+11 0 1
+11 0 1
+10 0 1
+11 0 1
+7 0 1
+10 0 1
+7 0 1
+7 0 1
cob=(2)
cfi=(51)
cfn=(1024) 0x00000000048fbc20
calls=1 0x48fbc20 0 
* 0 1355
+5 0 1
+7 0 1
+3 0 1
+3 0 1
cob=(2)
cfi=(51)
cfn=(902)
calls=1 0x48fafc0 0 
* 0 398
+5 0 1
+7 0 1
+7 0 1
+2 0 1
+2 0 1
+3 0 1
+10 0 1
+4 0 1
+7 0 1
+7 0 1
+7 0 1
+11 0 1
+4 0 1
+11 0 1
+7 0 1
+7 0 1
+11 0 1
+11 0 1
+11 0 1
+11 0 1
+11 0 1
+11 0 1
+11 0 1
+10 0 1
+11 0 1
+7 0 1
+10 0 1
+7 0 1
cob=(2)
cfi=(51)
cfn=(1030) 0x00000000048f9f10
calls=1 0x48f9f10 0 
* 0 1323
+5 0 1
+7 0 1
+3 0 1
+3 0 1
cob=(2)
cfi=(51)
cfn=(902)
calls=1 0x48fafc0 0 
* 0 398
+5 0 1
+7 0 1
+7 0 1
+7 0 1
+3 0 1
+10 0 1
+4 0 1
+7 0 1
cob=(2)
cfi=(51)
cfn=(902)
calls=1 0x48fafc0 0 
* 0 398
+5 0 1
+7 0 1
+7 0 1
+7 0 1
+3 0 1
+10 0 1
+4 0 1
+7 0 1
cob=(2)
cfi=(51)
cfn=(902)
calls=1 0x48fafc0 0 
* 0 398
+5 0 1
+7 0 1
+7 0 1
+4 0 1
+5 0 1
+7 0 1
+3 0 1
+10 0 1
+4 0 1
+7 0 1
+7 0 1
+11 0 1
+7 0 1
+7 0 1
+7 0 1
+7 0 1
+7 0 1
+7 0 1
+7 0 1
+7 0 1
+7 0 1
+7 0 1
+7 0 1
+7 0 1
+7 0 1
+7 0 1
+7 0 1
+7 0 1
+7 0 1
+7 0 1
+7 0 1
+7 0 1
+7 0 1
+7 0 1
+7 0 1
cob=(2)
cfi=(51)
cfn=(1036) 0x00000000048fc2b0
calls=1 0x48fc2b0 0 
* 0 2303
+5 0 1
+7 0 1
+3 0 1
+3 0 1
cob=(2)
cfi=(51)
cfn=(902)
calls=1 0x48fafc0 0 
* 0 398
+5 0 1
+7 0 1
+7 0 1
+7 0 1
+3 0 1
+10 0 1
+4 0 1
+7 0 1
cob=(2)
cfi=(51)
cfn=(902)
calls=1 0x48fafc0 0 
* 0 398
+5 0 1
+7 0 1
+7 0 1
+7 0 1
+3 0 1
+10 0 1
+4 0 1
+7 0 1
cob=(2)
cfi=(51)
cfn=(902)
calls=1 0x48fafc0 0 
* 0 398
+5 0 1
+7 0 1
+5 0 1
+3 0 1
cob=(2)
cfi=(51)
cfn=(1048) 0x00000000048f9b80
calls=1 0x48f9b80 0 
* 0 894
+5 0 1
+7 0 1
+3 0 1
+3 0 1
cob=(2)
cfi=(51)
cfn=(902)
calls=1 0x48fafc0 0 
* 0 398
+5 0 1
+7 0 1
+7 0 1
+7 0 1
+3 0 1
+10 0 1
+4 0 1
+7 0 1
cob=(2)
cfi=(51)
cfn=(902)
calls=1 0x48fafc0 0 
* 0 398
+5 0 1
+7 0 1
+7 0 1
+7 0 1
+3 0 1
+10 0 1
+4 0 1
+7 0 1
cob=(2)
cfi=(51)
cfn=(902)
calls=1 0x48fafc0 0 
* 0 398
+5 0 1
+7 0 1
+7 0 1
+7 0 1
+3 0 1
+10 0 1
+4 0 1
+7 0 1
cob=(2)
cfi=(51)
cfn=(902)
calls=1 0x48fafc0 0 
* 0 398
+5 0 1
+7 0 1
+7 0 1
+7 0 1
+3 0 1
+10 0 1
+4 0 1
+7 0 1
cob=(2)
cfi=(51)
cfn=(902)
calls=1 0x48fafc0 0 
* 0 398
+5 0 1
+5 0 1
+6 0 1
+5 0 1
+3 0 1
+6 0 1
+5 0 1
+5 0 1
+5 0 1
cfn=(1054) 0x00000000000dc6c0
calls=1 0xdc6c0 0 
* 0 10295
+5 0 1
+7 0 1
+4 0 1
cob=(2)
cfi=(51)
cfn=(908)
calls=1 0x48fa6b0 0 
* 0 8
+5 0 1
+7 0 1
+4 0 1
+4 0 1
cob=(2)
cfi=(51)
cfn=(908)
calls=1 0x48fa6b0 0 
* 0 8
+5 0 1
+7 0 1
+4 0 1
+4 0 1
cob=(2)
cfi=(51)
cfn=(908)
calls=1 0x48fa6b0 0 
* 0 8
+5 0 1
+7 0 1
+5 0 1
+4 0 1
cob=(2)
cfi=(51)
cfn=(908)
calls=1 0x48fa6b0 0 
* 0 8
+5 0 1
+7 0 1
+7 0 1
+4 0 1
+4 0 1
cob=(2)
cfi=(51)
cfn=(908)
calls=1 0x48fa6b0 0 
* 0 8
+5 0 1
+7 0 1
+7 0 1
+4 0 1
+4 0 1
cob=(2)
cfi=(51)
cfn=(908)
calls=1 0x48fa6b0 0 
* 0 8
+5 0 1
+7 0 1
+4 0 1
+4 0 1
cob=(2)
cfi=(51)
cfn=(908)
calls=1 0x48fa6b0 0 
* 0 8
+5 0 1
+7 0 1
+7 0 1
+4 0 1
+5 0 1
cob=(2)
cfi=(51)
cfn=(908)
calls=1 0x48fa6b0 0 
* 0 8
+5 0 1
+7 0 1
+4 0 1
+5 0 1
+9 0 1
+2 0 1
+4 0 1
+1 0 1
+1 0 1
+2 0 1
+2 0 1
+2 0 1
+2 0 1

fn=(872) std::locale::facet::_S_get_c_locale()
0xc07b0 0 14
+4 0 14
+4 0 14
+7 0 14
+7 0 14
cob=(2)
cfi=(51)
cfn=(874) 0x00000000048fa630
calls=14 0x48fa630 0 
* 0 3088
+5 0 14
+7 0 14
+3 0 14
+4 0 14

fn=(906) std::locale::_Impl::_M_install_facet(std::locale::id const*, std::locale::facet const*)
0xc0d10 0 32
+4 0 32
+3 0 32
+6 0 32
+2 0 32
+2 0 32
+2 0 32
+2 0 32
+3 0 32
+1 0 32
+1 0 32
+3 0 32
+3 0 32
+4 0 32
cob=(2)
cfi=(51)
cfn=(908)
calls=32 0x48fa6b0 0 
* 0 1308
+5 0 32
+3 0 32
+4 0 32
+4 0 32
+3 0 32
jcnd=32/32 0xc0e4e 0 
* 0 
0xc0e4e 0 32
+7 0 32
+5 0 32
+6 0 32
+6 0 32
+4 0 32
+4 0 32
+3 0 32
+3 0 32
jcnd=32/32 0xc0f43 0 
* 0 
0xc0f43 0 32
+5 0 32
+3 0 32
+6 0 32
+4 0 32
+2 0 32
+7 0 32
jump=32 +24 0 
* 0 
+14 0 1536
+4 0 1536
+4 0 1536
jcnd=32/1536 0xc0fe0 0 
* 0 
+2 0 1536
+4 0 1536
+8 0 1536
+3 0 1536
jcnd=1536/1536 -25 0 
* 0 
+91 0 32
+4 0 32
+1 0 32
+1 0 32
+2 0 32
+2 0 32
+2 0 32
+2 0 32

fn=(1054)
0xdc6c0 0 1
+4 0 1
+2 0 1
+2 0 1
+2 0 1
+7 0 1
+2 0 1
+3 0 1
+1 0 1
+1 0 1
+3 0 1
+3 0 1
+4 0 1
+4 0 1
+3 0 1
+4 0 1
+2 0 1
+10 0 1
+4 0 1
+7 0 1
+7 0 1
+4 0 1
+7 0 1
cob=(2)
cfi=(51)
cfn=(1056) 0x00000000048fa5e0
calls=1 0x48fa5e0 0 
* 0 1468
+5 0 1
+7 0 1
+4 0 1
+6 0 1
+7 0 1
+4 0 1
+7 0 1
+5 0 1
cob=(2)
cfi=(51)
cfn=(908)
calls=1 0x48fa6b0 0 
* 0 17
+5 0 1
+5 0 1
+4 0 1
+7 0 1
+10 0 1
+4 0 1
+7 0 1
cob=(2)
cfi=(51)
cfn=(868)
calls=1 0x48fc2c0 0 
* 0 19
+5 0 1
+4 0 1
+7 0 1
+6 0 1
+7 0 1
+7 0 1
+4 0 1
cob=(2)
cfi=(51)
cfn=(908)
calls=1 0x48fa6b0 0 
* 0 17
+5 0 1
+7 0 1
+2 0 1
+2 0 1
+5 0 1
+7 0 1
+7 0 1
+3 0 1
+7 0 1
+10 0 1
+4 0 1
+7 0 1
cob=(2)
cfi=(51)
cfn=(1074) 0x00000000048f9930
calls=1 0x48f9930 0 
* 0 1263
+5 0 1
+4 0 1
+6 0 1
+7 0 1
+4 0 1
+7 0 1
+5 0 1
cob=(2)
cfi=(51)
cfn=(908)
calls=1 0x48fa6b0 0 
* 0 17
+5 0 1
+5 0 1
+2 0 1
+4 0 1
+7 0 1
+7 0 1
+2 0 1
+10 0 1
+3 0 1
+4 0 1
+7 0 1
+4 0 1
+7 0 1
cob=(2)
cfi=(51)
cfn=(1086) 0x00000000048fcee0
calls=1 0x48fcee0 0 
* 0 1340
+5 0 1
+4 0 1
+6 0 1
+7 0 1
+4 0 1
+7 0 1
+5 0 1
cob=(2)
cfi=(51)
cfn=(908)
calls=1 0x48fa6b0 0 
* 0 17
+5 0 1
+5 0 1
+4 0 1
+7 0 1
+10 0 1
+4 0 1
+4 0 1
+7 0 1
+6 0 1
+10 0 1
+7 0 1
+4 0 1
cob=(2)
cfi=(51)
cfn=(908)
calls=1 0x48fa6b0 0 
* 0 17
+5 0 1
+7 0 1
+5 0 1
+7 0 1
+10 0 1
+4 0 1
+4 0 1
+7 0 1
+6 0 1
+10 0 1
+7 0 1
+4 0 1
cob=(2)
cfi=(51)
cfn=(908)
calls=1 0x48fa6b0 0 
* 0 17
+5 0 1
+7 0 1
+5 0 1
+7 0 1
+10 0 1
+4 0 1
+4 0 1
+7 0 1
+6 0 1
+10 0 1
+7 0 1
+4 0 1
cob=(2)
cfi=(51)
cfn=(908)
calls=1 0x48fa6b0 0 
* 0 17
+5 0 1
+7 0 1
+5 0 1
+5 0 1
+7 0 1
+3 0 1
cob=(2)
cfi=(51)
cfn=(1110) 0x00000000048fd380
calls=1 0x48fd380 0 
* 0 801
+5 0 1
+4 0 1
+6 0 1
+7 0 1
+4 0 1
+7 0 1
+5 0 1
cob=(2)
cfi=(51)
cfn=(908)
calls=1 0x48fa6b0 0 
* 0 17
+5 0 1
+5 0 1
+2 0 1
+4 0 1
+5 0 1
+10 0 1
+5 0 1
+5 0 1
+5 0 1
+7 0 1
+3 0 1
+7 0 1
+5 0 1
+7 0 1
+4 0 1
+7 0 1
cob=(2)
cfi=(51)
cfn=(1122) 0x00000000048faf90
calls=1 0x48faf90 0 
* 0 1412
+5 0 1
+4 0 1
+6 0 1
+7 0 1
+4 0 1
+7 0 1
+5 0 1
cob=(2)
cfi=(51)
cfn=(908)
calls=1 0x48fa6b0 0 
* 0 17
+5 0 1
+5 0 1
+4 0 1
+7 0 1
+10 0 1
+4 0 1
+7 0 1
cob=(2)
cfi=(51)
cfn=(868)
calls=1 0x48fc2c0 0 
* 0 19
+5 0 1
+4 0 1
+7 0 1
+6 0 1
+7 0 1
+7 0 1
+4 0 1
cob=(2)
cfi=(51)
cfn=(908)
calls=1 0x48fa6b0 0 
* 0 17
+5 0 1
+7 0 1
+2 0 1
+2 0 1
+4 0 1
+7 0 1
+7 0 1
+10 0 1
+3 0 1
+4 0 1
+7 0 1
+5 0 1
+7 0 1
cob=(2)
cfi=(51)
cfn=(1140) 0x00000000048fb5e0
calls=1 0x48fb5e0 0 
* 0 1291
+5 0 1
+4 0 1
+6 0 1
+7 0 1
+4 0 1
+7 0 1
+5 0 1
cob=(2)
cfi=(51)
cfn=(908)
calls=1 0x48fa6b0 0 
* 0 17
+5 0 1
+5 0 1
+2 0 1
+4 0 1
+7 0 1
+7 0 1
+2 0 1
+10 0 1
+3 0 1
+4 0 1
+7 0 1
+5 0 1
+7 0 1
cob=(2)
cfi=(51)
cfn=(1152) 0x00000000048fc160
calls=1 0x48fc160 0 
* 0 1267
+5 0 1
+4 0 1
+6 0 1
+7 0 1
+4 0 1
+7 0 1
+5 0 1
cob=(2)
cfi=(51)
cfn=(908)
calls=1 0x48fa6b0 0 
* 0 17
+5 0 1
+5 0 1
+4 0 1
+7 0 1
+10 0 1
+4 0 1
+4 0 1
+7 0 1
+6 0 1
+10 0 1
+7 0 1
+4 0 1
cob=(2)
cfi=(51)
cfn=(908)
calls=1 0x48fa6b0 0 
* 0 17
+5 0 1
+7 0 1
+4 0 1
+7 0 1
+10 0 1
+4 0 1
+4 0 1
+7 0 1
+6 0 1
+10 0 1
+7 0 1
+4 0 1
cob=(2)
cfi=(51)
cfn=(908)
calls=1 0x48fa6b0 0 
* 0 17
+5 0 1
+7 0 1
+4 0 1
+7 0 1
+10 0 1
+4 0 1
+4 0 1
+7 0 1
+6 0 1
+10 0 1
+7 0 1
+4 0 1
cob=(2)
cfi=(51)
cfn=(908)
calls=1 0x48fa6b0 0 
* 0 17
+5 0 1
+7 0 1
+5 0 1
+4 0 1
+7 0 1
+3 0 1
cob=(2)
cfi=(51)
cfn=(1176) 0x00000000048fbb30
calls=1 0x48fbb30 0 
* 0 801
+5 0 1
+4 0 1
+6 0 1
+7 0 1
+7 0 1
+4 0 1
cob=(2)
cfi=(51)
cfn=(908)
calls=1 0x48fa6b0 0 
* 0 17
+5 0 1
+7 0 1
+5 0 1
+4 0 1
cob=(2)
cfi=(51)
cfn=(908)
calls=1 0x48fa6b0 0 
* 0 8
+5 0 1
+7 0 1
+5 0 1
+4 0 1
cob=(2)
cfi=(51)
cfn=(908)
calls=1 0x48fa6b0 0 
* 0 8
+5 0 1
+7 0 1
+5 0 1
+4 0 1
cob=(2)
cfi=(51)
cfn=(908)
calls=1 0x48fa6b0 0 
* 0 8
+5 0 1
+4 0 1
+7 0 1
+5 0 1
+4 0 1
cob=(2)
cfi=(51)
cfn=(908)
calls=1 0x48fa6b0 0 
* 0 8
+5 0 1
+7 0 1
+5 0 1
+4 0 1
cob=(2)
cfi=(51)
cfn=(908)
calls=1 0x48fa6b0 0 
* 0 8
+5 0 1
+5 0 1
+7 0 1
+4 0 1
+5 0 1
cob=(2)
cfi=(51)
cfn=(908)
calls=1 0x48fa6b0 0 
* 0 8
+5 0 1
+5 0 1
+4 0 1
+4 0 1
+1 0 1
+1 0 1
+2 0 1
+2 0 1
+2 0 1
+2 0 1

fn=(1090) std::moneypunct<char, true>::_M_initialize_moneypunct(__locale_struct*, char const*)
0xca800 0 1
+4 0 1
+2 0 1
+2 0 1
+2 0 1
+2 0 1
+1 0 1
+3 0 1
+1 0 1
+3 0 1
+4 0 1
+5 0 1
+6 0 1
+3 0 1
jcnd=1/1 0xcaa30 0 
* 0 
0xcaa30 0 1
+4 0 1
+7 0 1
+4 0 1
+4 0 1
+4 0 1
+4 0 1
+4 0 1
+4 0 1
+4 0 1
+4 0 1
+7 0 1
+8 0 1
+2 0 1
+4 0 1
+8 0 1
+8 0 1
+8 0 1
+7 0 1
+3 0 1
+4 0 1
+3 0 1
+7 0 1
+3 0 1
+2 0 1
+3 0 1
+4 0 1
+4 0 1
+4 0 1
+4 0 1
+4 0 1
jcnd=1/1 -20 0 
* 0 
-20 0 10
+4 0 10
+4 0 10
+4 0 10
+4 0 10
+4 0 10
jcnd=9/10 -20 0 
* 0 
+2 0 1
+4 0 1
+1 0 1
+1 0 1
+2 0 1
+2 0 1
+2 0 1
+2 0 1

fn=(1268) std::num_put<char, std::ostreambuf_iterator<char, std::char_traits<char> > > const& std::use_facet<std::num_put<char, std::ostreambuf_iterator<char, std::char_traits<char> > > >(std::locale const&)
0x128310 0 4
+4 0 4
+1 0 4
+3 0 4
+7 0 4
cob=(2)
cfi=(51)
cfn=(908)
calls=4 0x48fa6b0 0 
* 0 32
+5 0 4
+3 0 4
+3 0 4
+1 0 4
+4 0 4
+4 0 4

fn=(1500) std::allocator<char>::~allocator()
0xd1870 0 4
+4 0 4

fn=(1506) __cxa_guard_release
0xae760 0 6
+4 0 6
+7 0 6
+3 0 6
+2 0 6
+6 0 6

fn=(2140) operator delete(void*)
0xacc10 0 3747441
+4 0 3747441
cob=(2)
cfi=(51)
cfn=(2142) 0x00000000048fab30
calls=3747441 0x48fab30 0 
* 0 392188947

fn=(2286) std::__detail::_List_node_base::_M_unhook()
0xbfdb0 0 662763
+4 0 662763
+3 0 662763
+4 0 662763
+3 0 662763
+4 0 662763

fn=(2742) 0x000000000018d800
0x18d800 0 1
+4 0 1

fn=(2760) 0x00000000000ac0b0
0xac0b0 0 1
+4 0 1
+7 0 1
+3 0 1
cob=(2)
cfi=(51)
cfn=(2754) 0x00000000048fb210
calls=1 0x48fb210 0 
* 0 4

fn=(608) 0x00000000000aa840
0xaa840 0 1
+4 0 1
+1 0 1
+7 0 1
+1 0 1
+7 0 1
+3 0 1
+4 0 1
+11 0 1
cob=(2)
cfi=(51)
cfn=(610) 0x00000000048fafb0
calls=1 0x48fafb0 0 
* 0 801
+5 0 1
+3 0 1
+3 0 1
+7 0 1
+7 0 1
+7 0 1
+7 0 1
cob=(2)
cfi=(51)
cfn=(620)
calls=1 0x48fa4b0 0 
* 0 991
+5 0 1
+3 0 1
+11 0 1
cob=(2)
cfi=(51)
cfn=(610)
calls=1 0x48fafb0 0 
* 0 7
+5 0 1
+7 0 1
+3 0 1
+3 0 1
+7 0 1
+4 0 1
+7 0 1
+1 0 1
+1 0 1
cob=(2)
cfi=(51)
cfn=(620)
calls=1 0x48fa4b0 0 
* 0 77

fn=(616) std::error_category::error_category()
0xac040 0 2
+4 0 2
+7 0 2
+4 0 2
+3 0 2

fn=(706) 0x00000000000aabc0
0xaabc0 0 1
+4 0 1
+7 0 1
+7 0 1
+7 0 1
cob=(2)
cfi=(51)
cfn=(620)
calls=1 0x48fa4b0 0 
* 0 77

fn=(840) 0x00000000000c2320
0xc22c0 0 1
+4 0 1
+1 0 1
+1 0 1
+4 0 1
+7 0 1
+4 0 1
jcnd=1/1 +11 0 
* 0 
+11 0 1
+7 0 1
+5 0 1
+3 0 1
cob=(2)
cfi=(51)
cfn=(850) 0x00000000048fa2c0
calls=1 0x48fa2c0 0 
* 0 77429
+5 0 1
+7 0 1
+3 0 1
+3 0 1
+7 0 1
+3 0 1
+4 0 1
+1 0 1
+1 0 1
cob=(2)
cfi=(51)
cfn=(1202) 0x00000000048f9690
calls=1 0x48f9690 0 
* 0 822
+15 0 22
+4 0 22
+7 0 22
+3 0 22
+2 0 22
+7 0 22
+4 0 22
jcnd=1/22 +53 0 
* 0 
+2 0 21
+51 0 1
jump=1 0xc22c0 0 
* 0 

fn=(930) std::__cxx11::moneypunct<char, false>::_M_initialize_moneypunct(__locale_struct*, char const*)
0xcde00 0 1
+4 0 1
+2 0 1
+2 0 1
+2 0 1
+2 0 1
+1 0 1
+3 0 1
+1 0 1
+3 0 1
+4 0 1
+5 0 1
+6 0 1
+3 0 1
jcnd=1/1 0xce000 0 
* 0 
0xce000 0 1
+4 0 1
+7 0 1
+4 0 1
+4 0 1
+4 0 1
+4 0 1
+4 0 1
+4 0 1
+4 0 1
+4 0 1
+7 0 1
+8 0 1
+2 0 1
+4 0 1
+8 0 1
+8 0 1
+8 0 1
+7 0 1
+3 0 1
+4 0 1
+3 0 1
+7 0 1
+3 0 1
+2 0 1
+3 0 1
+4 0 1
+4 0 1
+4 0 1
+4 0 1
+4 0 1
jcnd=1/1 -20 0 
* 0 
-20 0 10
+4 0 10
+4 0 10
+4 0 10
+4 0 10
+4 0 10
jcnd=9/10 -20 0 
* 0 
+2 0 1
+4 0 1
+1 0 1
+1 0 1
+2 0 1
+2 0 1
+2 0 1
+2 0 1

fn=(1156) std::moneypunct<wchar_t, true>::_M_initialize_moneypunct(__locale_struct*, char const*)
0xcb460 0 1
+4 0 1
+2 0 1
+2 0 1
+2 0 1
+2 0 1
+1 0 1
+3 0 1
+1 0 1
+3 0 1
+4 0 1
+9 0 1
+5 0 1
+2 0 1
+5 0 1
+6 0 1
+3 0 1
jcnd=1/1 0xcb6b0 0 
* 0 
0xcb687 0 1
+5 0 1
+9 0 1
+6 0 1
+4 0 1
+1 0 1
+1 0 1
+2 0 1
+2 0 1
+2 0 1
+2 0 1
+7 0 1
+4 0 1
+7 0 1
+7 0 1
+4 0 1
+7 0 1
+4 0 1
+4 0 1
+4 0 1
+7 0 1
+4 0 1
+2 0 1
+8 0 1
+4 0 1
+3 0 1
+8 0 1
+8 0 1
+8 0 1
+7 0 1
+4 0 1
+3 0 1
+7 0 1
+4 0 1
+3 0 1
+2 0 1
+5 0 1
+4 0 1
+4 0 1
+4 0 1
+4 0 1
jcnd=1/1 -16 0 
* 0 
-16 0 10
+4 0 10
+4 0 10
+4 0 10
+4 0 10
jcnd=9/10 -16 0 
* 0 
+2 0 1
jump=1 0xcb687 0 
* 0 

fn=(1250) bool std::has_facet<std::ctype<char> >(std::locale const&)
0x12c2c0 0 4
+4 0 4
+5 0 4

fn=(1298) bool std::has_facet<std::ctype<wchar_t> >(std::locale const&)
0x154760 0 4
+4 0 4
+5 0 4

fn=(1310) bool std::has_facet<std::num_put<wchar_t, std::ostreambuf_iterator<wchar_t, std::char_traits<wchar_t> > > >(std::locale const&)
0x150960 0 4
+4 0 4
+5 0 4

fn=(1470) std::__cxx11::basic_string<char, std::char_traits<char>, std::allocator<char> >::compare(char const*) const
0x14eb90 0 2
+4 0 2
+2 0 2
+3 0 2
+2 0 2
+3 0 2
+1 0 2
+1 0 2
+4 0 2
+4 0 2
+3 0 2
cob=(2)
cfi=(51)
cfn=(1472) 0x00000000048fabb0
calls=2 0x48fabb0 0 
* 0 811
+5 0 2
+3 0 2
+3 0 2
+3 0 2
+4 0 2
+3 0 2
+2 0 2
+4 0 2
+3 0 2
cob=(2)
cfi=(51)
cfn=(1478) 0x00000000048fc500
calls=2 0x48fc500 0 
* 0 822
+5 0 2
+2 0 2
+2 0 2
+3 0 2
+5 0 2
+7 0 2
+2 0 2
+7 0 2
+5 0 2
+3 0 2
+4 0 2
+1 0 2
+1 0 2
+2 0 2
+2 0 2

fn=(2616) std::random_device::_M_fini()
0xdb410 0 2
+4 0 2
+4 0 2
jcnd=2/2 +40 0 
* 0 
+40 0 2

fn=(2674)
0x112930 0 5
+4 0 5
+4 0 5
cob=(2)
cfi=(51)
cfn=(2634)
calls=5 0x48fd340 0 
* 0 340

fn=(632) 0x00000000000aa8d0
0xaa8d0 0 1
+4 0 1
+4 0 1
cob=(2)
cfi=(51)
cfn=(634) 0x00000000048fa400
calls=1 0x48fa400 0 
* 0 791
+5 0 1
+7 0 1
+3 0 1
+4 0 1

fn=(832) std::ios_base::Init::Init()
0xbf0e0 0 1
+4 0 1
+2 0 1
+2 0 1
+2 0 1
+2 0 1
+1 0 1
+1 0 1
+4 0 1
+7 0 1
+7 0 1
+3 0 1
+2 0 1
+2 0 1
+3 0 1
+2 0 1
+2 0 1
jcnd=1/1 +31 0 
* 0 
+31 0 1
+7 0 1
+7 0 1
+11 0 1
+11 0 1
+11 0 1
+4 0 1
+4 0 1
+5 0 1
+5 0 1
+7 0 1
+11 0 1
+11 0 1
+4 0 1
+3 0 1
+7 0 1
+4 0 1
+11 0 1
+3 0 1
+7 0 1
+4 0 1
+7 0 1
cob=(2)
cfi=(51)
cfn=(834)
calls=1 0x48fa780 0 
* 0 79006
+5 0 1
+7 0 1
+7 0 1
+7 0 1
+10 0 1
+4 0 1
+7 0 1
+7 0 1
+7 0 1
+11 0 1
+3 0 1
+11 0 1
+11 0 1
+11 0 1
+11 0 1
+11 0 1
cob=(2)
cfi=(51)
cfn=(834)
calls=1 0x48fa780 0 
* 0 27
+5 0 1
+7 0 1
+7 0 1
+7 0 1
+7 0 1
+3 0 1
+10 0 1
+7 0 1
+11 0 1
+11 0 1
+11 0 1
+11 0 1
+11 0 1
+11 0 1
cob=(2)
cfi=(51)
cfn=(834)
calls=1 0x48fa780 0 
* 0 27
+5 0 1
+7 0 1
+7 0 1
+7 0 1
+10 0 1
+4 0 1
+3 0 1
cob=(2)
cfi=(51)
cfn=(1210) 0x00000000048fa1b0
calls=1 0x48fa1b0 0 
* 0 803
+5 0 1
+2 0 1
+5 0 1
+4 0 1
+8 0 1
+3 0 1
+7 0 1
+11 0 1
+8 0 1
+8 0 1
+5 0 1
cob=(2)
cfi=(51)
cfn=(1216) 0x00000000048fc5a0
calls=1 0x48fc5a0 0 
* 0 11603
+5 0 1
+7 0 1
+5 0 1
+3 0 1
cob=(2)
cfi=(51)
cfn=(1210)
calls=1 0x48fa1b0 0 
* 0 87
+5 0 1
+4 0 1
+2 0 1
+3 0 1
+7 0 1
+7 0 1
+12 0 1
+9 0 1
+9 0 1
+4 0 1
+4 0 1
+4 0 1
+5 0 1
+9 0 1
+9 0 1
cob=(2)
cfi=(51)
cfn=(1216)
calls=1 0x48fc5a0 0 
* 0 223
+5 0 1
+7 0 1
+7 0 1
+4 0 1
+3 0 1
cob=(2)
cfi=(51)
cfn=(1210)
calls=1 0x48fa1b0 0 
* 0 87
+5 0 1
+5 0 1
+4 0 1
+2 0 1
+3 0 1
+3 0 1
+11 0 1
+7 0 1
+7 0 1
+7 0 1
+4 0 1
cob=(2)
cfi=(51)
cfn=(1216)
calls=1 0x48fc5a0 0 
* 0 223
+5 0 1
+7 0 1
+4 0 1
+5 0 1
cob=(2)
cfi=(51)
cfn=(1210)
calls=1 0x48fa1b0 0 
* 0 87
+5 0 1
+5 0 1
+4 0 1
+2 0 1
+5 0 1
+3 0 1
+11 0 1
+8 0 1
+8 0 1
+8 0 1
+4 0 1
cob=(2)
cfi=(51)
cfn=(1216)
calls=1 0x48fc5a0 0 
* 0 223
+5 0 1
+7 0 1
+8 0 1
+7 0 1
+7 0 1
+4 0 1
+4 0 1
+7 0 1
+5 0 1
+5 0 1
+7 0 1
+11 0 1
+11 0 1
+4 0 1
+3 0 1
+4 0 1
+7 0 1
+11 0 1
+11 0 1
+4 0 1
+7 0 1
+11 0 1
+11 0 1
cob=(2)
cfi=(51)
cfn=(834)
calls=1 0x48fa780 0 
* 0 27
+5 0 1
+7 0 1
+7 0 1
+7 0 1
+10 0 1
+4 0 1
+7 0 1
+7 0 1
+7 0 1
+11 0 1
+3 0 1
+11 0 1
+11 0 1
+11 0 1
+11 0 1
+11 0 1
cob=(2)
cfi=(51)
cfn=(834)
calls=1 0x48fa780 0 
* 0 27
+5 0 1
+7 0 1
+7 0 1
+7 0 1
+7 0 1
+3 0 1
+10 0 1
+7 0 1
+11 0 1
+11 0 1
+11 0 1
+11 0 1
+11 0 1
+11 0 1
cob=(2)
cfi=(51)
cfn=(834)
calls=1 0x48fa780 0 
* 0 27
+5 0 1
+7 0 1
+7 0 1
+7 0 1
+10 0 1
+4 0 1
+3 0 1
cob=(2)
cfi=(51)
cfn=(1210)
calls=1 0x48fa1b0 0 
* 0 87
+5 0 1
+5 0 1
+4 0 1
+3 0 1
+7 0 1
+8 0 1
+11 0 1
+11 0 1
+8 0 1
+8 0 1
+5 0 1
cob=(2)
cfi=(51)
cfn=(1282) 0x00000000048fba20
calls=1 0x48fba20 0 
* 0 9396
+5 0 1
+7 0 1
+5 0 1
+3 0 1
cob=(2)
cfi=(51)
cfn=(1210)
calls=1 0x48fa1b0 0 
* 0 87
+5 0 1
+7 0 1
+4 0 1
+3 0 1
+9 0 1
+7 0 1
+12 0 1
+4 0 1
+4 0 1
+12 0 1
+4 0 1
+5 0 1
+9 0 1
+9 0 1
+9 0 1
cob=(2)
cfi=(51)
cfn=(1282)
calls=1 0x48fba20 0 
* 0 223
+5 0 1
+7 0 1
+7 0 1
+4 0 1
+3 0 1
cob=(2)
cfi=(51)
cfn=(1210)
calls=1 0x48fa1b0 0 
* 0 87
+5 0 1
+5 0 1
+3 0 1
+3 0 1
+4 0 1
+7 0 1
+11 0 1
+10 0 1
+7 0 1
+7 0 1
+4 0 1
cob=(2)
cfi=(51)
cfn=(1282)
calls=1 0x48fba20 0 
* 0 223
+5 0 1
+7 0 1
+4 0 1
+5 0 1
cob=(2)
cfi=(51)
cfn=(1210)
calls=1 0x48fa1b0 0 
* 0 87
+5 0 1
+5 0 1
+5 0 1
+3 0 1
+4 0 1
+8 0 1
+11 0 1
+11 0 1
+8 0 1
+8 0 1
+4 0 1
cob=(2)
cfi=(51)
cfn=(1282)
calls=1 0x48fba20 0 
* 0 223
+5 0 1
+7 0 1
+7 0 1
+8 0 1
+3 0 1
+7 0 1
+2 0 1
+3 0 1
+4 0 1
+1 0 1
+1 0 1
+2 0 1
+2 0 1
+2 0 1
+2 0 1

fn=(884) 0x00000000000c0250
0xc0250 0 1
+4 0 1
+7 0 1
+7 0 1
+2 0 1
cob=(2)
cfi=(51)
cfn=(886) 0x00000000048fa3a0
calls=1 0x48fa3a0 0 
* 0 1977

fn=(890) std::locale::facet::_S_create_c_locale(__locale_struct*&, char const*, __locale_struct*)
0xd1230 0 1
+4 0 1
+1 0 1
+3 0 1
+5 0 1
cob=(2)
cfi=(51)
cfn=(892) 0x00000000048fb370
calls=1 0x48fb370 0 
* 0 865
+5 0 1
+3 0 1
+3 0 1
+2 0 1
+1 0 1

fn=(942) std::__timepunct<char>::__timepunct(std::__timepunct_cache<char>*, unsigned long)
0x1299d0 0 1
+4 0 1
+1 0 1
+2 0 1
+1 0 1
+3 0 1
+4 0 1
+3 0 1
+4 0 1
+3 0 1
+8 0 1
+3 0 1
+7 0 1
+4 0 1
+3 0 1
cob=(2)
cfi=(51)
cfn=(856)
calls=1 0x48fa290 0 
* 0 5
+5 0 1
+2 0 1
+3 0 1
+4 0 1
cob=(2)
cfi=(51)
cfn=(944) 0x00000000048fbd70
calls=1 0x48fbd70 0 
* 0 1262
+5 0 1
+4 0 1
+1 0 1
+1 0 1

fn=(1220) std::basic_ios<char, std::char_traits<char> >::init(std::basic_streambuf<char, std::char_traits<char> >*)
0x11dfc0 0 4
+4 0 4
+1 0 4
+3 0 4
+1 0 4
+3 0 4
+4 0 4
cob=(2)
cfi=(51)
cfn=(1222) 0x00000000048fc640
calls=4 0x48fc640 0 
* 0 2592
+5 0 4
+7 0 4
+3 0 4
cob=(2)
cfi=(51)
cfn=(1240) 0x00000000048fc800
calls=4 0x48fc800 0 
* 0 8417
+5 0 4
+2 0 4
+11 0 4
+7 0 4
+2 0 4
+3 0 4
+3 0 4
+7 0 4
+7 0 4
+3 0 4
+4 0 4
+1 0 4
+1 0 4

fn=(2654) __cxa_get_globals
0xad440 0 2
+4 0 2
+4 0 2
+7 0 2
cob=(2)
cfi=(51)
cfn=(2656) 0x00000000048fb020
calls=2 0x48fb020 0 
* 0 927
+5 0 2
+4 0 2
+6 0 2

fn=(2672) std::basic_ostream<wchar_t, std::char_traits<wchar_t> >::sentry::sentry(std::basic_ostream<wchar_t, std::char_traits<wchar_t> >&)
0x13eb20 0 3
+4 0 3
+1 0 3
+3 0 3
+1 0 3
+3 0 3
+4 0 3
+3 0 3
+4 0 3
+3 0 3
+4 0 3
+3 0 3
+7 0 3
+3 0 3
+3 0 3
jcnd=2/3 +44 0 
* 0 
+2 0 1
+2 0 1
jcnd=1/1 +22 0 
* 0 
+22 0 1
+3 0 1
cob=(2)
cfi=(51)
cfn=(2663) 0x00000000048fc860'2
calls=1 0x48fc860 0 
* 0 136
+5 0 1
+3 0 1
+4 0 1
+3 0 1
+3 0 1
+2 0 1
-5 0 2
+3 0 2
+2 0 2
+2 0 3
+4 0 3
+4 0 3
+1 0 3
+1 0 3

fn=(2673) std::basic_ostream<wchar_t, std::char_traits<wchar_t> >::sentry::sentry(std::basic_ostream<wchar_t, std::char_traits<wchar_t> >&)'2
0x13eb20 0 1
+4 0 1
+1 0 1
+3 0 1
+1 0 1
+3 0 1
+4 0 1
+3 0 1
+4 0 1
+3 0 1
+4 0 1
+3 0 1
+7 0 1
+3 0 1
+3 0 1
jcnd=1/1 +44 0 
* 0 
+44 0 1
+3 0 1
+2 0 1
+2 0 1
+4 0 1
+4 0 1
+1 0 1
+1 0 1

fn=(2764) 0x00000000000aaf10
0xaaf10 0 1
+7 0 1
+7 0 1
+3 0 1
jcnd=1/1 +23 0 
* 0 
+23 0 1

fn=(708) 0x00000000000aabe0
0xaabe0 0 1
+4 0 1
+1 0 1
+7 0 1
+7 0 1
+3 0 1
+7 0 1
cob=(2)
cfi=(51)
cfn=(620)
calls=1 0x48fa4b0 0 
* 0 77
+5 0 1
+3 0 1
+1 0 1
+7 0 1
+7 0 1
cob=(2)
cfi=(51)
cfn=(620)
calls=1 0x48fa4b0 0 
* 0 77

fn=(838) std::locale::locale()
0xc2390 0 22
+4 0 22
+2 0 22
+1 0 22
+1 0 22
+3 0 22
+7 0 22
cfn=(840)
calls=22 0xc2320 0 
* 0 78447
+5 0 22
+7 0 22
+7 0 22
+4 0 22
+3 0 22
+3 0 22
jcnd=22/22 +74 0 
* 0 
+74 0 22
+1 0 22
+1 0 22
+2 0 22

fn=(860) std::locale::facet::_S_get_c_name()
0xc07e0 0 7
+4 0 7
+7 0 7

fn=(948) std::__timepunct<char>::_M_initialize_timepunct(__locale_struct*)
0xcf7d0 0 1
+4 0 1
+1 0 1
+1 0 1
+3 0 1
+4 0 1
+5 0 1
+5 0 1
+6 0 1
+6 0 1
jcnd=1/1 0xcfcb0 0 
* 0 
0xcfcb0 0 1
cob=(2)
cfi=(51)
cfn=(868)
calls=1 0x48fc2c0 0 
* 0 19
+5 0 1
+7 0 1
+7 0 1
+4 0 1
+5 0 1
+4 0 1
+7 0 1
+4 0 1
+5 0 1
+7 0 1
+4 0 1
+5 0 1
+5 0 1
+7 0 1
+4 0 1
+7 0 1
+7 0 1
+4 0 1
+5 0 1
+7 0 1
+5 0 1
+4 0 1
+7 0 1
+4 0 1
+5 0 1
+7 0 1
+5 0 1
+4 0 1
+7 0 1
+4 0 1
+5 0 1
+7 0 1
+5 0 1
+4 0 1
+7 0 1
+4 0 1
+5 0 1
+7 0 1
+5 0 1
+4 0 1
+7 0 1
+4 0 1
+5 0 1
+7 0 1
+5 0 1
+4 0 1
+7 0 1
+5 0 1
+4 0 1
+5 0 1
+7 0 1
+5 0 1
+4 0 1
+7 0 1
+7 0 1
+5 0 1
+7 0 1
+5 0 1
+4 0 1
+7 0 1
+7 0 1
+5 0 1
+7 0 1
+5 0 1
+4 0 1
+7 0 1
+7 0 1
+5 0 1
+7 0 1
+5 0 1
+4 0 1
+7 0 1
+7 0 1
+5 0 1
+7 0 1
+5 0 1
+4 0 1
+7 0 1
+7 0 1
+5 0 1
+7 0 1
+5 0 1
+4 0 1
+7 0 1
+7 0 1
+5 0 1
+7 0 1
+5 0 1
+4 0 1
+7 0 1
+7 0 1
+5 0 1
+7 0 1
+5 0 1
+4 0 1
+7 0 1
+7 0 1
+5 0 1
+7 0 1
+4 0 1
+7 0 1
+5 0 1
+7 0 1
+4 0 1
+7 0 1
+5 0 1
+7 0 1
+4 0 1
+7 0 1
+5 0 1
+7 0 1
+4 0 1
+7 0 1
+5 0 1
+7 0 1
+4 0 1
+5 0 1
+7 0 1
+7 0 1
+5 0 1
+7 0 1
+5 0 1
+4 0 1
+7 0 1
+7 0 1
+5 0 1
+7 0 1
+5 0 1
+4 0 1
+7 0 1
+7 0 1
+5 0 1
+4 0 1
+7 0 1
+7 0 1
+4 0 1
+1 0 1
+1 0 1

fn=(1022) std::__cxx11::numpunct<wchar_t>::_M_initialize_numpunct(__locale_struct*)
0xcf500 0 1
+4 0 1
+2 0 1
+2 0 1
+1 0 1
+3 0 1
+1 0 1
+3 0 1
+4 0 1
+5 0 1
+6 0 1
+3 0 1
jcnd=1/1 0xcf5b0 0 
* 0 
+84 0 1
+7 0 1
+8 0 1
+4 0 1
+7 0 1
+4 0 1
+8 0 1
+4 0 1
+1 0 1
+1 0 1
+2 0 1
+2 0 1
+10 0 1
+4 0 1
+7 0 1
+4 0 1
+7 0 1
+8 0 1
+4 0 1
+7 0 1
+4 0 1
+3 0 1
+2 0 1
+6 0 1
+4 0 1
+4 0 1
+4 0 1
+4 0 1
jcnd=1/1 -16 0 
* 0 
-16 0 35
+4 0 35
+4 0 35
+4 0 35
+4 0 35
jcnd=34/35 -16 0 
* 0 
+2 0 1
+7 0 1
+3 0 1
+2 0 1
+10 0 1
+4 0 1
+7 0 1
+4 0 1
+4 0 1
jcnd=1/1 -19 0 
* 0 
-19 0 25
+4 0 25
+7 0 25
+4 0 25
+4 0 25
jcnd=24/25 -19 0 
* 0 
+2 0 1
jump=1 0xcf576 0 
* 0 

fn=(1028) std::__cxx11::moneypunct<wchar_t, false>::_M_initialize_moneypunct(__locale_struct*, char const*)
0xcea90 0 1
+4 0 1
+2 0 1
+2 0 1
+2 0 1
+2 0 1
+1 0 1
+3 0 1
+1 0 1
+3 0 1
+4 0 1
+9 0 1
+5 0 1
+2 0 1
+5 0 1
+6 0 1
+3 0 1
jcnd=1/1 0xcece0 0 
* 0 
0xcecb7 0 1
+5 0 1
+9 0 1
+6 0 1
+4 0 1
+1 0 1
+1 0 1
+2 0 1
+2 0 1
+2 0 1
+2 0 1
+7 0 1
+4 0 1
+7 0 1
+7 0 1
+4 0 1
+7 0 1
+4 0 1
+4 0 1
+4 0 1
+7 0 1
+4 0 1
+2 0 1
+8 0 1
+4 0 1
+3 0 1
+8 0 1
+8 0 1
+8 0 1
+7 0 1
+4 0 1
+3 0 1
+7 0 1
+4 0 1
+3 0 1
+2 0 1
+5 0 1
+4 0 1
+4 0 1
+4 0 1
+4 0 1
jcnd=1/1 -16 0 
* 0 
-16 0 10
+4 0 10
+4 0 10
+4 0 10
+4 0 10
jcnd=9/10 -16 0 
* 0 
+2 0 1
jump=1 0xcecb7 0 
* 0 

fn=(1126) std::numpunct<wchar_t>::_M_initialize_numpunct(__locale_struct*)
0xcc820 0 1
+4 0 1
+2 0 1
+2 0 1
+1 0 1
+3 0 1
+1 0 1
+3 0 1
+4 0 1
+5 0 1
+6 0 1
+3 0 1
jcnd=1/1 0xcc8d0 0 
* 0 
+84 0 1
+7 0 1
+8 0 1
+4 0 1
+7 0 1
+4 0 1
+8 0 1
+4 0 1
+1 0 1
+1 0 1
+2 0 1
+2 0 1
+10 0 1
+4 0 1
+7 0 1
+4 0 1
+7 0 1
+8 0 1
+4 0 1
+7 0 1
+4 0 1
+3 0 1
+2 0 1
+6 0 1
+4 0 1
+4 0 1
+4 0 1
+4 0 1
jcnd=1/1 -16 0 
* 0 
-16 0 35
+4 0 35
+4 0 35
+4 0 35
+4 0 35
jcnd=34/35 -16 0 
* 0 
+2 0 1
+7 0 1
+3 0 1
+2 0 1
+10 0 1
+4 0 1
+7 0 1
+4 0 1
+4 0 1
jcnd=1/1 -19 0 
* 0 
-19 0 25
+4 0 25
+7 0 25
+4 0 25
+4 0 25
jcnd=24/25 -19 0 
* 0 
+2 0 1
jump=1 0xcc896 0 
* 0 

fn=(1232) std::locale::operator=(std::locale const&)
0xc09e0 0 8
+4 0 8
+1 0 8
+3 0 8
+1 0 8
+3 0 8
+4 0 8
+3 0 8
+7 0 8
+3 0 8
+3 0 8
jcnd=8/8 +63 0 
* 0 
+39 0 8
+3 0 8
+3 0 8
+4 0 8
+1 0 8
+1 0 8
+12 0 8
+3 0 8
+3 0 8
jcnd=8/8 -30 0 
* 0 

fn=(1404) __cxa_guard_acquire
0xae660 0 6
+4 0 6
+3 0 6
+2 0 6
+2 0 6
+7 0 6
+1 0 6
+3 0 6
+3 0 6
jcnd=6/6 +23 0 
* 0 
+15 0 6
+5 0 6
+1 0 6
+2 0 6
+2 0 6
+2 0 6
+6 0 6
+6 0 6
jump=6 -24 0 
* 0 

fn=(1410) std::allocator<char>::allocator()
0xd1850 0 2
+4 0 2

fn=(1426) std::allocator<char>::allocator(std::allocator<char> const&)
0xd1860 0 2
+4 0 2

fn=(1600) operator new(unsigned long)
0xae970 0 3747441
+4 0 3747441
+3 0 3747441
+5 0 3747441
+1 0 3747441
+4 0 3747441
+3 0 3747441
+3 0 3747441
cob=(2)
cfi=(51)
cfn=(646)
calls=3747441 0x48fa0d0 0 
* 0 333064591
+5 0 3747441
+3 0 3747441
+2 0 3747441
+1 0 3747441

fn=(1882) std::__detail::_List_node_base::_M_hook(std::__detail::_List_node_base*)
0xbfd80 0 693089
+4 0 693089
+4 0 693089
+5 0 693089
+5 0 693089
+4 0 693089
+3 0 693089
+3 0 693089
+4 0 693089

fn=(1966) std::__detail::_Prime_rehash_policy::_M_need_rehash(unsigned long, unsigned long, unsigned long) const
0xda4a0 0 693089
+4 0 693089
+3 0 693089
+4 0 693089
+3 0 693089
jcnd=12/693089 +18 0 
* 0 
+2 0 693077
+2 0 693077
+2 0 693077
+3 0 693077
+9 0 12
+3 0 12
+3 0 12
jcnd=11/12 0xda570 0 
* 0 
+6 0 1
+8 0 1
+4 0 1
+6 0 1
+4 0 1
+4 0 1
+4 0 1
+3 0 1
+6 0 12
+4 0 12
+5 0 12
+4 0 12
+6 0 12
+4 0 12
+8 0 12
+4 0 12
+8 0 12
+4 0 12
+4 0 12
+8 0 12
jcnd=12/12 0xda630 0 
* 0 
+6 0 12
+4 0 12
+8 0 12
+4 0 12
+6 0 12
+5 0 12
+3 0 12
+3 0 12
+4 0 12
cob=(2)
cfi=(51)
cfn=(1968) 0x00000000048fa4a0
calls=12 0x48fa4a0 0 
* 0 2411
+5 0 12
+4 0 12
+3 0 12
+5 0 12
+3 0 12
+3 0 11
+3 0 11
+6 0 11
+4 0 11
+4 0 11
+5 0 11
+4 0 11
+4 0 11
+3 0 11
jcnd=11/11 0xda4f3 0 
* 0 
0xda630 0 12
+5 0 12
+4 0 12
+4 0 12
+5 0 12
+4 0 12
+5 0 12
+4 0 12
+4 0 12
+4 0 12
+4 0 12
jump=12 0xda534 0 
* 0 

fn=(1972) std::__detail::_Prime_rehash_policy::_M_next_bkt(unsigned long) const
0xda270 0 12
+4 0 12
+3 0 12
+4 0 12
jcnd=11/12 +21 0 
* 0 
+2 0 1
+5 0 1
+3 0 1
jcnd=1/1 0xda360 0 
* 0 
+11 0 11
+7 0 11
+5 0 11
+4 0 11
+3 0 11
-3 0 56
+3 0 56
jcnd=6/56 +37 0 
* 0 
+2 0 90
+3 0 90
+3 0 90
+4 0 90
+3 0 90
jcnd=56/90 0xda350 0 
* 0 
+6 0 34
+3 0 34
+4 0 34
+4 0 34
+3 0 34
jcnd=29/34 -33 0 
* 0 
+2 0 11
+7 0 11
+7 0 11
+3 0 11
+2 0 11
+3 0 11
+3 0 11
+6 0 11
+4 0 11
+5 0 11
+4 0 11
+8 0 11
+8 0 11
+5 0 11
+4 0 11
+4 0 11
+4 0 11
+4 0 11
jcnd=11/11 0xda3e8 0 
* 0 
+45 0 11
+10 0 56
+3 0 56
jump=56 0xda2a0 0 
* 0 
+13 0 1
+7 0 1
+4 0 1
+4 0 1
+8 0 1
+4 0 1
+4 0 1
+8 0 1
+4 0 1
+3 0 1
+4 0 1
+4 0 1
+4 0 1
+4 0 1
jcnd=1/1 0xda430 0 
* 0 
+50 0 11
+5 0 11
+4 0 11
+3 0 11
jump=11 0xda346 0 
* 0 
+12 0 11
+5 0 11
+4 0 11
+8 0 11
+4 0 11
+5 0 11
+4 0 11
+5 0 11
+4 0 11
+4 0 11
+4 0 11
+8 0 11
+4 0 11
+4 0 11
+6 0 11
jump=11 -93 0 
* 0 
+3 0 1
+5 0 1
+4 0 1
+8 0 1
+4 0 1
+5 0 1
+4 0 1
+5 0 1
+4 0 1
+4 0 1
+4 0 1
+8 0 1
+4 0 1
+4 0 1
+6 0 1
+5 0 1
+4 0 1

fn=(2134) operator delete(void*, unsigned long)
0xacc20 0 3747441
+4 0 3747441
cob=(2)
cfi=(51)
cfn=(2136) 0x00000000048fa2e0
calls=3747441 0x48fa2e0 0 
* 0 407179331

fn=(2730) 0x00000000000aaf80
0xaaf80 0 1
+4 0 1
+7 0 1
+2 0 1
+1 0 1
+8 0 1
+3 0 1
+2 0 1
+7 0 1
cob=(2)
cfi=(51)
cfn=(2736) 0x00000000048f91e0
calls=1 0x48f91e0 0 
* 0 1151
+5 0 1
cfn=(2764)
calls=1 0xaaf10 0 
* 0 5
+5 0 1
+7 0 1
+1 0 1

fn=(2748) 0x00000000000dbf00
0xdbf00 0 1
+4 0 1

fn=(712) 0x00000000000aac20
0xaac20 0 1
+4 0 1
+7 0 1
+7 0 1
+7 0 1
cob=(2)
cfi=(51)
cfn=(620)
calls=1 0x48fa4b0 0 
* 0 77

fn=(954) std::__cxx11::messages<char>::messages(unsigned long)
0x102ba0 0 1
+4 0 1
+1 0 1
+2 0 1
+1 0 1
+3 0 1
+4 0 1
+3 0 1
+3 0 1
+3 0 1
+7 0 1
+4 0 1
+3 0 1
cob=(2)
cfi=(51)
cfn=(868)
calls=1 0x48fc2c0 0 
* 0 19
+5 0 1
+4 0 1
cob=(2)
cfi=(51)
cfn=(856)
calls=1 0x48fa290 0 
* 0 5
+5 0 1
+4 0 1
+4 0 1
+1 0 1
+1 0 1

fn=(966) std::ctype<wchar_t>::_M_initialize_ctype()
0xe8380 0 1
+4 0 1
+2 0 1
+2 0 1
+1 0 1
+3 0 1
+1 0 1
+2 0 1
+4 0 1
+4 0 1
cob=(2)
cfi=(51)
cfn=(968) 0x00000000048fbeb0
calls=1 0x48fbeb0 0 
* 0 819
+5 0 1
+3 0 1
jump=1 +30 0 
* 0 
+9 0 128
+4 0 128
+4 0 128
+7 0 128
jcnd=1/128 0xe8466 0 
* 0 
+6 0 128
+2 0 128
cob=(2)
cfi=(51)
cfn=(974) 0x00000000048faf30
calls=128 0x48faf30 0 
* 0 4521
+5 0 128
+3 0 128
jcnd=128/128 -31 0 
* 0 
+4 0 1
+3 0 1
+2 0 1
+2 0 1
cob=(2)
cfi=(51)
cfn=(980) 0x00000000048fca60
calls=1 0x48fca60 0 
* 0 772
-2 0 255
+2 0 255
cob=(2)
cfi=(51)
cfn=(980)
calls=255 0x48fca60 0 
* 0 13150
+5 0 256
+7 0 256
+4 0 256
+7 0 256
jcnd=255/256 -25 0 
* 0 
+2 0 1
+2 0 1
+6 0 1
+3 0 1
+2 0 1
+2 0 1
+4 0 1
-11 0 3
+3 0 3
+2 0 3
+2 0 3
+4 0 3
jcnd=3/3 +49 0 
* 0 
+2 0 8
+3 0 8
+3 0 8
+8 0 8
+3 0 8
cob=(2)
cfi=(51)
cfn=(992) 0x00000000048fade0
calls=8 0x48fade0 0 
* 0 3449
+5 0 8
+3 0 8
+8 0 8
+4 0 8
+2 0 8
+2 0 8
+4 0 8
jcnd=7/8 -45 0 
* 0 
+2 0 4
+3 0 4
+3 0 4
+8 0 4
cob=(2)
cfi=(51)
cfn=(992)
calls=4 0x48fade0 0 
* 0 1736
+5 0 4
+8 0 4
+4 0 4
+4 0 4
jcnd=3/4 -95 0 
* 0 
+2 0 1
+4 0 1
+3 0 1
+1 0 1
+1 0 1
+2 0 1
+2 0 1
cob=(2)
cfi=(51)
cfn=(968)
calls=1 0x48fbeb0 0 
* 0 24
+5 0 1
+5 0 1
jump=1 0xe83cb 0 
* 0 

fn=(1114) std::messages<char>::messages(unsigned long)
0x129fb0 0 1
+4 0 1
+1 0 1
+2 0 1
+1 0 1
+3 0 1
+4 0 1
+3 0 1
+3 0 1
+3 0 1
+7 0 1
+4 0 1
+3 0 1
cob=(2)
cfi=(51)
cfn=(868)
calls=1 0x48fc2c0 0 
* 0 19
+5 0 1
+4 0 1
cob=(2)
cfi=(51)
cfn=(856)
calls=1 0x48fa290 0 
* 0 5
+5 0 1
+4 0 1
+4 0 1
+1 0 1
+1 0 1

fn=(1144) std::moneypunct<wchar_t, false>::_M_initialize_moneypunct(__locale_struct*, char const*)
0xcba00 0 1
+4 0 1
+2 0 1
+2 0 1
+2 0 1
+2 0 1
+1 0 1
+3 0 1
+1 0 1
+3 0 1
+4 0 1
+9 0 1
+5 0 1
+2 0 1
+5 0 1
+6 0 1
+3 0 1
jcnd=1/1 0xcbc50 0 
* 0 
0xcbc27 0 1
+5 0 1
+9 0 1
+6 0 1
+4 0 1
+1 0 1
+1 0 1
+2 0 1
+2 0 1
+2 0 1
+2 0 1
+7 0 1
+4 0 1
+7 0 1
+7 0 1
+4 0 1
+7 0 1
+4 0 1
+4 0 1
+4 0 1
+7 0 1
+4 0 1
+2 0 1
+8 0 1
+4 0 1
+3 0 1
+8 0 1
+8 0 1
+8 0 1
+7 0 1
+4 0 1
+3 0 1
+7 0 1
+4 0 1
+3 0 1
+2 0 1
+5 0 1
+4 0 1
+4 0 1
+4 0 1
+4 0 1
jcnd=1/1 -16 0 
* 0 
-16 0 10
+4 0 10
+4 0 10
+4 0 10
+4 0 10
jcnd=9/10 -16 0 
* 0 
+2 0 1
jump=1 0xcbc27 0 
* 0 

fn=(1214) std::ios_base::ios_base()
0xda6e0 0 8
+4 0 8
+7 0 8
+4 0 8
+4 0 8
+8 0 8
+7 0 8
+7 0 8
+8 0 8
+4 0 8
+3 0 8
+3 0 8
+4 0 8
+4 0 8
+5 0 8
+7 0 8
+4 0 8
+8 0 8
+3 0 8
jcnd=8/8 -22 0 
* 0 
-22 0 56
+7 0 56
+4 0 56
+8 0 56
+3 0 56
jcnd=48/56 -22 0 
* 0 
+2 0 8
+7 0 8
+7 0 8
+7 0 8
cob=(2)
cfi=(51)
cfn=(834)
calls=8 0x48fa780 0 
* 0 216

fn=(1316) std::num_put<wchar_t, std::ostreambuf_iterator<wchar_t, std::char_traits<wchar_t> > > const& std::use_facet<std::num_put<wchar_t, std::ostreambuf_iterator<wchar_t, std::char_traits<wchar_t> > > >(std::locale const&)
0x150920 0 4
+4 0 4
+1 0 4
+3 0 4
+7 0 4
cob=(2)
cfi=(51)
cfn=(908)
calls=4 0x48fa6b0 0 
* 0 32
+5 0 4
+3 0 4
+3 0 4
+1 0 4
+4 0 4
+4 0 4

fn=(1322) bool std::has_facet<std::num_get<wchar_t, std::istreambuf_iterator<wchar_t, std::char_traits<wchar_t> > > >(std::locale const&)
0x150950 0 4
+4 0 4
+5 0 4

fn=(1464) std::random_device::_M_init(std::__cxx11::basic_string<char, std::char_traits<char>, std::allocator<char> > const&)
0xdaff0 0 2
+4 0 2
+2 0 2
+2 0 2
+1 0 2
+3 0 2
+1 0 2
+3 0 2
+7 0 2
+4 0 2
+9 0 2
+5 0 2
+2 0 2
+7 0 2
+8 0 2
+7 0 2
+3 0 2
cob=(2)
cfi=(51)
cfn=(1466) 0x00000000048f9e40
calls=2 0x48f9e40 0 
* 0 2806
+5 0 2
+2 0 2
+6 0 2
+2 0 2
+6 0 2
+7 0 2
+2 0 2
+2 0 2
+6 0 2
jcnd=2/2 0xdb13e 0 
* 0 
0xdb0d7 0 2
+5 0 2
+9 0 2
+6 0 2
+4 0 2
+1 0 2
+1 0 2
+2 0 2
+2 0 2
+73 0 2
+5 0 2
+2 0 2
+2 0 2
+6 0 2
+2 0 2
+5 0 2
+2 0 2
+7 0 2
+6 0 2
+7 0 2
+4 0 2
+4 0 2
jump=2 0xdb0d7 0 
* 0 

fn=(2744) 0x00000000000e28b0
0xe28b0 0 1
+4 0 1

fn=(918) std::codecvt<char, char, __mbstate_t>::codecvt(unsigned long)
0xbba50 0 1
+4 0 1
+1 0 1
+2 0 1
+1 0 1
+3 0 1
+4 0 1
+3 0 1
+3 0 1
+3 0 1
+7 0 1
+4 0 1
+3 0 1
cob=(2)
cfi=(51)
cfn=(868)
calls=1 0x48fc2c0 0 
* 0 19
+5 0 1
+4 0 1
+4 0 1
+1 0 1
+1 0 1

fn=(960) std::ctype<wchar_t>::ctype(unsigned long)
0xd6ff0 0 1
+4 0 1
+1 0 1
+2 0 1
+1 0 1
+3 0 1
+4 0 1
+3 0 1
+3 0 1
+3 0 1
+7 0 1
+4 0 1
+3 0 1
cob=(2)
cfi=(51)
cfn=(868)
calls=1 0x48fc2c0 0 
* 0 19
+5 0 1
+4 0 1
+3 0 1
+4 0 1
+4 0 1
+1 0 1
+1 0 1
cob=(2)
cfi=(51)
cfn=(962) 0x00000000048fa950
calls=1 0x48fa950 0 
* 0 28074

fn=(1040) std::__timepunct<wchar_t>::__timepunct(std::__timepunct_cache<wchar_t>*, unsigned long)
0x151fa0 0 1
+4 0 1
+1 0 1
+2 0 1
+1 0 1
+3 0 1
+4 0 1
+3 0 1
+4 0 1
+3 0 1
+8 0 1
+3 0 1
+7 0 1
+4 0 1
+3 0 1
cob=(2)
cfi=(51)
cfn=(856)
calls=1 0x48fa290 0 
* 0 5
+5 0 1
+2 0 1
+3 0 1
+4 0 1
cob=(2)
cfi=(51)
cfn=(1042) 0x00000000048fb1f0
calls=1 0x48fb1f0 0 
* 0 1286
+5 0 1
+4 0 1
+1 0 1
+1 0 1

fn=(1060) std::numpunct<char>::_M_initialize_numpunct(__locale_struct*)
0xcc510 0 1
+4 0 1
+2 0 1
+2 0 1
+1 0 1
+3 0 1
+1 0 1
+3 0 1
+4 0 1
+5 0 1
+6 0 1
+3 0 1
jcnd=1/1 0xcc5f0 0 
* 0 
0xcc596 0 1
+4 0 1
+7 0 1
+8 0 1
+4 0 1
+7 0 1
+4 0 1
+8 0 1
+4 0 1
+1 0 1
+1 0 1
+2 0 1
+2 0 1
+38 0 1
+4 0 1
+7 0 1
+4 0 1
+8 0 1
+4 0 1
+4 0 1
+4 0 1
+4 0 1
+7 0 1
+3 0 1
+2 0 1
+5 0 1
+4 0 1
+4 0 1
+4 0 1
+4 0 1
+4 0 1
jcnd=1/1 -20 0 
* 0 
-20 0 35
+4 0 35
+4 0 35
+4 0 35
+4 0 35
+4 0 35
jcnd=34/35 -20 0 
* 0 
+2 0 1
+7 0 1
+3 0 1
+2 0 1
+6 0 1
+4 0 1
+4 0 1
+4 0 1
+4 0 1
+4 0 1
jcnd=1/1 -20 0 
* 0 
-20 0 25
+4 0 25
+4 0 25
+4 0 25
+4 0 25
+4 0 25
jcnd=24/25 -20 0 
* 0 
+2 0 1
jump=1 0xcc596 0 
* 0 

fn=(1078) std::moneypunct<char, false>::_M_initialize_moneypunct(__locale_struct*, char const*)
0xcad10 0 1
+4 0 1
+2 0 1
+2 0 1
+2 0 1
+2 0 1
+1 0 1
+3 0 1
+1 0 1
+3 0 1
+4 0 1
+5 0 1
+6 0 1
+3 0 1
jcnd=1/1 0xcaf10 0 
* 0 
0xcaf10 0 1
+4 0 1
+7 0 1
+4 0 1
+4 0 1
+4 0 1
+4 0 1
+4 0 1
+4 0 1
+4 0 1
+4 0 1
+7 0 1
+8 0 1
+2 0 1
+4 0 1
+8 0 1
+8 0 1
+8 0 1
+7 0 1
+3 0 1
+4 0 1
+3 0 1
+7 0 1
+3 0 1
+2 0 1
+3 0 1
+4 0 1
+4 0 1
+4 0 1
+4 0 1
+4 0 1
jcnd=1/1 -20 0 
* 0 
-20 0 10
+4 0 10
+4 0 10
+4 0 10
+4 0 10
+4 0 10
jcnd=9/10 -20 0 
* 0 
+2 0 1
+4 0 1
+1 0 1
+1 0 1
+2 0 1
+2 0 1
+2 0 1
+2 0 1

fn=(1180) std::messages<wchar_t>::messages(unsigned long)
0x152570 0 1
+4 0 1
+1 0 1
+2 0 1
+1 0 1
+3 0 1
+4 0 1
+3 0 1
+3 0 1
+3 0 1
+7 0 1
+4 0 1
+3 0 1
cob=(2)
cfi=(51)
cfn=(868)
calls=1 0x48fc2c0 0 
* 0 19
+5 0 1
+4 0 1
cob=(2)
cfi=(51)
cfn=(856)
calls=1 0x48fa290 0 
* 0 5
+5 0 1
+4 0 1
+4 0 1
+1 0 1
+1 0 1

fn=(1274) bool std::has_facet<std::num_get<char, std::istreambuf_iterator<char, std::char_traits<char> > > >(std::locale const&)
0x128340 0 4
+4 0 4
+5 0 4

fn=(1286) std::basic_ios<wchar_t, std::char_traits<wchar_t> >::init(std::basic_streambuf<wchar_t, std::char_traits<wchar_t> >*)
0x11e910 0 4
+4 0 4
+1 0 4
+3 0 4
+1 0 4
+3 0 4
+4 0 4
cob=(2)
cfi=(51)
cfn=(1222)
calls=4 0x48fc640 0 
* 0 348
+5 0 4
+7 0 4
+3 0 4
cob=(2)
cfi=(51)
cfn=(1288) 0x00000000048fd100
calls=4 0x48fd100 0 
* 0 8494
+5 0 4
+2 0 4
+3 0 4
+10 0 4
+3 0 4
+7 0 4
+11 0 4
+7 0 4
+7 0 4
+3 0 4
+4 0 4
+1 0 4
+1 0 4

fn=(1824) std::_Rb_tree_insert_and_rebalance(bool, std::_Rb_tree_node_base*, std::_Rb_tree_node_base*, std::_Rb_tree_node_base&)
0xc6700 0 649501
+4 0 649501
+4 0 649501
+3 0 649501
+8 0 649501
+8 0 649501
+6 0 649501
+3 0 649501
jcnd=83317/649501 +44 0 
* 0 
+2 0 566184
+4 0 566184
+3 0 566184
jcnd=22/566184 0xc69a8 0 
* 0 
+6 0 566162
+4 0 566162
+3 0 566162
+4 0 566162
jcnd=52341/566162 +39 0 
* 0 
+2 0 513821
+4 0 513821
jump=513821 +33 0 
* 0 
+12 0 83317
+4 0 83317
+4 0 83317
jcnd=14/83317 0xc6998 0 
* 0 
+6 0 83317
+4 0 83317
+3 0 83317
+3 0 83317
jcnd=83317/83317 +54 0 
* 0 
-3 0 566162
+3 0 566162
jcnd=566162/566162 +54 0 
* 0 
+8 0 42024
+3 0 42024
jcnd=27170/42024 0xc67e8 0 
* 0 
+2 0 14854
+3 0 14854
+3 0 14854
jcnd=1192/14854 0xc67e8 0 
* 0 
+2 0 13662
+6 0 13662
+6 0 13662
+6 0 13662
+3 0 13662
+3 0 13662
+3 0 13662
jcnd=1/13662 0xc684b 0 
* 0 
-15 0 85018
+6 0 85018
+3 0 85018
+3 0 85018
+3 0 85018
jcnd=41/85018 0xc684b 0 
* 0 
-6 0 85696
+3 0 85696
+3 0 85696
+6 0 862175
+4 0 862175
+2 0 862175
+2 0 862175
jcnd=649437/862175 0xc684b 0 
* 0 
+6 0 212738
+4 0 212738
+4 0 212738
+3 0 212738
jcnd=42024/212738 -71 0 
* 0 
+2 0 170714
+4 0 170714
+3 0 170714
jcnd=69255/170714 0xc6858 0 
* 0 
+6 0 101459
+3 0 101459
+3 0 101459
jcnd=16441/101459 0xc6858 0 
* 0 
+6 0 85018
+6 0 85018
+7 0 85018
jump=85018 -86 0 
* 0 
+9 0 28362
+4 0 28362
jcnd=17960/28362 0xc68d0 0 
* 0 
+6 0 28362
+6 0 28362
+4 0 28362
+6 0 28362
+4 0 28362
+4 0 28362
+3 0 28362
jcnd=27170/28362 +6 0 
* 0 
+2 0 1192
+4 0 1192
+4 0 1192
+4 0 1192
+4 0 1192
jcnd=6/1192 0xc68b0 0 
* 0 
-12 0 27170
+4 0 27170
+4 0 27170
+4 0 27170
jcnd=4/27170 0xc68b0 0 
* 0 
+6 0 28352
+4 0 28352
jcnd=25911/28352 0xc68c0 0 
* 0 
+6 0 2441
+4 0 2441
+4 0 2441
+4 0 2441
+4 0 2441
+3 0 2441
+3 0 2441
jcnd=2441/2441 0xc679e 0 
* 0 
-18 0 25921
+4 0 25921
+4 0 25921
+4 0 25921
+3 0 25921
+3 0 25921
jcnd=25921/25921 0xc679e 0 
* 0 
+6 0 649479
+6 0 649479
+7 0 85696
+4 0 85696
jcnd=20117/85696 0xc6940 0 
* 0 
+6 0 85696
+6 0 85696
+4 0 85696
+6 0 85696
+4 0 85696
+3 0 85696
jcnd=69255/85696 +6 0 
* 0 
+2 0 16441
+4 0 16441
+4 0 16441
+4 0 16441
+4 0 16441
jcnd=14/16441 0xc6920 0 
* 0 
-12 0 69255
+4 0 69255
+4 0 69255
+4 0 69255
jcnd=8/69255 0xc6920 0 
* 0 
+6 0 85674
+4 0 85674
jcnd=5918/85674 0xc6930 0 
* 0 
+6 0 79756
+4 0 79756
+4 0 79756
+4 0 79756
+4 0 79756
jump=79756 0xc6792 0 
* 0 
-12 0 5940
+4 0 5940
+4 0 5940
+4 0 5940
jump=5940 0xc6792 0 
* 0 
+5 0 10
+4 0 10
jump=10 0xc6833 0 
* 0 
+12 0 25911
+4 0 25911
jump=25911 0xc6833 0 
* 0 
+12 0 17960
+4 0 17960
+3 0 17960
+4 0 17960
+3 0 17960
jcnd=17134/17960 +10 0 
* 0 
+2 0 826
+4 0 826
+4 0 826
+4 0 826
+4 0 826
-8 0 17134
+4 0 17134
+4 0 17134
+6 0 17960
+4 0 17960
jcnd=17960/17960 0xc69d0 0 
* 0 
+10 0 17960
+3 0 17960
+4 0 17960
+4 0 17960
+3 0 17960
+3 0 17960
jump=17960 0xc67f2 0 
* 0 
+11 0 22
+4 0 22
jump=22 0xc689f 0 
* 0 
+12 0 5918
+4 0 5918
jump=5918 0xc689f 0 
* 0 
+12 0 20117
+4 0 20117
+4 0 20117
+3 0 20117
jcnd=19284/20117 0xc69ba 0 
* 0 
+2 0 833
+4 0 833
+4 0 833
+4 0 833
+4 0 833
+2 0 833
+4 0 833
jcnd=833/833 0xc69c7 0 
* 0 
+6 0 20117
+3 0 20117
+4 0 20117
+4 0 20117
+4 0 20117
+3 0 20117
+3 0 20117
jump=20117 0xc6862 0 
* 0 
+26 0 14
+4 0 14
jump=14 0xc675e 0 
* 0 
+12 0 22
+3 0 22
+4 0 22
+4 0 22
+6 0 22
+1 0 19284
+4 0 19284
+3 0 19284
+4 0 19284
+2 0 20117
+4 0 20117
jump=20117 -98 0 
* 0 
+5 0 17960
+4 0 17960
jump=17960 0xc6904 0 
* 0 

fn=(2484) std::_Rb_tree_increment(std::_Rb_tree_node_base const*)
0xc6530 0 649312
+4 0 649312
+4 0 649312
+3 0 649312
jcnd=544035/649312 +21 0 
* 0 
+2 0 105277
+3 0 105277
+3 0 105277
+4 0 105277
+3 0 105277
+2 0 640151
+3 0 640151
+1 0 544035
+4 0 544035
+4 0 544035
jcnd=534874/544035 +33 0 
* 0 
+2 0 9161
+6 0 9161
+3 0 9161
+4 0 9161
+4 0 9161
jcnd=2109/9161 -11 0 
* 0 
-11 0 2428
+3 0 2428
+4 0 2428
+4 0 2428
jcnd=319/2428 -11 0 
* 0 
+2 0 9161
+4 0 9161
+4 0 9161
+3 0 9161
+1 0 534874
+3 0 534874
jump=534874 -48 0 
* 0 

fn=(2624) std::ostream::flush()
0x13bdf0 0 3
+4 0 3
+1 0 3
+1 0 3
+3 0 3
+4 0 3
+9 0 3
+5 0 3
+3 0 3
+4 0 3
+9 0 3
+2 0 3
+3 0 3
+3 0 3
+3 0 3
cob=(2)
cfi=(51)
cfn=(2626) 0x00000000048fd1f0
calls=3 0x48fd1f0 0 
* 0 965
+5 0 3
+4 0 3
+2 0 3
+3 0 3
+4 0 3
+8 0 3
+3 0 3
cfn=(2632)
calls=3 0x112920 0 
* 0 959
+3 0 3
+3 0 3
+2 0 3
+5 0 3
+3 0 3
+4 0 3
+3 0 3
+4 0 3
jcnd=1/3 +34 0 
* 0 
+2 0 3
+5 0 3
+9 0 3
+2 0 3
+4 0 3
+3 0 3
+1 0 3
+1 0 3
+7 0 1
cob=(2)
cfi=(51)
cfn=(2644)
calls=1 0x48fa820 0 
* 0 2428
+5 0 1
+2 0 1
+2 0 1
+7 0 1
+3 0 1
+2 0 1
+3 0 1
cfn=(2632)
calls=1 0x112920 0 
* 0 71
+3 0 1
+3 0 1
jcnd=1/1 -62 0 
* 0 

fn=(2625) std::ostream::flush()'2
0x13bdf0 0 1
+4 0 1
+1 0 1
+1 0 1
+3 0 1
+4 0 1
+9 0 1
+5 0 1
+3 0 1
+4 0 1
+9 0 1
+2 0 1
+3 0 1
+3 0 1
+3 0 1
cob=(2)
cfi=(51)
cfn=(2627) 0x00000000048fd1f0'2
calls=1 0x48fd1f0 0 
* 0 25
+5 0 1
+4 0 1
+2 0 1
+3 0 1
+4 0 1
+8 0 1
+3 0 1
cfn=(2632)
calls=1 0x112920 0 
* 0 71
+3 0 1
+3 0 1
+2 0 1
+5 0 1
+3 0 1
+4 0 1
+3 0 1
+4 0 1
+2 0 1
+5 0 1
+9 0 1
+2 0 1
+4 0 1
+3 0 1
+1 0 1
+1 0 1

fn=(2630) std::ostream::sentry::sentry(std::ostream&)
0x13bf70 0 3
+4 0 3
+1 0 3
+3 0 3
+1 0 3
+3 0 3
+4 0 3
+3 0 3
+4 0 3
+3 0 3
+4 0 3
+3 0 3
+7 0 3
+3 0 3
+3 0 3
jcnd=2/3 +44 0 
* 0 
+2 0 1
+2 0 1
jcnd=1/1 +22 0 
* 0 
+22 0 1
+3 0 1
cob=(2)
cfi=(51)
cfn=(2621) 0x00000000048fb770'2
calls=1 0x48fb770 0 
* 0 136
+5 0 1
+3 0 1
+4 0 1
+3 0 1
+3 0 1
+2 0 1
-5 0 2
+3 0 2
+2 0 2
+2 0 3
+4 0 3
+4 0 3
+1 0 3
+1 0 3

fn=(2631) std::ostream::sentry::sentry(std::ostream&)'2
0x13bf70 0 1
+4 0 1
+1 0 1
+3 0 1
+1 0 1
+3 0 1
+4 0 1
+3 0 1
+4 0 1
+3 0 1
+4 0 1
+3 0 1
+7 0 1
+3 0 1
+3 0 1
jcnd=1/1 +44 0 
* 0 
+44 0 1
+3 0 1
+2 0 1
+2 0 1
+4 0 1
+4 0 1
+1 0 1
+1 0 1

fn=(2738) 0x000000000018d820
0x18d820 0 1
+4 0 1

fn=(2740) 0x000000000018d810
0x18d810 0 1
+4 0 1

fn=(2752) 0x00000000000ac070
0xac070 0 1
+4 0 1
+7 0 1
+3 0 1
cob=(2)
cfi=(51)
cfn=(2754)
calls=1 0x48fb210 0 
* 0 814

ob=(5) /usr/libexec/valgrind/vgpreload_core-amd64-linux.so
fl=(163) ???
fn=(552) 0x0000000000001170
0x10a0 0 1
+7 0 1
+7 0 1
+3 0 1
+3 0 1
+4 0 1
+4 0 1
+3 0 1
+3 0 1
jcnd=1/1 +22 0 
* 0 
+22 0 1
0x1170 0 1
+4 0 1
jump=1 0x10a0 0 
* 0 

fn=(560) 0x00000000000012f0
0x12f0 0 1
+4 0 1
+7 0 1
+4 0 1
jcnd=1/1 +49 0 
* 0 
+49 0 1

fn=(2710) 0x00000000000010e0
0x10e0 0 1
+4 0 1
+7 0 1
+2 0 1
+1 0 1
+8 0 1
+3 0 1
+2 0 1
+1 0 1
+2 0 1
+7 0 1
cob=(2)
cfi=(51)
cfn=(2716) 0x000000000483f040
calls=1 0x483f040 0 
* 0 121
+5 0 1
+7 0 1
+7 0 1
+3 0 1
+3 0 1
+7 0 1
+4 0 1
+4 0 1
+3 0 1
jcnd=1/1 +35 0 
* 0 
+35 0 1
cfn=(2722) 0x0000000000001070
calls=1 0x1070 0 
* 0 5
+5 0 1
+1 0 1
+2 0 1
+7 0 1
+1 0 1

fn=(2722)
0x1070 0 1
+7 0 1
+7 0 1
+3 0 1
jcnd=1/1 +23 0 
* 0 
+23 0 1

ob=(1) /usr/lib/x86_64-linux-gnu/ld-linux-x86-64.so.2
fl=(47) ./elf/../elf/dl-tls.c
fn=(484) _dl_allocate_tls_init
0x144f0 528 1
+4 * 1
+2 * 1
+2 * 1
+2 * 1
+2 * 1
+1 * 1
+1 * 1
+4 * 1
+5 * 1
+5 +1 1
+3 * 1
+6 +4 1
+4 +6 1
+7 -6 1
+4 +6 1
cfi=(24) ./elf/../sysdeps/nptl/dl-tls_init_tp.c
cfn=(84) rtld_mutex_dummy
calls=1 0x15080 42 
* * 3
+6 +3 1
+7 * 1
+4 * 1
+6 +12 1
+7 -18 1
+3 -1 1
+9 +43 1
+3 * 1
+3 * 1
+4 -19 1
+5 * 1
+2 * 1
+3 * 1
+3 * 1
+3 * 1
+3 * 1
+6 * 1
+4 * 1
+3 * 1
+3 * 1
+3 * 1
+3 * 1
jump=1 0x14665 +6 
* * 
+15 +9 2
+3 * 2
+4 * 2
+5 +1 2
+3 * 2
+6 +6 2
+5 * 2
+7 * 2
+6 +1 2
+3 +2 2
+7 * 2
+8 -2 2
+4 +6 2
+7 -4 2
+3 * 2
+4 +4 2
+4 -4 2
+4 * 2
+3 +3 2
+4 * 2
+2 +4 2
+3 * 2
+6 +1 2
+7 * 2
+7 * 2
+3 * 2
+6 +2 2
+3 * 2
+6 +1 2
+5 * 2
+3 +17 2
+5 -8 2
+3 +8 2
jcnd=2/2 +9 +2 
* * 
+9 +2 2
+7 * 2
+3 * 2
cfi=(29) ./string/../sysdeps/x86_64/multiarch/memmove-vec-unaligned-erms.S
cfn=(128) mempcpy
calls=2 0x2afa0 199 
* * 26
+5 * 2
+3 * 2
+2 * 2
+3 * 2
+3 * 2
cfi=(44) ./string/../sysdeps/x86_64/multiarch/memset-vec-unaligned-erms.S
cfn=(132) memset
calls=2 0x2b1a0 125 
* * 38
+5 -49 2
+4 +55 2
+7 -55 2
+4 * 2
+4 * 2
+3 * 2
+2 +6 3
+3 * 3
jcnd=2/3 0x14590 +3 
* * 
+6 +55 1
+7 * 1
cfi=(24)
cfn=(84)
calls=1 0x15080 42 
* * 3
+6 +3 1
+4 * 1
+3 +3 1
+5 * 1
+4 * 1
+1 * 1
+1 * 1
+2 * 1
+2 * 1
+2 * 1
+2 * 1

fn=(148) _dl_count_modids
0x141c0 197 1
+4 +2 1
+7 * 1
+2 +1 1
+7 +15 1
+3 * 1

fn=(412) _dl_add_to_slotinfo
0x14e00 1015 2
+4 * 2
+2 * 2
+3 * 2
+2 * 2
+1 * 2
+3 * 2
+1 * 2
+4 +6 2
+7 +3 2
+7 +1 2
jump=2 +22 +4 
* * 
+22 +4 2
+4 * 2
+3 * 2
+2 +34 2
+3 * 2
jcnd=2/2 +20 +3 
* * 
+20 +3 2
+4 * 2
+4 * 2
+5 +1 2
+7 * 2
+4 * 2
+4 +3 2
+4 * 2
+1 * 2
+1 * 2
+2 * 2
+2 * 2

fn=(262) _dl_determine_tlsoffset
0x14230 221 1
+4 * 1
+2 * 1
+2 * 1
+2 * 1
+2 * 1
+1 * 1
+1 * 1
+4 +6 1
+7 * 1
+3 * 1
+6 +3 1
+5 * 1
+6 +36 1
+4 * 1
+3 * 1
+6 +2 1
+3 -2 1
+3 -2 1
+3 -40 1
+3 -1 1
+3 -1 1
+5 +46 1
+5 * 1
jump=1 +76 * 
* * 
+5 +23 2
+4 * 2
+2 * 2
+4 +3 2
+3 -3 2
+3 * 2
+3 * 2
+4 * 2
+3 +2 2
+3 * 2
jcnd=2/2 +11 -2 
* * 
+11 -2 2
+3 -25 2
+4 +20 2
+7 -20 2
+3 * 2
+4 * 2
+5 * 2
+3 * 2
jcnd=1/2 0x1433f +41 
* * 
+2 +2 2
+5 * 2
+6 +3 2
+7 -1 2
+7 +5 2
+3 * 2
+7 -5 2
+3 +1 2
+4 -1 2
+3 +3 2
+3 * 2
+4 +2 2
+3 * 2
+3 * 2
jcnd=2/2 0x14288 +16 
* * 
+54 +32 1
+7 * 1
+2 * 1
+5 -1 1
+7 +1 1
+5 * 1
+3 * 1
+3 * 1
+4 +2 1
+6 * 1
+5 -2 1
+4 * 1
+7 +53 1
+4 * 1
+1 * 1
+1 * 1
+2 * 1
+2 * 1
+2 * 1
+2 * 1

fn=(260) _dl_tls_static_surplus_init
0x14020 97 1
+4 * 1
+2 +4 1
+2 -4 1
+1 * 1
+3 +4 1
+2 -4 1
+1 * 1
+4 +4 1
+5 * 1
+3 * 1
cfi=(10) ./elf/./elf/dl-tunables.c
cfn=(24) __tunable_get_val
calls=1 0x17d70 405 
* * 21
+5 * 1
+5 +1 1
+2 * 1
+3 * 1
+5 * 1
cfi=(10)
cfn=(24)
calls=1 0x17d70 405 
* * 21
+5 * 1
+5 +8 1
+5 -8 1
+5 +6 1
+3 * 1
+4 +2 1
+3 * 1
+3 * 1
+2 +3 1
+3 +2 1
+7 -32 1
+4 * 1
+3 * 1
+3 +34 1
+7 * 1
+2 * 1
+7 +1 1
+4 * 1
+1 * 1
+1 * 1
+2 * 1

fn=(264) _dl_allocate_tls_storage
0x14410 422 1
+4 * 1
+2 +13 1
+7 -13 1
+1 * 1
+1 +2 1
+7 +12 1
fi=(28) ./elf/../include/rtld-malloc.h
+5 56 1
cfi=(27) ./elf/./elf/dl-minimal-malloc.c
cfn=(76) __minimal_malloc
calls=1 0xd3d0 -21 
* * 54
fe=(47)
+6 437 1
+3 * 1
+6 * 1
+3 +8 1
+2 * 1
fi=(28)
+5 44 1
fe=(47)
+5 445 1
+3 * 1
+4 +1 1
+8 +4 1
+2 * 1
+5 * 1
+3 * 1
+8 * 1
+12 * 1
+4 * 1
+3 * 1
+6 * 1
+3 * 1
jcnd=1/1 * * 
* * 
* * 311
jcnd=310/311 * * 
* * 
+3 +19 1
+8 -99 1
+7 +4 1
+4 +1 1
fi=(28)
+4 44 1
cfi=(27)
cfn=(72) __minimal_calloc
calls=1 0xd4f0 +34 
* * 36
fe=(47)
+6 376 1
+3 * 1
+2 +3 1
+3 +6 1
+4 * 1
+5 +90 1
+3 * 1
+1 * 1
+1 * 1
+2 * 1

fn=(236) _dl_assign_tls_modid
0x140b0 131 2
+4 * 2
+4 +3 2
+7 +13 2
+7 -13 2
+2 +52 2
+4 +2 2
+7 +3 2
+7 +1 2
+4 * 2

fl=(79) ./elf/./elf/dl-lookup.c
fn=(282) do_lookup_x
0xb3f0 363 2232
+2 * 2232
+3 * 2232
+2 * 2232
+2 * 2232
+2 * 2232
+1 * 2232
+1 * 2232
+7 +1 2232
+4 -1 2232
+5 * 2232
+8 * 2232
+5 * 2232
+8 * 2232
+5 +48 2232
+3 -30 2232
+3 * 2232
+5 -11 2232
+3 +41 2232
+4 -30 2232
+3 * 2232
+5 * 2232
+8 +30 2232
fi=(80) ./elf/../sysdeps/generic/dl-protected.h
+5 44 2232
+3 * 2232
+3 * 2232
fe=(79)
+3 381 2232
fi=(80)
+4 44 2232
+4 * 2232
+8 * 2232
+5 * 2232
jfi=(79)
jump=2232 0xb518 374 
* * 
fe=(79)
+12 395 7010
+6 * 7010
+2 * 7010
+6 +4 7010
+11 +4 7010
+4 -3 7010
+12 +3 7010
+4 * 7010
+2 * 7010
+7 * 7010
jcnd=7010/7010 +8 +1 
* * 
+8 +1 7010
+4 * 7010
+4 * 7010
+4 +3 7010
+7 +1 7010
+3 * 7010
+6 +7 7010
+5 -3 7010
+4 * 7010
+6 -2 7010
+4 +5 7010
+6 * 7010
+3 * 7010
+3 * 7010
+3 +3 7010
+3 * 7010
+3 * 7010
+2 * 7010
+3 * 7010
+3 * 7010
+3 * 7010
jcnd=2332/7010 0xb720 +4 
* * 
+6 570 4795
+4 * 4795
+3 * 4795
jcnd=15/4795 0xb800 +3 
* * 
+6 374 7012
+4 * 7012
+4 +3 7012
+3 * 7012
+2 +4 7012
+3 * 7012
jcnd=7004/7012 +11 +4 
* * 
+2 * 8
+7 * 8
jcnd=2/8 -38 570 
* * 
+2 +4 7010
+7 * 7010
+2 +4 7010
+7 * 7010
jcnd=7010/7010 0xb478 +6 
* * 
0xb6b0 +88 2217
+9 * 2217
fi=(4) ./elf/../sysdeps/generic/ldsodefs.h
+6 137 2217
+5 * 2217
+2 +1 2217
+3 * 2217
+3 * 2217
fe=(79)
+3 528 2217
+3 * 2217
fi=(80)
+6 29 2217
+3 * 2217
fe=(79)
+6 535 2217
+5 * 2217
+3 * 2217
+2 * 2217
jcnd=1487/2217 0xb853 +4 
* * 
+6 * 730
+2 * 730
jcnd=122/730 0xb880 222 
* * 
+6 * 608
+2 * 608
+6 +16 2095
+5 * 2095
+3 +1 2095
+4 +1 2095
+5 * 2095
jump=2095 0xb802 +21 
* * 
-5 * 122
+5 * 122
jump=122 0xb802 +21 
* * 
+14 422 2332
+2 * 2332
+3 * 2332
+2 * 2332
+3 -1 2332
+7 * 2332
+3 +2 2332
+2 * 2332
jcnd=20/2332 0xb50b 570 
* * 
+6 +2 2312
+7 * 2312
+5 * 2312
+5 * 2312
+8 * 2312
+8 * 2312
+4 * 2312
+3 * 2312
+8 * 2312
+5 * 2312
+3 * 2312
+8 * 2312
jump=2312 +17 +3 
* * 
+4 +13 3469
+4 * 3469
+3 * 3469
jcnd=96/3469 0xbd70 171 
* * 
+6 -10 5685
+4 * 5685
+3 * 5685
+3 * 5685
+3 * 5685
jcnd=3460/5685 -26 +10 
* * 
+2 +3 2225
+4 -1 2225
+3 * 2225
+7 +1 2225
+4 -1 2225
+4 +2 2225
+2 * 2225
+4 -1 2225
+8 * 2225
+5 * 2225
+3 * 2225
+1 * 2225
+3 * 2225
+1 * 2225
+4 * 2225
+1 * 2225
+8 * 2225
+5 * 2225
+5 * 2225
cfn=(284) check_match
calls=2225 0xb240 70 
* * 185296
+5 +4 2225
+4 * 2225
+3 * 2225
jcnd=2216/2225 0xbfd1 +17 
* * 
+6 +3 9
+4 * 9
jump=9 0xb780 * 
* * 
+6 573 15
+2 +1 15
+7 * 15
+1 * 15
+1 * 15
+2 * 15
+2 * 15
+2 * 15
+2 * 15
-17 * 2217
+7 * 2217
+1 * 2217
+1 * 2217
+2 * 2217
+2 * 2217
+2 * 2217
+2 * 2217
+64 -35 1487
+6 * 1487
+2 * 1487
jcnd=1487/1487 0xb701 +12 
* * 
+37 222 122
+4 * 122
+5 * 122
+5 +2 122
+7 * 122
+4 * 122
+5 * 122
+5 * 122
+4 -2 122
+5 +2 122
+4 * 122
+5 * 122
+5 +2 122
+3 -2 122
+5 * 122
+3 * 122
cfi=(24)
cfn=(84)
calls=122 0x15080 42 
* * 366
+6 +2 122
+4 +1 122
+4 +1 122
+5 * 122
+3 -2 122
+5 +2 122
jcnd=1/122 0xbcb2 +77 
* * 
+6 +2 121
+3 * 121
+2 +1 121
+4 -1 121
+5 * 121
+3 * 121
+5 * 121
+5 * 121
+5 +1 121
+3 -1 121
+3 +1 121
+2 * 121
+3 -1 121
+5 * 121
+3 * 121
+3 * 121
+3 * 121
+3 +1 121
+4 * 121
+3 -1 121
+3 * 121
+4 * 121
+3 * 121
+3 * 121
+4 * 121
+5 * 121
jump=121 +33 +4 
* * 
-12 * 66
+3 * 66
+4 * 66
+5 * 66
jump=66 +33 +4 
* * 
+9 +24 213
+3 * 213
jcnd=81/213 0xba80 +8 
* * 
+6 +3 132
+3 +1 132
+3 * 132
+3 * 132
jcnd=66/132 0xbbe0 +1 
* * 
+6 -24 253
+3 +1 253
+4 -1 253
+3 * 253
jcnd=213/253 -34 +20 
* * 
+2 +1 40
+5 * 40
cfi=(32) ./string/../sysdeps/x86_64/strcmp.S
cfn=(90) strcmp
calls=40 0x27220 108 
* * 2781
+5 * 40
+2 * 40
+2 +2 40
+4 * 40
+5 * 40
+5 * 40
+2 * 40
+2 +10 40
+4 +1 40
+4 * 40
+5 +2 40
+5 * 40
+4 * 40
+3 * 40
cfi=(24)
cfn=(84)
calls=40 0x15080 42 
* * 120
+6 +1 40
jump=40 0xb70d 553 
* * 
0xba57 469 96
+8 * 96
jcnd=95/96 0xb50b 570 
* * 
+6 * 1
+8 +2 1
+3 * 1
jcnd=1/1 0xb6b0 +6 
* * 
+16 262 81
+5 * 81
+4 * 81
+3 * 81
+3 * 81
+7 * 81
+5 * 81
+5 * 81
+4 * 81
+5 * 81
+4 * 81
+5 * 81
+4 * 81
+3 * 81
jcnd=2/81 0xbe88 +7 
* * 
+6 +62 82
+2 * 82
+4 * 82
+5 * 82
+3 * 82
+5 * 82
+5 -1 82
+4 * 82
+4 * 82
+5 * 82
+5 * 82
+4 * 82
+2 * 82
jcnd=82/82 0xbb64 176 
* * 
+58 +19 82
+5 * 82
+7 * 82
+4 * 82
+4 * 82
+6 +5 82
+5 * 82
cfi=(24)
cfn=(84)
calls=82 0x15080 42 
* * 246
+6 +2 82
+5 * 82
+6 * 82
+3 * 82
jump=82 0xb70d 553 
* * 
+5 176 38
+3 * 38
+3 * 38
+4 * 38
+3 * 38
jump=38 +13 -4 
* * 
-10 * 82
+3 * 82
+4 * 82
+3 * 82
jump=82 +13 -4 
* * 
+2 -2 84
+3 +1 84
+3 * 84
+3 * 84
jcnd=38/84 -24 +1 
* * 
+2 -3 166
+5 * 166
jcnd=84/166 -16 +2 
* * 
+2 +7 82
+3 +3 82
+4 -2 82
+4 331 82
+7 * 82
+3 * 82
+2 * 82
jcnd=82/82 0xbb29 +11 
* * 
+71 -72 66
+3 * 66
jump=66 0xb933 -29 
* * 
0xbcb2 +46 1
+3 * 1
+6 * 1
fi=(28)
+5 44 1
+5 * 1
+5 * 1
cfi=(27)
cfn=(72)
calls=1 0xd4f0 +34 
* * 36
+6 * 1
fe=(79)
+5 315 1
+3 * 1
+6 +3 1
+4 -5 1
+5 170 1
+10 313 1
+6 +7 1
+7 -1 1
+8 +1 1
+4 170 1
+3 * 1
+3 * 1
+3 * 1
+3 * 1
+3 * 1
+4 +1 1
+10 -1 1
+4 * 1
+3 * 1
+4 * 1
+3 * 1
+3 * 1
+3 +1 1
+3 * 1
+3 * 1
+3 * 1
+3 * 1
+4 * 1
+4 * 1
+3 * 1
+8 * 1
+3 * 1
+4 * 1
+3 * 1
+3 * 1
+4 * 1
jump=1 0xbabf 324 
* * 
+5 * 96
+3 * 96
+5 * 96
+5 * 96
+8 * 96
+8 * 96
+5 * 96
jump=96 0xba57 469 
* * 
0xbe88 +98 2
+4 * 2
+5 * 2
cfi=(54) ./elf/./elf/dl-misc.c
cfn=(482) _dl_higher_prime_number
calls=2 0xd700 87 
* * 159
fi=(28)
+5 44 2
fe=(79)
+5 269 2
fi=(28)
+3 44 2
+3 * 2
cfi=(27)
cfn=(72)
calls=2 0xd4f0 +34 
* * 72
+6 * 2
fe=(79)
+3 272 2
+3 * 2
+6 171 2
+4 * 2
+5 279 2
+5 171 2
+5 * 2
+3 * 2
+5 * 2
+4 279 2
+3 * 2
+3 * 2
+4 * 2
jcnd=2/2 +13 +1 
* * 
+4 * 92
+4 * 92
+3 * 92
jcnd=2/92 0xbf55 +6 
* * 
+2 +1 92
+4 * 92
+3 * 92
jcnd=22/92 -16 -1 
* * 
+2 +1 70
+3 * 70
+5 170 70
+2 281 70
+4 * 70
+4 170 70
+3 281 70
+3 170 70
+3 +1 70
+3 -1 70
+3 +1 70
+2 * 70
+3 * 70
+4 +1 70
+3 * 70
+4 * 70
+3 * 70
+4 * 70
+3 * 70
jump=70 +14 * 
* * 
-10 * 5
+3 * 5
+4 * 5
+3 * 5
jump=5 +14 * 
* * 
+3 +2 14
+3 +1 14
+3 * 14
+3 * 14
jcnd=5/14 +23 +1 
* * 
+2 -3 84
+5 * 84
jcnd=14/84 -16 +2 
* * 
+2 +7 70
+3 +3 70
+4 -2 70
+4 +3 70
jump=70 0xbee0 +96 
* * 
+3 -7 5
+3 * 5
jump=5 -48 -4 
* * 
+2 285 2
+5 * 2
+5 * 2
+5 -16 2
+3 +16 2
+4 * 2
+7 * 2
+4 * 2
+3 * 2
cfi=(27)
cfn=(144) __minimal_free
calls=2 0xd530 95 
* * 10
+5 +4 2
+7 170 2
+2 286 2
+5 +2 2
+5 +1 2
+5 * 2
+5 170 2
+3 * 2
+3 +1 2
+5 * 2
+3 -1 2
+3 +1 2
+2 * 2
+5 * 2
+4 * 2
jump=2 0xbabf 324 
* * 
+26 452 2216
+3 * 2216
+5 * 2216
+5 * 2216
+3 * 2216
+8 * 2216
+8 * 2216
+5 * 2216
jump=2216 0xb6b0 +25 
* * 

fn=(280) _dl_lookup_symbol_x
0xc0d0 840 2232
+4 * 2232
+2 * 2232
+2 * 2232
+2 * 2232
+2 * 2232
+3 * 2232
+1 * 2232
+3 * 2232
+1 * 2232
+7 +10 2232
+7 -10 2232
+5 * 2232
+5 +10 2232
+3 -10 2232
+4 +10 2232
+4 204 2232
+7 840 2232
+5 204 2232
+3 * 2232
+4 * 2232
+7 * 2232
+3 * 2232
+4 581 2232
+5 * 2232
+2 * 2232
+6 * 2232
+3 -1 2232
+5 * 2232
+3 +2 2232
+3 -1 2232
+4 +1 2232
+4 * 2232
+3 * 2232
+3 -1 2232
+3 * 2232
+2 * 2232
jcnd=2232/2232 -22 +1 
* * 
-22 +1 93075
+3 -1 93075
+4 +1 93075
+4 * 93075
+3 * 93075
+3 -1 93075
+3 * 93075
+2 * 93075
jcnd=90843/93075 -22 +1 
* * 
+2 +2 2232
+2 846 2232
+8 -4 2232
+5 +1 2232
+4 +7 2232
+5 -8 2232
+5 +1 2232
+5 +7 2232
jcnd=18/2232 +16 +3 
* * 
+2 * 2214
+5 * 2214
+3 * 2214
+6 +3 2232
+9 +2 2232
+5 * 2232
+3 -2 2232
+6 +6 2232
+3 * 2232
+6 -7 2232
+9 * 2232
+3 * 2232
+5 * 2232
+5 * 2232
+5 * 2232
jump=2232 +26 +8 
* * 
+11 +7 15
+4 * 15
+4 * 15
+2 * 15
+3 * 15
jcnd=15/15 +60 +29 
* * 
+2 +1 2232
+4 * 2232
+4 * 2232
+3 * 2232
+3 * 2232
+4 * 2232
+1 * 2232
+3 * 2232
+7 * 2232
+7 * 2232
+1 * 2232
+3 * 2232
+4 * 2232
+1 * 2232
cfn=(282)
calls=2232 0xb3f0 363 
* * 798161
+5 * 2232
+4 * 2232
+2 * 2232
jcnd=15/2232 -71 -1 
* * 
+2 +28 2232
+4 -23 2232
+5 +23 2232
+3 -23 2232
+3 * 2232
jcnd=15/2232 0xc366 +2 
* * 
+6 +24 2217
+3 * 2217
jcnd=4/2217 +13 +7 
* * 
+2 * 2213
+4 * 2213
+3 * 2213
+2 * 2213
+2 +7 2217
+5 -7 2217
+2 +40 2217
+8 * 2217
+3 * 2217
+2 * 2217
+6 +79 2217
+5 * 2217
+3 -65 2217
+7 * 2217
+2 * 2217
jcnd=1/2217 0xc440 +1 
* * 
+6 +3 2217
+6 * 2217
+5 * 2217
+6 -62 2232
+4 +69 2232
+7 * 2232
+3 * 2232
+1 * 2232
+1 * 2232
+2 * 2232
+2 * 2232
+2 * 2232
+2 * 2232
0xc366 -86 15
+3 * 15
+2 * 15
+4 * 15
+3 * 15
+2 * 15
jcnd=15/15 0xc3f5 +18 
* * 
0xc3f5 +18 15
+3 * 15
+3 * 15
jump=15 0xc280 -1 
* * 
+69 +59 1
+11 * 1
jump=1 0xc26f +2 
* * 

fn=(284)
0xb240 70 2225
+2 +3 2225
+5 -3 2225
+3 * 2225
+2 * 2225
+3 * 2225
+3 * 2225
+2 * 2225
+1 * 2225
+2 * 2225
+5 * 2225
+1 * 2225
+3 * 2225
+5 * 2225
+3 +3 2225
+5 * 2225
jcnd=5/2225 0xb390 * 
* * 
+6 * 2220
+3 * 2220
+3 +13 2220
+5 -13 2220
+4 +13 2220
+2 -13 2220
+3 +13 2220
+3 * 2220
+3 * 2220
+6 +3 2220
+3 * 2220
jcnd=2104/2220 +25 +4 
* * 
+2 * 116
+2 * 116
+3 * 116
+5 * 116
cfi=(32)
cfn=(90)
calls=116 0x27220 +19 
* * 7429
+5 * 116
+2 * 116
+6 +4 2220
+8 +1 2220
+3 * 2220
jcnd=3/2220 +86 +50 
* * 
+2 +2 2217
+3 * 2217
+6 +19 2217
+4 * 2217
+5 +1 2217
+3 * 2217
+5 * 2217
+4 * 2217
+8 * 2217
+4 * 2217
+3 * 2217
+4 * 2217
jcnd=2214/2217 0xb370 +1 
* * 
+6 +2 3
+4 * 3
jcnd=3/3 0xb360 +37 
* * 
+8 -40 2216
+3 +84 2216
+1 * 2216
+1 * 2216
+2 * 2216
+2 * 2216
+2 * 2216
+6 -18 3
+3 * 3
+2 +2 3
+4 * 3
+4 +1 3
+2 -1 3
+2 * 3
+6 +1 3
+3 * 3
+3 * 3
+3 -1 3
+2 * 3
jcnd=2/3 -51 -68 
* * 
+2 +4 1
+3 * 1
+2 +1 1
+5 * 1
+5 * 1
+2 * 1
+3 * 1
+2 * 1
+2 * 1
+2 +2 1
+5 * 1
+3 * 1
+10 +2 1
+2 +7 1
+1 * 1
+1 * 1
+2 * 1
+2 * 1
+2 * 1
-10 -7 3
+2 +7 3
+1 * 3
+1 * 3
+2 * 3
+2 * 3
+2 * 3
-8 * 5
+1 * 5
+1 * 5
+2 * 5
+2 * 5
+2 * 5
+6 -45 2214
+4 * 2214
+3 * 2214
cfi=(32)
cfn=(90)
calls=2214 0x27220 -9 
* * 57163
+5 * 2214
+2 * 2214
jcnd=2214/2214 0xb2ff -39 
* * 
+18 -44 5
+3 * 5
+6 * 5
+4 * 5
+6 +82 5
+2 * 5
jump=5 -67 +7 
* * 

fl=(65) ./io/../sysdeps/unix/sysv/linux/access.c
fn=(208) access
0x269a0 25 1
+4 +2 1
+5 * 1
+2 * 1
+6 * 1
jcnd=1/1 +7 * 
* * 
+7 * 1
+2 * 1
+6 * 1
+5 +4 1

fl=(50) ./string/../sysdeps/x86_64/strcspn.S
fn=(158) strcspn
0x2aef0 25 1
+4 +2 1
+3 +7 1
+3 +1 1
+7 +2 1
+5 +1 1
+3 +1 1
+2 +1 1
+1 +1 1
jump=1 * * 
* * 
* * 32
jcnd=31/32 * * 
* * 
+3 +3 1
+3 * 1
+11 * 1
+3 +7 1
+2 +1 1
+2 +1 1
+2 +1 1
+3 +2 1
+3 +1 1
+3 +1 1
+2 +1 1
+3 +2 1
+3 +1 1
+3 +1 1
jcnd=1/1 +20 +9 
* * 
+20 +9 1
+4 * 1
+11 * 1
+3 +12 1
+4 +2 1
+2 +1 1
+3 +1 1
-9 -4 12
+4 +2 12
+2 +1 12
+3 +1 12
+2 +2 13
+3 +1 13
+3 +1 13
+2 +2 13
+3 +1 13
+3 +1 13
+2 +2 13
+3 +1 13
+3 +1 13
jcnd=12/13 -33 -16 
* * 
+2 +2 1
+3 +1 1
+3 +1 1
+3 +2 1
+7 +7 1
+3 +4 1

fl=(2) ./elf/./elf/rtld.c
fn=(252) version_check_doit
0x20ef0 696 1
+4 * 1
+1 * 1
+3 +2 1
+3 * 1
+5 * 1
+7 * 1
cfi=(75) ./elf/./elf/dl-version.c
cfn=(254) _dl_check_all_versions
calls=1 0x16590 361 
* * 21681
+5 * 1
+2 * 1
jcnd=1/1 +8 +4 
* * 
+8 +4 1
+1 * 1

fn=(258) init_tls
0x20d10 756 1
+2 * 1
+1 * 1
+4 +2 1
+7 +4 1
+8 -4 1
+7 +4 1
+6 * 1
+3 +11 1
fi=(28)
+5 44 1
fe=(2)
+5 768 1
+4 +4 1
fi=(28)
+4 44 1
cfi=(27)
cfn=(72)
calls=1 0xd4f0 +34 
* * 36
fe=(2)
+6 783 1
+8 -12 1
+7 +6 1
+4 -9 1
+3 +11 1
+8 +4 1
+6 +2 1
+7 * 1
+3 * 1
+6 -1 1
+2 * 1
+4 +3 1
+8 * 1
jcnd=1/1 0x20e20 -1 
* * 
-8 * 6
+8 * 6
jcnd=4/6 0x20e20 -1 
* * 
+6 +4 2
+3 +2 2
+3 -2 2
+4 * 2
+5 -5 2
+4 -1 2
+3 * 2
jcnd=2/2 -36 +2 
* * 
+2 +10 1
+3 * 1
+7 * 1
+6 +3 1
+3 * 1
cfi=(47)
cfn=(260)
calls=1 0x14020 97 
* * 79
+5 +3 1
cfi=(47)
cfn=(262)
calls=1 0x14230 221 
* * 108
+5 +7 1
cfi=(47)
cfn=(264)
calls=1 0x14410 422 
* * 443
+5 * 1
+3 +1 1
+3 * 1
+6 +6 1
+4 +3 1
+5 * 1
+3 -3 1
+7 +3 1
+5 * 1
+4 * 1
+5 * 1
+2 * 1
+2 * 1
+2 +3 1
cfi=(24)
cfn=(266) __tls_init_tp
calls=1 0x150f0 68 
* * 75
+5 +1 1
+7 +3 1
+4 * 1
+3 * 1
+1 * 1
+2 * 1
+7 -39 5
+4 -1 5
+3 * 5
jcnd=4/5 0x20d88 +2 
* * 
+6 * 1
jump=1 0x20dae +10 
* * 

fn=(156) handle_preload_list
0x21740 894 1
+4 * 1
+2 * 1
+2 * 1
+2 * 1
+2 * 1
+1 * 1
+1 * 1
+7 * 1
+5 * 1
+4 +5 1
+3 -5 1
+4 * 1
+5 +5 1
+6 * 1
+3 +6 1
+5 -64 1
+5 +54 1
+3 * 1
+7 * 1
jump=1 +19 +7 
* * 
+19 +7 1
+3 * 1
+3 * 1
cfi=(50)
cfn=(158)
calls=1 0x2aef0 25 
* * 233
+5 * 1
+3 +1 1
+4 * 1
+6 * 1
jcnd=1/1 0x21860 +2 
* * 
+11 +9 1
+3 191 1
+6 914 1
+4 * 1
+4 191 1
+2 * 1
+6 916 1
+5 * 1
+2 -80 1
+4 +5 1
+7 * 1
+5 * 1
+3 * 1
+5 * 1
+5 -10 1
+9 +8 1
+7 -4 1
+5 +1 1
+5 +1 1
+8 +4 1
cob=(2)
cfi=(51)
cfn=(160) 0x0000000004002080
calls=1 0x4002080 0 
* * 2784
+5 +1 1
+5 * 1
+3 * 1
+6 +8 1
+2 * 1
+7 * 1
+3 +67 1
+3 -18 1
+4 * 1
+6 +21 1
+7 * 1
+3 * 1
+1 * 1
+1 * 1
+2 * 1
+2 * 1
+2 * 1
+2 * 1
+4 -15 1
+3 * 1
+3 * 1
+3 * 1
cfi=(29)
cfn=(80) memcpy
calls=1 0x2afb0 212 
* * 19
+5 +1 1
+6 * 1
jump=1 0x217bd +6 
* * 

fn=(64) dl_main
0x218e0 1320 1
+4 * 1
+1 205 1
+4 311 1
+2 1320 1
+3 * 1
+2 2818 1
+10 1320 1
+2 * 1
+7 * 1
+2 2829 1
+10 1320 1
+2 * 1
+1 2698 1
+7 1320 1
+7 * 1
+7 311 1
+4 1320 1
+7 * 1
+6 * 1
+7 207 1
+11 310 1
+7 205 1
+7 +99 1
+4 * 1
+4 * 1
+4 1332 1
cfi=(24)
cfn=(66) __tls_pre_init_tp
calls=1 0x15090 53 
* * 17
+5 2677 1
+7 * 1
+7 * 1
+7 +6 1
+6 * 1
+2 * 1
+7 * 1
+4 * 1
+4 -4 1
+3 +4 1
+7 +2 1
+1 * 1
+3 * 1
cfi=(25) ./elf/./elf/dl-environ.c
cfn=(68) _dl_next_ld_env_entry
calls=1 0x1cf90 28 
* * 77
-3 * 2
+3 * 2
cfi=(25)
cfn=(68)
calls=2 0x1cf90 28 
* * 466
+5 * 3
+3 * 3
+3 * 3
jcnd=1/3 +79 2845 
* * 
+2 +4 2
+3 * 2
+3 * 2
+2 -2 2
+2 +2 2
+2 * 2
+2 * 2
+2 +1 2
+4 -1 2
+4 * 2
+2 * 2
-10 +1 17
+4 -1 17
+4 * 17
+2 * 17
+2 * 19
+3 * 19
jcnd=17/19 -15 +1 
* * 
+2 +9 2
+4 * 2
+4 * 2
+2 * 2
+4 * 2
+3 * 2
jump=1 0x21fe2 +21 
* * 
jump=1 0x21ec0 +76 
* * 
+27 2845 1
+7 * 1
+3 * 1
+3 * 1
+6 +32 1
+3 * 1
jcnd=1/1 +12 1348 
* * 
+12 1348 1
+7 +1 1
+7 * 1
+7 -1 1
+3 * 1
+7 +1 1
+3 * 1
jcnd=1/1 0x2221d 1627 
* * 
0x21ec0 2774 1
+6 * 1
+2 * 1
+6 +1 1
+10 * 1
+3 * 1
jcnd=1/1 0x247a8 * 
* * 
0x21fe2 -56 1
+6 * 1
+6 +7 1
+6 * 1
jcnd=1/1 0x2475d * 
* * 
0x2221d 1627 1
+7 * 1
+3 * 1
+2 * 1
+2 * 1
+6 * 1
+3 * 1
+3 * 1
+7 * 1
cfi=(26) ./elf/./elf/dl-object.c
cfn=(70) _dl_new_object
calls=1 0xd990 59 
* * 230
+5 * 1
+3 +2 1
+3 * 1
+6 +1 1
+7 +6 1
+2 * 1
+3 -6 1
+7 +1 1
+7 * 1
+8 +1 1
+7 * 1
+3 * 1
+7 +4 1
cfi=(26)
cfn=(82) _dl_add_to_namespace_list
calls=1 0xd8f0 31 
* * 36
+5 +1 1
+7 * 1
+6 1140 1
+7 1326 1
+7 1169 1
+8 -29 1
+7 +11 1
+8 +18 1
+8 * 1
+7 -21 1
+8 +21 1
+3 -19 1
+8 -4 1
+11 +23 1
+4 -21 1
+8 +21 1
+3 * 1
+6 +57 1
+7 -83 1
+7 +23 1
+3 +4 1
+7 +19 1
+7 +22 1
+7 +15 1
+3 * 1
+4 * 1
+3 * 1
+3 * 1
+2 -56 1
+2 * 1
+3 * 1
-5 * 12
+2 * 12
+3 * 12
jcnd=4/12 +27 * 
* * 
+2 * 9
+2 * 9
+2 * 9
+3 * 9
+2 * 9
+4 * 9
+3 * 9
jump=2 +57 -1 
* * 
jump=1 0x22650 +9 
* * 
jump=4 0x22690 +56 
* * 
jump=1 0x225e0 +29 
* * 
jump=1 0x225b8 +4 
* * 
+9 * 4
+6 * 4
jcnd=1/4 0x22730 1271 
* * 
+6 * 3
+6 * 3
jcnd=2/3 +30 -1 
* * 
+2 1275 1
+5 * 1
+5 * 1
+5 * 1
+8 +2 1
+5 1169 1
+4 * 1
+3 * 1
-7 * 5
+4 * 5
+3 * 5
jcnd=5/5 -87 +1 
* * 
fi=(30) ./elf/../sysdeps/x86/dl-prop.h
+2 105 1
+7 * 1
jfi=(2)
jump=1 +44 1282 
* * 
fe=(2)
+8 1282 11
+5 * 11
jcnd=10/11 +18 -1 
* * 
+2 +6 1
+3 * 1
+5 * 1
+3 * 1
cfi=(31) ./elf/./elf/dl-load.c
cfn=(88) _dl_process_pt_gnu_property
calls=1 0x8b60 868 
* * 20
+5 -7 13
+7 * 13
jcnd=1/13 0x2274b +13 
* * 
+6 +1 13
+5 +6 13
+4 -6 13
+3 * 13
jcnd=11/13 -48 * 
* * 
fi=(30)
+2 212 2
+5 * 2
+3 +1 2
+5 95 2
+8 * 2
+2 * 2
+6 * 2
jfi=(2)
jcnd=1/2 -56 1281 
* * 
+2 +10 1
+4 * 1
+6 212 1
+3 105 1
+6 -2 1
+3 -3 1
+2 +2 1
+10 +3 1
+3 -4 1
+10 * 1
jump=1 +44 +7 
* * 
+11 +92 1
+4 * 1
+4 * 1
+5 * 1
+4 -1 1
+3 -87 1
+4 * 1
+3 * 1
jfi=(2)
jcnd=1/1 0x23725 1786 
* * 
+6 +3 1
+2 * 1
+3 * 1
+2 +1 1
+4 * 1
+2 +1 1
+7 * 1
+2 +4 1
+8 * 1
+3 * 1
+6 +4 1
+3 * 1
+3 * 1
+7 +3 1
+3 * 1
+3 * 1
+6 +1 1
+4 * 1
+6 +4 1
+4 +1 1
+6 * 1
+2 * 1
+4 * 1
jump=1 +52 +4 
* * 
+24 +58 1
+4 * 1
+4 * 1
+4 +2 1
+3 * 1
+3 * 1
+4 * 1
+6 -56 2
+3 * 2
+3 +1 2
+3 +3 2
+3 * 2
+6 +3 2
+4 +1 2
+2 * 2
+4 * 2
+3 * 2
+6 +5 2
+3 * 2
+7 +2 2
+7 * 2
+2 +5 2
+3 * 2
+6 +14 2
+3 -1 2
+7 * 2
jcnd=1/2 0x22720 +1 
* * 
+6 +2 1
+7 * 1
jcnd=1/1 0x251d7 +4 
* * 
fe=(2)
0x225b8 1174 1
+7 -5 1
+4 +5 1
+4 * 1
+3 -5 1
+3 * 1
jcnd=1/1 0x22330 +1 
* * 
+19 +30 1
+7 -9 1
+3 +27 1
+7 -27 1
+4 +2 1
+7 -3 1
+3 +10 1
+3 * 1
jcnd=1/1 0x22380 -30 
* * 
+78 -20 1
+3 * 1
+4 -10 1
+4 +10 1
+4 +1 1
+3 * 1
+8 * 1
+2 * 1
+3 * 1
+3 * 1
+3 * 1
+3 * 1
+2 * 1
+7 -11 1
+3 * 1
jcnd=1/1 0x22330 +1 
* * 
+12 +57 4
+4 -1 4
+3 +1 4
+3 * 4
+3 -1 4
+3 +2 4
+7 * 4
jcnd=3/4 +9 +3 
* * 
+2 +1 1
+7 +2 1
+8 * 1
+4 * 1
-12 * 3
+8 * 3
+4 * 3
+2 +1 4
+3 * 4
jcnd=1/4 +18 +4 
* * 
+2 * 3
+3 * 3
jcnd=3/3 +13 +4 
* * 
+13 +4 4
+4 * 4
+3 +1 4
+7 * 4
+2 +1 4
+7 +1 4
+4 * 4
jcnd=3/4 +18 +5 
* * 
+2 * 1
+7 * 1
+2 +1 1
+7 +4 1
+3 -74 1
+4 +74 1
+3 * 1
+3 -74 1
+3 * 1
jcnd=1/1 0x22330 +1 
* * 
-16 +74 3
+3 -74 3
+4 +74 3
+3 * 3
+3 -74 3
+3 * 3
jcnd=3/3 0x22330 +1 
* * 
fi=(30)
+16 165 1
+6 * 1
jump=1 0x224b6 +20 
* * 
fe=(2)
+10 1271 1
+3 1169 1
+4 1271 1
+6 1169 1
+3 * 1
jcnd=1/1 0x22330 +1 
* * 
+11 1294 1
+7 +3 1
+7 * 1
+7 +2 1
+7 -5 1
+3 * 1
jcnd=1/1 +12 +3 
* * 
+12 +3 1
+3 * 1
jcnd=1/1 +13 +2 
* * 
+13 +2 1
+3 * 1
jcnd=1/1 +13 +2 
* * 
+13 +2 1
+8 * 1
+6 1662 1
+7 * 1
+3 * 1
+2 +2 1
+2 -1 1
+7 +1 1
+7 * 1
+8 +1 1
+4 * 1
+7 -2 1
+4 +2 1
+4 -2 1
+3 * 1
cfi=(32)
cfn=(90)
calls=1 0x27220 108 
* * 34
+5 * 1
+2 * 1
+2 +7 1
+11 +3 1
+6 -5 1
+7 +3 1
+10 +2 1
+6 +1 1
+7 * 1
+5 +4 1
+7 * 1
+6 +2 1
+7 * 1
fi=(3) ./elf/./get-dynamic-info.h
+6 39 1
+4 * 1
+3 * 1
+6 +6 1
+3 -2 1
+4 +2 1
+3 * 1
+2 +9 1
+5 +5 1
+6 +3 1
+5 +2 1
+6 -3 1
+6 -3 1
+6 -3 1
+6 * 1
jump=1 +28 -6 
* * 
+2 * 5
+3 * 5
+3 * 5
+3 +13 5
+4 -23 5
+4 * 5
+4 * 5
+3 * 5
jcnd=1/5 +46 +27 
* * 
-15 +23 23
+4 -23 23
+4 * 23
+4 * 23
+3 * 23
+2 +4 28
+4 * 28
jcnd=22/28 -21 +19 
* * 
+2 +5 6
+3 * 6
+3 * 6
+4 * 6
jcnd=5/6 -42 +1 
* * 
+2 +2 1
+3 * 1
+3 * 1
+3 * 1
+3 * 1
jcnd=1/1 0x23773 +3 
* * 
+14 +16 1
+3 * 1
+3 * 1
jcnd=1/1 0x23c98 * 
* * 
+6 +25 1
+7 * 1
+3 * 1
+2 +5 1
+5 * 1
+6 +7 1
+5 * 1
+2 +1 1
+7 * 1
+5 * 1
+6 +22 1
+7 * 1
+3 * 1
+2 +5 1
+4 * 1
+7 +2 1
+3 * 1
jcnd=1/1 +9 +2 
* * 
+9 +2 1
+3 * 1
jcnd=1/1 +9 +2 
* * 
+9 +2 1
+3 * 1
+2 +1 1
+7 +3 1
+7 * 1
+3 * 1
+2 +2 1
+4 * 1
+7 * 1
+2 +1 1
+2 * 1
jcnd=1/1 +10 +9 
* * 
+10 +9 1
+7 * 1
+6 +6 1
+3 * 1
+2 +1 1
+7 * 1
+7 +3 1
+8 * 1
jfi=(2)
jcnd=1/1 +13 1688 
* * 
fe=(2)
+13 1688 1
+7 * 1
+3 * 1
jcnd=1/1 +58 +7 
* * 
+58 +7 1
+3 * 1
cfi=(8) ./elf/./elf/dl-setup_hash.c
cfn=(14) _dl_setup_hash
calls=1 0x13530 25 
* * 29
+5 +3 1
+4 * 1
fi=(33) ./elf/./setup-vdso.h
+6 24 1
+8 * 1
jfi=(34) ./elf/../sysdeps/unix/sysv/linux/dl-vdso.h
jcnd=1/1 0x237d3 +16 
* * 
fi=(35) ./elf/../sysdeps/unix/sysv/linux/dl-vdso-setup.h
0x230c7 +21 1
fe=(2)
+7 1723 1
cfi=(13) ./elf/../sysdeps/unix/sysv/linux/dl-sysdep.c
cfn=(100) _dl_discover_osversion
calls=1 0x1fa40 46 
* * 80
+5 * 1
+2 * 1
+6 * 1
+6 * 1
+2 * 1
+6 * 1
+6 * 1
+5 * 1
fi=(37) ./elf/./dl-main.h
+6 109 1
+4 * 1
+4 * 1
+4 * 1
+4 * 1
cfi=(31)
cfn=(106) _dl_init_paths
calls=1 0x8710 706 
* * 5073
fe=(2)
+5 1731 1
+7 * 1
+2 * 1
cfi=(46) ./elf/./elf/dl-debug.c
cfn=(146) _dl_debug_initialize
calls=1 0x3360 56 
* * 30
+5 +7 1
+8 -7 1
+7 +2 1
+7 +5 1
jcnd=1/1 0x2437e +3 
* * 
+6 +4 1
+7 +3 1
+7 -3 1
+3 * 1
+3 * 1
+6 +1 1
+7 * 1
+4 +3 1
+8 +5 1
+8 -7 1
+7 +7 1
+2 +1 1
+4 * 1
+3 * 1
+7 +12 1
+8 * 1
+6 +1 1
+8 * 1
+6 +5 1
+7 -3 1
+7 * 1
+7 +2 1
+7 +1 1
+8 * 1
+7 +5 1
+3 * 1
+5 * 1
jump=1 +35 * 
* * 
+12 +1 1
+3 * 1
+4 * 1
+4 * 1
+6 * 1
jcnd=1/1 0x236f0 +2 
* * 
+6 -1 1
+3 * 1
jcnd=1/1 -26 +1 
* * 
+16 233 1
+4 -1 1
+7 +1 1
+4 * 1
+8 * 1
jcnd=1/1 +5 +1 
* * 
+5 +1 1
+3 * 1
jcnd=1/1 +60 -2 
* * 
+60 -2 1
+7 +2 1
+3 * 1
jcnd=1/1 +60 1793 
* * 
+60 1793 1
+4 * 1
+6 +5 1
+8 -1 1
+7 +1 1
+6 +24 1
cfi=(47)
cfn=(148)
calls=1 0x141c0 197 
* * 6
+5 * 1
fi=(48) ./elf/../sysdeps/generic/dl-debug.h
+7 29 1
+7 * 1
+3 * 1
+2 +1 1
+7 * 1
fe=(2)
+4 1828 1
+7 * 1
+7 +1 1
cfi=(46)
cfn=(152) _dl_debug_state
calls=1 0x3300 116 
* * 2
+5 +1 1
+1 +4 1
+5 * 1
+3 * 1
cfi=(49) ./elf/./elf/dl-audit.c
cfn=(154) _dl_audit_activity_map
calls=1 0x1b170 28 
* * 16
+5 +5 1
+7 * 1
+4 * 1
+6 +2 1
+3 +2 1
+5 * 1
jcnd=1/1 0x24a9a 85 
* * 
+6 +9 1
+5 * 1
+6 +16 1
+7 * 1
+5 * 1
+3 * 1
cfi=(65)
cfn=(208)
calls=1 0x269a0 25 
* * 9
+5 * 1
+2 * 1
+6 +76 1
+7 * 1
+3 * 1
+3 * 1
jcnd=1/1 0x24afe +4 
* * 
+6 +16 1
+7 * 1
+3 * 1
jcnd=1/1 +9 85 
* * 
+9 85 1
+2 1970 1
+2 85 1
+3 * 1
+4 1970 1
+3 * 1
+3 85 1
+3 1970 1
+4 * 1
+3 * 1
+3 * 1
+3 * 1
cfi=(66) ./elf/./elf/dl-deps.c
cfn=(210) _dl_map_object_deps
calls=1 0x3840 159 
* * 34876
+5 92 1
+2 1976 1
+7 92 1
+4 * 1
+3 +9 1
+3 * 1
+7 1976 1
+2 * 1
+6 +1 1
+7 * 1
+3 * 1
+4 * 1
+3 * 1
+7 -1 1
+3 * 1
+4 * 1
+3 * 1
jcnd=1/1 -20 +1 
* * 
-20 +1 6
+3 * 6
+7 -1 6
+3 * 6
+4 * 6
+3 * 6
jcnd=5/6 -20 +1 
* * 
+2 +4 1
+7 * 1
+7 * 1
+4 * 1
+4 +1 1
+7 * 1
+3 * 1
+2 +1 1
+4 +2 1
+3 * 1
+6 +1 1
+7 * 1
+2 * 1
+5 * 1
jump=1 +18 -1 
* * 
+5 -1 5
+4 * 5
+3 * 5
+6 * 6
+2 +1 6
+7 * 6
+4 * 6
jcnd=5/6 -26 -1 
* * 
+2 +12 1
+3 * 1
+4 * 1
+7 +1 1
+3 * 1
+6 +2 1
+3 +2 1
+2 * 1
+2 * 1
jcnd=1/1 +6 +2 
* * 
+6 +2 1
+7 -4 1
+7 +5 1
+4 -1 1
+3 * 1
jcnd=1/1 +26 +14 
* * 
+26 +14 1
+3 * 1
+6 +1 1
+7 * 1
+4 +1 1
+7 * 1
+3 * 1
jcnd=1/1 0x2447a -25 
* * 
+34 +11 1
+2 * 1
+3 +2 1
+7 -2 1
+3 +2 1
+3 * 1
+7 -2 1
+6 +1 1
+2 * 1
+4 +1 1
+7 -1 1
+3 * 1
+6 +1 1
cfi=(52) ./elf/./elf/dl-error-skeleton.c
cfn=(250) _dl_receive_error
calls=1 0x1d420 238 
* * 21709
+5 +10 1
+7 * 1
+6 +1 1
+3 * 1
jcnd=1/1 0x24645 +1 
* * 
+6 +3 1
+7 * 1
+2 862 1
fi=(262) ./elf/../sysdeps/unix/sysv/linux/dl-osinfo.h
+7 64 1
+3 * 1
fe=(2)
+2 864 1
+9 +6 1
+4 +3 1
+9 +7 1
+11 -5 1
+7 2052 1
+3 * 1
+2 * 1
+6 2282 1
+7 * 1
+3 * 1
jcnd=1/1 0x237f6 +49 
* * 
0x236f0 1778 1
+5 * 1
+5 +6 1
+8 -6 1
+5 * 1
+7 +6 1
jcnd=1/1 0x2320a 233 
* * 
+23 +2 1
+6 * 1
+8 * 1
fi=(30)
+4 198 1
+2 * 1
+6 * 1
+4 * 1
+6 +2 1
+8 +1 1
+7 +2 1
+9 -3 1
+3 * 1
+3 * 1
+7 +3 1
jfi=(2)
jump=1 0x223af 1281 
* * 
fi=(3)
+5 59 1
+3 * 1
+3 * 1
+4 * 1
+6 +3 1
+3 * 1
+3 * 1
+4 * 1
+6 +2 1
+3 * 1
+3 * 1
+3 * 1
jump=1 0x22881 +4 
* * 
fi=(34)
+55 -24 1
+7 +1 1
+3 * 1
jfi=(35)
jcnd=1/1 0x24127 -11 
* * 
fe=(2)
+25 2331 1
+6 1325 1
+2 2342 1
+9 -4 1
+7 * 1
+7 +10 1
+7 -6 1
+7 +6 1
+7 +3 1
+3 * 1
+6 +8 1
fi=(30)
+7 36 1
fe=(2)
+7 2359 1
fi=(30)
+3 37 1
+3 * 1
+2 * 1
+2 +3 1
+7 +13 1
+7 * 1
+4 * 1
jump=1 +6 -13 
* * 
+3 * 6
+3 -13 6
+3 +9 6
+7 * 6
-10 -9 1
+3 +9 1
+7 * 1
+2 * 7
+7 * 7
+3 * 7
jcnd=1/7 +27 -12 
* * 
+2 * 6
+4 * 6
+2 +4 6
+6 * 6
+2 * 6
+3 * 6
+2 * 6
+6 -16 7
+4 * 7
+3 * 7
jcnd=6/7 -59 +16 
* * 
+2 +34 1
+3 * 1
+3 * 1
cfi=(77) ./elf/../sysdeps/x86/dl-cet.c
cfn=(270) _dl_cet_check
calls=1 0x1ab80 252 
* * 30
fe=(2)
+5 2361 1
+2 * 1
jcnd=1/1 0x239b0 +54 
* * 
0x239b0 +54 1
+3 * 1
+8 * 1
+4 +3 1
+7 85 1
+2 * 1
+4 * 1
+3 * 1
+7 2422 1
+7 +1 1
+3 * 1
+8 * 1
+2 * 1
+6 * 1
+3 * 1
+6 * 1
+3 * 1
+3 * 1
+3 * 1
jump=1 +16 +2 
* * 
+6 * 5
+4 * 5
+4 * 5
jcnd=1/5 0x23a8e * 
* * 
+2 +2 7
+7 * 7
+4 +5 7
+5 * 7
+4 +2 7
+3 * 7
jcnd=1/7 0x2417c +2 
* * 
+6 +6 7
+9 +2 7
+7 * 7
+3 * 7
jcnd=1/7 +33 +5 
* * 
+2 +1 6
+6 * 6
+2 * 6
+2 * 6
+3 * 6
+8 * 6
+2 * 6
+3 * 6
cfi=(78) ./elf/./elf/dl-reloc.c
cfn=(272) _dl_relocate_object
calls=6 0x10d60 194 
* * 2107981
+5 +4 7
+9 * 7
jcnd=5/7 0x23a08 -22 
* * 
+2 * 2
+7 * 2
+2 +1 2
+5 * 2
+3 -23 2
+4 +23 2
cfi=(47)
cfn=(412)
calls=2 0x14e00 1015 
* * 56
+5 -23 2
+4 * 2
jcnd=2/2 0x23a12 +2 
* * 
+2 * 1
+3 * 1
+7 * 1
+3 * 1
+3 92 1
+2 * 1
+4 * 1
+3 +1 1
+7 2454 1
+8 93 1
+7 2454 1
+6 +5 1
+7 * 1
+2 * 1
+8 * 1
jcnd=1/1 +16 +2 
* * 
+16 +2 1
+8 +7 1
+2 * 1
+3 * 1
cfi=(47)
cfn=(484)
calls=1 0x144f0 528 
* * 221
+5 +3 1
+7 * 1
jcnd=1/1 0x241b3 +10 
* * 
fi=(3)
0x23c98 72 1
+8 * 1
+6 +10 1
+4 * 1
+3 * 1
jcnd=1/1 +6 +1 
* * 
+6 +1 1
+4 * 1
+3 * 1
+2 * 1
+4 +1 1
+4 * 1
+3 * 1
+2 * 1
+4 +1 1
+4 * 1
+3 * 1
+2 * 1
+4 +2 1
+4 * 1
+3 * 1
+2 * 1
+4 +5 1
+7 * 1
+3 * 1
+2 * 1
+4 +1 1
+7 * 1
+3 * 1
+2 * 1
+4 +1 1
+7 * 1
+3 * 1
+6 * 1
+4 * 1
jump=1 0x228ca +3 
* * 
fi=(35)
0x24127 -64 1
+7 * 1
+11 * 1
+7 +3 1
+11 +3 1
+11 +3 1
fi=(34)
+11 +16 1
+2 * 1
jfi=(35)
jump=1 0x230c7 -10 
* * 
fe=(2)
+25 2434 1
+7 +1 1
+4 -3 1
+3 * 1
jcnd=1/1 0x23a2f +6 
* * 
+41 +49 1
+7 * 1
+7 * 1
+6 +2 1
+2 * 1
+2 * 1
+7 * 1
+2 +10 1
cfi=(147) ./elf/./elf/dl-find_object.c
cfn=(486) _dl_find_object_init
calls=1 0x5830 561 
* * 1026
+5 +5 1
+3 * 1
cfi=(7) ./elf/./elf/dl-minimal.c
cfn=(494) __rtld_malloc_init_real
calls=1 0x1e5b0 76 
* * 2907
+5 +3 1
cfi=(151) ./elf/../sysdeps/nptl/dl-mutex.c
cfn=(502) __rtld_mutex_init
calls=1 0x1e7e0 30 
* * 415
+5 85 1
+2 2507 1
+7 +1 1
+2 * 1
+7 * 1
+7 85 1
+3 * 1
+4 * 1
+3 2508 1
+2 * 1
cfi=(78)
cfn=(272)
calls=1 0x10d60 194 
* * 5613
+5 92 1
+2 * 1
+4 * 1
+3 +9 1
+3 * 1
+7 2516 1
+7 * 1
+5 * 1
cfi=(153) ./elf/./elf/dl-call-libc-early-init.c
cfn=(508) _dl_call_libc_early_init
calls=1 0x20d0 27 
* * 1441
+5 +7 1
cfi=(9) ./elf/../elf/dl-sysdep.c
cfn=(534) _dl_sysdep_start_cleanup
calls=1 0x1f880 262 
* * 2
+5 +4 1
+2 * 1
+2 * 1
cfi=(49)
cfn=(536) _dl_audit_activity_nsid
calls=1 0x1b250 40 
* * 21
+5 +5 1
+2 * 1
cfi=(46)
cfn=(186) _dl_debug_update
calls=1 0x3310 38 
* * 7
+5 +1 1
+7 -1 1
+3 +2 1
cfi=(46)
cfn=(152)
calls=1 0x3300 116 
* * 2
+5 +1 1
+1 +4 1
cfi=(68) ./elf/./elf/dl-cache.c
cfn=(538) _dl_unload_cache
calls=1 0x172d0 537 
* * 18
+5 +5 1
+4 * 1
+1 * 1
+2 * 1
+2 * 1
+2 * 1
+2 * 1
+1 * 1
0x2437e 1741 1
+7 * 1
+3 * 1
+7 * 1
jump=1 0x23139 +1 
* * 
0x2447a 1995 1
+7 * 1
jump=1 0x234d7 +36 
* * 
0x24645 +50 1
+2 * 1
cfn=(258)
calls=1 0x20d10 756 
* * 836
+5 * 1
+3 * 1
jump=1 0x23527 +2 
* * 
0x2475d 2726 1
+6 * 1
+6 * 1
+4 * 1
+6 +2 1
+4 * 1
+4 +1 1
jump=1 0x219a0 -44 
* * 
+45 +46 1
+7 * 1
+6 +2 1
+4 +1 1
+7 -1 1
+4 +1 1
+4 +1 1
jump=1 0x219a0 -94 
* * 
0x24a9a 85 1
+2 1847 1
+4 85 1
+4 * 1
+3 1847 1
+3 85 1
+3 1847 1
+7 * 1
cfn=(156)
calls=1 0x21740 894 
* * 3107
+5 * 1
+3 92 1
+2 * 1
+4 * 1
+3 +9 1
+3 * 1
+7 * 1
jump=1 0x2332d 1852 
* * 
+47 1948 1
+3 * 1
+3 * 1
+8 * 1
+4 * 1
+4 * 1
+3 * 1
+7 * 1
+3 * 1
+3 * 1
jcnd=1/1 0x24dba * 
* * 
0x24dba * 1
+5 * 1
+3 * 1
+3 * 1
+2 * 1
+6 * 1
+5 +1 1
+2 -1 1
+4 +4 1
+2 * 1
+3 * 1
+4 +1 1
+4 +1 1
+3 * 1
+2 +1 1
+3 * 1
+6 -7 1
+3 * 1
jump=1 0x23367 +12 
* * 
fi=(30)
0x251d7 170 1
+2 * 1
+6 * 1
+6 -39 1
+6 * 1
jump=1 0x22423 +62 
* * 
fe=(2)

fn=(170) map_doit
0x203b0 663 1
+4 * 1
+1 +2 1
+4 -2 1
+3 +2 1
+2 +1 1
+3 * 1
+4 -1 1
+7 * 1
+3 +1 1
+3 * 1
+2 * 1
cfi=(31)
cfn=(172) _dl_map_object
calls=1 0xa410 2022 
* * 2683
+5 * 1
+4 +2 1
+1 * 1

fn=(2) _dl_start
0x21030 527 1
+4 * 1
+1 * 1
+3 * 1
+2 * 1
+2 * 1
+2 * 1
+2 * 1
+1 * 1
+7 * 1
+4 85 1
fi=(6) ./elf/../sysdeps/x86_64/dl-machine.h
+2 -40 1
fe=(2)
+7 557 1
+7 -4 1
+7 85 1
+4 * 1
+3 556 1
+7 85 1
fi=(3)
+7 -40 1
fe=(2)
+7 556 1
fi=(3)
+7 45 1
+3 * 1
+6 +9 1
+5 +5 1
+6 +3 1
+5 +2 1
+6 +4 1
+7 -7 1
+6 -3 1
+6 -3 1
+6 * 1
jump=1 +28 -6 
* * 
+2 * 4
+3 * 4
+3 * 4
+3 +13 4
+4 -23 4
+4 * 4
+4 * 4
+3 * 4
jfi=(4)
jcnd=1/4 +80 +35 
* * 
-15 +23 14
+4 -23 14
+4 * 14
+4 * 14
+3 * 14
+2 +4 18
+4 * 18
jcnd=13/18 -21 +19 
* * 
+2 +5 5
+3 * 5
+3 * 5
+4 * 5
jcnd=4/5 -42 +1 
* * 
+2 +2 1
+3 * 1
+3 * 1
+3 * 1
+3 * 1
jcnd=1/1 +16 +3 
* * 
+16 +3 1
+3 * 1
+3 * 1
+4 * 1
jcnd=1/1 0x215d0 +3 
* * 
fi=(4)
+22 +21 1
fi=(3)
+7 -8 1
+2 * 1
+3 * 1
+6 +10 1
+7 * 1
+3 * 1
+2 * 1
+4 +1 1
+7 * 1
+3 * 1
+2 * 1
+4 +1 1
+7 * 1
+3 * 1
+2 * 1
+4 +1 1
+7 * 1
+3 * 1
+2 * 1
+4 +2 1
+7 * 1
+3 * 1
+2 * 1
+4 +5 1
+7 * 1
+3 * 1
+2 * 1
+4 +1 1
+7 * 1
+3 * 1
+2 * 1
+4 +1 1
+7 * 1
+3 * 1
+2 * 1
+4 +3 1
+7 * 1
+3 * 1
+2 +5 1
+5 * 1
+6 +7 1
+7 * 1
+3 * 1
+2 +1 1
+7 * 1
+5 * 1
+6 +8 1
+8 * 1
+6 +1 1
+8 * 1
+6 +5 1
+7 * 1
+3 * 1
jcnd=1/1 +16 +3 
* * 
+16 +3 1
+7 * 1
+3 * 1
jfi=(2)
jcnd=1/1 +16 573 
* * 
fe=(2)
+16 573 1
fi=(6)
+4 71 1
fe=(2)
+7 573 1
+4 * 1
+4 * 1
+4 * 1
+4 * 1
+3 * 1
+6 * 1
+4 * 1
+3 * 1
+7 * 1
+4 * 1
+4 * 1
+7 * 1
+4 * 1
+5 * 1
+5 * 1
+4 * 1
+4 * 1
+4 * 1
+3 * 1
+2 * 1
+4 * 1
+4 * 1
+3 * 1
+2 * 1
+4 * 1
+3 * 1
+7 * 1
+4 * 1
+4 * 1
+4 * 1
+5 * 1
+5 * 1
+4 * 1
+4 * 1
+3 * 1
+6 * 1
+3 * 1
jcnd=1/1 0x215ee * 
* * 
+10 * 1
+4 * 1
+4 * 1
+7 * 1
fi=(6)
+3 414 1
fi=(5) ./elf/./elf/do-rel.h
+7 86 1
fe=(2)
+7 573 1
+3 * 1
fi=(5)
+4 49 1
+4 +37 1
+4 -37 1
+3 +37 1
+3 +2 1
+4 -2 1
+4 +2 1
+4 -2 1
+4 +27 1
+3 * 1
-47 -27 1
fe=(2)
+7 573 1
+3 * 1
fi=(5)
+4 49 1
+4 +37 1
+4 -37 1
+3 +37 1
+3 +2 1
+4 -2 1
+4 +2 1
+4 -2 1
+4 +27 1
+3 * 1
jcnd=1/1 +45 +5 
* * 
+2 * 1
+8 +1 1
+3 * 1
fi=(6)
+3 534 1
+4 * 1
fi=(5)
-10 114 141
+3 * 141
fi=(6)
+3 534 141
+4 * 141
+6 +1 142
fi=(5)
+4 113 142
fi=(6)
+4 535 142
+3 * 142
fi=(5)
+3 113 142
+3 * 142
jcnd=141/142 -33 +1 
* * 
+2 +5 2
+8 * 2
+6 +8 2
+3 * 2
+3 * 2
jcnd=1/2 +32 +2 
* * 
+2 * 1
jfi=(2)
jump=1 0x21428 573 
* * 
fi=(6)
+7 326 6
+4 * 6
jcnd=6/6 0x21480 +20 
* * 
fi=(5)
+6 126 7
+4 * 7
+3 * 7
jfi=(2)
jcnd=1/7 0x21428 573 
* * 
+6 +2 7
+4 +2 7
+3 -2 7
fi=(6)
+3 287 7
fi=(5)
+3 130 7
+3 -2 7
+4 +1 7
+4 * 7
fi=(6)
+4 287 7
+4 * 7
+2 +9 7
+2 * 7
+3 * 7
+2 * 7
+5 * 7
+5 * 7
+4 * 7
+3 * 7
+5 * 7
+6 * 7
+7 +3 7
+3 * 7
+6 +27 7
+4 * 7
+6 * 7
jcnd=1/7 +90 * 
* * 
+2 * 6
+7 * 6
jcnd=6/6 0x21380 * 
* * 
fe=(2)
+41 573 2
+4 * 2
+3 * 2
jcnd=1/2 0x21510 +2 
* * 
fi=(5)
+6 50 1
fi=(4)
+7 +30 1
+7 * 1
jfi=(5)
jump=1 0x21307 +6 
* * 
fi=(6)
+13 326 1
+4 * 1
jfi=(5)
jcnd=1/1 0x2138a 126 
* * 
+44 +20 6
+4 * 6
+4 +1 6
jfi=(5)
jump=6 0x2138a 126 
* * 
fe=(2)
0x21510 575 1
+7 +13 1
cfi=(7)
cfn=(12) __rtld_malloc_init_stubs
calls=1 0x1e2e0 42 
* * 10
+5 +4 1
+7 * 1
+7 85 1
+2 488 1
+7 * 1
+3 85 1
+4 * 1
+3 * 1
+7 488 1
cfi=(8)
cfn=(14)
calls=1 0x13530 25 
* * 29
+5 +2 1
+7 * 1
+7 -1 1
+7 +1 1
+5 * 1
+5 +17 1
+4 -15 1
+7 -2 1
+4 +17 1
+7 -15 1
+7 +9 1
+7 -11 1
+7 +17 1
cfi=(9)
cfn=(16) _dl_sysdep_start
calls=1 0x1f440 85 
* * 2241274
+5 * 1
+3 +2 1
+7 * 1
+2 +98 1
+7 * 1
+3 * 1
+1 * 1
+2 * 1
+2 * 1
+2 * 1
+2 * 1
+1 * 1
fi=(3)
+24 62 1
+3 * 1
+3 * 1
+4 * 1
+6 +2 1
+3 * 1
+3 * 1
+3 * 1
jump=1 0x210c9 +4 
* * 
fe=(2)
+5 573 1
+3 * 1
+4 * 1
jump=1 0x212ee * 
* * 

fl=(12) ./elf/./elf/dl-sort-maps.c
fn=(22) _dl_sort_maps_init
0x13700 281 1
+4 * 1
+4 +1 1
+2 * 1
+5 * 1
+5 * 1
cfi=(10)
cfn=(24)
calls=1 0x17d70 405 
* * 20
+5 +2 1
+2 * 1
+5 * 1
+3 -1 1
+6 +2 1
+4 * 1

fn=(246) _dl_sort_maps
0x13730 290 2
+4 * 2
+1 * 2
+3 * 2
+3 * 2
+2 * 2
+2 * 2
+2 * 2
+2 * 2
+1 * 2
+4 +8 2
+7 -8 2
+3 +8 2
+3 * 2
jcnd=2/2 0x139cd -75 
* * 
0x13870 +4 2
+4 * 2
+1 * 2
+2 * 2
+2 * 2
+2 * 2
+2 * 2
+1 * 2
0x139cd -79 2
+3 * 2
+2 -37 2
+3 +37 2
+4 -36 2
+3 * 2
+3 * 2
+6 * 2
+3 +1 2
+4 -1 2
+4 +1 2
+7 -1 2
+2 * 2
jcnd=2/2 -17 +1 
* * 
-17 +1 12
+4 -1 12
+4 +1 12
+7 -1 12
+2 * 12
jcnd=10/12 -17 +1 
* * 
+2 +36 2
+4 * 2
+3 * 2
+4 * 2
+4 * 2
+3 * 2
+7 * 2
+3 * 2
+3 * 2
jcnd=2/2 +23 * 
* * 
+23 * 2
+6 * 2
+3 * 2
+3 * 2
+2 * 2
+6 * 2
+3 +8 2
+2 * 2
+4 * 2
+5 -3 2
+4 +2 2
+4 +1 2
+4 -8 2
+3 +5 2
+4 +3 2
+3 * 2
+4 * 2
+3 * 2
jump=2 +21 +4 
* * 
+8 +2 12
+4 * 12
+3 * 12
+6 +2 14
+4 -90 14
+7 * 14
jcnd=2/14 +13 +93 
* * 
+2 * 12
+3 * 12
+3 * 12
cfn=(248) dfs_traversal.part.0
calls=12 0x13620 -5 
* * 613
+5 +93 14
+4 * 14
jcnd=12/14 -41 -5 
* * 
+2 +18 2
+4 * 2
jcnd=2/2 0x13b7e +20 
* * 
+83 +13 2
+3 +33 2
jump=2 0x13870 * 
* * 
0x13b7e -26 2
+3 * 2
+3 * 2
+3 * 2
cfi=(29)
cfn=(80)
calls=2 0x2afb0 -64 
* * 38
+5 * 2
jump=2 0x13afa -7 
* * 

fn=(248)
0x13620 140 12
+2 * 12
+3 * 12
+2 * 12
+3 * 12
+1 * 12
+3 * 12
+1 * 12
+4 +10 12
+7 -2 12
+7 +2 12
+3 * 12
jcnd=3/12 +39 +11 
* * 
+2 +2 9
+3 * 9
+3 * 9
+2 * 9
+5 +3 9
+9 * 9
-9 * 20
+9 * 20
jcnd=2/20 +52 -10 
* * 
+2 -3 29
+4 * 29
+4 * 29
+3 * 29
jcnd=20/29 -22 +3 
* * 
+2 +9 12
+3 * 12
jcnd=6/12 +66 * 
* * 
+2 +15 12
+4 * 12
+4 * 12
+4 +1 12
+4 +1 12
+4 * 12
+1 * 12
+1 * 12
+2 * 12
+2 * 12
+6 -33 2
+7 * 2
+2 * 2
+3 * 2
+3 * 2
cfn=(249) dfs_traversal.part.0'2
calls=2 0x13620 -5 
* * 83
+5 +7 2
+7 * 2
jump=2 -77 * 
* * 
+5 +9 6
+7 * 6
+3 * 6
jcnd=6/6 -74 +15 
* * 

fn=(249)
0x13620 140 2
+2 * 2
+3 * 2
+2 * 2
+3 * 2
+1 * 2
+3 * 2
+1 * 2
+4 +10 2
+7 -2 2
+7 +2 2
+3 * 2
+2 +2 2
+3 * 2
+3 * 2
+2 * 2
+5 +3 2
+9 * 2
-9 * 2
+9 * 2
+2 -3 4
+4 * 4
+4 * 4
+3 * 4
jcnd=2/4 -22 +3 
* * 
+2 +9 2
+3 * 2
jcnd=1/2 +66 * 
* * 
+2 +15 2
+4 * 2
+4 * 2
+4 +1 2
+4 +1 2
+4 * 2
+1 * 2
+1 * 2
+2 * 2
+2 * 2
+38 -17 1
+7 * 1
+3 * 1
jcnd=1/1 -74 +15 
* * 

fl=(25)
fn=(68)
0x1cf90 28 3
+4 +1 3
+3 +3 3
+3 * 3
+3 * 3
jcnd=2/3 +24 +2 
* * 
+2 * 1
jump=1 +57 +17 
* * 
+9 * 82
+4 +13 82
+4 -13 82
+3 * 82
+2 +2 84
+3 * 84
jcnd=75/84 -16 -2 
* * 
+2 +1 9
+4 * 9
jcnd=7/9 -22 -3 
* * 
+2 * 2
+4 * 2
+2 +5 2
+4 -3 2
+4 +3 2
+3 +2 2
+7 +7 1

fl=(60) ./misc/../sysdeps/unix/sysv/linux/mmap64.c
fn=(194) mmap
0x26ca0 47 26
+4 * 26
+3 +3 26
+7 * 26
+2 +8 26
+5 * 26
+2 * 26
+6 * 26
+2 +2 26

fl=(71) ./misc/../sysdeps/unix/syscall-template.S
fn=(234) mprotect
0x26d20 117 9
+4 * 9
+5 * 9
+2 * 9
+6 * 9
+2 +5 9

fn=(540) munmap
0x26cf0 117 1
+4 * 1
+5 * 1
+2 * 1
+6 * 1
+2 +5 1

fl=(59) ./io/../sysdeps/unix/sysv/linux/fstatat64.c
fn=(192) fstatat
0x268d0 153 36
+4 * 36
+3 -55 36
+5 * 36
+2 +70 36
+5 * 36
jcnd=27/36 +13 -1 
* * 
+2 * 9
+2 +1 9
+9 -2 27
+2 * 27
+6 +1 27
+5 * 27

fl=(13)
fn=(100)
0x1fa40 46 1
+4 * 1
+2 * 1
+1 * 1
+1 * 1
+7 +2 1
+7 * 1
+3 * 1
jcnd=1/1 0x1fb18 +40 
* * 
0x1fb09 +85 1
+7 * 1
+1 * 1
+1 * 1
+2 * 1
+4 -45 1
+5 * 1
cfi=(36) ./posix/../sysdeps/unix/syscall-template.S
cfn=(102) uname
calls=1 0x26e60 +32 
* * 6
+5 +15 1
+8 -15 1
+2 * 1
+6 +20 1
+3 -1 1
+2 +3 1
+3 * 1
+3 * 1
+3 * 1
-9 * 2
+3 * 2
+3 * 2
+3 * 2
+2 +4 3
+4 -2 3
+4 * 3
+3 +2 3
+3 * 3
+4 * 3
jcnd=3/3 +40 +7 
* * 
+40 +7 3
+3 -1 3
+4 +4 3
+4 -2 3
+2 +2 3
+3 * 3
jcnd=1/3 +20 +5 
* * 
+2 * 2
+4 * 2
jcnd=2/2 -91 -14 
* * 
+14 +5 1
+4 * 1
jcnd=1/1 0x1fb09 +4 
* * 

fl=(29)
fn=(128)
0x2afa0 199 107
+4 +1 107
+3 +1 107
+3 +1 107
jump=107 +13 +17 
* * 
+13 +17 107
+4 +1 107
jcnd=82/107 +37 360 
* * 
+2 +2 25
+3 +1 25
+4 +1 25
jcnd=8/25 0x2b040 444 
* * 
+2 +2 17
+5 +1 17
+3 +1 17
+5 +2 17
+13 360 82
+3 +1 82
jcnd=58/82 +45 +55 
* * 
+2 +2 24
+3 +4 24
jcnd=9/24 +24 +16 
* * 
+2 +1 15
+3 +1 15
jcnd=13/15 +18 +8 
* * 
+2 +1 2
+2 +1 2
+2 +1 2
+5 +1 2
+5 +2 2
+2 +2 2
* * 13
+1 +6 9
+4 +1 9
+2 +1 9
+4 +1 9
+2 +1 9
+4 +29 58
+5 +1 58
+3 +1 58
+3 +1 58
+5 +1 58
+1 +7 8
+5 +1 8
+5 +1 8
+3 +1 8
+4 +1 8
+5 +1 8
+5 +1 8
+4 +11 8
+7 +1 8
+2 +2 8
+4 +1 8
+4 +1 8
jcnd=8/8 -48 -22 
* * 

fn=(80)
0x2afb0 212 35
+4 +1 35
+3 +6 35
+4 +1 35
jcnd=9/35 +37 360 
* * 
+2 +2 26
+3 +1 26
+4 +1 26
jcnd=14/26 0x2b040 444 
* * 
+2 +2 12
+5 +1 12
+3 +1 12
+5 +2 12
+13 360 9
+3 +1 9
jcnd=7/9 +45 +55 
* * 
+2 +2 2
+3 +4 2
+2 +1 2
+3 +1 2
+2 +1 2
+2 +1 2
jcnd=2/2 +12 +4 
* * 
+12 +4 2
+2 +2 2
+17 +39 7
+5 +1 7
+3 +1 7
+3 +1 7
+5 +1 7
+1 +7 13
+5 +1 13
+5 +1 13
+3 +1 13
+4 +1 13
+5 +1 13
+5 +1 13
+4 +11 14
+7 +1 14
+2 +2 14
+4 +1 14
+4 +1 14
jcnd=13/14 -48 -22 
* * 
+2 +2 1
+4 +1 1
+4 +1 1
+5 +1 1
+5 +1 1
+5 +1 1
+5 +1 1
+3 +1 1
+4 +1 1
+4 +1 1
+4 +1 1
+5 +1 1
+5 +1 1
+5 +1 1
+5 +1 1

fl=(72) ./io/../sysdeps/unix/sysv/linux/pread64_nocancel.c
fn=(238) __pread64_nocancel
0x26b90 25 4
+4 * 4
+3 +1 4
+5 * 4
+2 * 4
+6 * 4
+2 +1 4

fl=(42) ./string/../sysdeps/x86_64/multiarch/../strchr.S
fn=(118) index
0x2a810 23 29
+4 +1 29
+4 +1 29
+2 +1 29
+5 +1 29
+4 +1 29
+5 +1 29
+4 +1 29
+5 +1 29
+6 +1 29
+4 +1 29
+4 +1 29
+4 +1 29
+4 +1 29
+4 +1 29
+4 +1 29
+4 +1 29
+2 +1 29
jcnd=6/29 +27 +14 
* * 
+2 +1 23
+3 +4 23
+5 +1 23
+4 +1 23
+3 +1 23
+4 +2 23
+6 +4 6
+5 +1 6
+4 +1 6
+4 +1 6
+4 +1 6
+4 +1 6
+4 +1 6
+5 +1 6
+4 +1 6
+4 +1 6
+4 +1 6
+4 +1 6
+4 +1 6
+4 +1 6
+5 +1 6
+4 +1 6
+4 +1 6
+4 +1 6
+3 +1 6
+4 +1 6
+4 +1 6
+4 +1 6
+3 +1 6
+3 +1 6
jcnd=6/6 0x2a980 +52 
* * 
0x2a980 +52 6
+4 +4 6
+5 +1 6
+4 +1 6
+3 +1 6
+4 +2 6

fl=(44)
fn=(132)
0x2b1a0 125 11
+4 +1 11
+4 * 11
+3 * 11
+4 * 11
+4 * 11
+5 +6 11
+4 +1 11
jcnd=1/11 0x2b240 368 
* * 
+6 +1 10
+4 +1 10
jcnd=8/10 +20 283 
* * 
+2 +2 2
+5 +1 2
+3 +1 2
+1 +65 4
+4 +1 4
+4 +2 4
+1 +76 8
+3 +1 8
+4 +5 8
+3 +3 8
+4 +1 8
jcnd=4/8 -23 -89 
* * 
+2 +3 4
+4 +1 4
+4 +13 4
+4 +1 4
+7 +2 4
jcnd=1/4 +43 +18 
* * 
+2 +3 3
+4 +3 3
+4 * 3
+9 +3 3
+3 +1 3
+4 +1 3
+4 +1 3
+4 +1 3
+4 +1 3
+3 +1 3
jcnd=3/3 -22 -6 
* * 
-22 -6 82
+3 +1 82
+4 +1 82
+4 +1 82
+4 +1 82
+4 +1 82
+3 +1 82
jcnd=79/82 -22 -6 
* * 
+2 +3 4
+3 +1 4
+4 +1 4
+4 +1 4
+4 +5 4
+9 +29 1
+5 +1 1
+3 +1 1
jcnd=1/1 +24 +32 
* * 
+24 +32 1
+3 +1 1
+5 +1 1

fl=(8)
fn=(14)
0x13530 25 7
+4 +3 7
+7 -3 7
+3 +3 7
+3 * 7
+2 +3 7
+4 * 7
+7 * 7
+2 +1 7
+2 * 7
+6 +2 7
+3 -1 7
+4 +3 7
+3 * 7
+2 * 7
+6 +1 7
+6 +4 7
+2 -3 7
+4 +7 7
+3 -4 7
+4 -3 7
+3 +2 7
+5 * 7
+5 +5 7
+4 -5 7
+4 -2 7
+6 +7 7
+7 -5 7
+7 +10 7

fl=(19) ./elf/../sysdeps/x86/dl-cacheinfo.h
fn=(46) handle_intel.constprop.0
0x18f10 255 12
+7 * 12
+6 -5 12
+2 * 12
+2 +16 12
+6 -16 12
+2 * 12
+2 * 12
+1 * 12
+2 * 12
+1 * 12
+4 +13 12
+5 +1 12
+5 * 12
+5 * 12
+5 -3 12
+8 * 12
jump=12 +12 +11 
* * 
+12 +11 12
+5 * 12
+2 * 12
+4 * 12
+3 * 12
+2 +5 12
+4 * 12
+2 +2 12
+3 +1 12
+3 -1 12
+4 +5 12
+3 * 12
+3 * 12
+2 * 12
cfn=(48) intel_check_word.constprop.0
calls=12 0x18c10 123 
* * 3876
+5 +2 12
+3 * 12
+2 +3 12
+3 * 12
+3 * 12
+2 * 12
+2 * 12
cfn=(48)
calls=12 0x18c10 123 
* * 1156
+5 +2 12
+3 * 12
jcnd=11/12 +75 +19 
* * 
+2 +3 1
+3 * 1
+3 * 1
+3 * 1
+2 * 1
cfn=(48)
calls=1 0x18c10 123 
* * 20
+5 +2 1
+3 * 1
+2 +3 1
+4 * 1
+3 * 1
+3 * 1
+2 * 1
cfn=(48)
calls=1 0x18c10 123 
* * 255
+5 +2 1
+3 * 1
+2 -35 1
+4 * 1
+5 * 1
+2 +39 1
+6 * 1
+3 * 1
jcnd=1/1 +10 +5 
* * 
+10 +5 12
+4 * 12
+1 * 12
+1 * 12
+2 * 12
+2 * 12
+2 * 12
+2 * 12

fn=(52) get_common_cache_info.constprop.0
0x18780 481 1
+2 +17 1
+6 -17 1
+3 * 1
+3 * 1
+2 * 1
+3 +16 1
+7 -16 1
+2 +15 1
+7 -15 1
+2 * 1
+1 * 1
+1 +18 1
+3 -1 1
+4 +9 1
+6 * 1
+4 +3 1
+3 * 1
+6 * 1
+5 +11 1
+2 -11 1
+5 -5 1
+8 +21 1
+6 * 1
+6 * 1
+2 +4 1
+4 * 1
jcnd=1/1 +89 +5 
* * 
+21 681 1
+3 * 1
+2 * 1
+2 * 1
+2 +1 1
+3 * 1
+2 * 1
+2 * 1
+3 * 1
+3 +4 1
+5 * 1
jcnd=1/1 +23 +9 
* * 
+23 +9 1
+1 * 1
+1 -2 1
+3 +2 1
+2 * 1
+2 -1 1
+3 +1 1
+2 * 1
+2 * 1
+2 535 1
+5 * 1
+2 * 1
jcnd=1/1 +12 * 
* * 
+12 * 1
+2 * 1
+5 * 1
+5 +3 1
+3 * 1
+5 * 1
+6 * 1
+6 * 1
+5 * 1
+4 * 1
+3 * 1
+2 +7 1
+2 * 1
-11 -7 3
+4 * 3
+3 * 3
+2 +7 3
+2 * 3
+6 +3 4
+2 * 4
+3 * 4
+3 * 4
+3 * 4
jcnd=1/4 0x18950 +5 
* * 
+6 * 3
+3 * 3
jcnd=2/3 +43 -10 
* * 
+2 +14 1
+4 * 1
+2 +4 1
+3 +3 1
+2 +1 1
+3 -4 1
+5 * 1
+2 +3 1
+2 * 1
+3 * 1
+4 +6 1
+2 * 1
jcnd=1/1 0x18970 -68 
* * 
+9 -37 3
+3 * 3
jump=3 -83 * 
* * 
0x18950 +15 1
+4 * 1
+6 +4 1
+3 +1 1
+3 -1 1
+5 * 1
+2 +18 1
+2 * 1
jcnd=1/1 0x188c8 -37 
* * 
+7 -68 1
+4 * 1
+3 * 1
+5 * 1
+5 * 1
+5 * 1
+3 +74 1
+2 * 1
+6 * 1
+4 * 1
+6 +8 1
+2 * 1
+6 * 1
+3 * 1
+3 * 1
+4 * 1
+3 * 1
+3 +2 1
+2 * 1
+6 +4 1
+5 * 1
+2 * 1
+2 +2 1
+3 +2 1
+6 * 1
+2 * 1
+2 * 1
+2 * 1
+5 -4 1
+5 +16 1
+6 -16 1
+3 * 1
+6 * 1
jcnd=1/1 +56 +6 
* * 
+12 +21 1
+6 * 1
jcnd=1/1 0x18ae0 +3 
* * 
+6 -21 1
+4 * 1
+3 * 1
+2 * 1
+2 +3 1
+6 +1 1
+6 * 1
+2 * 1
+2 * 1
+2 -4 1
+3 +6 1
+6 * 1
jcnd=1/1 -50 +15 
* * 
-6 * 1
+6 * 1
+2 +3 1
+4 * 1
+2 +5 1
+3 +2 1
+3 * 1
+3 +1 1
+3 +1 1
+3 -2 1
+2 * 1
+2 +1 1
+2 -19 1
+2 * 1
jcnd=1/1 -69 +2 
* * 
-2 * 1
+2 * 1
+2 * 1
+3 +46 1
+2 * 1
+6 +1 1
+3 +1 1
+2 * 1
+6 +2 1
+5 * 1
+6 -1 1
+3 * 1
+5 * 1
jump=1 0x187fc +39 
* * 
0x18ae0 -23 1
+4 * 1
+6 +7 1
+3 +2 1
+3 * 1
+3 -16 1
+3 +22 1
+3 -6 1
+2 * 1
+2 +1 1
+2 +5 1
jump=1 0x18a47 -41 
* * 

fn=(48)
0x18c10 123 26
+2 * 26
+6 * 26
+3 -4 26
+2 * 26
+2 * 26
+1 +10 26
+7 * 26
+3 * 26
+5 * 26
+4 -10 26
+1 +10 26
+4 * 26
+4 +2 26
+2 * 26
jcnd=1/26 0x18d09 -6 
* * 
+6 +71 25
+7 * 25
+3 * 25
+7 * 25
+4 * 25
+7 * 25
+3 * 25
+3 * 25
jump=25 +32 -69 
* * 
+23 -71 51
+3 * 51
jcnd=13/51 0x18d09 -6 
* * 
+6 +2 63
+4 +2 63
+4 * 63
+2 +8 63
+5 * 63
jcnd=12/63 0x18d21 +12 
* * 
+6 +51 51
+3 * 51
jcnd=51/51 +23 +22 
* * 
+23 +22 51
fi=(20) ./elf/../bits/stdlib-bsearch.h
+3 28 51
+5 -1 51
+2 * 51
+1 +4 51
+4 * 51
+3 +1 51
fe=(19)
+4 +78 51
+3 * 51
fi=(20)
-14 -79 38
+4 * 38
+3 +1 38
fe=(19)
+4 +78 38
+3 * 38
+2 +3 345
jfi=(20)
jcnd=63/345 +64 -76 
* * 
fi=(20)
+2 -84 282
+3 * 282
jfi=(19)
jcnd=26/282 -88 131 
* * 
+2 * 256
+3 +2 256
+4 * 256
+3 +1 256
fe=(19)
+4 +78 256
+3 * 256
jcnd=256/256 -24 +3 
* * 
+33 +15 15
+2 246 15
+1 * 15
+1 * 15
+2 * 15
-4 * 11
+1 * 11
+1 * 11
+2 * 11
fi=(20)
+1 37 63
+4 -8 63
+3 * 63
jcnd=38/63 -87 +2 
* * 
+2 * 25
jfi=(19)
jump=25 0x18c7d 131 
* * 
fe=(19)
+8 155 12
+5 * 12
+2 * 12
+2 +3 12
+2 * 12
+3 * 12
+2 -6 12
+2 * 12
+4 * 12
jcnd=3/12 0x18ee0 +3 
* * 
+6 * 9
+3 * 9
jcnd=2/9 0x18ea0 +3 
* * 
+6 +3 7
+6 * 7
jump=7 +26 +7 
* * 
+4 +9 7
+3 * 7
+2 +23 19
+3 -32 19
+3 * 19
+2 * 19
+2 +3 19
+2 * 19
+3 * 19
jcnd=1/19 -91 -33 
* * 
+2 +4 25
+3 * 25
+3 +2 25
+3 * 25
+4 * 25
+3 * 25
jcnd=7/25 -38 * 
* * 
+2 +2 18
+3 * 18
jcnd=11/18 +7 +2 
* * 
+2 * 7
+3 * 7
jcnd=7/7 -43 +21 
* * 
+2 +2 11
+3 * 11
jcnd=4/11 0x18e28 +1 
* * 
+6 * 7
+4 * 7
jcnd=4/7 0x18e28 +1 
* * 
+6 +4 11
+7 +2 11
+3 * 11
jcnd=4/11 +79 +2 
* * 
+2 +6 7
+3 * 7
jcnd=3/7 0x18e50 +1 
* * 
+6 +3 4
+3 * 4
+6 +1 4
+6 * 4
+4 * 4
jump=4 0x18d0b +62 
* * 
+49 -8 4
+2 +2 4
+2 -1 4
+3 -1 4
+3 +2 4
+6 * 4
+3 -2 4
+3 +3 4
+3 * 4
+3 * 4
+3 -2 4
+2 * 4
+6 * 4
+3 +2 4
+3 * 4
jump=4 0x18d0b +67 
* * 
+13 -10 8
+3 * 8
jcnd=4/8 +12 +1 
* * 
+2 * 4
+4 * 4
jcnd=3/4 0x18d95 +3 
* * 
+6 +1 5
+3 * 5
jcnd=5/5 0x18d55 +17 
* * 
+22 +11 3
+2 * 3
+3 * 3
+3 * 3
jump=3 0x18d0b +65 
* * 
+72 -26 2
+5 * 2
jump=2 +26 +7 
* * 
+2 +9 2
+2 * 2
+2 +23 2
+3 -32 2
+2 * 2
+2 * 2
+2 +3 2
+2 * 2
+3 * 2
+6 +4 4
+3 * 4
+3 +2 4
+3 * 4
+3 * 4
+3 * 4
jcnd=2/4 -39 * 
* * 
+2 +2 2
+3 * 2
+2 * 2
+2 * 2
jcnd=2/2 0x18d95 +6 
* * 
+9 -11 3
+5 +7 3
+3 * 3
+3 +2 3
+3 * 3
+2 * 3
+3 * 3
jcnd=3/3 0x18d95 +8 
* * 

fl=(36)
fn=(102)
0x26e60 120 1
+4 * 1
+5 * 1
+2 * 1
+6 * 1
+2 +2 1

fl=(43) ./string/../sysdeps/x86_64/memcmp.S
fn=(124) bcmp
0x2a410 22 1
+4 +5 1
+3 +1 1
+6 +1 1
+4 +1 1
+6 +1 1
+3 +1 1
+3 +1 1
+4 +1 1
+6 +3 1
+7 +1 1
+2 +1 1
+3 +1 1
+4 +1 1
+4 +1 1
+6 +1 1
+4 +1 1
+2 +1 1
+6 +2 1
+7 +1 1
jcnd=1/1 +23 +17 
* * 
+23 +17 1
+7 +1 1
jcnd=1/1 +21 +17 
* * 
+21 +17 1
+7 +1 1
+2 +1 1
+3 +1 1
+4 +1 1
+4 +4 1
jcnd=1/1 +63 +47 
* * 
+63 +47 1
+3 +1 1
+2 +1 1
+3 +1 1
+3 +1 1
+4 +1 1
+4 +1 1
+4 +1 1
+3 +1 1
+3 +1 1
+3 +1 1
+3 +1 1
+2 +1 1

fl=(38) ./elf/./elf/dl-hwcaps.c
fn=(108) _dl_important_hwcaps
0x1d480 175 1
+4 * 1
+1 * 1
+3 * 1
+2 * 1
+2 +1 1
+4 -1 1
+2 * 1
+2 * 1
+1 * 1
+3 * 1
+7 * 1
+7 +1 1
+5 -1 1
+7 +1 1
+3 -1 1
+7 +1 1
+2 -1 1
+7 +1 1
+4 * 1
cfi=(10)
cfn=(24)
calls=1 0x17d70 405 
* * 21
+5 * 1
+4 +2 1
+7 * 1
+7 +1 1
+2 * 1
+8 * 1
+3 +26 1
+3 * 1
+3 -26 1
+4 +25 1
cfi=(39) ./elf/../sysdeps/x86_64/dl-hwcaps-subdirs.c
cfn=(110) _dl_hwcaps_subdirs_active
calls=1 0x1dff0 29 
* * 47
fi=(40) ./elf/./dl-hwcaps.h
+5 54 1
fe=(38)
+4 205 1
+2 -1 1
fi=(40)
+6 56 1
+8 +32 1
+7 +1 1
+8 +1 1
jfi=(38)
jump=1 +27 -35 
* * 
fe=(38)
+27 -35 1
+3 * 1
cfi=(41) ./elf/./elf/dl-hwcaps_split.c
cfn=(116) _dl_hwcaps_split_masked
calls=1 0x1e220 -4 
* * 13
+5 * 1
+2 * 1
fi=(40)
+2 -1 1
+7 +2 1
+8 * 1
+4 -2 1
+4 +34 1
+6 * 1
+3 +1 1
+7 * 1
+4 +1 1
jfi=(38)
jump=1 +25 -35 
* * 
fe=(38)
+7 -32 2
+4 -1 2
+4 +1 2
+3 +1 2
+3 -1 2
+4 -3 2
+3 * 2
cfi=(41)
cfn=(116)
calls=2 0x1e220 -4 
* * 114
-3 * 1
+3 * 1
cfi=(41)
cfn=(116)
calls=1 0x1e220 -4 
* * 122
+5 * 3
+2 * 3
jcnd=2/3 -28 +3 
* * 
+2 +48 1
+3 * 1
+4 * 1
+7 * 1
+4 * 1
fi=(28)
+7 -47 1
cfi=(27)
cfn=(76)
calls=1 0xd3d0 -21 
* * 25
fe=(38)
+6 +47 1
+7 +2 1
+3 * 1
+6 +3 1
+6 * 1
fi=(40)
+4 -52 1
fe=(38)
+8 +55 1
+2 -3 1
fi=(40)
+6 -54 1
+7 * 1
+4 +3 1
jfi=(38)
jump=1 +52 +58 
* * 
fe=(38)
+52 +58 1
+3 * 1
cfi=(41)
cfn=(122) _dl_hwcaps_split
calls=1 0x1e0c0 -90 
* * 12
+5 * 1
+2 * 1
fi=(40)
+2 -61 1
+7 +2 1
+8 * 1
+4 -2 1
+4 +34 1
+6 * 1
+3 +1 1
+7 * 1
+4 +1 1
jfi=(38)
jump=1 +57 +38 
* * 
fe=(38)
+11 +40 2
+4 * 2
+3 +1 2
+5 -1 2
+4 * 2
+7 * 2
+3 +2 2
+3 +1 2
+4 -2 2
+4 * 2
+4 * 2
+5 -3 2
+3 * 2
cfi=(41)
cfn=(116)
calls=2 0x1e220 -77 
* * 114
-3 * 1
+3 * 1
cfi=(41)
cfn=(116)
calls=1 0x1e220 -77 
* * 122
+5 * 3
+2 * 3
jcnd=2/3 -56 +2 
* * 
+2 +8 1
+7 * 1
+6 +9 1
+6 -15 1
+7 +15 1
+8 * 1
+4 -15 1
+4 +15 1
+4 * 1
+2 * 1
+6 * 1
+4 * 1
+3 * 1
+4 * 1
+4 * 1
+1 +9 1
+4 * 1
+4 +4 1
+4 * 1
+3 * 1
+3 * 1
+3 * 1
+4 * 1
+3 * 1
cfi=(43)
cfn=(124)
calls=1 0x2a410 22 
* * 41
+5 +1 1
+2 * 1
+2 +1 1
jcnd=1/1 +7 +4 
* * 
+7 +4 1
+5 +1 1
+4 * 1
+5 +1 1
+3 -20 1
+4 * 1
+4 +19 1
+3 +1 1
+5 -20 1
+4 * 1
+2 -1 1
+5 * 1
+4 * 1
+4 * 1
+2 +70 1
+7 +1 1
+7 +4 1
+5 -5 1
+4 * 1
+7 +1 1
+8 * 1
+3 * 1
+4 * 1
+4 +4 1
+2 * 1
+8 -4 1
+7 +4 1
+6 * 1
+7 * 1
+4 * 1
+3 +1 1
+3 -1 1
+3 +1 1
+3 * 1
+3 +1 1
+4 * 1
+4 -2 1
+4 * 1
+3 * 1
+3 * 1
+3 * 1
jcnd=1/1 -33 +1 
* * 
-33 +1 1
+3 -1 1
+3 +1 1
+3 * 1
+3 +1 1
+4 * 1
+4 -2 1
+4 * 1
+3 * 1
+3 * 1
+3 * 1
+2 +5 1
+3 +3 1
+3 * 1
+4 -3 1
+4 * 1
+4 +3 1
+4 * 1
+7 * 1
+4 * 1
+3 * 1
+7 * 1
+3 * 1
+3 * 1
jcnd=1/1 +23 * 
* * 
+23 * 1
+5 * 1
+3 * 1
+3 * 1
jcnd=1/1 0x1de3d * 
* * 
+6 * 1
+5 * 1
+2 * 1
+7 +7 1
+6 -7 1
+4 * 1
+4 +2 1
+3 * 1
+7 * 1
+6 +1 1
+4 * 1
jcnd=1/1 +91 -1 
* * 
-4 * 1
+4 * 1
+2 +2 1
fi=(263) ./elf/../sysdeps/x86/dl-hwcap.h
+3 57 1
fe=(38)
+3 233 1
+4 * 1
fi=(263)
+4 57 1
fe=(38)
+8 233 1
+4 * 1
fi=(263)
+3 57 1
fe=(38)
+3 233 1
+3 +1 1
cfi=(22) ./string/../sysdeps/x86_64/multiarch/strlen-vec.S
cfn=(60) strlen
calls=1 0x2aa40 41 
* * 17
+5 +1 1
+3 +1 1
+4 -6 1
+4 +4 1
+4 +1 1
+3 -5 1
+4 +5 1
+3 +1 1
+4 -1 1
+3 * 1
+3 -5 1
+3 * 1
jcnd=1/1 +17 +10 
* * 
+11 * 1
+4 * 1
jump=1 -99 +1 
* * 
+2 +10 1
+3 * 1
+4 * 1
+3 -2 1
+7 * 1
+3 * 1
+2 +2 1
+3 +1 1
+7 +1 1
+4 -1 1
+4 +4 1
+3 * 1
+4 * 1
+4 * 1
+7 +1 1
+8 -1 1
+3 +4 1
+4 * 1
+6 +4 1
+4 -1 1
+5 +1 1
+4 * 1
+7 * 1
+3 * 1
+7 -1 1
+6 * 1
+5 +4 1
+4 * 1
+7 * 1
+5 +1 1
+4 * 1
+4 * 1
jcnd=1/1 0x1dd5e +2 
* * 
+12 +19 1
+7 * 1
+5 * 1
+7 * 1
+2 * 1
+3 * 1
+6 * 1
+7 * 1
+7 * 1
+3 * 1
+3 +6 1
+4 * 1
fi=(28)
+4 56 1
cfi=(27)
cfn=(76)
calls=1 0xd3d0 -21 
* * 25
+6 * 1
fe=(38)
+7 283 1
+3 * 1
+6 +8 1
fi=(40)
+3 54 1
+7 +2 1
+8 +34 1
+3 -2 1
+7 * 1
fe=(38)
+4 -5 1
+10 291 1
fi=(40)
+4 54 1
+4 +35 1
fe=(38)
+8 291 1
fi=(40)
+4 90 1
jfi=(38)
jump=1 +68 -10 
* * 
fe=(38)
+68 -10 1
+3 * 1
cfi=(41)
cfn=(116)
calls=1 0x1e220 -29 
* * 13
+5 * 1
+2 * 1
fi=(40)
+2 -26 1
+7 * 1
+4 +2 1
fe=(38)
+8 +27 1
fi=(40)
+10 -29 1
+4 +34 1
+6 * 1
+3 +1 1
+7 * 1
+4 +1 1
jfi=(38)
jump=1 +71 -10 
* * 
fe=(38)
+12 -8 2
+3 +1 2
+4 * 2
+4 +7 2
+4 -7 2
+4 * 2
+3 * 2
+8 * 2
+5 * 2
cfi=(29)
cfn=(128)
calls=2 0x2afa0 199 
* * 26
+5 +4 2
+3 +2 2
+4 +2 2
+4 -2 2
+4 * 2
+4 -9 2
+3 * 2
cfi=(41)
cfn=(116)
calls=2 0x1e220 -29 
* * 114
-3 * 1
+3 * 1
cfi=(41)
cfn=(116)
calls=1 0x1e220 -29 
* * 122
+5 * 3
+2 * 3
jcnd=2/3 -69 +2 
* * 
+2 304 1
+5 +2 1
+3 -2 1
+6 -48 1
+4 * 1
+7 +72 1
+4 -72 1
+5 376 1
+6 * 1
+3 +13 1
+5 * 1
+2 -58 1
+5 +45 1
+6 +13 1
+6 -58 1
+6 -75 1
+5 +82 1
+7 +10 1
+7 * 1
+3 -92 1
+4 +88 1
+4 +4 1
+3 * 1
+6 * 1
+7 -4 1
+4 +3 1
+4 * 1
+4 * 1
+4 * 1
+4 * 1
+4 * 1
+4 * 1
+6 -3 1
+4 * 1
+4 -3 1
+4 +3 1
cfi=(29)
cfn=(128)
calls=1 0x2afa0 199 
* * 18
-12 * 1
+4 * 1
+4 -3 1
+4 +3 1
cfi=(29)
cfn=(128)
calls=1 0x2afa0 199 
* * 18
+5 * 2
+4 +3 2
+4 -3 2
+3 * 2
+4 +3 2
jump=2 +18 +1 
* * 
+8 * 1
+4 * 1
+4 * 1
jcnd=1/1 +47 +5 
* * 
+2 +1 2
+3 * 2
+2 * 2
+2 * 2
+3 * 2
+3 * 2
jcnd=1/2 -23 -1 
* * 
+2 +1 1
+4 * 1
+4 -2 1
+4 +2 1
cfi=(29)
cfn=(128)
calls=1 0x2afa0 199 
* * 15
+5 * 1
+3 * 1
+4 -2 1
+4 * 1
+2 +5 2
+4 * 2
+3 * 2
+3 * 2
cfi=(29)
cfn=(128)
calls=2 0x2afa0 199 
* * 30
+5 * 2
+3 * 2
+4 +2 2
+3 * 2
jcnd=1/2 0x1db40 -10 
* * 
+2 * 1
+7 +5 1
+7 * 1
+5 * 1
+3 * 1
+3 * 1
+3 * 1
+10 +1 1
+8 -1 1
+4 * 1
+3 * 1
jcnd=1/1 -15 +1 
* * 
-15 +1 7
+8 -1 7
+4 * 7
+3 * 7
jcnd=6/7 -15 +1 
* * 
+2 * 1
+7 * 1
+3 * 1
+6 * 1
+4 +5 1
+6 * 1
+3 * 1
+4 * 1
+4 * 1
+10 * 1
+4 * 1
+3 * 1
+3 * 1
+3 * 1
+2 * 1
+3 +4 1
+4 -1 1
+4 +1 1
+3 * 1
-29 -4 2
+4 * 2
+3 * 2
+3 * 2
+3 * 2
+2 * 2
+3 +4 2
+4 -1 2
+4 +1 2
+3 * 2
-11 * 9
+4 -1 9
+4 +1 9
+3 * 9
jcnd=5/9 +32 -1 
* * 
+2 +1 12
+4 * 12
+4 -1 12
+4 -1 12
+4 +2 12
+5 * 12
+4 -1 12
+3 * 12
jcnd=5/12 -28 +1 
* * 
+2 -1 12
+3 * 12
jcnd=9/12 -46 +1 
* * 
+2 +4 3
+4 * 3
+3 * 3
jcnd=2/3 -73 -7 
* * 
+2 +3 1
+6 +2 1
+7 * 1
+5 -1 1
+4 -1 1
+3 +2 1
+3 -2 1
+3 +2 1
+3 * 1
+2 -1 1
+3 +1 1
+3 * 1
+3 +2 1
+4 * 1
+4 * 1
-8 * 1
+4 * 1
+4 * 1
jcnd=1/1 0x1dd30 +3 
* * 
+6 +1 1
+4 * 1
+4 +3 1
+4 * 1
+4 -6 1
+3 * 1
jcnd=1/1 -33 +2 
* * 
+2 +6 1
+3 * 1
+4 * 1
+4 +7 1
+6 * 1
+4 * 1
+2 * 1
+4 * 1
+3 * 1
+4 * 1
+3 * 1
+4 +1 1
+4 -1 1
+3 * 1
+4 +3 1
+4 * 1
jcnd=1/1 -19 -3 
* * 
-19 -3 3
+4 +1 3
+4 -1 3
+3 * 3
+4 +3 3
+4 * 3
jcnd=2/3 -19 -3 
* * 
+2 +3 1
+4 * 1
+7 * 1
+3 * 1
+4 -80 1
+7 * 1
+3 +86 1
+7 * 1
+4 * 1
+1 * 1
+2 * 1
+2 * 1
+2 * 1
+2 * 1
+1 * 1
+10 -20 1
+4 +1 1
+4 * 1
+4 -6 1
+3 * 1
+6 * 1
jump=1 0x1dcbb +6 
* * 
+25 259 1
+4 * 1
+3 +1 1
+4 * 1
jcnd=1/1 0x1df76 * 
* * 
0x1ddd0 +1 1
+4 * 1
+4 * 1
+5 * 1
+5 -1 1
+4 * 1
+4 * 1
jcnd=1/1 0x1df33 +2 
* * 
+66 +12 1
+6 * 1
+3 * 1
+3 * 1
jump=1 0x1d941 +4 
* * 
+5 -44 1
+6 * 1
jump=1 0x1d814 * 
* * 
0x1df33 +34 1
+5 * 1
+6 * 1
+10 * 1
jump=1 0x1de2c +10 
* * 
+46 -2 1
+5 * 1
+5 * 1
jump=1 0x1ddd0 +1 
* * 

fl=(151)
fn=(502)
0x1e7e0 30 1
+4 * 1
+2 +10 1
+7 * 1
+6 * 1
+5 -10 1
+1 +10 1
+3 * 1
+7 -10 1
+1 +7 1
+7 +3 1
+3 * 1
cfi=(152) ./elf/./elf/dl-lookup-direct.c
cfn=(504) _dl_lookup_direct
calls=1 0xd0b0 +34 
* * 175
+5 +4 1
+3 * 1
+6 +1 1
+3 * 1
+4 * 1
+5 * 1
+2 * 1
+3 * 1
+2 * 1
+3 * 1
+4 +2 1
+6 * 1
+3 * 1
+3 -2 1
+7 +2 1
+7 * 1
+5 * 1
cfi=(152)
cfn=(504)
calls=1 0xd0b0 +27 
* * 198
+5 +4 1
+3 * 1
+2 +1 1
+5 * 1
+2 * 1
+3 * 1
+2 * 1
+3 * 1
+4 +1 1
+1 * 1
+1 -1 1
+7 +1 1
+2 * 1

fl=(53) ./setjmp/../sysdeps/x86_64/setjmp.S
fn=(168) __sigsetjmp
0x26ef0 30 12
+4 +2 12
+3 +9 12
+3 +1 12
+7 * 12
+4 +1 12
+4 +4 12
+4 +1 12
+4 +1 12
+4 +1 12
+4 +1 12
+5 +2 12
+7 * 12
+4 +2 12
+4 +1 12
+4 +1 12
+1 +2 12
+7 * 12
+4 +2 12
+4 +8 12
+2 +3 12
+5 +1 12
+4 +7 12
+2 +1 12

fl=(78)
fn=(272)
0x10d60 194 7
+4 * 7
+1 +14 7
+3 -14 7
+3 * 7
+2 * 7
+2 * 7
+3 * 7
+2 * 7
+2 * 7
+1 * 7
+2 * 7
+7 +16 7
+6 -16 7
+7 * 7
+6 +14 7
+7 +2 7
+2 * 7
+3 +3 7
+6 -1 7
+7 +1 7
+2 * 7
jcnd=7/7 +80 +19 
* * 
+80 +19 7
+8 * 7
+6 +6 7
+6 * 7
+7 * 7
+3 * 7
+3 * 7
jcnd=7/7 0x11118 +1 
* * 
+6 -34 6
+3 * 6
+4 +38 6
+2 * 6
+6 +7 6
+7 * 6
+7 * 6
+3 * 6
fi=(6)
+6 71 6
+8 * 6
jfi=(78)
jcnd=1/6 0x10ec0 288 
* * 
+2 * 5
+3 * 5
jfi=(78)
jcnd=1/5 0x10ec0 288 
* * 
+2 +6 4
+4 * 4
+4 * 4
+8 * 4
jcnd=4/4 +5 +4 
* * 
+5 +4 4
+4 * 4
+3 * 4
+6 +14 4
+6 -8 4
+4 +8 4
+2 * 4
+6 +20 4
+8 * 4
+6 +4 4
+7 * 4
+7 * 4
+7 * 4
+6 * 4
+4 -2 4
+4 * 4
fe=(78)
+1 288 4
+4 * 4
+4 * 4
+3 * 4
+4 * 4
+4 * 4
+4 * 4
+4 * 4
+3 * 4
-30 * 3
+4 * 3
+4 * 3
+3 * 3
+4 * 3
+4 * 3
+4 * 3
+4 * 3
+3 * 3
+6 * 7
+4 * 7
+8 * 7
+4 * 7
+4 * 7
+7 * 7
+4 * 7
+5 * 7
+7 * 7
+5 * 7
+4 * 7
+4 * 7
+4 * 7
+3 * 7
+2 * 7
+4 * 7
+4 * 7
+8 * 7
jcnd=1/7 +93 * 
* * 
+2 * 6
+7 * 6
+8 * 6
+4 * 6
+4 * 6
+4 * 6
+4 * 6
+4 * 6
+5 * 6
+5 * 6
+4 * 6
+4 * 6
+3 * 6
jcnd=6/6 +13 * 
* * 
+13 * 6
+3 * 6
jcnd=4/6 +11 * 
* * 
+2 * 2
+3 * 2
jcnd=2/2 0x11e67 * 
* * 
+6 * 4
+4 * 4
+4 * 4
+4 -83 4
fi=(6)
+6 474 4
+3 * 4
+3 * 4
+7 * 4
fe=(78)
+4 205 4
+6 * 4
+7 +83 4
+7 * 4
fi=(5)
+3 49 4
fe=(78)
+4 288 4
fi=(5)
+4 60 4
+3 -11 4
+3 * 4
+7 +11 4
+2 * 4
jcnd=4/4 0x112d0 +26 
* * 
fe=(78)
-73 288 3
+4 -83 3
fi=(6)
+6 474 3
+3 * 3
+3 * 3
+7 * 3
fe=(78)
+4 205 3
+6 * 3
+7 +83 3
+7 * 3
fi=(5)
+3 49 3
fe=(78)
+4 288 3
fi=(5)
+4 60 3
+3 -11 3
+3 * 3
+7 +11 3
+2 * 3
jcnd=3/3 0x112d0 +26 
* * 
fe=(78)
-33 288 7
+7 * 7
fi=(5)
+3 49 7
fe=(78)
+4 288 7
fi=(5)
+4 60 7
+3 -11 7
+3 * 7
+7 +11 7
+2 * 7
jcnd=3/7 0x112d0 +26 
* * 
+6 -7 4
+3 -1 4
+2 +11 4
+3 * 4
+6 * 4
+3 * 4
+3 * 4
+3 * 4
+7 * 4
+3 * 4
jump=4 +52 +2 
* * 
fi=(6)
+6 545 1116
+4 * 1116
+3 +4 1116
+4 * 1116
+6 +3 1116
+7 * 1116
+3 * 1116
+6 +1 1116
fi=(5)
+4 63 1116
+4 * 1116
+3 * 1116
jcnd=2/1116 +33 +13 
* * 
+2 +2 1173
+5 * 1173
+2 * 1173
+3 * 1173
jfi=(6)
jcnd=1116/1173 -56 545 
* * 
+2 +2 57
+3 * 57
+3 * 57
+4 -4 57
+4 * 57
+3 * 57
jcnd=55/57 -29 +2 
* * 
+2 +13 4
+3 * 4
+3 * 4
+3 * 4
+3 * 4
+3 * 4
jfi=(78)
jcnd=2/4 +65 288 
* * 
+2 +1 2
+3 * 2
+2 * 2
+6 * 2
+3 * 2
+3 * 2
+2 * 2
+6 * 2
+1 +1 2
+4 * 2
-4 * 55
+4 * 55
fi=(6)
+2 545 57
+3 +34 57
+4 * 57
+4 +2 57
cob=(4) /usr/lib/x86_64-linux-gnu/libm.so.6
cfi=(134) ./math/../sysdeps/x86_64/fpu/multiarch/s_sin.c
cfn=(476) sin
calls=1 0x2e760 27 
* * 9
cob=(4)
cfi=(146) ./math/../sysdeps/x86_64/fpu/multiarch/e_atan2.c
cfn=(472) __atan2_finite@GLIBC_2.15
calls=1 0x25ab0 26 
* * 9
cob=(4)
cfi=(145) ./math/../sysdeps/x86_64/fpu/multiarch/e_exp2f.c
cfn=(468) exp2f@@GLIBC_2.27
calls=1 0x468e0 27 
* * 9
cob=(4)
cfi=(142) ./math/../sysdeps/x86_64/fpu/multiarch/e_asin.c
cfn=(464) __asin_finite@GLIBC_2.15
calls=1 0x24f20 27 
* * 8
cob=(4)
cfi=(144) ./math/../sysdeps/x86_64/fpu/multiarch/s_fma.c
cfn=(462) fma
calls=1 0x31000 49 
* * 6
cob=(4)
cfi=(143) ./math/../sysdeps/x86_64/fpu/multiarch/s_sinf.c
cfn=(458) sinf
calls=1 0x3f9c0 26 
* * 9
cob=(4)
cfi=(142)
cfn=(454) __acos_finite@GLIBC_2.15
calls=1 0x24f60 35 
* * 8
cob=(4)
cfi=(141) ./math/../sysdeps/x86_64/fpu/multiarch/e_log.c
cfn=(450) __log_finite@GLIBC_2.15
calls=1 0x294c0 27 
* * 9
cob=(4)
cfi=(140) ./math/../sysdeps/x86_64/fpu/multiarch/e_log2f.c
cfn=(446) log2f@@GLIBC_2.27
calls=1 0x40020 27 
* * 9
cob=(4)
cfi=(138) ./math/../sysdeps/x86_64/fpu/multiarch/e_pow.c
cfn=(442) __pow_finite@GLIBC_2.15
calls=1 0x29d80 27 
* * 8
cob=(4)
cfi=(137) ./math/../sysdeps/x86_64/fpu/multiarch/e_powf.c
cfn=(438) powf@@GLIBC_2.27
calls=1 0x3d110 30 
* * 9
cob=(4)
cfi=(136) ./math/../sysdeps/x86_64/fpu/multiarch/s_sincosf.c
cfn=(434) sincosf
calls=1 0x400f0 26 
* * 9
cob=(4)
cfi=(135) ./math/../sysdeps/x86_64/fpu/multiarch/e_logf.c
cfn=(430) logf@@GLIBC_2.27
calls=1 0x3cc00 27 
* * 9
cob=(4)
cfi=(134)
cfn=(426) cos
calls=1 0x2e7b0 34 
* * 9
cob=(4)
cfi=(133) ./math/../sysdeps/x86_64/fpu/multiarch/e_expf.c
cfn=(422) expf@@GLIBC_2.27
calls=1 0x391b0 27 
* * 9
cob=(4)
cfi=(131) ./math/../sysdeps/x86_64/fpu/multiarch/e_exp.c
cfn=(418) __exp_finite@GLIBC_2.15
calls=1 0x25fd0 27 
* * 9
cob=(4)
cfi=(129) ./math/../sysdeps/x86_64/fpu/multiarch/s_cosf.c
cfn=(414) cosf
calls=1 0x3e4b0 26 
* * 9
cob=(3) /usr/lib/x86_64-linux-gnu/libc.so.6
cfi=(128) ./string/../sysdeps/x86_64/multiarch/rawmemchr.c
cfn=(408) rawmemchr
calls=1 0xaaf80 31 
* * 23
cob=(3)
cfi=(127) ./string/../sysdeps/x86_64/multiarch/strncase.c
cfn=(406) strncasecmp
calls=1 0xa9ac0 31 
* * 7
cob=(3)
cfi=(126) ./string/../sysdeps/x86_64/multiarch/mempcpy.c
cfn=(402) mempcpy
calls=1 0xa97d0 33 
* * 22
cob=(3)
cfi=(125) ./string/../sysdeps/x86_64/multiarch/strspn.c
cfn=(400) strspn
calls=1 0xa8b00 29 
* * 7
cob=(3)
cfi=(123) ./string/../sysdeps/x86_64/multiarch/memchr.c
cfn=(396) memchr
calls=1 0xa93f0 29 
* * 23
cob=(3)
cfi=(122) ./string/../sysdeps/x86_64/multiarch/stpcpy.c
cfn=(392) stpcpy
calls=1 0xa9950 33 
* * 17
cob=(3)
cfi=(120) ./wcsmbs/../sysdeps/x86_64/multiarch/wmemcmp.c
cfn=(388) wmemcmp
calls=1 0xc5a40 29 
* * 22
cob=(3)
cfi=(119) ./string/../sysdeps/x86_64/multiarch/strncpy.c
cfn=(384) strncpy
calls=1 0xa88d0 29 
* * 17
cob=(3)
cfi=(118) ./string/../sysdeps/x86_64/multiarch/strlen.c
cfn=(380) strlen
calls=1 0xa86a0 29 
* * 21
cob=(3)
cfi=(117) ./string/../sysdeps/x86_64/multiarch/strcasecmp_l.c
cfn=(378) strcasecmp_l
calls=1 0xa9b10 31 
* * 7
cob=(3)
cfi=(116) ./string/../sysdeps/x86_64/multiarch/strcpy.c
cfn=(374) strcpy
calls=1 0xa8390 29 
* * 17
cob=(3)
cfi=(115) ./string/../sysdeps/x86_64/multiarch/strchrnul.c
cfn=(370) strchrnul
calls=1 0xab010 31 
* * 21
cob=(3)
cfi=(114) ./string/../sysdeps/x86_64/multiarch/memrchr.c
cfn=(366) memrchr
calls=1 0xb1570 29 
* * 21
cob=(3)
cfi=(112) ./wcsmbs/../sysdeps/x86_64/multiarch/wmemset.c
cfn=(362) wmemset
calls=2 0xc5b00 31 
* * 38
cob=(3)
cfi=(110) ./string/../sysdeps/x86_64/multiarch/memcmp.c
cfn=(358) bcmp
calls=1 0xa9480 29 
* * 22
cob=(3)
cfi=(109) ./string/../sysdeps/x86_64/multiarch/strncase_l.c
cfn=(356) strncasecmp_l
calls=1 0xa9b60 31 
* * 7
cob=(3)
cfi=(108) ./string/../sysdeps/x86_64/multiarch/strcat.c
cfn=(352) strcat
calls=1 0xa81d0 29 
* * 17
cob=(3)
cfi=(107) ./wcsmbs/../sysdeps/x86_64/multiarch/wcscpy.c
cfn=(350) wcscpy
calls=1 0xc5470 43 
* * 7
cob=(3)
cfi=(106) ./string/../sysdeps/x86_64/multiarch/strcspn.c
cfn=(348) strcspn
calls=1 0xa8420 29 
* * 7
cob=(3)
cfi=(105) ./string/../sysdeps/x86_64/multiarch/strcasecmp.c
cfn=(346) strcasecmp
calls=1 0xa9a70 31 
* * 7
cob=(3)
cfi=(104) ./string/../sysdeps/x86_64/multiarch/strncmp.c
cfn=(344) strncmp
calls=1 0xa8830 66 
* * 17
cob=(3)
cfi=(102) ./wcsmbs/../sysdeps/x86_64/multiarch/wmemchr.c
cfn=(340) wmemchr
calls=2 0xc59b0 31 
* * 46
cob=(3)
cfi=(100) ./string/../sysdeps/x86_64/multiarch/stpncpy.c
cfn=(336) stpncpy
calls=1 0xa99e0 31 
* * 17
cob=(3)
cfi=(99) ./wcsmbs/../sysdeps/x86_64/multiarch/wcscmp.c
cfn=(332) wcscmp
calls=1 0xc53f0 30 
* * 21
cob=(3)
cfi=(98) ./string/../sysdeps/x86_64/multiarch/memmove.c
cfn=(328) memmove
calls=2 0xa95a0 29 
* * 44
cob=(3)
cfi=(97) ./string/../sysdeps/x86_64/multiarch/strrchr.c
cfn=(324) rindex
calls=1 0xa8960 28 
* * 21
cob=(3)
cfi=(96) ./string/../sysdeps/x86_64/multiarch/strchr.c
cfn=(322) index
calls=1 0xa8260 61 
* * 19
cob=(3)
cfi=(94) ./wcsmbs/../sysdeps/x86_64/multiarch/wcschr.c
cfn=(318) wcschr
calls=2 0xc5370 31 
* * 42
cob=(3)
cfi=(92) ./string/../sysdeps/x86_64/multiarch/memcpy.c
cfn=(314) memcpy@@GLIBC_2.14
calls=1 0xa9c10 29 
* * 22
cob=(3)
cfi=(91) ./wcsmbs/../sysdeps/x86_64/multiarch/wcslen.c
cfn=(310) wcslen
calls=1 0xc5540 29 
* * 19
cob=(3)
cfi=(89) ./string/../sysdeps/x86_64/multiarch/memset.c
cfn=(306) memset
calls=1 0xa96d0 29 
* * 24
cob=(3)
cfi=(87) ./wcsmbs/../sysdeps/x86_64/multiarch/wcsnlen.c
cfn=(302) wcsnlen
calls=1 0xc6cd0 29 
* * 19
cob=(3)
cfi=(86) ./string/../sysdeps/x86_64/multiarch/strcmp.c
cfn=(300) strcmp
calls=1 0xa82e0 65 
* * 17
cob=(3)
cfi=(85) ./string/../sysdeps/x86_64/multiarch/strpbrk.c
cfn=(298) strpbrk
calls=1 0xa89e0 29 
* * 7
cob=(3)
cfi=(83) ./string/../sysdeps/x86_64/multiarch/strnlen.c
cfn=(294) strnlen
calls=2 0xa8720 31 
* * 42
+2 -36 57
+3 +37 57
fi=(5)
+3 77 57
+4 * 57
+3 * 57
jcnd=55/57 -32 +1 
* * 
+2 * 2
fe=(78)
+3 288 2
+8 * 2
+7 * 2
+7 * 2
-22 * 12
+8 * 12
+7 * 12
+7 * 12
jfi=(5)
jcnd=7/12 0x11c00 50 
* * 
+6 +3 7
+6 * 7
+3 * 7
+2 * 7
+6 * 7
+7 * 7
+6 +24 7
+8 +3 7
+8 * 7
+6 +17 7
+7 * 7
+3 * 7
jcnd=7/7 0x11db0 +8 
* * 
+6 +2 7
+4 * 7
+1 * 7
+2 * 7
+2 * 7
+2 * 7
+2 * 7
+1 * 7
+5 -98 7
+8 * 7
jcnd=6/7 0x10e25 -35 
* * 
+6 +3 1
+2 * 1
+6 +7 1
+7 * 1
+7 * 1
+3 * 1
+6 -9 1
+3 * 1
jump=1 0x10ec0 +48 
* * 
fi=(5)
0x112d0 86 10
+4 * 10
+8 +2 10
+4 * 10
+4 +12 10
+7 -14 10
+4 * 10
+4 * 10
+4 * 10
+7 +14 10
+3 * 10
jcnd=2/10 +71 +20 
* * 
+2 +10 8
+3 * 8
+6 +3 8
+3 * 8
jcnd=2/8 +57 +7 
* * 
+2 * 6
+7 +1 6
fi=(6)
+4 529 6
fi=(5)
+5 114 6
fi=(6)
+3 529 6
+4 * 6
fi=(5)
-16 114 2115
fi=(6)
+4 529 2115
fi=(5)
+5 114 2115
fi=(6)
+3 529 2115
+4 * 2115
+2 +5 2121
+4 * 2121
+6 +1 2121
fi=(5)
+5 113 2121
fi=(6)
+4 535 2121
+3 -5 2121
fi=(5)
+3 113 2121
+3 * 2121
jcnd=2115/2121 -46 +1 
* * 
+2 +7 10
+7 * 10
+7 * 10
+3 * 10
jcnd=2/10 0x11e78 -67 
* * 
+6 +4 8
+4 * 8
+7 * 8
+8 * 8
+6 +2 8
+7 * 8
jfi=(78)
jcnd=2/8 0x110a5 288 
* * 
+6 -73 6
fi=(6)
+11 484 6
fi=(5)
+3 52 6
fi=(6)
+11 484 6
+7 * 6
fi=(5)
+3 128 6
+4 * 6
+7 +1 6
+7 +1 6
+7 -2 6
+3 +2 6
+3 +3 6
+3 -5 6
+4 +2 6
+7 -2 6
+4 +1 6
+4 * 6
+4 +2 6
+5 -2 6
+4 +2 6
+4 * 6
+7 * 6
+4 +2 6
+4 * 6
-85 -5 3445
+4 * 3445
+7 +1 3445
+7 +1 3445
+7 -2 3445
+3 +2 3445
+3 +3 3445
+3 -5 3445
+4 +2 3445
+7 -2 3445
+4 +1 3445
+4 * 3445
+4 +2 3445
+5 -2 3445
+4 +2 3445
+4 * 3445
+7 * 3445
+4 +2 3445
+4 * 3445
jcnd=2/3445 0x11ac0 +2 
* * 
+6 +9 3449
fi=(6)
+4 262 3449
+4 * 3449
+6 +21 3449
+4 * 3449
+6 +4 3449
+3 * 3449
+6 +7 3449
+5 * 3449
+2 * 3449
+4 * 3449
jfi=(5)
jcnd=17/3449 0x119b0 145 
* * 
fi=(4)
+6 138 3432
+5 * 3432
+3 * 3432
fi=(6)
+3 294 3432
+3 * 3432
+6 * 3432
+3 * 3432
+4 * 3432
+4 * 3432
+2 * 3432
+4 * 3432
+4 * 3432
+3 * 3432
+2 * 3432
+3 * 3432
+5 * 3432
+7 * 3432
jfi=(78)
jcnd=1612/3432 0x11d28 +14 
* * 
+6 * 1820
+4 * 1820
jcnd=1756/1820 +13 * 
* * 
+2 * 64
+7 * 64
+4 * 64
+7 * 64
+3 * 64
+7 * 64
+3 * 64
-20 * 2077
+7 * 2077
+3 * 2077
+7 * 2077
+3 * 2077
+2 * 2141
+4 * 2141
+2 * 2141
+4 * 2141
+4 * 2141
+4 * 2141
+4 * 2141
+2 * 2141
+8 * 2141
jcnd=2141/2141 +5 * 
* * 
+5 * 2141
+2 * 2141
+3 * 2141
+7 * 2141
+4 * 2141
+2 * 2141
+3 * 2141
+3 * 2141
+7 * 2141
cfi=(79)
cfn=(280)
calls=2141 0xc0d0 840 
* * 1720249
+5 * 2141
+4 * 2141
+7 * 2141
+5 * 2141
+3 * 2141
+5 * 2141
+4 * 2141
+8 * 2141
+1 * 2141
+1 +2 2141
+3 * 2141
+3 * 2141
jcnd=2129/2141 0x11b00 * 
* * 
-6 * 1291
+3 * 1291
+3 * 1291
jcnd=1291/1291 0x11b00 * 
* * 
+6 +30 3444
+4 * 3444
+6 * 3449
+7 * 3449
+4 * 3449
+3 * 3449
jump=2 0x1185c 490 
* * 
jump=2 0x11907 +42 
* * 
jump=3 0x11808 +34 
* * 
jump=18 0x118c8 +96 
* * 
jump=3424 +11 450 
* * 
+11 450 3424
+7 * 3424
+4 * 3424
fi=(5)
+3 145 3424
+3 * 3424
+4 * 3424
jcnd=60/3424 0x11737 +1 
* * 
-4 * 23
+4 * 23
+6 -19 3451
+4 * 3451
+7 * 3451
jcnd=3445/3451 0x113a8 +2 
* * 
+6 +32 6
+7 * 6
+7 * 6
+3 * 6
+3 * 6
jfi=(78)
jcnd=4/6 0x110a5 288 
* * 
+6 +1 2
+7 * 2
+3 * 2
fi=(6)
+6 294 2
+7 +22 2
+7 -22 2
+3 * 2
jfi=(5)
jump=2 +25 160 
* * 
fi=(5)
+25 160 2
+4 * 2
+3 * 2
+2 +3 2
+7 +4 2
+7 -4 2
+4 +4 2
+3 * 2
+7 -2 2
+7 -2 2
+4 +2 2
+4 +1 2
+7 -1 2
+4 * 2
fi=(6)
+4 294 2
+5 * 2
+2 * 2
+4 * 2
jcnd=2/2 0x11b20 +2 
* * 
0x116d8 508 2
+6 -1 2
+4 * 2
+3 +1 2
+2 * 2
+2 +1 2
cfi=(15) ./elf/../sysdeps/x86/dl-get-cpu-features.c
cfn=(506) __x86_cpu_features
calls=1 0x1a780 71 
* * 6
cob=(3)
cfi=(81) ./string/../sysdeps/x86/cacheinfo.c
cfn=(290) __x86_cacheinfo
calls=1 0xc51a0 86 
* * 28
+2 +1 2
fi=(5)
+7 159 2
fi=(6)
+4 510 2
fi=(5)
+3 159 2
+3 * 2
+6 * 2
+3 * 2
jfi=(78)
jump=2 0x110a5 288 
* * 
+37 -14 2
+3 * 2
+4 * 2
jcnd=2/2 0x11558 -19 
* * 
+6 +1 60
+6 * 60
+2 * 60
jcnd=60/60 0x11558 -20 
* * 
fi=(6)
0x11808 360 3
+3 * 3
+6 +1 3
+7 * 3
+7 * 3
fi=(5)
+3 145 3
+3 * 3
jump=3 0x1154e * 
* * 
fi=(6)
+55 490 2
+4 * 2
+3 * 2
+6 +5 2
+4 * 2
+5 -1 2
+3 * 2
+7 * 2
+7 +1 2
+3 * 2
+4 -1 2
cfi=(29)
cfn=(80)
calls=2 0x2afb0 212 
* * 25
+5 +2 2
+4 * 2
+5 * 2
+7 * 2
+2 +1 2
jfi=(5)
jcnd=2/2 0x1172a 145 
* * 
+39 -75 18
+4 * 18
+3 * 18
+6 +4 18
+7 * 18
+4 * 18
+4 * 18
+6 +5 18
+4 +9 18
+7 -9 18
+3 * 18
+4 +9 18
fi=(5)
+3 145 18
+3 * 18
jump=18 0x1154e * 
* * 
fi=(6)
+5 368 2
+4 * 2
+3 * 2
+6 +11 2
+7 -9 2
+4 * 2
+4 +9 2
fi=(5)
+3 145 2
+3 * 2
jump=2 0x1154e * 
* * 
0x119b0 * 17
+3 * 17
fi=(6)
+3 296 17
+4 * 17
+4 * 17
+6 * 3437
+3 +3 3437
+3 -3 3437
+4 +3 3437
+2 * 3437
jcnd=3432/3437 0x1151a +27 
* * 
+6 +2 5
+6 * 5
+2 * 5
+6 * 5
+3 * 5
+6 +3 5
+3 * 5
+6 +1 5
+8 * 5
+2 * 5
jcnd=5/5 0x11a7f +11 
* * 
0x11a7f +11 5
+7 * 5
+7 +7 5
cob=(3)
cfi=(98)
cfn=(328)
calls=1 0xa95a0 29 
* * 22
cob=(3)
cfi=(86)
cfn=(300)
calls=1 0xa82e0 65 
* * 17
cob=(3)
cfi=(92)
cfn=(314)
calls=1 0xa9c10 29 
* * 22
cob=(3)
cfi=(89)
cfn=(306)
calls=1 0xa96d0 29 
* * 24
cob=(3)
cfi=(118)
cfn=(380)
calls=1 0xa86a0 29 
* * 21
+3 * 5
+7 * 5
+7 * 5
+3 +3 5
+4 * 5
jcnd=5/5 0x11524 * 
* * 
fi=(5)
+27 135 2
+7 * 2
+7 * 2
+3 * 2
+4 * 2
+7 +3 2
jump=2 0x11558 -12 
* * 
fi=(6)
+36 296 3420
+4 +3 3420
+4 -3 3420
+4 * 3420
jcnd=3420/3420 0x119c4 * 
* * 
+20 * 2
+3 * 2
+3 * 2
+4 * 2
+4 * 2
+3 * 2
+4 * 2
+6 * 2
+3 +3 2
+2 * 2
jcnd=2/2 0x116d8 508 
* * 
fi=(5)
0x11c00 50 7
+3 * 7
jfi=(78)
jump=7 0x10fba 288 
* * 
fe=(78)
0x11d28 308 1612
+4 * 1612
jfi=(6)
jcnd=2/1612 0x11e10 -14 
* * 
fi=(6)
+6 -14 1610
+7 * 1610
jcnd=321/1610 0x11489 * 
* * 
+6 * 1291
+7 * 1291
+8 * 1291
+7 * 1291
+4 * 1291
jump=1291 0x1150e +2 
* * 
fe=(78)
+87 +49 7
+7 * 7
+7 * 7
+3 * 7
+3 * 7
+3 +3 7
+3 -3 7
+3 +3 7
+3 +4 7
+3 * 7
+6 +1 7
+3 * 7
+5 * 7
+3 * 7
cfi=(71)
cfn=(234)
calls=7 0x26d20 117 
* * 42
+5 * 7
+2 * 7
jcnd=7/7 0x11105 -14 
* * 
fi=(6)
+37 -57 2
+7 * 2
+3 * 2
+3 * 2
+7 * 2
+6 * 2
jump=2 0x11d3f * 
* * 
fe=(78)
+61 -6 2
+3 * 2
+4 * 2
jump=2 0x10f92 * 
* * 
fi=(5)
+10 53 2
+11 175 2
+7 * 2
jfi=(78)
jcnd=1/2 0x110a5 288 
* * 
+6 * 1
+7 * 1
+3 * 1
+6 +2 1
+4 * 1
+7 +1 1
+7 * 1
+3 -1 1
+3 +3 1
+3 -3 1
+4 * 1
+4 * 1
+4 * 1
+4 +3 1
+4 * 1
-47 -3 5
+4 * 5
+7 +1 5
+7 * 5
+3 -1 5
+3 +3 5
+3 -3 5
+4 * 5
+4 * 5
+4 * 5
+4 +3 5
+4 * 5
+6 +8 6
fi=(6)
+4 +74 6
+4 * 6
+6 +21 6
+4 * 6
+6 +4 6
+3 * 6
+6 +7 6
+5 * 6
+2 * 6
+4 * 6
fi=(4)
+6 138 6
+5 * 6
+3 * 6
fi=(6)
+3 294 6
+3 * 6
+6 * 6
+3 * 6
+4 * 6
+5 * 6
+4 * 6
+2 * 6
+4 * 6
+4 * 6
+3 * 6
+2 * 6
+3 * 6
+7 * 6
+6 * 6
+4 * 6
jcnd=6/6 +13 * 
* * 
+13 * 6
+4 * 6
+4 * 6
+7 * 6
+7 * 6
+4 * 6
+2 * 6
+8 * 6
jcnd=6/6 +5 * 
* * 
+5 * 6
+2 * 6
+3 * 6
+7 * 6
+4 * 6
+2 * 6
+3 * 6
+3 * 6
+3 * 6
+7 * 6
cfi=(79)
cfn=(280)
calls=6 0xc0d0 840 
* * 4041
+5 * 6
+4 * 6
+7 * 6
+5 * 6
+3 * 6
+5 * 6
+4 * 6
+8 * 6
+1 * 6
+1 +2 6
+3 * 6
+3 * 6
jcnd=3/6 0x12560 * 
* * 
+6 +30 6
+4 * 6
+6 * 6
+7 * 6
+4 * 6
+3 * 6
jump=6 +11 450 
* * 
+11 450 6
+4 * 6
fi=(5)
+3 191 6
+3 * 6
+4 * 6
+6 -16 6
+4 * 6
+7 * 6
jcnd=5/6 0x11ea0 +2 
* * 
+6 +30 1
+7 * 1
+3 * 1
+3 * 1
jfi=(78)
jcnd=1/1 0x110a5 +83 
* * 
fi=(6)
0x12424 +91 3
+3 +3 3
+3 -3 3
+4 +3 3
+2 * 3
jcnd=3/3 0x11fdd +27 
* * 
0x12560 -3 3
+4 +3 3
+4 -3 3
+4 * 3
jcnd=3/3 0x12424 * 
* * 
fe=(78)

fl=(64) ./io/../sysdeps/unix/sysv/linux/close_nocancel.c
fn=(204) __GI___close_nocancel
0x269d0 25 6
+4 +1 6
+5 * 6
+2 * 6
+6 * 6
+2 +1 6

fl=(26)
fn=(70)
0xd990 59 6
+4 * 6
+2 * 6
+3 * 6
+2 * 6
+2 * 6
+2 * 6
+3 * 6
+1 * 6
+3 * 6
+1 * 6
+3 * 6
+4 * 6
+4 * 6
+5 +3 6
+7 * 6
jcnd=1/6 0xdd38 +2 
* * 
+6 +18 5
+7 +3 5
+3 -3 5
+5 +3 5
cfi=(22)
cfn=(60)
calls=5 0x2aa40 -42 
* * 103
+5 +4 5
+3 * 5
+4 -4 5
+3 * 5
+4 +9 5
+8 * 5
fi=(28)
+5 -48 5
+5 * 5
+5 * 5
cfi=(27)
cfn=(72)
calls=5 0xd4f0 +34 
* * 208
fe=(26)
-15 +48 1
fi=(28)
+5 -48 1
+5 * 1
+5 * 1
cfi=(27)
cfn=(72)
calls=1 0xd4f0 +34 
* * 43
+6 * 6
fe=(26)
+3 +51 6
+3 * 6
+6 +5 6
+5 -2 6
+4 +6 6
+3 -4 6
+8 +4 6
+5 -5 6
+7 +4 6
+4 +1 6
+4 -1 6
+4 +1 6
+5 * 6
cfi=(29)
cfn=(80)
calls=6 0x2afb0 212 
* * 77
+5 * 6
+5 * 6
+4 +2 6
+8 +13 6
+4 * 6
jcnd=5/6 0xdc60 +12 
* * 
+6 +6 1
+4 +2 1
+8 * 1
+6 * 1
+4 * 1
+4 * 1
+3 * 1
+3 * 1
+7 +3 1
+7 * 1
jcnd=1/1 0xdc50 +1 
* * 
-42 -3 5
+8 * 5
+6 * 5
+4 * 5
+4 * 5
+3 * 5
+3 * 5
+7 +3 5
+7 * 5
jcnd=5/5 0xdc50 +1 
* * 
+6 +9 6
+4 -7 6
+7 +4 6
+4 +3 6
+2 * 6
jcnd=5/6 +63 +16 
* * 
+2 * 1
+7 * 1
+3 * 1
+6 * 1
+4 * 1
+7 * 1
+3 * 1
+4 * 1
+8 * 1
+7 +2 1
+3 -2 1
+4 * 1
+3 * 1
jcnd=1/1 -10 +2 
* * 
-10 +2 15
+3 -2 15
+4 * 15
+3 * 15
jcnd=14/15 -10 +2 
* * 
+2 +16 6
+4 * 6
+7 -5 6
+11 +5 6
+4 -6 6
+7 +6 6
+4 -6 6
+7 +6 6
+3 * 6
jcnd=1/6 0xdc80 -2 
* * 
+6 +2 5
+7 * 5
+7 +3 5
+3 * 5
+6 -3 5
+5 * 5
+3 +7 5
+3 * 5
+7 * 5
+3 * 5
jcnd=1/5 -13 * 
* * 
-13 * 1
+3 * 1
+7 * 1
+3 * 1
+2 +4 5
+2 * 5
jcnd=5/5 0xdcd0 * 
* * 
+6 +8 1
+6 * 1
+3 +3 1
+7 * 1
+7 +10 1
+5 * 1
+3 * 1
jcnd=1/1 0xdc3d +74 
* * 
-22 -10 5
+7 * 5
+7 +10 5
+5 * 5
+3 * 5
+6 +2 5
+3 +21 5
+2 -21 5
cfi=(22)
cfn=(60)
calls=5 0x2aa40 41 
* * 175
+5 * 5
+5 * 5
+4 * 5
+5 +17 5
+3 -13 5
+4 * 5
+2 * 5
jfi=(28)
jump=5 0xdd18 56 
* * 
0xdc11 +50 5
+5 * 5
+3 * 5
cfi=(29)
cfn=(128)
calls=5 0x2afa0 -46 
* * 89
+5 * 5
+2 +5 5
+3 * 5
+4 +1 5
+3 * 5
jcnd=5/5 -10 -1 
* * 
-10 -1 79
+3 * 79
+4 +1 79
+3 * 79
jcnd=74/79 -10 -1 
* * 
+2 +2 5
+3 * 5
+4 +3 5
+3 +3 5
+7 +4 5
+4 * 5
+3 * 5
+1 * 5
+1 * 5
+2 * 5
+2 * 5
+2 * 5
+2 * 5
-17 * 1
+4 * 1
+3 * 1
+1 * 1
+1 * 1
+2 * 1
+2 * 1
+2 * 1
+2 * 1
+2 131 6
+11 * 6
jump=6 0xda94 +8 
* * 
+5 * 5
+3 -12 5
+8 * 5
jcnd=5/5 0xda64 +8 
* * 
+21 +34 1
+2 +7 1
+3 * 1
+6 * 1
+3 * 1
jump=1 0xdb4f +16 
* * 
+66 +8 5
+7 * 5
+6 * 5
+3 * 5
jcnd=5/5 0xdb58 +11 
* * 
fi=(28)
+56 56 5
+3 * 5
cfi=(27)
cfn=(76)
calls=5 0xd3d0 -21 
* * 125
+6 * 5
fe=(26)
+3 200 5
+3 * 5
+6 * 5
+3 * 5
jump=5 0xdc11 +45 
* * 
+8 64 1
+7 * 1
jcnd=1/1 +57 +2 
* * 
+57 +2 1
+4 * 1
+2 * 1
+2 +1 1
+3 * 1
+2 +10 1
+8 * 1
+6 * 1
+5 * 1
+3 * 1
+5 -6 1
+7 * 1
jump=1 0xd9ee +21 
* * 

fn=(82)
0xd8f0 31 6
+4 * 6
+2 +2 6
+7 -2 6
+1 * 6
+3 +2 6
+3 -2 6
+1 * 6
+3 +2 6
cfi=(24)
cfn=(84)
calls=6 0x15080 +9 
* * 18
+6 +2 6
+4 * 6
+8 * 6
+4 * 6
+3 * 6
+3 * 6
+3 * 6
jcnd=1/6 +89 +10 
* * 
+2 * 5
+7 +3 5
+3 * 5
+4 * 5
+3 * 5
jcnd=5/5 -10 * 
* * 
-10 * 15
+3 * 15
+4 * 15
+3 * 15
jcnd=10/15 -10 * 
* * 
+2 +2 5
+4 +2 5
+4 +4 5
+4 +4 5
+3 -4 5
+4 * 5
+5 +1 5
+7 +4 5
+1 -4 5
+7 +1 5
+4 +3 5
+1 -3 5
+7 +3 5
+2 -1 5
cfi=(24)
cfn=(84)
calls=5 0x15080 -8 
* * 15
-45 -4 1
+4 +4 1
+3 -4 1
+4 * 1
+5 +1 1
+7 +4 1
+1 -4 1
+7 +1 1
+4 +3 1
+1 -3 1
+7 +3 1
+2 -1 1
cfi=(24)
cfn=(84)
calls=1 0x15080 -8 
* * 3
+15 -5 1
+3 * 1
jump=1 -63 +1 
* * 

fl=(14) ./elf/../sysdeps/unix/sysv/linux/brk.c
fn=(28) brk
0x25a80 35 1
+4 +1 1
+5 * 1
+2 * 1
+7 +1 1
+3 * 1
+2 +6 1
+2 +1 1

fl=(22)
fn=(60)
0x2aa40 41 35
+4 +44 35
+4 +1 35
+4 +1 35
+4 +1 35
+4 +1 35
+3 +1 35
+3 +1 35
+7 +2 35
+7 +2 35
+2 +31 35
+4 +1 35
+4 +1 35
+4 +1 35
+2 +1 35
jcnd=20/35 +6 +7 
* * 
+2 +1 15
+3 +2 15
+1 +4 20
+4 +1 20
+5 +1 20
+5 +1 20
+5 +1 20
+4 +1 20
+5 +1 20
+4 +1 20
+4 +1 20
+4 +1 20
+3 +1 20
+4 +1 20
+3 +5 20
+3 * 20
+3 * 20
+4 * 20
+3 * 20
+3 * 20
jcnd=1/20 0x2ab40 +74 
* * 
+2 * 19
+4 * 19
0x2ab40 +74 1
+5 +1 1
+5 +1 1
+5 +1 1
+5 +1 1
+4 +1 1
+4 +1 1
+2 +1 1
jcnd=1/1 +50 +16 
* * 
+50 +16 1
+4 +2 1
+4 +1 1
+4 * 1
+5 * 1
+5 * 1
+5 * 1
+4 * 1
+4 * 1
+5 * 1
+4 * 1
+4 * 1
+4 * 1
+3 * 1
+3 * 1
+4 * 1
+3 +2 1
+4 +1 1
+3 +1 1
+3 +2 1

fl=(49)
fn=(1336) _dl_audit_preinit
0x1b660 117 1
+4 +1 1
+6 * 1
+2 * 1
+2 * 1

fn=(154)
0x1b170 28 1
+4 * 1
+2 * 1
+2 * 1
+1 * 1
+1 * 1
+4 +2 1
+6 -1 1
+7 +1 1
+2 * 1
jcnd=1/1 +71 +6 
* * 
+71 +6 1
+4 * 1
+1 * 1
+1 * 1
+2 * 1
+2 * 1

fn=(206) _dl_audit_objopen
0x1b450 76 5
+4 +1 5
+6 * 5
+2 * 5
+2 * 5

fn=(2706) _dl_audit_objclose
0x1b570 96 7
+4 +1 7
+6 * 7
+2 * 7
+2 * 7

fn=(536)
0x1b250 40 3
+4 * 3
+2 +4 3
+4 -4 3
+2 +4 3
+4 -4 3
+1 +4 3
+7 -4 3
+1 * 3
+4 +4 3
+5 +1 3
+6 +1 3
+3 * 3
+2 * 3
+2 * 3
+2 +4 3
+4 * 3
+1 * 3
+1 * 3
+2 * 3
+2 * 3

fl=(73) ./malloc/./malloc/scratch_buffer_set_array_size.c
fn=(240) __libc_scratch_buffer_set_array_size
0x26bf0 30 5
+4 * 5
+3 * 5
+3 * 5
+2 * 5
+3 * 5
+1 * 5
+1 * 5
+3 * 5
+3 * 5
+3 +4 5
+3 +1 5
+4 * 5
jcnd=5/5 +7 +11 
* * 
+7 +11 5
+5 -1 5
+4 * 5
jcnd=5/5 +46 +18 
* * 
+46 +18 5
+1 * 5
+1 * 5
+2 * 5

fl=(16) ./elf/../sysdeps/x86/cpu-features.c
fn=(36) get_common_indices.constprop.0
0x185e0 325 1
+1 +4 1
+3 * 1
+2 * 1
+3 * 1
+3 +3 1
+5 * 1
+2 * 1
+6 +5 1
+2 * 1
+3 -5 1
+6 +5 1
+3 -5 1
+6 +4 1
+6 +1 1
+2 +1 1
+2 * 1
+3 * 1
+3 * 1
+2 +1 1
+2 * 1
+3 * 1
+6 * 1
+3 +1 1
+2 * 1
+3 * 1
+3 +1 1
+3 * 1
+6 +7 1
+7 * 1
+6 +2 1
+6 * 1
+2 * 1
+3 * 1
+2 * 1
+2 +5 1
+5 -5 1
+6 +5 1
+3 -5 1
+6 +5 1
+2 -5 1
+6 * 1
+6 +5 1
+2 +7 1
+7 -7 1
+6 * 1
+6 * 1
+6 * 1
+6 +7 1
+2 +1 1
+5 * 1
+2 * 1
+2 +6 1
+7 -6 1
+6 * 1
+6 * 1
+6 * 1
+6 +6 1
jfi=(17) ./elf/../sysdeps/unix/sysv/linux/x86/dl-minsigstacksize.h
jcnd=1/1 +77 24 
* * 
fi=(17)
+77 24 1
+8 * 1
+2 +3 1
+7 * 1
+2 +1 1
+7 * 1
+2 +37 1
+5 * 1
+2 * 1
+2 +7 1
+6 +2 1
fe=(16)
+7 384 1
+1 * 1

fn=(40) update_active.constprop.0
0x19010 43 1
+2 * 1
+2 * 1
+2 * 1
+2 * 1
+1 * 1
+1 * 1
+7 +45 1
+6 -41 1
+7 +28 1
+7 -18 1
+7 +31 1
+4 +4 1
+6 -36 1
+3 -1 1
+3 +37 1
+6 -26 1
+7 -11 1
+5 +1 1
+6 +36 1
+3 * 1
+4 +1 1
+6 -17 1
+3 -21 1
+6 +25 1
+3 -4 1
+3 -11 1
+3 +28 1
+6 -1 1
+5 -36 1
+2 +18 1
+3 +19 1
+6 -13 1
+6 -4 1
+4 -11 1
+7 +19 1
+7 +11 1
+7 -3 1
+4 -12 1
+2 +14 1
+6 -29 1
+7 +18 1
+3 +9 1
+4 -18 1
+6 +13 1
+3 -13 1
+6 -9 1
+7 +29 1
+6 * 1
+6 +3 1
+3 -14 1
+5 -9 1
+6 +9 1
+6 +4 1
+6 +10 1
+6 -17 1
+6 +7 1
+6 +5 1
+8 +5 1
+6 +1 1
+6 -1 1
+6 +1 1
+3 * 1
+6 +2 1
+7 * 1
+2 +1 1
+3 * 1
+6 * 1
+2 * 1
+6 +3 1
+3 +1 1
+3 -1 1
+7 +1 1
+6 -1 1
+3 +1 1
+2 -1 1
+7 +1 1
+6 +4 1
+2 * 1
+2 +4 1
+2 * 1
+3 +2 1
+2 * 1
+3 * 1
+3 * 1
jcnd=1/1 0x19330 +4 
* * 
+6 +83 1
+5 * 1
+5 * 1
+6 +12 1
+6 * 1
+6 +1 1
+6 +3 1
+2 * 1
+3 * 1
+6 +4 1
+7 -4 1
+6 +4 1
jcnd=1/1 0x19240 +4 
* * 
+2 +67 1
+4 * 1
+2 * 1
jcnd=1/1 +9 +4 
* * 
+9 +4 1
+6 * 1
+2 * 1
jfi=(18) ./elf/../sysdeps/x86/get-isa-level.h
jcnd=1/1 +34 31 
* * 
fi=(18)
+34 31 1
+3 -3 1
+2 +3 1
+6 -1 1
+6 * 1
jcnd=1/1 0x19300 +2 
* * 
fe=(16)
+6 296 1
+6 +1 1
+7 * 1
+1 * 1
+1 * 1
+2 * 1
+2 * 1
+2 * 1
+2 * 1
+4 -75 1
+5 * 1
+2 * 1
+2 +1 1
+2 * 1
+2 +3 1
+3 -1 1
+3 +9 1
+3 -5 1
+2 +2 1
+6 -2 1
+7 +5 1
jcnd=1/1 0x191d5 +51 
* * 
fi=(18)
0x19300 32 1
+3 * 1
+3 * 1
+6 +4 1
+7 * 1
+7 * 1
jcnd=1/1 0x19460 +3 
* * 
fe=(16)
+22 +83 1
+7 * 1
+2 +2 1
+6 +3 1
+4 * 1
jcnd=1/1 0x19508 +7 
* * 
+6 +10 1
+3 +10 1
+7 -10 1
+3 +10 1
+3 -10 1
+2 +6 1
+3 +4 1
+6 -4 1
+6 -6 1
+6 +6 1
+2 +2 1
+4 -2 1
+6 +2 1
+6 * 1
+4 * 1
+6 +7 1
+2 * 1
+6 * 1
+6 * 1
jcnd=1/1 0x19199 +49 
* * 
fi=(18)
0x19460 39 1
+6 * 1
+3 * 1
+6 +1 1
+6 * 1
+2 * 1
+3 * 1
+6 +5 1
+2 -7 1
+2 +7 1
+6 * 1
+6 * 1
+6 +2 1
+5 +1 1
+6 * 1
+6 +1 1
+6 * 1
+4 * 1
+6 +2 1
+2 * 1
+6 * 1
+6 * 1
+6 +1 1
+3 * 1
+6 +1 1
+6 * 1
+2 +6 1
+2 -4 1
+5 +4 1
+6 -3 1
+6 * 1
jfi=(16)
jcnd=1/1 0x19225 296 
* * 
fe=(16)
+25 +75 1
+10 -5 1
+3 * 1
+6 +4 1
jump=1 0x19349 +4 
* * 

fn=(34) init_cpu_features.constprop.0
0x19530 399 1
+2 +16 1
+2 -16 1
+2 * 1
+2 * 1
+2 * 1
+1 * 1
+1 * 1
+7 +3 1
+11 +1 1
+11 +1 1
+11 +11 1
+2 * 1
+6 +3 1
+6 * 1
+6 * 1
+6 * 1
+6 * 1
+6 * 1
jcnd=1/1 0x1a370 +6 
* * 
0x197f6 593 1
+4 +94 1
+6 * 1
+5 * 1
+4 * 1
+3 * 1
+2 +1 1
+7 +3 1
+3 * 1
+2 +1 1
+10 +6 1
+7 +3 1
fi=(19)
+6 +5 1
+12 +2 1
fe=(16)
+11 -9 1
fi=(19)
+8 +23 1
+4 * 1
jcnd=1/1 0x19f48 +2 
* * 
0x198ed 840 1
+6 +46 1
+6 -46 1
+5 * 1
+7 * 1
+6 * 1
+5 * 1
+7 * 1
+6 * 1
+4 * 1
+7 * 1
+6 * 1
+5 * 1
+7 * 1
+5 * 1
+5 * 1
+7 * 1
+5 * 1
+5 * 1
+7 +45 1
+7 * 1
jcnd=1/1 0x19d10 +8 
* * 
+31 +25 1
+7 * 1
+5 +21 1
+3 * 1
+5 -21 1
+4 * 1
+4 +13 1
+4 * 1
+4 * 1
+4 +8 1
+2 -8 1
+4 +8 1
cfi=(10)
cfn=(24)
calls=1 0x17d70 405 
* * 21
+5 * 1
+8 +2 1
+3 * 1
jcnd=1/1 +12 +3 
* * 
+12 +3 1
+2 * 1
+3 * 1
+5 * 1
cfi=(10)
cfn=(24)
calls=1 0x17d70 405 
* * 21
+5 * 1
+8 +2 1
+5 +3 1
+3 * 1
+5 -3 1
+3 * 1
+4 +3 1
+2 -3 1
+5 +3 1
cfi=(10)
cfn=(24)
calls=1 0x17d70 405 
* * 21
+5 * 1
+8 +1 1
+10 * 1
+7 * 1
+5 * 1
+3 * 1
+2 +16 1
+5 * 1
+3 -12 1
+2 * 1
+3 * 1
+5 * 1
+5 * 1
cfi=(10)
cfn=(24)
calls=1 0x17d70 405 
* * 21
+5 * 1
+8 +1 1
+5 * 1
+3 * 1
jcnd=1/1 +7 +23 
* * 
+7 +23 1
+5 -17 1
+2 * 1
+3 * 1
+5 * 1
+6 * 1
+5 +3 1
+8 * 1
+4 * 1
+5 -3 1
cfi=(10)
cfn=(24)
calls=1 0x17d70 405 
* * 21
+5 +3 1
+5 * 1
+3 * 1
+3 -3 1
+8 * 1
+5 +3 1
+3 * 1
+5 * 1
+8 * 1
+5 * 1
+12 * 1
+12 * 1
+4 * 1
+4 * 1
cfi=(10)
cfn=(54) __GI___tunable_set_val
calls=1 0x17820 157 
* * 58
+5 +1 1
+5 * 1
+3 * 1
+3 * 1
+3 * 1
+5 * 1
+12 * 1
+8 * 1
+12 * 1
cfi=(10)
cfn=(54)
calls=1 0x17820 157 
* * 58
+5 +1 1
+3 * 1
+3 * 1
+3 * 1
+10 * 1
+5 * 1
+12 * 1
+8 * 1
+5 * 1
+8 * 1
cfi=(10)
cfn=(54)
calls=1 0x17820 157 
* * 58
+5 +3 1
+3 * 1
+3 * 1
+3 * 1
+5 * 1
+8 * 1
+12 * 1
+8 * 1
cfi=(10)
cfn=(54)
calls=1 0x17820 157 
* * 58
+5 +2 1
+3 * 1
+3 * 1
+3 * 1
+5 * 1
+8 * 1
+12 * 1
+12 * 1
cfi=(10)
cfn=(54)
calls=1 0x17820 157 
* * 58
+5 +4 1
fe=(16)
+6 706 1
fi=(19)
+3 967 1
+6 * 1
fe=(16)
+5 706 1
+7 * 1
fi=(19)
+5 967 1
+5 * 1
+7 * 1
+7 * 1
fe=(16)
+7 706 1
cfi=(10)
cfn=(24)
calls=1 0x17d70 405 
* * 19
+5 +4 1
+6 * 1
+5 * 1
+6 +14 1
+6 -1 1
+2 * 1
+6 +1 1
+3 * 1
+2 * 1
jcnd=1/1 +79 +47 
* * 
+79 +47 1
+7 -1 1
+11 +1 1
jcnd=1/1 0x19d90 +4 
* * 
+6 +46 1
+3 * 1
+7 * 1
+5 * 1
cfi=(10)
cfn=(24)
calls=1 0x17d70 405 
* * 19
+5 +2 1
+3 * 1
+5 * 1
+7 * 1
cfi=(10)
cfn=(24)
calls=1 0x17d70 405 
* * 19
fi=(21) ./elf/../sysdeps/unix/sysv/linux/x86/cpu-features.c
+5 27 1
+3 * 1
+5 * 1
+5 * 1
+2 * 1
+3 * 1
fe=(16)
+6 829 1
+10 * 1
+7 +45 1
+7 * 1
+1 * 1
+1 * 1
+2 * 1
+2 * 1
+2 * 1
+2 * 1
fi=(19)
+49 +19 1
+5 * 1
+3 * 1
+3 * 1
+7 * 1
+7 * 1
+3 * 1
+3 * 1
+3 * 1
+4 * 1
+7 * 1
jump=1 0x19982 +17 
* * 
fe=(16)
+83 775 1
+6 * 1
+6 * 1
jcnd=1/1 +68 +17 
* * 
+25 +27 1
+7 * 1
jump=1 0x19c7d +15 
* * 
+36 -10 1
+3 * 1
+6 +1 1
+3 * 1
+6 +2 1
+6 * 1
+6 * 1
+6 +1 1
+7 * 1
+6 +2 1
+5 * 1
+5 * 1
+6 +1 1
+7 * 1
jump=1 0x19db5 +3 
* * 
fi=(19)
0x19f48 -75 1
+5 * 1
+5 * 1
cfn=(46)
calls=1 0x18f10 255 
* * 437
+5 +1 1
+5 -1 1
+3 * 1
+5 +1 1
cfn=(46)
calls=1 0x18f10 255 
* * 478
+5 +1 1
+5 -1 1
+3 +1 1
cfn=(46)
calls=1 0x18f10 255 
* * 503
+5 +3 1
+5 -3 1
+8 * 1
+3 +3 1
cfn=(46)
calls=1 0x18f10 255 
* * 459
+5 +2 1
+5 -2 1
+5 +2 1
cfn=(46)
calls=1 0x18f10 255 
* * 451
+5 +3 1
+5 -2 1
+5 -1 1
+5 +3 1
cfn=(46)
calls=1 0x18f10 255 
* * 428
+5 +2 1
+5 -2 1
+5 +2 1
cfn=(46)
calls=1 0x18f10 255 
* * 429
+5 +3 1
+5 -2 1
+4 -1 1
+5 +3 1
cfn=(46)
calls=1 0x18f10 255 
* * 469
+5 +2 1
+5 -2 1
+5 +2 1
cfn=(46)
calls=1 0x18f10 255 
* * 470
+5 +3 1
+5 -3 1
+5 +3 1
cfn=(46)
calls=1 0x18f10 255 
* * 494
+5 +2 1
+5 -2 1
+5 +2 1
cfn=(46)
calls=1 0x18f10 255 
* * 495
+5 +2 1
+5 -2 1
+3 +2 1
cfn=(46)
calls=1 0x18f10 255 
* * 790
+5 +2 1
+8 * 1
+8 * 1
+3 -2 1
+5 +2 1
cfn=(52)
calls=1 0x18780 481 
* * 215
+5 863 1
+8 * 1
+5 * 1
+5 * 1
+4 * 1
+3 * 1
+4 * 1
+4 * 1
+10 * 1
+4 * 1
+3 * 1
+4 * 1
+5 * 1
+3 * 1
+4 * 1
jump=1 0x198ed -23 
* * 
fe=(16)
0x1a370 424 1
+8 * 1
+8 * 1
+8 * 1
+8 * 1
+3 * 1
cfn=(36)
calls=1 0x185e0 -99 
* * 71
+5 303 1
+5 * 1
+2 * 1
+2 +1 1
+5 * 1
+2 +1 1
+5 * 1
+2 * 1
+6 * 1
+6 * 1
+6 * 1
+6 +5 1
+6 * 1
+2 +1 1
+5 * 1
+2 * 1
+6 * 1
+6 * 1
+6 * 1
+6 +5 1
+6 * 1
+2 +1 1
+5 * 1
+2 * 1
+6 * 1
+6 * 1
+6 * 1
+6 429 1
cfn=(40)
calls=1 0x19010 43 
* * 194
+5 +2 1
+8 +2 1
+7 +83 1
+7 -85 1
+4 * 1
jcnd=1/1 0x1a5a0 +2 
* * 
+6 564 1
+7 * 1
+2 +7 1
+7 * 1
+2 +2 1
+10 +4 1
+7 * 1
+2 +6 1
+7 * 1
jcnd=1/1 +12 422 
* * 
+12 422 1
+6 * 1
+8 -3 1
jump=1 0x197f6 593 
* * 
0x1a5a0 +14 1
+7 * 1
+7 * 1
+2 +1 1
+3 * 1
+6 * 1
+3 * 1
jcnd=1/1 0x1a6d0 * 
* * 
+52 +69 1
+7 +10 1
+3 * 1
+6 * 1
+3 * 1
+6 * 1
+3 * 1
+3 * 1
+6 * 1
+7 * 1
+4 * 1
+3 * 1
jump=1 +12 +42 
* * 
+12 +42 1
+10 +1 1
jump=1 0x1a43a +8 
* * 
0x1a6d0 434 1
+3 * 1
+5 * 1
+3 * 1
+3 * 1
+10 * 1
+3 * 1
+2 * 1
+6 * 1
+6 * 1
+3 * 1
+2 +55 1
+7 * 1
+6 * 1
jump=1 0x1a5f0 +14 
* * 

fl=(45) ./string/./string/strdup.c
fn=(140) strdup
0x271c0 40 8
+4 * 8
+2 * 8
+1 * 8
+3 * 8
+4 +1 8
cfi=(22)
cfn=(60)
calls=8 0x2aa40 * 
* * 262
+5 * 8
fi=(264) ./string/../include/rtld-malloc.h
+4 +15 8
+3 * 8
cfi=(27)
cfn=(76)
calls=8 0xd3d0 -21 
* * 200
fe=(45)
+6 -12 8
+3 * 8
+2 +4 8
+4 -1 8
+3 * 8
+3 * 8
+3 +1 8
+1 * 8
+2 -1 8
cfi=(29)
cfn=(80)
calls=8 0x2afb0 212 
* * 120

fl=(56) ./io/../sysdeps/unix/sysv/linux/read_nocancel.c
fn=(180) __read_nocancel
0x26b60 25 5
+4 +1 5
+2 * 5
+2 * 5
+6 * 5
+2 +1 5

fl=(23) ./elf/../misc/sbrk.c
fn=(62) sbrk
0x25ab0 37 1
+4 * 1
+2 * 1
+1 * 1
+3 * 1
+4 +3 1
+7 +18 1
+3 * 1
+2 +4 1
+3 * 1
jcnd=1/1 +29 +16 
* * 
+29 +16 1
+4 * 1
+3 * 1
+1 * 1
+2 * 1

fl=(152)
fn=(504)
0xd0b0 74 3
+4 * 3
+2 * 3
+2 * 3
+2 * 3
+3 * 3
+2 * 3
+1 * 3
+3 * 3
+1 * 3
+4 +2 3
+8 -2 3
+5 +4 3
+6 -4 3
+5 +2 3
+6 +2 3
+2 * 3
+2 * 3
+2 +37 3
+3 -37 3
+2 * 3
+7 * 3
+3 +1 3
+2 * 3
+6 +2 3
+7 * 3
+5 * 3
+4 * 3
+5 +3 3
+3 * 3
+3 * 3
+2 * 3
+2 * 3
jcnd=1/3 0xd208 +9 
* * 
-10 * 2
+3 * 2
+3 * 2
+2 * 2
+2 * 2
jcnd=1/2 0xd208 +9 
* * 
+6 -52 3
+4 +54 3
+3 * 3
+5 -54 3
+2 +54 3
+4 -54 3
+4 * 3
+8 * 3
jcnd=3/3 +9 +1 
* * 
+9 +1 3
+2 * 3
+4 * 3
+4 +2 3
+6 * 3
+3 +1 3
+6 * 3
+6 +12 3
+5 * 3
+4 * 3
+3 * 3
+6 +3 3
+4 +2 3
+3 -2 3
+4 +2 3
+4 * 3
+3 * 3
cfi=(32)
cfn=(90)
calls=3 0x27220 +55 
* * 207
+5 * 3
+2 * 3
+2 +4 3
+4 * 3
+7 +1 3
+4 -1 3
+4 +1 3
+5 * 3
+4 * 3
+7 * 3
+4 * 3
+3 * 3
+2 +1 3
+5 * 3
+3 * 3
cfi=(32)
cfn=(90)
calls=3 0x27220 +49 
* * 75
+5 * 3
+2 * 3
+2 +57 3
+4 * 3
+3 * 3
+1 * 3
+1 * 3
+2 * 3
+2 * 3
+2 * 3
+2 * 3
+31 -23 2
+4 * 2
+4 * 2
jcnd=2/2 0xd118 -9 
* * 

fl=(160) ./elf/./elf/dl-runtime.c
fn=(528) _dl_fixup
0x12e70 46 81
+4 * 81
+2 * 81
+3 * 81
+2 * 81
+1 * 81
+3 * 81
+1 * 81
+4 +2 81
+4 * 81
+4 * 81
+3 * 81
+7 * 81
jcnd=81/81 +8 +1 
* * 
+8 +1 81
+4 +6 81
fi=(265) ./elf/../sysdeps/x86_64/dl-runtime.h
+2 -27 81
fe=(160)
+4 +21 81
+4 +5 81
+7 +1 81
+4 -6 81
+3 +6 81
+4 * 81
+3 +1 81
+4 +2 81
+3 -2 81
+3 +2 81
+3 -2 81
+4 * 81
+4 * 81
+3 * 81
+4 * 81
+4 +7 81
+4 * 81
+6 +4 81
+4 * 81
+6 +4 81
+7 * 81
+3 * 81
+2 +4 81
+3 * 81
+4 * 81
+3 +1 81
+5 * 81
+4 * 81
+7 * 81
+4 -7 81
+2 * 81
+4 * 81
+3 * 81
+4 +16 81
+8 -1 81
+5 +1 81
+2 * 81
jcnd=81/81 +19 +10 
* * 
+19 +10 81
+2 * 81
+3 * 81
+2 * 81
+6 * 81
+1 * 81
+7 * 81
+3 * 81
+3 * 81
+3 * 81
cfi=(79)
cfn=(280)
calls=81 0xc0d0 840 
* * 65658
+5 * 81
+3 +4 81
+8 * 81
+1 * 81
+1 * 81
+2 * 81
+2 +10 81
+4 * 81
+3 * 81
+6 * 81
+5 * 81
+6 * 81
+3 * 81
+6 * 81
+4 * 81
+4 * 81
+5 +15 81
+4 * 81
+3 * 81
+3 * 81
jfi=(218) ./elf/../sysdeps/x86_64/dl-irel.h
jcnd=2/81 0x130d0 -92 
* * 
+6 +9 81
+7 * 81
+3 * 81
jcnd=81/81 +23 +26 
* * 
+23 +26 81
+6 * 81
+2 * 81
fi=(6)
+2 +70 81
fe=(160)
+4 -66 81
+4 * 81
+1 * 81
+1 * 81
+2 * 81
+2 * 81
fi=(218)
0x130d0 32 2
cob=(3)
cfi=(110)
cfn=(358)
calls=1 0xa9480 -3 
* * 22
cob=(3)
cfi=(118)
cfn=(380)
calls=1 0xa86a0 -3 
* * 21
fe=(160)
+2 +93 2
+5 * 2
jump=2 0x12fc0 +8 
* * 

fl=(55) ./io/../sysdeps/unix/sysv/linux/open64_nocancel.c
fn=(178) __open_nocancel
0x26ae0 28 45
+4 +3 45
+3 -3 45
+5 * 45
+3 * 45
+3 +3 45
+4 * 45
+2 * 45
+2 * 45
+5 * 45
+5 * 45
+2 +8 45
+3 * 45
+3 * 45
+5 * 45
+5 * 45
+2 * 45
+6 * 45
jcnd=39/45 +50 * 
* * 
+2 +2 6
+48 -2 39
+2 * 39
+6 * 39
+5 +2 39

fl=(68)
fn=(222) _dl_load_cache_lookup
0x16710 416 4
+4 * 4
+1 * 4
+3 * 4
+2 * 4
+3 * 4
+2 * 4
+2 * 4
+2 * 4
+1 * 4
+7 +2 4
+7 * 4
+6 +3 4
+7 * 4
+3 * 4
jcnd=1/4 0x16ba0 +3 
* * 
+6 +69 3
+4 * 3
+6 * 3
+7 +5 3
+7 208 3
+7 495 3
+4 * 3
-18 * 1
+7 208 1
+7 495 1
+4 * 1
+6 +3 4
+3 * 4
+5 * 4
fi=(70) ./elf/../sysdeps/x86/dl-procinfo.h
+5 39 4
+3 * 4
+6 +3 4
+7 * 4
+4 * 4
cfi=(32)
cfn=(90)
calls=4 0x27220 +66 
* * 100
+5 * 4
+10 * 4
+7 * 4
+2 * 4
jfi=(68)
jcnd=4/4 +48 212 
* * 
fe=(68)
+48 212 4
+4 * 4
+2 * 4
+5 * 4
+3 * 4
+7 * 4
cfi=(10)
cfn=(24)
calls=4 0x17d70 405 
* * 84
+5 * 4
+4 +16 4
+4 * 4
+4 -16 4
+4 +6 4
+7 * 4
+4 +10 4
+2 -7 4
+3 * 4
+3 * 4
+3 * 4
+3 * 4
+3 +9 4
+3 * 4
+4 * 4
+2 +1 4
+3 -37 4
+4 * 4
+4 +37 4
+5 +4 4
+3 * 4
-28 -5 32
+3 * 32
+4 * 32
+2 +1 32
+3 -37 32
+4 * 32
+4 +37 32
+5 +4 32
+3 * 32
+2 +4 36
+3 * 36
+3 * 36
cfn=(230) _dl_cache_libcmp
calls=36 0x16630 370 
* * 2910
+5 +1 36
+2 * 36
jcnd=4/36 +53 -12 
* * 
+2 359 32
jcnd=16/32 +35 +1 
* * 
+2 +3 16
+3 * 16
+3 228 16
+3 * 16
jcnd=16/16 -56 +2 
* * 
+24 360 16
+4 228 16
+4 * 16
jcnd=16/16 -88 +2 
* * 
+8 * 4
+3 * 4
+3 * 4
+6 +2 4
+3 * 4
+5 * 4
+3 * 4
+4 * 4
jump=4 +38 +18 
* * 
+5 +20 5
+2 * 5
+4 +3 5
+3 * 5
+2 +2 5
+3 * 5
+3 * 5
+4 * 5
cfn=(230)
calls=5 0x16630 370 
* * 554
+5 * 5
+2 * 5
jcnd=4/5 +10 -37 
* * 
+2 +2 1
+3 -9 1
+3 * 1
jcnd=1/1 -36 +2 
* * 
-3 * 4
+3 * 4
jcnd=4/4 -36 +2 
* * 
+2 -30 4
+4 * 4
+4 +1 4
+10 +95 4
+4 -95 4
+3 -1 4
+6 * 4
+10 * 4
+3 * 4
+8 * 4
+7 * 4
+3 * 4
+4 * 4
+5 +96 4
+3 * 4
+4 * 4
jump=4 +30 -47 
* * 
+30 -47 4
+3 * 4
jcnd=4/4 +36 +10 
* * 
+36 +10 4
+8 * 4
+2 +1 4
+5 * 4
+3 * 4
fi=(69) ./elf/../sysdeps/generic/dl-cache.h
+2 125 4
+5 * 4
+3 * 4
+4 * 4
+3 * 4
fe=(68)
+7 294 4
+7 * 4
+6 +9 4
+5 * 4
+2 +3 4
+7 * 4
+2 +2 4
+6 * 4
+2 * 4
+2 +1 4
+5 * 4
+6 +5 4
+10 * 4
+3 +1 4
+7 * 4
+2 * 4
+3 * 4
+6 +7 4
+7 * 4
+6 +21 4
+4 * 4
+3 * 4
+3 * 4
+4 513 4
+7 * 4
+6 +12 4
+4 * 4
cfi=(22)
cfn=(60)
calls=4 0x2aa40 41 
* * 140
+5 * 4
+3 * 4
+4 * 4
+3 * 4
+7 * 4
+3 * 4
+4 * 4
+3 * 4
jcnd=4/4 +23 * 
* * 
+23 * 4
+6 * 4
+3 * 4
+3 * 4
jcnd=4/4 0x16b90 * 
* * 
+6 +1 4
+4 -1 4
+5 +1 4
+4 -1 4
+4 +1 4
cfi=(29)
cfn=(80)
calls=4 0x2afb0 212 
* * 60
+5 * 4
+3 +1 4
cfi=(45)
cfn=(140)
calls=4 0x271c0 40 
* * 372
+5 +1 4
+4 * 4
+1 * 4
+2 * 4
+2 * 4
+2 * 4
+2 * 4
+1 * 4
0x16b90 -3 4
+6 * 4
jump=4 0x16a49 +1 
* * 
+10 424 1
+5 * 1
+7 * 1
+7 * 1
cfi=(54)
cfn=(224) _dl_sysdep_read_whole_file
calls=1 0xd600 36 
* * 91
+5 * 1
+3 +8 1
+4 * 1
+6 * 1
+7 * 1
+4 * 1
+2 +1 1
+10 * 1
+4 * 1
+10 * 1
+4 * 1
+3 * 1
+2 * 1
+8 * 1
+2 +3 1
+10 * 1
+4 * 1
+3 * 1
+3 +1 1
+4 -1 1
+4 * 1
+3 * 1
fi=(69)
+2 194 1
+5 +1 1
+2 * 1
+6 * 1
+3 * 1
+2 * 1
jfi=(68)
jcnd=1/1 0x16f63 444 
* * 
fe=(68)
0x16f63 444 1
+7 +1 1
+7 * 1
jump=1 0x16759 +50 
* * 

fn=(230)
0x16630 370 41
+4 +1 41
+3 +32 41
+3 -33 41
+3 * 41
+3 +1 41
+2 * 41
-2 * 5
+2 * 5
jcnd=5/5 +52 +32 
* * 
+2 +2 230
+3 +2 230
+3 -2 230
+2 * 230
jcnd=5/230 +52 +2 
* * 
+2 +20 225
+4 * 225
+6 +2 225
+2 * 225
jcnd=36/225 0x166f9 +1 
* * 
+6 -12 189
+5 +2 189
+5 +14 189
+4 +1 189
+4 -29 189
+2 * 189
jcnd=189/189 -48 +2 
* * 
+2 +32 5
+3 * 5
+2 * 5
+5 -28 5
+4 * 5
+2 +8 5
+5 -2 5
+4 * 5
+3 +1 5
+4 * 5
+4 -1 5
+3 +2 5
+3 * 5
+3 * 5
jcnd=5/5 +28 +2 
* * 
+28 +2 5
+5 -3 5
+3 +3 5
+3 * 5
+4 * 5
jcnd=5/5 +26 +2 
* * 
+26 +2 5
+2 * 5
jcnd=5/5 0x16640 -16 
* * 
+15 +9 36
+3 * 36
+2 * 36

fn=(538)
0x172d0 537 1
+4 +1 1
+7 * 1
+4 * 1
+4 * 1
jcnd=1/1 +13 -1 
* * 
+13 -1 1
+4 +3 1
+7 * 1
cfi=(71)
cfn=(540)
calls=1 0x26cf0 117 
* * 6
+5 +1 1
+11 +4 1
+10 +2 1
+4 * 1

fl=(162) ./elf/./elf/dl-init.c
fn=(546) call_init.part.0
0x63e0 26 7
+2 * 7
+2 * 7
+3 * 7
+2 * 7
+3 * 7
+1 * 7
+2 * 7
+1 +13 7
+7 -13 7
+3 +16 7
+4 -3 7
+3 * 7
+6 +3 7
+3 * 7
jcnd=1/7 0x6490 +1 
* * 
+6 +5 6
+7 * 6
+6 +8 6
+7 * 6
+3 * 6
jcnd=2/6 +19 +4 
* * 
+2 +1 4
+4 * 4
+3 * 4
+3 * 4
+3 * 4
+2 * 4
cob=(2)
cfi=(51)
cfn=(598) 0x00000000048f5000
calls=1 0x48f5000 -56 
* * 7
cob=(2)
cfi=(51)
cfn=(586) 0x0000000004a8a000
calls=1 0x4a8a000 -56 
* * 7
cob=(2)
cfi=(51)
cfn=(576) 0x0000000004cde000
calls=1 0x4cde000 -56 
* * 7
cob=(2)
cfi=(51)
cfn=(548) 0x000000000483f000
calls=1 0x483f000 -56 
* * 26
+2 +3 6
+7 +1 6
+3 * 6
jcnd=2/6 +66 +12 
* * 
+2 +6 4
+7 * 4
+4 +2 4
+3 * 4
+4 -2 4
+4 +3 4
+2 * 4
+2 * 4
+3 * 4
+4 * 4
+4 * 4
jump=4 +9 +1 
* * 
+5 * 16
+4 +1 16
+3 * 16
+3 * 16
+2 * 16
cob=(7)
cfi=(170)
cfn=(802)
calls=1 0xaaec0 -70 
* * 247
cob=(7)
cfi=(170)
cfn=(776)
calls=1 0xaae00 -70 
* * 50
cob=(7)
cfi=(170)
cfn=(750)
calls=1 0xaad40 -70 
* * 50
cob=(7)
cfi=(170)
cfn=(732)
calls=1 0xaacc0 -70 
* * 34
cob=(7)
cfi=(170)
cfn=(714)
calls=1 0xaac40 -70 
* * 34
cob=(7)
cfi=(170)
cfn=(712)
calls=1 0xaac20 -70 
* * 82
cob=(7)
cfi=(170)
cfn=(708)
calls=1 0xaabe0 -70 
* * 166
cob=(7)
cfi=(170)
cfn=(706)
calls=1 0xaabc0 -70 
* * 82
cob=(7)
cfi=(170)
cfn=(704)
calls=1 0xaaa60 -70 
* * 44
cob=(7)
cfi=(170)
cfn=(678)
calls=1 0xaa970 -70 
* * 78
cob=(7)
cfi=(170)
cfn=(644)
calls=1 0xaa900 -70 
* * 2644
cob=(7)
cfi=(170)
cfn=(642)
calls=1 0xaa8f0 -70 
* * 3
cob=(7)
cfi=(170)
cfn=(632)
calls=1 0xaa8d0 -70 
* * 798
cob=(7)
cfi=(170)
cfn=(608)
calls=1 0xaa840 -70 
* * 1904
cob=(6) /usr/lib/x86_64-linux-gnu/libgcc_s.so.1
cfi=(169) ???
cfn=(592) 0x0000000000004600
calls=1 0x4600 -70 
* * 12
cob=(3)
cfi=(167) ./libio/./libio/vtables.c
cfn=(574) check_stdfiles_vtables
calls=1 0x29ca0 +13 
* * 12
-8 * 4
+3 * 4
+3 * 4
+2 * 4
cob=(7)
cfi=(170)
cfn=(602)
calls=1 0xaafc0 -70 
* * 12
cob=(6)
cfi=(169)
cfn=(590) __cpu_indicator_init
calls=1 0x3720 -70 
* * 364
cob=(4)
cfi=(168) ???
cfn=(580) 0x000000000000e460
calls=1 0xe460 -70 
* * 12
cob=(3)
cfi=(164) ./csu/./csu/init-first.c
cfn=(566) _init_first
calls=1 0x29c30 -24 
* * 74
+2 -1 20
+3 * 20
+3 * 20
jcnd=16/20 -20 * 
* * 
+2 +3 7
+1 * 7
+1 * 7
+2 * 7
+2 * 7
+2 * 7
+2 -29 1
+2 * 1
jcnd=1/1 -12 +29 
* * 

fn=(544) _dl_init
0x64d0 77 1
+4 * 1
+2 * 1
+2 * 1
+3 * 1
+2 * 1
+3 * 1
+2 * 1
+3 * 1
+1 * 1
+2 * 1
+1 * 1
+4 +1 1
+7 +1 1
+7 +3 1
+7 * 1
+3 * 1
jcnd=1/1 0x65d0 -51 
* * 
+6 +8 1
+3 * 1
jcnd=1/1 +7 +25 
* * 
+7 +25 1
+7 +1 1
+3 * 1
+2 * 1
+2 * 1
+4 * 1
+9 +1 1
+7 * 1
+4 -86 1
+4 * 1
+7 * 1
+2 * 1
jcnd=1/1 +10 +2 
* * 
-24 +86 6
+7 * 6
+4 -86 6
+4 * 6
+7 * 6
+2 * 6
jcnd=6/6 +10 +2 
* * 
+10 +2 7
+7 * 7
jcnd=1/7 +15 +83 
* * 
+2 * 6
+3 * 6
+3 * 6
+2 * 6
cfn=(546)
calls=6 0x63e0 -7 
* * 7109
+5 +83 7
+4 * 7
+4 * 7
jcnd=6/7 -64 +1 
* * 
+2 +7 1
+4 * 1
+1 * 1
+1 * 1
+2 * 1
+2 * 1
+2 * 1
+2 * 1
+80 -92 1
+4 * 1
+7 * 1
+2 * 1
jcnd=1/1 +6 +2 
* * 
+6 +2 1
+7 * 1
+2 * 1
+3 * 1
+3 * 1
+2 * 1
cfn=(546)
calls=1 0x63e0 -7 
* * 61
+5 +52 1
+11 * 1
jump=1 0x650b +5 
* * 

fl=(77)
fn=(270)
0x1ab80 252 1
+4 * 1
+2 * 1
+2 * 1
+2 * 1
+2 * 1
+1 * 1
+1 * 1
+4 42 1
+7 +9 1
+7 -10 1
+3 +4 1
+3 -4 1
+4 +3 1
+3 +4 1
+4 * 1
+3 +1 1
+3 * 1
+3 -1 1
+2 * 1
+6 +14 1
+4 * 1
jcnd=1/1 0x1ac99 254 
* * 
0x1ac99 254 1
+4 * 1
+1 * 1
+1 * 1
+2 * 1
+2 * 1
+2 * 1
+2 * 1

fl=(27)
fn=(72)
0xd4f0 78 17
+4 +4 17
+3 -4 17
+3 * 17
+3 * 17
+3 * 17
+3 +7 17
+3 +1 17
+4 * 17
+3 * 17
jfi=(28)
jcnd=17/17 +7 -30 
* * 
fi=(28)
+7 -30 17
cfi=(27)
cfn=(76)
calls=17 0xd3d0 -21 
* * 488
fe=(27)

fn=(76)
0xd3d0 35 46
+4 * 46
+1 * 46
+1 * 46
+3 * 46
+4 +1 46
+7 +11 46
+7 -11 46
+3 * 46
jcnd=1/46 0xd498 +6 
* * 
+6 +11 46
+4 * 46
+4 +3 46
+4 -3 46
+7 +3 46
+3 * 46
jcnd=3/46 +38 +5 
* * 
+2 * 43
+3 * 43
+3 * 43
+3 * 43
+2 +18 46
+7 +1 46
+7 +2 46
+4 * 46
+1 * 46
+1 * 46
+5 -16 3
+7 * 3
+3 * 3
+5 * 3
+3 +1 3
+3 * 3
jcnd=3/3 +11 +2 
* * 
+11 +2 3
+4 +1 3
+3 * 3
+5 * 3
+2 * 3
+6 * 3
+5 * 3
+3 * 3
cfi=(60)
cfn=(194)
calls=3 0x26ca0 -12 
* * 27
+5 * 3
+3 +2 3
+4 * 3
+2 +2 3
+7 * 3
jcnd=1/3 +63 +5 
* * 
+2 +2 2
+3 +4 2
+4 -4 2
+7 * 2
jump=2 0xd417 +3 
* * 
+7 -23 1
+7 -1 1
+7 +1 1
+5 +1 1
+3 * 1
+3 -2 1
+7 * 1
jump=1 0xd3f4 +6 
* * 
+8 +27 1
+7 -3 1
+3 * 1
+7 +4 1
+4 * 1
jump=1 0xd417 -1 
* * 

fn=(144)
0xd530 95 10
+4 +2 10
+7 * 10
+3 * 10
+2 * 10

fl=(67) ./io/../sysdeps/unix/sysv/linux/stat64.c
fn=(220) stat
0x26860 28 30
+4 * 30
+3 +1 30
+2 * 30
+3 * 30
+5 * 30
cfi=(59)
cfn=(192)
calls=30 +95 153 
* * 294

fl=(159) ./elf/../sysdeps/x86_64/dl-trampoline.h
fn=(526) _dl_runtime_resolve_xsave
0x15c60 67 81
+4 +5 81
+1 +3 81
+3 +2 81
+4 +10 81
+7 +6 81
+4 +1 81
+5 +1 81
+5 +1 81
+5 +1 81
+5 +1 81
+5 +1 81
+5 +4 81
+5 +1 81
+2 +3 81
+8 +1 81
+8 +2 81
+8 +1 81
+8 +1 81
+8 +1 81
+8 +1 81
+8 +1 81
+8 +2 81
+5 +7 81
+4 +1 81
+4 +1 81
cfi=(160)
cfn=(528)
calls=81 0x12e70 -80 
* * 73483
+5 +1 81
+3 +5 81
+5 +1 81
+2 +1 81
+5 +2 81
+5 +1 81
+5 +1 81
+5 +1 81
+5 +1 81
+5 +1 81
+5 +1 81
+4 +2 81
+3 +2 81
+4 +4 81
+4 +2 81

fl=(75)
fn=(256) _dl_check_map_versions
0x15df0 155 7
+4 * 7
+2 * 7
+2 * 7
+2 * 7
+2 * 7
+1 * 7
+1 * 7
+7 +15 7
+4 -15 7
+4 * 7
+4 +15 7
+3 * 7
+6 +2 7
+4 * 7
+3 * 7
+5 * 7
+7 * 7
+6 +2 7
+7 +1 7
+7 -1 7
+5 +1 7
+5 +2 7
+3 * 7
jcnd=2/7 0x16478 -13 
* * 
+6 +3 5
+4 * 5
+3 -16 5
+3 -8 5
+8 +28 5
+4 -4 5
+5 +4 5
+6 * 5
+3 +16 5
+3 36 5
+4 * 5
+7 200 5
+5 36 5
+4 * 5
+4 * 5
+4 * 5
+3 * 5
jcnd=5/5 +28 +2 
* * 
-34 200 6
+3 36 6
+4 * 6
+7 200 6
+5 36 6
+4 * 6
+4 * 6
+4 * 6
+3 * 6
jcnd=6/6 +28 +2 
* * 
+14 +1 47
+5 -1 47
+3 * 47
+6 +2 58
+3 * 58
+3 * 58
cfi=(54)
cfn=(174) _dl_name_match_p
calls=58 0xd690 +30 
* * 5992
+5 * 58
+2 * 58
jcnd=47/58 -27 -1 
* * 
+2 208 11
+4 * 11
+2 * 11
+6 +5 11
+5 -71 11
+5 * 11
+4 +71 11
+3 * 11
+3 * 11
+3 +8 11
+4 -2 11
+4 -2 11
+5 * 11
+3 +4 11
+5 -4 11
+5 * 11
+4 * 11
+4 * 11
+4 * 11
+4 * 11
jcnd=8/11 +26 56 
* * 
-42 +4 36
+4 -2 36
+4 -2 36
+5 * 36
+3 +4 36
+5 -4 36
+5 * 36
+4 * 36
+4 * 36
+4 * 36
+4 * 36
jcnd=24/36 +26 56 
* * 
+2 * 15
+7 * 15
+3 * 15
+7 * 15
+3 * 15
+4 56 15
+4 * 15
+4 * 15
+7 * 15
jcnd=15/15 +6 +8 
* * 
-15 * 32
+4 * 32
+4 * 32
+7 * 32
jcnd=32/32 +6 +8 
* * 
+6 +8 47
+7 * 47
+3 * 47
+6 +6 47
+7 * 47
+3 * 47
+6 +16 47
+4 +1 47
+3 * 47
+6 +2 47
+4 +5 47
+4 * 47
+2 * 47
+5 * 47
+3 * 47
+3 * 47
+5 * 47
+3 * 47
+3 * 47
+3 +14 47
+4 * 47
-4 * 706
+4 * 706
jcnd=47/706 0x16090 +2 
* * 
+6 +12 706
+4 * 706
+2 * 706
+6 +4 706
+3 -30 706
+6 * 706
jcnd=706/706 -31 +14 
* * 
0x1606a 224 47
+4 * 47
+5 * 47
+3 * 47
+4 +3 47
+3 * 47
+2 * 47
jcnd=11/47 +57 113 
* * 
+2 +5 36
+3 -11 36
jump=36 0x15ee8 * 
* * 
+12 110 47
+4 +3 47
+3 * 47
+5 * 47
+3 * 47
cfi=(32)
cfn=(90)
calls=47 0x27220 -5 
* * 1750
+5 * 47
+2 * 47
+6 * 47
+3 * 47
jump=47 -69 224 
* * 
+9 * 11
+4 236 11
+5 * 11
+3 * 11
+2 * 11
jcnd=5/11 0x1628d +14 
* * 
+6 +5 6
+3 * 6
+5 -44 6
+3 +1 6
jump=6 0x15e78 +2 
* * 
0x1628d +52 5
+6 * 5
jcnd=1/5 +47 +17 
* * 
+2 +3 5
+5 * 5
+4 * 5
+3 * 5
jump=5 +10 +3 
* * 
+7 +10 116
+3 -7 116
+4 * 116
+5 * 116
+3 * 116
+4 +3 116
+3 * 116
+2 * 116
jcnd=111/116 -24 +4 
* * 
-21 -3 5
+4 * 5
+5 * 5
+3 * 5
+4 +3 5
+3 * 5
+2 * 5
jcnd=5/5 -24 +4 
* * 
+2 +8 6
+3 * 6
+6 +6 6
fi=(28)
+4 44 6
fe=(75)
+5 273 6
fi=(28)
+3 44 6
cfi=(27)
cfn=(72)
calls=6 0xd4f0 +34 
* * 244
fe=(75)
+6 272 6
fi=(28)
+7 44 6
fe=(75)
+3 274 6
+3 * 6
+6 +13 6
+7 -3 6
+7 +3 6
+4 * 6
+8 * 6
+6 * 6
+7 +2 6
+5 * 6
+3 * 6
jcnd=1/6 0x16414 +38 
* * 
+6 +3 5
+5 * 5
+4 * 5
+3 * 5
+7 +4 5
+3 * 5
+3 * 5
jump=5 +58 +3 
* * 
-6 * 6
+3 * 6
+3 * 6
jump=6 +58 +3 
* * 
+2 +7 47
+3 +1 47
+6 -1 47
+3 * 47
+4 * 47
+4 +1 47
+3 +1 47
+3 -2 47
+4 +2 47
+3 * 47
+3 +1 47
+3 * 47
+3 * 47
+4 +3 47
+3 * 47
+2 * 47
jcnd=11/47 +45 +8 
* * 
+2 +5 36
+3 -15 36
+4 +2 36
+3 -2 36
+2 +2 36
+7 -2 36
+5 +2 36
+3 * 36
jcnd=36/36 -80 +2 
* * 
-24 -2 11
+4 +2 11
+3 -2 11
+2 +2 11
+7 -2 11
+5 +2 11
+3 * 11
jcnd=11/11 -80 +2 
* * 
+16 +16 11
+3 * 11
+2 * 11
jcnd=5/11 0x16414 +10 
* * 
+2 +5 6
+3 -28 6
jump=6 0x16338 +2 
* * 
+10 +62 7
+4 * 7
+7 * 7
+1 * 7
+1 * 7
+2 * 7
+2 * 7
+2 * 7
+2 * 7
+75 -29 6
+5 * 6
+3 * 6
jcnd=1/6 0x163b4 +29 
* * 
+2 +3 5
+4 * 5
+5 * 5
+3 * 5
jump=5 +60 +6 
* * 
+2 +4 116
+3 +6 116
+4 +1 116
+3 +1 116
+3 -1 116
+6 * 116
+4 * 116
+4 +1 116
+3 -1 116
+3 +1 116
+3 +1 116
+8 +3 116
+3 * 116
+2 * 116
jcnd=5/116 0x163b4 +10 
* * 
+6 +4 116
+3 -14 116
+4 * 116
jcnd=116/116 -62 -2 
* * 
-4 * 5
+4 * 5
+2 +10 5
+3 * 5
+2 * 5
jcnd=5/5 -14 +4 
* * 
+7 164 2
+3 +86 2
+6 -94 2
+8 +94 2
jcnd=1/2 0x16295 +3 
* * 
+6 * 1
jump=1 0x163b4 356 
* * 

fn=(254)
0x16590 361 1
+4 * 1
+2 * 1
+2 * 1
+1 * 1
+1 * 1
+4 +4 1
+3 * 1
+2 * 1
+3 * 1
+2 * 1
+3 -2 1
+3 * 1
+2 +4 1
+7 * 1
jcnd=1/1 +25 * 
* * 
-7 * 6
+7 * 6
jcnd=6/6 +25 * 
* * 
+25 * 7
+3 * 7
+3 * 7
+2 * 7
cfn=(256)
calls=7 0x15df0 155 
* * 21570
+5 -2 7
+4 +2 7
+2 * 7
+3 * 7
+3 -1 7
+3 -1 7
+3 * 7
jcnd=6/7 -63 +2 
* * 
+2 +5 1
+4 * 1
+3 * 1
+1 * 1
+1 * 1
+2 * 1
+2 * 1

fl=(58) ./io/../sysdeps/unix/sysv/linux/fstat64.c
fn=(190) fstat
0x26880 29 6
+4 * 6
+3 +1 6
+2 * 6
+2 +5 6
+5 * 6
+7 * 6
cfi=(59)
cfn=(192)
calls=6 +57 153 
* * 48

fl=(46)
fn=(146)
0x3360 56 1
+4 +3 1
+3 * 1
+2 +4 1
+6 -6 1
+2 +4 1
+7 +2 1
+2 * 1
jcnd=1/1 0x3430 +1 
* * 
+6 +22 1
+5 * 1
+2 +5 1
+3 * 1
+8 +1 1
+7 +1 1
+8 -1 1
+4 -1 1
+4 +5 1
+5 * 1
jcnd=1/1 0x3440 +1 
* * 
+6 +4 1
+3 * 1
jcnd=1/1 +15 +8 
* * 
+15 +8 1
+3 * 1
0x3430 -43 1
+10 * 1
jump=1 0x3380 +21 
* * 
+6 +32 1
+4 * 1
+7 * 1
+4 * 1
+4 * 1
+4 * 1
jump=1 0x33b4 +3 
* * 

fn=(152)
0x3300 116 2
+4 +1 2

fn=(186)
0x3310 38 6
+4 +3 6
+7 -1 6
+3 * 6
jcnd=6/6 +22 +4 
* * 
+22 +4 6
+5 * 6
+2 +4 6

fl=(41)
fn=(120) _dl_hwcaps_contains
0x1e160 66 6
+4 +1 6
+3 * 6
jcnd=6/6 0x1e20d +1 
* * 
0x1e20d +1 6
+5 +9 6

fn=(116)
0x1e220 51 11
+4 * 11
+1 * 11
+1 * 11
+3 * 11
+4 -25 11
+3 * 11
+3 * 11
jcnd=2/11 0x1e2b0 +29 
* * 
-6 * 3
+3 * 3
+3 * 3
+2 +4 12
+4 * 12
+3 +4 12
+4 * 12
+3 * 12
jcnd=6/12 +31 +2 
* * 
+2 * 6
+4 * 6
+7 +1 6
+3 * 6
+3 -1 6
+3 * 6
+4 * 6
+3 * 6
+2 +2 12
+2 * 12
jcnd=3/12 +76 +19 
* * 
+2 +5 9
+5 * 9
+3 * 9
cfi=(42)
cfn=(118)
calls=9 0x2a810 -18 
* * 216
+5 +1 9
+3 * 9
jcnd=3/9 +74 +1 
* * 
+2 +3 6
+3 +11 6
+3 * 6
+4 +1 6
+2 * 6
+2 +1 6
+3 -1 6
+3 +1 6
jcnd=3/6 -95 -32 
* * 
-17 -2 3
+3 * 3
+4 +1 3
+2 * 3
+2 +1 3
+3 -1 3
+3 +1 3
+2 * 6
+4 * 6
+3 * 6
+3 * 6
cfn=(120)
calls=6 0x1e160 +8 
* * 30
+5 * 6
+2 * 6
jcnd=6/6 +19 +4 
* * 
+17 -3 5
+2 +7 5
+4 * 5
+1 * 5
+1 * 5
-6 * 6
+4 * 6
+1 * 6
+1 * 6
+8 -19 3
+3 * 3
cfi=(22)
cfn=(60)
calls=3 0x2aa40 -2 
* * 51
+5 * 3
jump=3 -77 +13 
* * 

fn=(122)
0x1e0c0 25 1
+4 * 1
+1 * 1
+1 * 1
+4 +1 1
+3 * 1
+3 * 1
jcnd=1/1 +96 +21 
* * 
+96 +21 1
+4 -20 1
+2 +20 1
+1 * 1
+1 * 1

fl=(54)
fn=(224)
0xd600 36 1
+4 * 1
+2 +3 1
+2 -3 1
+3 * 1
+2 * 1
+7 * 1
+1 * 1
+1 * 1
+3 +3 1
+5 -3 1
+7 +3 1
cfi=(55)
cfn=(178)
calls=1 0x26ae0 -11 
* * 19
+5 +1 1
+2 * 1
jcnd=1/1 +20 +2 
* * 
+2 +23 1
+7 * 1
+3 * 1
+1 * 1
+1 * 1
+2 * 1
+2 * 1
+2 -21 1
+3 * 1
+2 * 1
+2 * 1
cfi=(58)
cfn=(190)
calls=1 0x26880 -13 
* * 15
+5 * 1
+2 * 1
+2 +2 1
+5 * 1
+3 +3 1
+3 * 1
jcnd=1/1 +21 +2 
* * 
+9 +13 1
+2 * 1
cfi=(64)
cfn=(204)
calls=1 0x269d0 -35 
* * 6
+5 * 1
jump=1 -61 +3 
* * 
+5 -11 1
+3 * 1
+3 * 1
+5 * 1
+3 * 1
+2 * 1
cfi=(60)
cfn=(194)
calls=1 0x26ca0 -2 
* * 9
+5 * 1
+3 * 1
jump=1 -36 +11 
* * 

fn=(174)
0xd690 68 107
+4 * 107
+1 * 107
+3 * 107
+1 * 107
+3 * 107
+4 +1 107
+4 * 107
cfi=(32)
cfn=(90)
calls=107 0x27220 +39 
* * 3510
+5 * 107
+2 * 107
+2 +3 107
+4 +2 107
+3 * 107
jcnd=107/107 +21 +1 
* * 
+12 +6 104
+4 -6 104
+3 * 104
jcnd=89/104 +33 +9 
* * 
+2 +1 122
+3 * 122
+3 * 122
cfi=(32)
cfn=(90)
calls=122 0x27220 +33 
* * 4698
+5 * 122
+2 * 122
jcnd=104/122 -22 +5 
* * 
+2 +8 18
+4 -13 18
+5 +13 18
+1 * 18
+1 * 18
+5 * 89
+4 -1 89
+2 +1 89
+1 * 89
+1 * 89

fn=(482)
0xd700 87 2
+4 +38 2
+7 -1 2
+4 +3 2
jump=2 +46 * 
* * 
+9 +2 10
+3 * 10
+3 * 10
+3 * 10
+4 * 10
+4 * 10
+3 * 10
+3 * 10
+4 +1 10
+2 * 10
+3 * 10
jcnd=3/10 +16 +1 
* * 
+2 * 7
+3 -3 7
+3 * 7
jcnd=6/7 -40 +2 
* * 
-3 * 5
+3 * 5
jcnd=4/5 -40 +2 
* * 
+2 +18 2
+2 +1 2
+4 -15 3
+4 * 3
jump=3 -15 -4 
* * 

fl=(31)
fn=(172)
0xa410 2022 12
+4 * 12
+2 * 12
+2 * 12
+2 * 12
+2 * 12
+1 * 12
+1 * 12
+7 * 12
+4 * 12
+4 +8 12
+3 * 12
+6 +1 12
+7 * 12
+3 * 12
+7 * 12
+6 +3 12
+4 * 12
+3 * 12
+3 * 12
+3 * 12
+4 * 12
+4 * 12
+3 * 12
jcnd=12/12 +24 +5 
* * 
+11 * 42
+4 * 42
+3 * 42
jcnd=5/42 0xa518 +34 
* * 
+6 +5 49
+8 * 49
+8 * 49
+3 * 49
+2 * 49
+2 * 49
+2 * 49
+2 +2 49
+3 * 49
+3 * 49
cfi=(54)
cfn=(174)
calls=49 0xd690 68 
* * 5064
+5 * 49
+2 * 49
jcnd=7/49 +89 2329 
* * 
+2 +4 42
+8 * 42
+2 +1 42
+7 * 42
+3 * 42
jcnd=20/42 -75 -12 
* * 
+2 +4 22
+4 -1 22
+4 * 22
+4 * 22
+2 * 22
+8 * 22
jcnd=22/22 +5 +1 
* * 
+5 +1 22
+3 +1 22
+3 -1 22
+3 +1 22
cfi=(32)
cfn=(90)
calls=22 0x27220 108 
* * 808
+5 * 22
+2 * 22
jcnd=22/22 0xa470 -17 
* * 
+22 2329 12
+7 * 12
+3 * 12
+1 * 12
+1 * 12
+2 * 12
+2 * 12
+2 * 12
+2 * 12
+6 2068 5
+3 +1 5
+2 -1 5
+5 +1 5
+5 -1 5
+5 +1 5
+4 -1 5
+7 * 5
jcnd=5/5 +10 -44 
* * 
+10 -44 5
+9 +53 5
+7 * 5
+3 * 5
+6 +17 5
+5 * 5
+3 -2 5
+5 +2 5
cfi=(42)
cfn=(118)
calls=5 0x2a810 23 
* * 120
+5 * 5
+3 * 5
jcnd=4/5 0xa640 +4 
* * 
+6 2260 1
+3 * 1
+6 -1 1
+3 * 1
+3 * 1
cfn=(138) expand_dynamic_string_token
calls=1 0x80b0 385 
* * 168
+5 +2 1
+3 -3 1
+5 +1 1
+3 +2 1
+3 * 1
+6 +4 1
+5 * 1
+5 * 1
+3 * 1
+5 * 1
cfn=(176) open_verify.constprop.1
calls=1 0x7620 1568 
* * 283
+5 +3 1
+5 * 1
+3 -3 1
+2 +3 1
+6 +12 1
+4 * 1
+2 * 1
+2 * 1
+4 +46 1
+7 +1 1
+3 * 1
+3 * 1
+3 -1 1
+5 +1 1
+1 * 1
+5 * 1
+1 * 1
+1 * 1
+4 * 1
+1 * 1
+5 * 1
+5 * 1
cfn=(184) _dl_map_object_from_fd
calls=1 0x8bd0 944 
* * 1819
-44 -1 4
+7 +1 4
+3 * 4
+3 * 4
+3 -1 4
+5 +1 4
+1 * 4
+5 * 4
+1 * 4
+1 * 4
+4 * 4
+1 * 4
+5 * 4
+5 * 4
cfn=(184)
calls=4 0x8bd0 944 
* * 8438
+5 * 5
+4 * 5
+3 * 5
jump=5 0xa4fe +2 
* * 
+56 2098 4
+3 * 4
cfi=(22)
cfn=(60)
calls=4 0x2aa40 41 
* * 68
+5 * 4
+4 * 4
+5 +2 4
+7 * 4
+6 +7 4
+3 * 4
+6 * 4
+9 * 4
jcnd=4/4 0xa7e5 +4 
* * 
+23 +51 4
+4 * 4
+2 * 4
+3 * 4
+5 * 4
+1 * 4
+2 * 4
+2 * 4
+5 * 4
+8 * 4
+5 * 4
cfn=(216) open_path
calls=4 0x6f50 1870 
* * 7152
+5 +6 4
+4 -6 4
+2 +6 4
+3 * 4
+2 * 4
+5 * 4
+2 682 4
+8 2165 4
+8 682 4
+4 * 4
jcnd=3/4 0xa955 2173 
* * 
+6 +3 1
+3 * 1
jcnd=1/1 0xabad +3 
* * 
+66 2252 4
+7 * 4
+6 +28 4
+4 * 4
+2 * 4
+2 * 4
+4 +2 4
+3 * 4
+2 * 4
+5 * 4
jump=4 0xa5d0 +44 
* * 
0xa7e5 2111 4
+7 696 4
+5 * 4
+5 * 4
+5 2111 4
+5 +1 4
+2 696 4
+2 * 4
jump=4 +97 -14 
* * 
+80 2116 5
+8 * 5
+3 * 5
jcnd=4/5 0xaaa8 +15 
* * 
+6 682 5
+8 2117 5
+8 682 5
+4 * 5
jcnd=4/5 -37 2116 
* * 
+2 +3 1
+3 * 1
+2 +3 1
+8 * 1
+3 * 1
jcnd=1/1 0xa9db +3 
* * 
0xa955 2173 4
+9 +14 4
+6 * 4
+6 +2 4
+7 * 4
+3 * 4
+6 +4 4
+3 * 4
cfi=(68)
cfn=(222)
calls=4 0x16710 416 
* * 5628
+5 * 4
+3 +2 4
+3 * 4
+6 +4 4
+3 * 4
+6 +8 4
+9 * 4
+6 * 4
+3 +23 4
+5 * 4
+5 * 4
+5 * 4
+5 * 4
+3 * 4
cfn=(218) open_verify.constprop.0
calls=4 0x6940 1568 
* * 1246
+5 +4 4
+5 * 4
+3 -4 4
+2 +4 4
+2 +1 4
+5 * 4
jump=4 0xa722 +17 
* * 
+5 691 1
+12 +1 1
jump=1 0xa854 2116 
* * 
0xaaa8 2131 4
+2 * 4
+5 * 4
+5 * 4
+2 * 4
+6 +1 4
+5 * 4
+3 * 4
+6 * 4
+7 * 4
+3 * 4
+7 * 4
+4 * 4
+3 * 4
+2 * 4
+2 682 4
+7 2133 4
+7 682 4
+4 * 4
jcnd=4/4 0xae21 2142 
* * 
+98 2157 4
+8 * 4
+7 * 4
+6 +1 4
+3 * 4
jcnd=4/4 0xa687 * 
* * 
+59 688 1
+8 * 1
+3 * 1
jcnd=1/1 0xadf4 +3 
* * 
0xadf4 +3 1
+12 +1 1
jump=1 0xa955 2173 
* * 
+33 2142 4
+3 * 4
jcnd=4/4 0xab5a +15 
* * 

fn=(134) fillin_rpath.isra.0
0x8250 468 1
+2 * 1
+2 * 1
+2 * 1
+2 * 1
+1 * 1
+3 * 1
+1 +4 1
+2 -4 1
+4 * 1
+5 * 1
+5 * 1
+5 * 1
+5 * 1
+5 * 1
+5 * 1
+7 +6 1
+5 * 1
+3 * 1
cfi=(7)
cfn=(136) strsep
calls=1 0x1e760 239 
* * 596
-8 * 3
+5 * 3
+3 * 3
cfi=(7)
cfn=(136)
calls=3 0x1e760 239 
* * 572
+5 * 4
+3 * 4
+3 * 4
jcnd=1/4 0x84f3 +97 
* * 
+6 +7 3
+4 * 3
+6 +2 3
+5 * 3
+3 * 3
cfn=(138)
calls=3 0x80b0 -98 
* * 446
+5 * 3
+3 +4 3
+3 * 3
+2 +5 3
+3 * 3
cfi=(22)
cfn=(60)
calls=3 0x2aa40 41 
* * 87
+5 * 3
+3 +1 3
+3 * 3
jcnd=3/3 +37 +7 
* * 
+18 +7 3
+6 * 3
+4 * 3
jcnd=3/3 0x84e0 +5 
* * 
+9 * 3
+4 * 3
jcnd=3/3 -23 * 
* * 
+17 +9 3
+7 * 3
+3 * 3
jcnd=3/3 +23 +1 
* * 
+14 * 15
+4 * 15
+3 * 15
jcnd=3/15 0x83a0 +19 
* * 
+2 +1 15
+5 * 15
jcnd=15/15 -14 -1 
* * 
+50 +55 3
+5 * 3
fi=(28)
+4 50 3
+5 * 3
cfi=(27)
cfn=(144)
calls=3 0xd530 +45 
* * 15
+6 +1 3
jfi=(31)
jump=3 0x8288 474 
* * 
fe=(31)
+44 528 3
+6 * 3
jcnd=3/3 0x850b * 
* * 
+25 +4 3
+7 * 3
+5 * 3
fi=(28)
+5 56 3
cfi=(27)
cfn=(76)
calls=3 0xd3d0 -21 
* * 75
+6 * 3
fe=(31)
+3 534 3
+3 * 3
+6 +5 3
+7 +1 3
+3 * 3
+3 -1 3
+5 -1 3
+5 +2 3
cfi=(29)
cfn=(128)
calls=3 0x2afa0 199 
* * 47
+5 +3 3
+7 -3 3
+3 +1 3
+5 +2 3
jcnd=2/3 +9 +6 
* * 
+2 +1 1
+7 +5 1
+3 +1 1
+7 -1 1
+4 * 1
+4 * 1
+3 +1 1
+3 * 1
-24 -1 2
+3 +1 2
+7 -1 2
+4 * 2
+4 * 2
+3 +1 2
+3 * 2
+2 * 3
+4 * 3
+4 * 3
+6 * 3
+3 * 3
+5 * 3
+2 * 3
+4 * 3
+5 * 3
+7 +1 3
+3 -1 3
+4 +1 3
+4 * 3
+6 -1 3
+3 * 3
jcnd=3/3 -20 +1 
* * 
-20 +1 3
+3 -1 3
+4 +1 3
+4 * 3
+6 -1 3
+3 * 3
+2 * 3
+3 * 3
+4 * 3
+4 * 3
+2 +1 3
+4 -1 3
+4 +1 3
+4 -1 3
+3 * 3
+2 * 3
+4 +1 3
+4 -1 3
+3 * 3
jcnd=3/3 +6 +3 
* * 
+6 +3 3
+5 +1 3
+5 -1 3
+5 +1 3
+3 * 3
jcnd=3/3 0x8519 -26 
* * 
+20 +1 3
+5 +6 3
+7 * 3
+4 +1 3
+7 * 3
jump=3 0x8360 +3 
* * 
+6 -57 3
+5 * 3
+4 * 3
+5 * 3
jump=3 0x8308 +4 
* * 
+5 +66 1
+9 +3 1
+4 * 1
+1 * 1
+1 * 1
+2 * 1
+2 * 1
+2 * 1
+2 * 1
+1 -46 3
+9 * 3
jump=3 0x83bf +4 
* * 
+5 * 3
+2 * 3
jump=3 -88 +27 
* * 

fn=(184)
0x8bd0 944 5
+1 * 5
+3 * 5
+2 * 5
+2 * 5
+2 * 5
+2 * 5
+3 * 5
+1 * 5
+7 * 5
+7 +10 5
+4 -10 5
+7 * 5
+6 * 5
+7 * 5
+7 +10 5
cfi=(46)
cfn=(186)
calls=5 0x3310 38 
* * 35
+5 * 5
+7 +7 5
+3 * 5
+5 * 5
+6 * 5
jfi=(57) ./elf/../sysdeps/posix/dl-fileid.h
jcnd=5/5 0x90c8 37 
* * 
+28 +85 5
+3 * 5
+3 * 5
+6 * 5
+6 +10 5
+7 * 5
+6 +7 5
+4 * 5
+4 * 5
+3 * 5
+3 * 5
+7 * 5
+7 * 5
cfi=(26)
cfn=(70)
calls=5 0xd990 59 
* * 1758
+5 * 5
+3 +1 5
+3 * 5
+6 +11 5
+7 * 5
+4 +5 5
+4 -5 5
+7 +1 5
+4 * 5
+7 +1 5
+4 +2 5
+8 -2 5
+8 +2 5
+3 * 5
+4 +1 5
+4 * 5
+3 * 5
jcnd=1/5 0x9220 +4 
* * 
+6 +1 4
+5 * 4
+7 +19 4
+8 * 4
+3 -2 4
+7 +2 4
+8 * 4
+3 * 4
+4 * 4
+4 * 4
+3 * 4
+6 * 4
+3 * 4
+4 * 4
+3 * 4
jcnd=4/4 +23 * 
* * 
-56 * 1
+8 * 1
+3 -2 1
+7 +2 1
+8 * 1
+3 * 1
+4 * 1
+4 * 1
+3 * 1
+6 * 1
+3 * 1
+4 * 1
+3 * 1
jcnd=1/1 +23 * 
* * 
+23 * 5
+6 * 5
+3 * 5
+3 * 5
+2 * 5
+6 * 5
+5 * 5
+3 * 5
+4 * 5
+4 * 5
+7 +10 5
+7 * 5
+3 * 5
+3 * 5
+6 +85 5
+7 -58 5
+7 -34 5
+7 -1 5
+7 +93 5
+7 +6 5
+3 -64 5
+4 * 5
+7 +9 5
+3 +55 5
+6 * 5
+5 -55 5
+7 -42 5
+2 +97 5
+6 * 5
+4 1101 5
+2 -5 5
+11 * 5
jump=5 +49 +15 
* * 
+8 +15 37
+3 * 37
jcnd=5/37 0x9380 +6 
* * 
+6 * 32
+3 * 32
jcnd=31/32 0x92a0 * 
* * 
+6 +20 1
+4 * 1
+7 +1 1
+3 -22 1
+4 * 1
+3 * 1
-7 * 53
+4 * 53
+3 * 53
+2 +1 59
+2 * 59
+3 * 59
jcnd=2/59 0x93d0 +65 
* * 
+6 * 57
jcnd=37/57 -52 * 
* * 
+2 * 20
+6 * 20
jcnd=5/20 0x9480 +98 
* * 
+6 * 15
+6 * 15
jcnd=10/15 -40 -1 
* * 
+2 1213 5
+5 * 5
+5 1110 5
+4 1213 5
+5 * 5
+8 1110 5
+3 * 5
+2 * 5
+6 1218 5
+3 * 5
+6 * 5
+4 +10 5
+3 * 5
+8 +1 5
+3 -1 5
+4 +1 5
+3 -1 5
+4 * 5
+3 * 5
jcnd=5/5 -17 +1 
* * 
-17 +1 15
+3 -1 15
+4 +1 15
+3 -1 15
+4 * 15
+3 * 15
jcnd=10/15 -17 +1 
* * 
+2 1076 5
+7 * 5
+6 1235 5
+4 * 5
+6 +10 5
+5 * 5
+6 * 5
+7 * 5
+6 +7 5
+7 * 5
fi=(61) ./elf/./dl-map-segments.h
+8 96 5
fe=(31)
+7 1252 5
+3 * 5
+8 * 5
fi=(61)
+5 28 5
fe=(31)
+8 1252 5
fi=(61)
+3 96 5
fe=(31)
+3 1252 5
fi=(61)
+7 28 5
+7 * 5
+6 +1 5
+8 * 5
+8 * 5
+5 * 5
+7 * 5
+7 * 5
+3 * 5
+7 * 5
cfi=(60)
cfn=(194)
calls=5 0x26ca0 +18 
* * 45
+5 +74 5
+7 * 5
+4 -1 5
+7 -73 5
+3 +74 5
+6 +3 5
+7 * 5
+3 +1 5
+3 +2 5
+7 -3 5
+7 +1 5
+3 +2 5
jcnd=3/5 +78 +17 
* * 
+2 +7 2
+8 * 2
+7 * 2
+3 * 2
+5 * 2
+7 * 2
+8 * 2
+3 * 2
+6 +3 2
+3 * 2
+2 * 2
+4 * 2
cfi=(71)
cfn=(234)
calls=2 0x26d20 -2 
* * 12
+5 * 2
+7 * 2
+2 * 2
+6 +7 5
+8 +2 5
fi=(62) ./elf/./dl-load.h
+3 -37 5
+4 * 5
jcnd=5/5 +16 +3 
* * 
-4 * 15
+4 * 15
jcnd=10/15 +16 +3 
* * 
+2 +1 5
+4 * 5
+3 * 5
+7 +2 5
+8 * 5
-8 * 15
+8 * 15
jcnd=4/15 0x9b27 +1 
* * 
fi=(61)
+6 +56 20
+4 * 20
+4 * 20
+3 * 20
jcnd=15/20 0x9043 +45 
* * 
+2 +8 5
+7 -2 5
+3 +1 5
+3 +2 5
+3 -1 5
+5 +1 5
+3 -1 5
+3 * 5
+3 * 5
+4 +8 5
+3 * 5
+2 +3 5
+4 * 5
+6 +8 5
+3 * 5
+2 * 5
+3 * 5
+7 * 5
+3 * 5
+7 * 5
cfi=(44)
cfn=(132)
calls=5 0x2b1a0 -52 
* * 706
+5 +1 5
+7 * 5
+7 +5 5
+3 * 5
jcnd=2/5 0x9d86 +4 
* * 
+6 +12 20
+4 -59 20
+8 * 20
+3 * 20
+4 * 20
+3 * 20
jfi=(31)
jcnd=5/20 0x953a 1268 
* * 
+6 +2 15
+4 * 15
+4 +3 15
+4 -3 15
+3 * 15
+6 +2 15
+4 * 15
+3 * 15
+3 * 15
+3 * 15
+7 * 15
+5 * 15
+7 * 15
cfi=(60)
cfn=(194)
calls=15 0x26ca0 -93 
* * 135
+5 * 15
+7 * 15
+4 * 15
jfi=(62)
jcnd=15/15 0x8fae -49 
* * 
fi=(57)
+36 37 5
+6 * 5
+7 * 5
cfi=(58)
cfn=(190)
calls=5 0x26880 -8 
* * 75
+5 * 5
+2 * 5
fe=(31)
+6 999 5
+4 * 5
fi=(57)
+7 40 5
+8 * 5
+7 * 5
fe=(31)
+7 999 5
fi=(57)
+4 40 5
fe=(31)
+7 999 5
+4 * 5
+4 * 5
+3 * 5
jcnd=5/5 +16 +1 
* * 
+7 * 20
+4 * 20
+3 * 20
jcnd=5/20 +89 +19 
* * 
+2 +1 20
+8 * 20
fi=(57)
+2 49 20
+7 * 20
jfi=(31)
jcnd=10/20 -26 999 
* * 
+2 * 10
+7 * 10
jfi=(31)
jcnd=10/10 -35 999 
* * 
fe=(31)
+42 1515 5
+4 * 5
+3 * 5
+1 * 5
+2 * 5
+2 * 5
+2 * 5
+2 * 5
+1 * 5
+2 1018 5
+5 * 5
jcnd=5/5 0x8c43 +28 
* * 
0x9220 +66 1
+4 * 1
+3 * 1
+3 * 1
+6 * 1
+3 * 1
+4 * 1
+3 * 1
jcnd=1/1 +23 * 
* * 
+23 * 1
+6 * 1
+3 * 1
+3 * 1
jcnd=1/1 0x9cb0 * 
* * 
+6 * 1
+5 +1 1
+6 * 1
+3 -1 1
+4 +1 1
+3 -1 1
+7 +1 1
cfi=(72)
cfn=(238)
calls=1 0x26b90 25 
* * 7
+5 * 1
+3 * 1
jcnd=1/1 0x8ce4 +15 
* * 
+25 +26 31
+3 * 31
jcnd=11/31 0x8df8 -1 
* * 
+6 +26 20
+4 * 20
+4 * 20
+3 * 20
+3 * 20
+3 * 20
+6 +10 20
+4 -1 20
+5 -1 20
+4 +2 20
+3 +2 20
+4 -2 20
+4 -1 20
+5 * 20
+8 * 20
+4 * 20
+3 * 20
+4 * 20
+5 +2 20
+4 * 20
+5 +1 20
+4 +2 20
+4 -3 20
+4 +3 20
+3 * 20
+3 * 20
+4 * 20
+4 * 20
+3 * 20
+4 +2 20
+7 * 20
+4 +4 20
+4 * 20
jcnd=5/20 +30 +5 
* * 
+2 +1 15
+7 * 15
+4 * 15
+6 * 15
+4 * 15
+7 +4 15
+8 +1 15
+6 -1 15
+3 +1 15
+3 * 15
+3 * 15
+3 * 15
+3 * 15
+3 * 15
+3 * 15
+4 -18 15
+3 +28 15
jump=15 0x8df8 -63 
* * 
-42 -11 5
+8 +1 5
+6 -1 5
+3 +1 5
+3 * 5
+3 * 5
+3 * 5
+3 * 5
+3 * 5
+3 * 5
+4 -18 5
+3 +28 5
jump=5 0x8df8 -63 
* * 
+10 -56 5
+5 * 5
+6 +7 5
+4 +2 5
+8 -2 5
+4 +1 5
+4 +1 5
+4 -1 5
+4 * 5
+8 +1 5
+3 * 5
+2 * 5
+3 * 5
+3 * 5
+3 * 5
+3 * 5
+7 * 5
jump=5 0x8df8 -16 
* * 
+9 +50 2
+4 * 2
+3 * 2
+6 +5 2
+4 -1 2
+5 * 2
+5 +5 2
+4 -5 2
+4 * 2
+8 -56 2
+4 +61 2
+3 * 2
+3 * 2
+4 * 2
+7 +1 2
+4 +3 2
+7 -3 2
+7 +8 2
+8 * 2
+3 * 2
+4 * 2
jcnd=2/2 0x8df8 -84 
* * 
+79 +15 5
+3 * 5
+7 +1 5
jump=5 0x8df8 1110 
* * 
0x953a +58 5
+4 * 5
+7 * 5
+3 * 5
+6 +1 5
+3 * 5
+4 * 5
fi=(63) ./elf/./elf/get-dynamic-info.h
+4 39 5
+3 * 5
+6 +6 5
+3 -2 5
+4 +2 5
+3 * 5
+6 +9 5
+5 +5 5
+5 +3 5
+6 +2 5
+6 -3 5
+6 -3 5
+6 -3 5
+6 * 5
jump=5 +32 -6 
* * 
+6 * 26
+3 * 26
+3 * 26
+3 +13 26
+4 -23 26
+4 * 26
+4 * 26
+3 * 26
jcnd=5/26 0x9630 +27 
* * 
-15 +23 95
+4 -23 95
+4 * 95
+4 * 95
+3 * 95
+2 +4 121
+4 * 121
jcnd=90/121 -21 +19 
* * 
+2 +5 31
+3 * 31
+3 * 31
+4 * 31
jcnd=26/31 -42 +1 
* * 
+2 +2 5
+3 * 5
+3 * 5
+3 * 5
+3 * 5
jcnd=5/5 +56 +3 
* * 
+56 +3 5
+3 * 5
+3 * 5
+4 * 5
jcnd=5/5 0x9c4c +3 
* * 
+22 +13 5
+3 * 5
+2 * 5
+8 * 5
+2 +10 5
+4 * 5
+3 * 5
jcnd=3/5 +6 +1 
* * 
+2 * 2
+4 +1 2
+4 * 2
+3 * 2
-7 * 3
+4 * 3
+3 * 3
+2 * 5
+4 +1 5
+4 * 5
+3 * 5
+2 * 5
+4 +1 5
+4 * 5
+3 * 5
+2 * 5
+4 +2 5
+4 * 5
+3 * 5
+2 * 5
+4 +5 5
+7 * 5
+3 * 5
jcnd=1/5 +6 +1 
* * 
+2 * 4
+4 +1 4
+7 * 4
+3 * 4
-10 * 1
+7 * 1
+3 * 1
jcnd=1/1 +6 +1 
* * 
+2 * 4
+4 +1 4
+7 * 4
+3 * 4
-10 * 1
+7 * 1
+3 * 1
+2 * 5
+4 +3 5
+7 * 5
+3 * 5
jcnd=1/5 +13 +12 
* * 
+2 +5 4
+5 * 4
+6 +7 5
+5 * 5
+2 +1 5
+7 * 5
+5 * 5
+6 +22 5
+7 * 5
+3 * 5
jcnd=3/5 +46 +15 
* * 
+2 +5 2
+4 * 2
+7 +2 2
+3 * 2
jcnd=2/2 +9 +2 
* * 
+9 +2 2
+3 * 2
jcnd=2/2 +9 +2 
* * 
+9 +2 2
+3 * 2
+6 +4 5
+7 * 5
+3 * 5
jfi=(31)
jcnd=4/5 0x9eb7 1275 
* * 
+6 +2 1
+4 * 1
+7 * 1
+2 +1 1
+3 * 1
+6 +9 1
+7 * 1
+6 +6 1
+2 * 1
+6 +4 5
+8 * 5
jfi=(31)
jcnd=5/5 +13 1275 
* * 
fe=(31)
+13 1275 5
+2 * 5
+6 +1 5
+2 * 5
jcnd=5/5 +13 +2 
* * 
+13 +2 5
+2 * 5
jcnd=5/5 +16 +10 
* * 
+16 +10 5
+7 * 5
+3 * 5
+6 +19 5
+3 * 5
+7 * 5
+3 +2 5
+6 * 5
+2 * 5
+7 * 5
+2 * 5
+6 +52 5
+7 * 5
+3 * 5
jcnd=3/5 +12 +7 
* * 
+2 +1 2
+3 * 2
+7 +6 2
+8 * 2
+8 * 2
+3 * 2
+4 * 2
+3 * 2
-26 * 3
+8 * 3
+8 * 3
+3 * 3
+4 * 3
+3 * 3
+6 * 5
+7 * 5
jump=5 +57 +1 
* * 
+6 +1 49
+5 * 49
jcnd=44/49 +33 -1 
* * 
+2 +6 5
+6 * 5
+3 * 5
+3 * 5
cfn=(88)
calls=5 0x8b60 868 
* * 100
+5 -7 5
+7 * 5
+7 * 5
+7 * 5
-7 * 54
+7 * 54
jcnd=5/54 0x99c0 +12 
* * 
+6 +1 59
+5 +6 59
+4 -6 59
+3 * 59
jcnd=49/59 -63 * 
* * 
fi=(30)
+2 95 10
+8 * 10
+2 * 10
+6 * 10
jfi=(31)
jcnd=5/10 -43 1368 
* * 
+2 213 5
+5 -1 5
+5 * 5
+3 105 5
+4 * 5
+6 212 5
+3 105 5
+6 -2 5
+3 -3 5
+2 +2 5
+10 +3 5
+3 -4 5
+10 * 5
jump=5 +45 +7 
* * 
+12 +92 5
+4 * 5
+4 * 5
+5 * 5
+4 -1 5
+3 -87 5
+4 * 5
+3 * 5
jfi=(31)
jcnd=5/5 0x9bf0 1506 
* * 
+6 +3 5
+2 * 5
+3 * 5
+2 +1 5
+4 * 5
+2 +1 5
+7 * 5
+2 +4 5
+8 * 5
+3 * 5
+6 +4 5
+3 * 5
+3 * 5
+7 +3 5
+3 * 5
+3 * 5
+6 +1 5
+4 * 5
+6 +4 5
+4 +1 5
+6 * 5
+2 * 5
+4 * 5
jump=5 +52 +4 
* * 
+24 +58 5
+4 * 5
+4 * 5
+4 +2 5
+3 * 5
+3 * 5
+4 * 5
jfi=(57)
jcnd=3/5 0x9fea 49 
* * 
+6 -56 7
+3 * 7
+3 +1 7
+3 +3 7
+3 * 7
+6 +3 7
+4 +1 7
+2 * 7
+4 * 7
+3 * 7
+6 +5 7
+3 * 7
+7 +2 7
+7 * 7
+2 +5 7
+3 * 7
+6 +14 7
+3 -1 7
+7 * 7
jcnd=5/7 +19 +1 
* * 
+2 +2 2
+7 * 2
jcnd=2/2 0xa104 +4 
* * 
+10 -1 5
+6 * 5
jump=5 0x9936 +20 
* * 
fe=(31)
+10 1380 5
+6 * 5
cfi=(64)
cfn=(204)
calls=5 0x269d0 25 
* * 30
+5 * 5
+2 * 5
+6 +13 5
+7 * 5
+6 +2 5
+7 * 5
+3 * 5
+3 * 5
+7 +2 5
+7 * 5
+6 +16 5
+3 * 5
cfi=(8)
cfn=(14)
calls=5 0x13530 25 
* * 145
+5 +4 5
+4 * 5
+2 +1 5
+8 * 5
+6 +17 5
+8 * 5
jcnd=4/5 +9 +4 
* * 
+2 +1 1
+7 +3 1
+8 +5 1
+8 -5 1
+8 +5 1
-24 -5 4
+8 +5 4
+8 -5 4
+8 +5 4
+6 +10 5
+8 * 5
+6 +7 5
+4 * 5
+7 * 5
+4 * 5
+4 * 5
+6 * 5
jcnd=4/5 0x9e5c +1 
* * 
+6 +10 5
+8 * 5
jcnd=3/5 +29 +13 
* * 
+2 +1 2
+8 * 2
+3 * 2
+2 * 2
+6 +5 2
+3 * 2
cfi=(47)
cfn=(236)
calls=2 0x140b0 131 
* * 20
+5 +7 5
+4 * 5
+3 * 5
cfi=(26)
cfn=(82)
calls=5 0xd8f0 31 
* * 265
+5 +3 5
+7 * 5
+3 * 5
+2 * 5
jcnd=5/5 0x9bc5 +19 
* * 
+40 +23 5
+4 * 5
+7 * 5
+4 * 5
+4 * 5
+4 * 5
+7 * 5
+6 +1 5
+4 * 5
+3 * 5
cfi=(49)
cfn=(206)
calls=5 0x1b450 76 
* * 25
+5 * 5
jump=5 0x916d +4 
* * 
fi=(62)
+25 95 4
+7 * 4
+4 * 4
+4 * 4
+3 * 4
+6 +2 4
+4 -1 4
+4 * 4
+4 +1 4
+8 -1 4
+3 +1 4
+3 -1 4
+3 +1 4
+4 -1 4
+3 * 4
+6 +3 4
+3 * 4
+3 * 4
+7 * 4
jfi=(61)
jump=4 0x8fd0 +51 
* * 
fe=(31)
+79 1506 5
+3 * 5
jcnd=5/5 0x9ade +4 
* * 
+40 * 5
+6 * 5
+8 * 5
fi=(30)
+4 198 5
+2 * 5
+6 * 5
+4 * 5
+6 +2 5
+8 +1 5
+7 +2 5
+9 -3 5
+3 * 5
+3 * 5
fe=(31)
+7 1368 5
+7 * 5
+7 * 5
jump=5 0x982e * 
* * 
fi=(63)
+5 62 5
+3 * 5
+3 * 5
+4 * 5
+6 +2 5
+3 * 5
+3 * 5
+3 * 5
jump=5 0x95a9 +4 
* * 
fe=(31)
+75 1084 1
+6 * 1
jump=1 0x9263 * 
* * 
fi=(61)
0x9d86 187 2
+3 * 2
+3 * 2
+6 * 2
+3 * 2
+3 * 2
+3 * 2
+5 * 2
cfi=(60)
cfn=(194)
calls=2 0x26ca0 47 
* * 18
+5 +3 2
+4 * 2
jcnd=2/2 0x9043 +5 
* * 
fe=(31)
0x9e5c 1462 4
+7 * 4
+3 * 4
jcnd=1/4 0x9a79 +9 
* * 
+6 +2 3
+4 -1 3
+4 * 3
+4 * 3
+2 * 3
+8 * 3
jcnd=3/3 +5 +1 
* * 
+5 +1 3
+3 -1 3
+7 +1 3
+3 -1 3
cfi=(32)
cfn=(90)
calls=3 0x27220 108 
* * 75
+5 * 3
+2 * 3
jcnd=2/3 0x9a79 +8 
* * 
+6 +2 1
+4 * 1
+4 * 1
+4 * 1
+5 * 1
jump=1 0x9a79 +6 
* * 
+5 1275 4
+7 * 4
jfi=(63)
jump=4 0x9753 169 
* * 
fi=(57)
0x9fea 49 3
+2 * 3
+6 * 3
jfi=(30)
jump=3 0x98a3 193 
* * 
fi=(30)
0xa104 170 2
+2 * 2
+6 * 2
+6 -39 2
+6 * 2
jump=2 0x98a3 +62 
* * 
fe=(31)

fn=(88)
0x8b60 868 6
+4 +8 6
+5 -8 6
+3 +8 6
+2 -6 6
+4 +12 6
+4 * 6
+2 -13 6
+3 +13 6
+5 -13 6
+4 +13 6
+3 * 6
jump=6 +41 +3 
* * 
+41 +3 6
+2 * 6
+3 * 6
+2 +1 6
+4 * 6
+2 +1 6
+7 * 6
+2 +43 6

fn=(106)
0x8710 706 1
+4 * 1
+1 * 1
+3 * 1
+2 * 1
+2 * 1
+2 * 1
+2 * 1
+1 * 1
+4 * 1
+4 * 1
+3 +14 1
+7 -14 1
+4 * 1
+3 +14 1
+7 * 1
cfi=(38)
cfn=(108)
calls=1 0x1d480 175 
* * 1847
fi=(28)
+5 56 1
fe=(31)
+5 720 1
fi=(28)
+7 56 1
cfi=(27)
cfn=(76)
calls=1 0xd3d0 -21 
* * 25
fe=(31)
+6 725 1
+7 +2 1
+3 * 1
+6 +7 1
+10 * 1
+3 +1 1
+7 * 1
+8 -1 1
+3 * 1
+3 * 1
+4 +5 1
+4 * 1
+3 * 1
fi=(28)
+4 56 1
cfi=(27)
cfn=(76)
calls=1 0xd3d0 -21 
* * 25
fe=(31)
+6 739 1
+4 +2 1
+7 * 1
+3 * 1
+3 * 1
+6 +17 1
+7 -10 1
+7 +19 1
+7 -11 1
+5 -9 1
+10 +9 1
+4 +12 1
+8 * 1
+7 -10 1
+4 +3 1
+7 * 1
+4 +9 1
+8 -7 1
+7 +4 1
+4 +3 1
+4 * 1
+3 -3 1
+5 -8 1
+8 +3 1
+8 +8 1
+4 -3 1
+2 +1 4
+4 * 4
+3 * 4
+2 * 4
cfi=(44)
cfn=(132)
calls=4 0x2b1a0 125 
* * 72
+5 +2 4
+7 * 4
+3 * 4
jcnd=1/4 0x88b0 +12 
* * 
+2 * 3
+4 * 3
+4 -14 3
+4 +10 3
+4 +4 3
+4 -12 3
+7 -2 3
+4 +2 3
+4 +4 3
+4 -3 3
+8 +3 3
+4 +1 3
+5 -2 3
+4 +5 3
+3 * 3
+6 +1 3
+5 -4 3
+3 +4 3
jcnd=3/3 0x8831 +1 
* * 
+24 +15 1
+7 +3 1
+7 -15 1
+7 +7 1
+8 -1 1
+11 +9 1
+3 * 1
+4 +2 1
+7 * 1
+3 * 1
+2 * 1
+6 +2 1
+7 * 1
+3 * 1
jcnd=1/1 0x89ad +19 
* * 
+75 +36 1
+4 * 1
+3 * 1
+2 * 1
+3 * 1
jcnd=1/1 +33 +2 
* * 
+33 +2 1
+3 * 1
cfi=(22)
cfn=(60)
calls=1 0x2aa40 41 
* * 61
+5 * 1
+3 * 1
+4 * 1
+4 * 1
+3 * 1
+6 * 1
+4 * 1
+3 * 1
+3 * 1
jcnd=1/1 0x8a0a * 
* * 
+20 -19 1
+7 -2 1
+11 +2 1
+3 * 1
jcnd=1/1 0x8ac5 +14 
* * 
+72 +19 1
+6 * 1
+3 * 1
+3 * 1
jcnd=1/1 0x8ae8 * 
* * 
+6 * 1
+4 * 1
+5 * 1
+3 * 1
+4 * 1
cfi=(29)
cfn=(80)
calls=1 0x2afb0 212 
* * 27
+5 * 1
+3 +5 1
+3 * 1
+2 * 1
+6 * 1
+3 -1 1
+5 * 1
+9 +2 1
+3 +1 1
+2 * 1
+4 -2 1
+4 * 1
+4 * 1
+2 * 1
jcnd=1/1 -19 +1 
* * 
-19 +1 70
+3 +1 70
+2 * 70
+4 -2 70
+4 * 70
+4 * 70
+2 * 70
jcnd=69/70 -19 +1 
* * 
+2 +5 1
fi=(28)
+8 56 1
cfi=(27)
cfn=(76)
calls=1 0xd3d0 -21 
* * 25
fe=(31)
+6 836 1
fi=(28)
+7 56 1
fe=(31)
+3 838 1
+3 * 1
+6 +6 1
+4 * 1
+3 * 1
+3 * 1
+3 * 1
+7 * 1
cfn=(134)
calls=1 0x8250 468 
* * 2275
+5 +3 1
+7 * 1
+4 * 1
+2 +6 1
+10 +4 1
+4 * 1
+1 * 1
+2 * 1
+2 * 1
+2 * 1
+2 * 1
+1 * 1
+1 -35 1
+11 * 1
jump=1 0x8946 +3 
* * 
+24 +5 1
+6 * 1
jump=1 0x8a1c * 
* * 

fn=(176)
0x7620 1568 1
+1 * 1
+3 * 1
+2 * 1
+2 * 1
+3 * 1
+2 * 1
+3 * 1
+2 * 1
+3 * 1
+1 * 1
+4 +39 1
+7 * 1
+3 * 1
+6 +19 1
+5 * 1
+3 * 1
+2 * 1
cfi=(55)
cfn=(178)
calls=1 0x26ae0 28 
* * 19
+5 * 1
+3 +2 1
+3 * 1
+6 +11 1
+10 +6 1
+4 * 1
+5 -5 1
+8 +5 1
+4 * 1
+2 * 1
+4 * 1
+3 * 1
+3 * 1
+4 * 1
+3 * 1
cfi=(56)
cfn=(180)
calls=1 0x26b60 25 
* * 6
+5 +2 1
+3 * 1
+6 +2 1
+4 * 1
+4 +2 1
+4 * 1
+2 +6 1
+4 * 1
+6 +17 1
+10 * 1
+4 * 1
+6 * 1
+5 * 1
+2 * 1
+6 * 1
+4 * 1
+3 * 1
+2 * 1
+6 * 1
jcnd=1/1 +99 * 
* * 
fi=(28)
+67 50 1
+3 * 1
cfi=(27)
cfn=(144)
calls=1 0xd530 +45 
* * 5
fe=(31)
+6 1856 1
+4 * 1
+3 * 1
+1 * 1
+2 * 1
+2 * 1
+2 * 1
+2 * 1
+1 * 1
+6 1674 1
+5 * 1
+2 * 1
+3 +74 1
+5 * 1
+6 +5 1
+6 * 1
+6 +2 1
+5 * 1
+3 * 1
+4 * 1
+6 +6 1
+6 * 1
+6 +6 1
+5 +1 1
+4 -1 1
+8 * 1
+3 * 1
+4 +1 1
+4 -1 1
+3 +1 1
+3 * 1
+6 +1 1
+4 * 1
+4 +20 1
+3 * 1
+3 * 1
+6 +31 1
+10 -31 1
+3 1633 1
+3 1820 1
+10 * 1
jump=1 +39 -30 
* * 
+11 -31 11
+8 * 11
+4 * 11
+3 * 11
+4 * 11
+3 * 11
jfi=(28)
jcnd=1/11 0x7730 50 
* * 
+6 +1 11
+3 * 11
jcnd=9/11 -31 -1 
* * 
+2 * 2
+4 * 2
+4 * 2
+2 +1 2
+4 * 2
+4 * 2
+6 * 2
+2 +4 2
+4 * 2
+4 * 2
+4 * 2
jcnd=2/2 0x7a60 +1 
* * 
0x78e0 +25 2
+5 * 2
+4 * 2
+3 * 2
+3 * 2
+3 * 2
jcnd=2/2 +94 +3 
* * 
+94 +3 2
+4 * 2
+4 * 2
+5 * 2
+3 * 2
+5 * 2
+3 * 2
+5 * 2
+3 * 2
+3 +3 2
+4 -4 2
+3 +4 2
+3 * 2
jcnd=2/2 +19 +6 
* * 
+19 +6 2
+5 * 2
jump=2 0x77f0 -43 
* * 
0x7a60 -36 2
+4 * 2
+4 * 2
jump=2 0x78e0 +24 
* * 

fn=(216)
0x6f50 1870 4
+1 * 4
+3 * 4
+2 * 4
+2 * 4
+2 * 4
+2 * 4
+1 * 4
+7 +1 4
+3 -1 4
+7 * 4
+7 * 4
+4 * 4
+7 * 4
+7 * 4
+7 +1 4
+7 +6 4
+3 * 4
+6 +5 4
+7 * 4
+7 * 4
+5 * 4
+3 * 4
+3 * 4
+6 * 4
+3 * 4
+4 * 4
+3 * 4
jcnd=4/4 +23 * 
* * 
+23 * 4
+6 * 4
+3 * 4
+3 * 4
jcnd=4/4 0x74ee * 
* * 
+6 * 4
+6 * 4
+5 -7 4
+10 * 4
+6 +7 4
+4 -8 4
+11 +8 4
+3 * 4
+3 +3 4
+7 * 4
+3 +9 4
+7 * 4
+2 * 4
+3 * 4
+6 * 4
+4 * 4
-32 -9 8
+7 * 8
+3 +9 8
+7 * 8
+2 * 8
+3 * 8
+6 * 8
+4 * 8
+6 +7 12
+4 * 12
+4 * 12
+3 +1 12
+3 -1 12
cfi=(29)
cfn=(128)
calls=12 0x2afa0 199 
* * 188
+5 -12 12
+10 +12 12
+3 +59 12
+7 * 12
+7 * 12
+3 * 12
+3 * 12
+3 -58 12
+7 * 12
+3 * 12
+6 * 12
+4 +3 12
+6 * 12
jcnd=9/12 0x7238 -3 
* * 
-6 * 108
+6 * 108
jcnd=72/108 0x7238 -3 
* * 
+6 +5 39
+7 * 39
+3 * 39
+3 * 39
+4 * 39
+5 * 39
+4 * 39
+3 * 39
cfi=(29)
cfn=(128)
calls=39 0x2afa0 199 
* * 519
+5 * 39
+7 * 39
+7 * 39
+3 * 39
cfi=(29)
cfn=(128)
calls=39 0x2afa0 199 
* * 507
+5 +3 39
+3 * 39
+7 +6 39
+7 * 39
+3 * 39
+6 +3 39
+4 * 39
+3 * 39
+3 * 39
+3 * 39
+7 * 39
cfn=(218)
calls=39 0x6940 1568 
* * 2106
+5 * 39
+3 +2 39
+5 * 39
+2 * 39
jcnd=9/39 0x7218 +26 
* * 
+6 +2 30
+4 * 30
jcnd=30/30 0x7250 +5 
* * 
0x71b0 +65 12
+6 * 12
+2 * 12
+2 * 12
+6 * 12
+3 * 12
+2 * 12
+3 * 12
+2 +7 12
+8 * 12
+7 -2 12
+6 * 12
+6 +2 12
+4 * 12
jcnd=8/12 0x7020 1885 
* * 
+6 +3 4
+6 * 4
+2 * 4
+6 -13 4
+6 +27 4
+4 * 4
+3 * 4
+1 * 4
+2 * 4
+2 * 4
+2 * 4
+2 * 4
+1 * 4
+4 -65 9
+3 * 9
+3 * 9
+3 * 9
+6 +2 9
+4 * 9
+6 -50 39
+7 * 39
+4 * 39
+3 * 39
jcnd=12/39 0x71b0 +89 
* * 
-7 * 81
+4 * 81
+3 * 81
+6 * 108
+3 * 108
jump=108 0x7091 +3 
* * 
+8 +29 30
+3 * 30
+2 +1 30
+4 * 30
+7 * 30
+4 * 30
+4 * 30
+4 * 30
+7 * 30
+6 +6 30
+7 * 30
+7 +2 30
+3 -2 30
+6 +2 30
+7 * 30
cfi=(67)
cfn=(220)
calls=30 0x26860 28 
* * 474
+5 * 30
+3 +3 30
+5 -3 30
+3 * 30
jcnd=27/30 +52 +3 
* * 
+2 +1 3
+6 +2 3
+2 * 3
+5 -2 3
+6 +2 3
+6 * 3
+3 * 3
+3 * 3
+6 * 3
+7 * 3
+6 * 3
+5 * 3
jump=3 0x7231 -41 
* * 
-5 * 27
+5 * 27
jump=27 0x7231 -41 
* * 
0x74ee -61 4
+6 * 4
jump=4 0x6ff0 * 
* * 

fn=(212) _dl_dst_count
0x7e70 238 11
+4 * 11
+2 +3 11
+5 -3 11
+2 * 11
+2 +7 11
+3 -7 11
+1 * 11
+1 +3 11
cfi=(42)
cfn=(118)
calls=11 0x2a810 23 
* * 336
+5 +3 11
+3 * 11
+2 +20 11
+1 * 11
+3 * 11
+1 * 11
+2 * 11
+2 * 11
+2 * 11

fn=(138)
0x80b0 385 4
+2 * 4
+2 * 4
+2 * 4
+2 * 4
+3 * 4
+1 * 4
+3 241 4
+5 385 4
+1 241 4
+3 385 4
+4 241 4
cfi=(42)
cfn=(118)
calls=4 0x2a810 23 
* * 168
+5 +3 4
+3 * 4
+2 410 4
+4 -11 4
+3 +11 4
+1 * 4
+1 * 4
+2 * 4
+2 * 4
+2 * 4
+2 -11 4
cfi=(45)
cfn=(140)
calls=4 0x271c0 40 
* * 354

fn=(218)
0x6940 1568 43
+1 * 43
+3 * 43
+2 * 43
+2 * 43
+3 * 43
+2 * 43
+3 * 43
+2 * 43
+3 * 43
+1 * 43
+4 +39 43
+7 * 43
+3 * 43
+6 +19 43
+5 * 43
+3 * 43
+2 * 43
cfi=(55)
cfn=(178)
calls=43 0x26ae0 28 
* * 934
+5 * 43
+3 +2 43
+3 * 43
jcnd=39/43 0x6da6 -16 
* * 
+6 +11 4
+10 +6 4
+4 * 4
+5 -5 4
+8 +5 4
+4 * 4
+2 * 4
+4 * 4
+3 * 4
+3 * 4
+4 * 4
+3 * 4
cfi=(56)
cfn=(180)
calls=4 0x26b60 25 
* * 24
+5 +2 4
+3 * 4
+6 +2 4
+4 * 4
+4 +2 4
+4 * 4
+2 +6 4
+4 * 4
+6 +17 4
+10 * 4
+4 * 4
jcnd=3/4 0x6df0 * 
* * 
+6 * 4
+5 * 4
+2 * 4
+6 * 4
+4 * 4
+3 * 4
+2 * 4
+6 * 4
jcnd=4/4 +99 * 
* * 
fi=(28)
+67 50 4
+3 * 4
cfi=(27)
cfn=(144)
calls=4 0xd530 +45 
* * 20
fe=(31)
+6 1856 43
+4 * 43
+3 * 43
+1 * 43
+2 * 43
+2 * 43
+2 * 43
+2 * 43
+1 * 43
+6 1674 4
+5 * 4
+2 * 4
+2 +74 4
+5 * 4
+6 +5 4
+6 * 4
+6 +2 4
+5 * 4
+3 * 4
+4 * 4
+6 +6 4
+6 * 4
+6 +6 4
+5 +1 4
+4 -1 4
+8 * 4
+3 * 4
+4 +1 4
+4 -1 4
+3 +1 4
+3 * 4
jcnd=1/4 0x6cf8 +4 
* * 
+6 +1 3
+4 * 3
+4 +20 3
+3 * 3
+3 * 3
-6 * 1
+3 * 1
+3 * 1
+6 +31 4
+10 -31 4
+3 1633 4
+3 1820 4
+10 * 4
jump=4 +40 -30 
* * 
+12 -31 37
+8 * 37
+4 * 37
+3 * 37
+4 * 37
+3 * 37
jfi=(28)
jcnd=2/37 0x6a50 50 
* * 
+6 +1 39
+3 * 39
jcnd=31/39 -31 -1 
* * 
+2 * 8
+4 * 8
+4 * 8
+2 +1 8
+4 * 8
+4 * 8
+6 * 8
+2 +4 8
+4 * 8
+4 * 8
+4 * 8
jcnd=6/8 0x6d80 +1 
* * 
+6 +6 2
+7 * 2
+6 +1 2
+4 * 2
+3 * 2
+3 * 2
+6 * 2
+3 * 2
+4 * 2
+3 * 2
jcnd=2/2 +23 * 
* * 
+23 * 2
+6 * 2
+3 * 2
+3 * 2
jcnd=2/2 0x6ed0 * 
* * 
+6 * 2
+5 * 2
+4 +10 2
+3 * 2
+3 * 2
+4 * 2
+4 * 2
+4 * 2
cfi=(72)
cfn=(238)
calls=2 0x26b90 25 
* * 14
+5 * 2
+4 * 2
+4 * 2
+10 * 2
+10 * 2
+4 * 2
+3 * 2
+6 * 2
+10 +8 2
+5 * 2
+4 * 2
+3 * 2
+3 * 2
+3 * 2
jcnd=2/2 +94 +3 
* * 
-18 * 8
+5 * 8
+4 * 8
+3 * 8
+3 * 8
+3 * 8
jcnd=6/8 +94 +3 
* * 
+2 +15 2
+3 * 2
+6 +6 2
+5 -3 2
+5 +1 2
+5 +1 2
+5 +1 2
+2 * 2
+6 -3 2
+3 +1 2
+3 +1 2
+3 +2 2
+6 -3 2
+3 * 2
+2 * 2
+3 -1 2
+2 +4 2
+2 * 2
jfi=(28)
jcnd=2/2 0x6a50 50 
* * 
+28 -19 8
+4 * 8
+4 * 8
+5 * 8
+3 * 8
+5 * 8
+3 * 8
+5 * 8
+3 * 8
+3 +3 8
+4 -4 8
+3 +4 8
+3 * 8
jcnd=6/8 +19 +6 
* * 
+2 +5 2
+3 +1 2
+3 * 2
jump=2 0x6c00 -12 
* * 
+11 * 6
+5 * 6
jump=6 0x6b10 -43 
* * 
+67 -60 1
+4 * 1
+3 * 1
+3 * 1
+6 * 1
+3 * 1
+4 * 1
+3 * 1
jcnd=1/1 +23 * 
* * 
+23 * 1
+6 * 1
+3 * 1
+3 * 1
jcnd=1/1 0x6edb * 
* * 
+6 * 1
+5 +1 1
+3 * 1
+3 * 1
+3 -1 1
+4 +1 1
+3 * 1
+4 * 1
cfi=(72)
cfn=(238)
calls=1 0x26b90 25 
* * 7
+5 * 1
+4 * 1
+3 * 1
+6 +16 1
+5 * 1
+8 * 1
+3 * 1
+4 * 1
jump=1 0x6ade * 
* * 
+6 +7 6
+4 * 6
+4 * 6
jump=6 0x6c00 +24 
* * 
+30 1612 39
+6 * 39
jump=39 0x6a59 1856 
* * 
+68 +62 3
+10 * 3
+4 * 3
jcnd=3/3 0x69f1 * 
* * 
0x6ed0 1802 2
+6 * 2
jump=2 0x6bad * 
* * 
+5 -30 1
+6 * 1
jump=1 0x6d3b * 
* * 

fl=(153)
fn=(508)
0x20d0 27 1
+4 +2 1
+3 * 1
+2 -2 1
+1 +6 1
+6 * 1
+2 * 1
+7 -6 1
+1 +6 1
+5 * 1
+7 * 1
+3 -6 1
+4 +6 1
cfi=(152)
cfn=(504)
calls=1 0xd0b0 +41 
* * 177
+5 +4 1
+3 * 1
+2 +2 1
+5 * 1
+2 * 1
+3 * 1
+4 +2 1
+4 -1 1
+4 +1 1
+1 * 1
+1 -1 1
cob=(3)
cfi=(154) ./elf/./elf/libc_early_init.c
cfn=(510) __libc_early_init
calls=1 0x175b30 -7 
* * 1240

fl=(52)
fn=(162) _dl_catch_error
0x1d3d0 225 1
+4 * 1
+2 * 1
+3 * 1
+1 * 1
+3 * 1
+3 * 1
+1 * 1
+3 * 1
+3 * 1
+4 +2 1
+3 * 1
cob=(2)
cfi=(51)
cfn=(164) 0x0000000004002050
calls=1 0x4002050 0 
* * 2759
+5 +1 1
+4 * 1
+4 +1 1
+5 +1 1
+5 -1 1
+4 +1 1
+3 +2 1
+4 * 1
+1 * 1
+1 * 1
+2 * 1

fn=(166) _dl_catch_exception
0x1d2e0 175 12
+4 * 12
+2 * 12
+7 +5 12
+7 -5 12
+4 * 12
+5 * 12
+5 +5 12
+5 -2 12
+3 * 12
+2 +22 12
+5 -1 12
+5 +7 12
+2 * 12
+5 -6 12
+5 +3 12
+5 * 12
+7 +3 12
cfi=(53)
cfn=(168)
calls=12 0x26ef0 30 
* * 288
+5 * 12
+4 * 12
+3 * 12
+2 * 12
+2 +2 12
+5 * 12
+5 * 12
cfi=(66)
cfn=(214) openaux
calls=11 0x3460 61 
* * 30552
cfi=(2)
cfn=(170)
calls=1 0x203b0 663 
* * 2698
+2 +2 12
+4 -1 12
+5 +1 12
+4 -1 12
+7 +1 12
+8 * 12
+3 +9 12
+7 * 12
+3 * 12
+2 * 12

fn=(250)
0x1d420 238 1
+4 * 1
+1 * 1
+3 * 1
+3 * 1
+1 * 1
+4 +1 1
+7 +1 1
+7 +3 1
+11 +1 1
+7 +2 1
cfi=(2)
cfn=(252)
calls=1 0x20ef0 696 
* * 21692
+2 +2 1
+7 +1 1
+7 +1 1
+4 * 1
+1 * 1
+1 * 1

fl=(252) ./elf/../sysdeps/x86_64/tls_get_addr.S
fn=(2660) __tls_get_addr
0x181d0 29 2
+4 +1 2
+9 +1 2
+7 +2 2
+3 +1 2
+2 +1 2
+3 +3 2
+4 +1 2
+4 +4 2
+4 +1 2
+2 +1 2
+4 +1 2

fl=(66)
fn=(214)
0x3460 61 11
+4 * 11
+1 * 11
+3 +7 11
+3 -4 11
+3 * 11
+4 +1 11
+7 -1 11
+4 * 11
+4 * 11
+2 * 11
+3 * 11
+2 * 11
+5 * 11
+3 * 11
cfi=(31)
cfn=(172)
calls=11 0xa410 2022 
* * 30354
+5 * 11
+4 +5 11
+1 * 11

fn=(210)
0x3840 159 1
+4 * 1
+1 * 1
+3 * 1
+4 * 1
+5 +1 1
+4 * 1
+4 * 1
+4 -1 1
+3 +1 1
+8 -1 1
+2 * 1
+2 +1 1
+4 -1 1
+3 * 1
+3 * 1
+2 +1 1
+4 -1 1
+2 * 1
+1 * 1
+7 * 1
+6 +1 1
+3 * 1
+7 * 1
+3 * 1
+8 * 1
+3 * 1
+3 * 1
jcnd=1/1 +23 * 
* * 
+23 * 1
+5 * 1
+3 * 1
+3 * 1
jcnd=1/1 0x4530 * 
* * 
+6 * 1
+5 -8 1
+8 -7 1
+5 +15 1
+4 -14 1
+4 +6 1
+3 +8 1
+7 -15 1
+5 +7 1
+3 -8 1
+7 +1 1
+4 +7 1
+7 -7 1
+5 +31 1
+3 * 1
+6 * 1
+4 -28 1
+5 * 1
+6 * 1
+6 -2 1
+3 +31 1
+3 -33 1
+3 * 1
+6 +2 1
+3 * 1
+4 +30 1
+4 * 1
+4 -30 1
+4 -1 1
+5 * 1
+5 * 1
+4 * 1
+4 +7 1
+7 * 1
+3 * 1
+3 * 1
+6 +24 1
+3 * 1
+2 -32 1
+4 +60 1
+4 -60 1
+4 * 1
+7 +36 1
fi=(74) ./elf/../include/scratch_buffer.h
+8 77 1
+7 * 1
+7 * 1
fe=(66)
+7 198 1
fi=(74)
+6 78 1
fe=(66)
+11 200 1
+10 * 1
+7 +98 1
+7 198 1
+6 +4 1
+3 +7 1
+6 +4 1
+7 * 1
+7 * 1
+3 * 1
jcnd=1/1 0x4328 +1 
* * 
-23 -4 6
+6 +4 6
+7 * 6
+7 * 6
+3 * 6
jcnd=6/6 0x4328 +1 
* * 
+17 +11 7
+5 * 7
jcnd=5/7 0x3af8 +2 
* * 
+6 * 2
+8 * 2
+6 -18 2
+3 +18 2
+8 * 2
+6 433 7
+7 * 7
+3 * 7
jcnd=2/7 0x3aa6 +22 
* * 
+2 +2 5
+3 +3 5
+5 -3 5
+4 * 5
+8 +3 5
fi=(28)
+4 56 5
cfi=(27)
cfn=(76)
calls=5 0xd3d0 -21 
* * 125
+6 * 5
fe=(66)
+3 439 5
+3 * 5
+6 +6 5
+3 +1 5
+7 * 5
+8 * 5
+4 * 5
+3 * 5
cfi=(29)
cfn=(80)
calls=5 0x2afb0 212 
* * 63
+5 +1 5
+4 * 5
+3 * 5
+3 * 5
+4 * 5
cfi=(29)
cfn=(80)
calls=5 0x2afb0 212 
* * 63
+5 +4 5
+8 -1 5
+7 +5 5
+7 * 5
+3 * 5
+3 * 5
jcnd=5/5 +33 +2 
* * 
-13 * 2
+7 * 2
+3 * 2
+3 * 2
jcnd=2/2 +33 +2 
* * 
+2 204 6
+7 * 6
+4 * 6
jump=6 0x39de +5 
* * 
+8 458 6
+3 * 6
+3 * 6
jcnd=6/6 0x487b -78 
* * 
+6 -1 7
+4 +1 7
+3 * 7
jcnd=6/7 -19 * 
* * 
+2 199 1
+10 * 1
+7 * 1
jfi=(74)
jump=1 0x3edb 85 
* * 
+10 +27 5
+4 * 5
+4 * 5
+7 * 5
+8 * 5
jcnd=5/5 +15 +5 
* * 
+15 +5 5
+7 +6 5
+4 -5 5
+7 -1 5
+7 +2 5
+7 * 5
+7 +4 5
+4 * 5
+3 * 5
+6 * 5
+7 -31 5
+3 +31 5
+7 +1 5
+4 * 5
+6 * 5
+3 +6 5
+7 * 5
+5 * 5
+3 * 5
cfi=(31)
cfn=(212)
calls=5 0x7e70 -6 
* * 234
-15 * 6
+7 * 6
+5 * 6
+3 * 6
cfi=(31)
cfn=(212)
calls=6 0x7e70 -6 
* * 300
+5 * 11
+3 * 11
+3 * 11
jcnd=11/11 0x3e68 * 
* * 
0x3c5b +4 11
+7 * 11
+7 -2 11
+7 +2 11
+7 * 11
cob=(2)
cfi=(51)
cfn=(164)
calls=11 0x4002050 0 
* * 31223
+5 +1 11
+8 * 11
+6 +9 11
+7 +2 11
+7 * 11
jcnd=6/11 0x3d08 +19 
* * 
+2 +5 5
+3 * 5
+3 * 5
jcnd=5/5 +23 * 
* * 
+23 * 5
+4 * 5
+6 +6 5
+7 +2 5
+7 -8 5
+5 * 5
+4 +3 5
+4 +1 5
+6 +1 5
+8 +1 5
+4 +4 5
+7 * 5
+7 * 5
+3 * 5
+3 * 5
+6 +4 5
+7 * 5
+3 * 5
jcnd=3/5 +13 -42 
* * 
-10 * 6
+7 * 6
+3 * 6
+2 +1 8
+3 * 8
+4 * 8
+4 -43 8
+5 * 8
+4 * 8
+3 * 8
-12 * 128
+5 * 128
+4 * 128
+3 * 128
jcnd=5/128 0x3a30 433 
* * 
+6 +1 131
+4 * 131
jcnd=6/131 0x3b70 +6 
* * 
+6 +44 125
+4 * 125
+6 * 125
jcnd=125/125 -38 -45 
* * 
0x3e68 -38 11
+3 * 11
jump=11 0x3c5b +4 
* * 
fi=(74)
0x3edb 85 1
+7 * 1
+7 * 1
jfi=(66)
jcnd=1/1 +8 464 
* * 
fe=(66)
+8 464 1
+7 * 1
+3 * 1
+2 * 1
+6 * 1
+2 * 1
+2 +1 1
+6 +3 1
+7 * 1
+7 * 1
+3 * 1
jcnd=1/1 +32 +11 
* * 
+32 +11 1
+6 * 1
+4 * 1
fi=(28)
+4 56 1
cfi=(27)
cfn=(76)
calls=1 0xd3d0 -21 
* * 25
+6 * 1
fe=(66)
+3 481 1
+3 * 1
+6 +5 1
+6 * 1
+7 * 1
+3 +1 1
+7 -1 1
+4 * 1
+7 +4 1
+3 * 1
+6 -2 1
+7 +2 1
+2 -2 1
+5 * 1
jump=1 +32 +6 
* * 
+9 +13 6
+4 +5 6
+7 -16 6
+4 * 6
+3 * 6
jcnd=1/6 +54 * 
* * 
+2 -2 6
+3 +6 6
+4 +7 6
+4 -2 6
+3 * 6
jcnd=6/6 -34 +2 
* * 
-11 -5 1
+4 +7 1
+4 -2 1
+3 * 1
+2 +2 1
+2 * 1
+4 +5 1
+8 -16 1
+4 * 1
+3 * 1
+6 * 1
+2 * 1
jump=1 -45 -2 
* * 
+7 * 1
+6 +19 1
+7 * 1
+6 +52 1
+7 * 1
+3 * 1
jcnd=1/1 0x44e8 -1 
* * 
0x4194 +37 1
+6 * 1
+3 * 1
+6 +15 1
+3 -11 1
+7 +11 1
+8 -14 1
+2 * 1
jcnd=1/1 0x44d8 +14 
* * 
0x4297 +20 1
+3 -1 1
+7 * 1
+3 * 1
+3 +1 1
+4 * 1
+4 * 1
+4 -1 1
+5 * 1
+3 * 1
+2 * 1
+3 * 1
cfi=(12)
cfn=(246)
calls=1 0x13730 290 
* * 464
+5 +5 1
+8 +3 1
+8 -1 1
+7 +2 1
+3 * 1
jcnd=1/1 +21 +7 
* * 
+21 +7 1
+7 * 1
+3 * 1
jcnd=1/1 +10 +3 
* * 
+10 +3 1
+6 * 1
+2 * 1
+6 +3 1
+4 * 1
+1 * 1
+2 * 1
+2 * 1
+2 * 1
+2 * 1
+1 * 1
+4 214 7
+8 * 7
+6 * 7
+7 * 7
jcnd=1/7 0x3a06 +10 
* * 
+6 * 6
+8 * 6
+3 * 6
jcnd=1/6 0x3a06 +10 
* * 
+6 +3 5
fi=(74)
+3 -86 5
+7 * 5
+5 * 5
cfi=(73)
cfn=(240)
calls=5 0x26bf0 30 
* * 100
fe=(66)
+5 +86 5
+2 * 5
+6 +4 5
+7 * 5
+7 * 5
jump=5 0x3a06 +3 
* * 
0x44d8 613 1
+3 * 1
cfi=(29)
cfn=(80)
calls=1 0x2afb0 212 
* * 19
+5 * 1
jump=1 0x4297 +6 
* * 
+8 -53 1
+3 * 1
jump=1 0x4194 +38 
* * 
+69 160 1
+6 * 1
jump=1 0x38cf * 
* * 
0x487b 380 6
+7 * 6
jump=6 0x3ab5 204 
* * 

fl=(10)
fn=(24)
0x17d70 405 36
+4 +3 36
+2 * 36
+7 * 36
+8 * 36
+3 * 36
+4 * 36
+3 * 36
+4 +9 36
+4 -9 36
+4 * 36
jcnd=3/36 +61 +19 
* * 
+2 * 33
+3 * 33
jcnd=23/33 +56 +19 
* * 
+2 +9 10
+2 +17 10
+8 * 10
+3 * 10
+4 * 10
+5 * 10
jcnd=10/10 +24 +2 
* * 
-20 * 26
+8 * 26
+3 * 26
+4 * 26
+5 * 26
jcnd=26/26 +24 +2 
* * 
+24 +2 36
+8 -9 26
+3 +1 26
jump=26 -55 +6 
* * 

fn=(18) __GI___tunables_init
0x17970 282 1
+4 * 1
+2 * 1
+2 * 1
+2 * 1
+2 * 1
+1 * 1
+3 * 1
+1 * 1
+4 -9 1
+6 * 1
+2 * 1
+6 * 1
+7 * 1
+7 * 1
+3 * 1
+4 71 1
+3 * 1
+2 * 85
+4 * 85
+3 * 85
jcnd=1/85 +57 357 
* * 
+2 +6 84
+4 -3 84
+4 +3 84
+3 * 84
+2 * 84
+2 * 84
+2 * 84
+5 * 84
jump=84 +9 * 
* * 
+4 * 1325
+3 * 1325
jcnd=84/1325 +45 +4 
* * 
+2 * 1325
+5 * 1325
+3 * 1325
+4 * 1325
+2 * 1325
jcnd=1325/1325 -19 * 
* * 
+2 -3 84
+3 -3 84
+3 * 84
jcnd=84/84 -62 * 
* * 
+2 357 1
+4 * 1
+1 * 1
+1 * 1
+2 * 1
+2 * 1
+2 * 1
+2 * 1
+5 81 84
+2 * 84
+2 +5 84
+4 * 84
+3 * 84
fi=(11) ./elf/./elf/dl-tunables.h
+7 +54 84
fe=(10)
+5 -54 84
fi=(11)
+4 +54 84
jump=84 +32 * 
* * 
+5 +1 117
+2 * 117
jfi=(10)
jcnd=84/117 +32 323 
* * 
+2 -1 33
+4 * 33
+4 * 33
+4 * 33
+2 * 33
+6 * 33
+3 * 33
+3 +1 33
+2 * 33
jcnd=33/33 -32 * 
* * 
-5 -1 84
+3 +1 84
+2 * 84
jcnd=84/84 -32 * 
* * 
fe=(10)
+2 323 84
+7 * 84
+7 * 84
+3 * 84
jump=84 +23 -12 
* * 
+5 -18 2940
+4 * 2940
+4 * 2940
+4 * 2940
jcnd=84/2940 0x179e5 74 
* * 
+6 +6 2940
+5 * 2940
+2 * 2940
+4 * 2940
+3 * 2940
jcnd=2184/2940 -32 -6 
* * 
+2 * 756
+4 * 756
+3 * 756
+3 * 756
+2 * 756
fi=(11)
+10 140 756
+3 +1 756
+2 * 756
jfi=(10)
jcnd=739/756 -61 305 
* * 
-5 -1 29
+3 +1 29
+2 * 29
jfi=(10)
jcnd=17/29 -61 305 
* * 
+2 * 29
+2 * 29
+2 -1 29
+4 * 29
+4 * 29
+4 * 29
+2 * 29
jcnd=29/29 -25 * 
* * 
fe=(10)

fn=(54)
0x17820 157 5
+4 * 5
+3 * 5
+3 -55 5
+7 +55 5
+3 -55 5
+3 +55 5
+3 -55 5
+8 * 5
+3 * 5
+4 * 5
+3 * 5
+3 * 5
+3 * 5
+6 +9 5
+3 +1 5
fi=(266) ./elf/./dl-tunable-types.h
+4 -22 5
+2 * 5
fe=(10)
+4 +22 5
+3 * 5
+3 * 5
+2 * 5
+3 +1 5
+8 * 5
+3 * 5
+4 * 5
+5 * 5
+3 * 5
+3 * 5
+2 * 5
fi=(11)
+3 +8 5
+3 * 5
+2 +1 5
fe=(10)
+3 -6 5
+3 * 5
+6 * 5
fi=(11)
+3 +15 5
fe=(10)
+3 -12 5
+3 * 5
jfi=(11)
jcnd=5/5 0x1793f +12 
* * 
+9 +4 5
+3 * 5
jcnd=5/5 +11 +7 
* * 
+11 +7 5
+3 * 5
+6 +1 5
+3 * 5
jcnd=5/5 +33 +3 
* * 
+33 +3 5
+8 * 5
+3 * 5
+4 * 5
+3 * 5
+3 * 5
+4 +1 5
+4 +1 5
+4 +1 5
+4 +24 5
fi=(11)
+45 -30 5
+3 * 5
+3 * 5
jfi=(10)
jump=5 0x178b2 -8 
* * 
fe=(10)

fl=(15)
fn=(506)
0x1a780 71 1
+4 -32 1
+6 * 1
+2 * 1
+2 +32 1
+2 * 1

fn=(32) _dl_x86_init_cpu_features
0x1a7b0 37 1
+4 +2 1
+6 * 1
+2 * 1
jcnd=1/1 +4 +2 
* * 
+4 +2 1
cfi=(16)
cfn=(34)
calls=1 0x19530 399 
* * 7219

fl=(24)
fn=(266)
0x150f0 68 1
+4 * 1
fi=(267) ./elf/../include/list.h
+1 -24 1
fe=(24)
+7 +24 1
fi=(267)
+4 -25 1
fe=(24)
+7 +26 1
+9 +3 1
fi=(267)
+7 -29 1
+7 +1 1
+7 +1 1
+4 +2 1
fe=(24)
+7 +28 1
+7 * 1
+5 * 1
+2 * 1
+6 +1 1
+7 * 1
+9 +1 1
+9 +5 1
+7 * 1
+8 +5 1
+7 +6 1
+5 -3 1
+11 +3 1
+5 -6 1
+5 * 1
+4 * 1
+7 +6 1
+2 +13 1
+2 * 1
+5 * 1
fi=(76) ./elf/../sysdeps/unix/sysv/linux/rseq-internal.h
+5 -72 1
fe=(24)
+7 +72 1
cfi=(10)
cfn=(24)
calls=1 0x17d70 405 
* * 20
fi=(76)
+5 -74 1
+4 * 1
+2 * 1
+2 +2 1
+6 * 1
+2 * 1
+5 * 1
+3 * 1
+5 * 1
+2 +3 1
+5 * 1
+2 +3 1
fe=(24)
+12 +83 1
+9 * 1
+7 * 1
+3 +7 1
+7 * 1
+9 +2 1
+9 +1 1
+9 +1 1
+4 * 1
+1 * 1

fn=(66)
0x15090 53 1
+4 * 1
+7 * 1
+5 +3 1
+4 * 1
+4 * 1
+7 * 1
+5 * 1
+4 * 1
+4 * 1
+7 * 1
+5 +5 1
+7 -5 1
+4 +5 1
+7 +1 1
+7 -6 1
+7 +8 1

fn=(84)
0x15080 42 258
+4 +2 258
+2 * 258

fl=(1) ???
fn=(0) 0x0000000000020290
0x20290 0 1
+3 0 1
cfi=(2)
cfn=(2)
calls=1 0x21030 527 
* 0 2243367
+5 0 1
+3 0 1
+6 0 1
+1 0 1
+4 0 1
+2 0 1
+1 0 1
+3 0 1
+3 0 1
+4 0 1
+7 0 1
+5 0 1
+4 0 1
+2 0 1
cfi=(162)
cfn=(544)
calls=1 0x64d0 77 
* 0 7316
+5 0 1
+7 0 1
+3 0 1
cob=(8) /home/thanish/Desktop/Orderbook/OrderbookTest
cfi=(178) ???
cfn=(810) (below main)
calls=1 0x4740 0 
* 0 12116466662

fl=(32)
fn=(90)
0x27220 108 2682
+4 +33 2682
+2 +1 2682
+2 +2 2682
+4 +1 2682
+4 +21 2682
+3 +1 2682
jcnd=171/2682 +77 +48 
* * 
+2 +1 2511
+3 +1 2511
jcnd=100/2511 +72 +46 
* * 
+2 +1 2411
+4 +1 2411
+4 +1 2411
+5 +1 2411
+5 +21 2411
+4 +1 2411
+4 +1 2411
+4 +1 2411
+4 +1 2411
+4 +1 2411
+6 +1 2411
jcnd=2354/2411 0x28640 2208 
* * 
+6 +5 57
+4 +1 57
+4 * 57
+11 * 57
+1 +9 57
+4 +1 57
+4 +1 57
+5 +1 57
+3 +1 57
+3 +1 57
+3 +1 57
+2 +1 57
jcnd=32/57 +40 +21 
* * 
-24 -7 271
+4 +1 271
+4 +1 271
+5 +1 271
+3 +1 271
+3 +1 271
+3 +1 271
+2 +1 271
jcnd=83/271 +40 +21 
* * 
+2 +1 213
jcnd=91/213 +9 +5 
* * 
+2 +1 122
+3 +1 122
+1 +1 122
+3 +2 122
+4 +1 122
+3 +1 122
+7 +1 122
+4 +1 122
+4 +1 122
jump=2 0x27c20 1193 
* * 
jump=3 0x279a0 943 
* * 
jump=1 0x27860 818 
* * 
jump=3 0x27720 693 
* * 
jump=8 0x283a0 1943 
* * 
jump=7 0x27ae0 1068 
* * 
jump=11 0x28260 1818 
* * 
jump=1 0x275e0 568 
* * 
jump=31 0x284e0 2068 
* * 
jump=7 0x27fe0 1568 
* * 
jump=14 0x28120 1693 
* * 
jump=6 0x274a0 444 
* * 
jump=17 0x27ea0 1443 
* * 
jump=11 0x27d60 1318 
* * 
-22 -5 91
+4 +1 91
+3 +1 91
+7 +1 91
+4 +1 91
+4 +1 91
jump=1 0x27860 818 
* * 
jump=3 0x27ae0 1068 
* * 
jump=1 0x27720 693 
* * 
jump=3 0x28120 1693 
* * 
jump=1 0x275e0 568 
* * 
jump=6 0x283a0 1943 
* * 
jump=6 0x27ea0 1443 
* * 
jump=4 0x279a0 943 
* * 
jump=5 0x28260 1818 
* * 
jump=25 0x27d60 1318 
* * 
jump=25 0x284e0 2068 
* * 
jump=8 0x27fe0 1568 
* * 
jump=3 0x27c20 1193 
* * 
+7 +10 115
+4 +1 115
+4 +1 115
+4 +2 115
+4 +6 115
+4 +1 115
+5 +1 115
+2 +1 115
+3 +1 115
+3 +5 115
jcnd=9/115 0x28625 2199 
* * 
+6 +2 106
+7 +1 106
+7 +1 106
+4 * 106
+7 +8 106
+5 +1 106
+5 +3 106
+4 +1 106
+4 +1 106
+4 +1 106
+4 +1 106
+6 +1 106
jcnd=75/106 0x28620 2197 
* * 
-32 -9 25
+5 +1 25
+5 +3 25
+4 +1 25
+4 +1 25
+4 +1 25
+4 +1 25
+6 +1 25
jcnd=16/25 0x28620 2197 
* * 
+6 +6 40
+4 +1 40
+5 +1 40
+5 +3 40
+4 +1 40
+4 +1 40
+4 +1 40
+4 +1 40
+6 +1 40
jcnd=15/40 0x28620 2197 
* * 
+6 +5 25
+4 +1 25
jump=25 -84 -31 
* * 
0x274a0 444 6
+4 +1 6
+4 +1 6
+4 +1 6
+4 +1 6
+5 +2 6
+4 +1 6
+4 +1 6
+5 +1 6
+2 +1 6
+3 +1 6
+3 +1 6
jcnd=5/6 0x28625 2199 
* * 
+6 +1 1
+4 +3 1
+4 +1 1
+7 +1 1
+6 +6 1
+4 +1 1
+7 +1 1
+7 * 1
+9 +4 1
+4 +1 1
+6 +3 1
+5 +1 1
+5 +1 1
+4 +3 1
+5 +1 1
+5 +1 1
+4 +6 1
+4 +1 1
+4 +1 1
+4 +1 1
+4 +1 1
+6 +1 1
jcnd=1/1 0x28620 2197 
* * 
0x275e0 +72 2
+4 +1 2
+4 +1 2
+4 +1 2
+4 +1 2
+5 +2 2
+4 +1 2
+4 +1 2
+5 +1 2
+2 +1 2
+3 +1 2
+3 +1 2
+6 +1 2
+4 +4 2
+4 +1 2
+7 +1 2
+6 +6 2
+4 +1 2
+7 +1 2
+7 * 2
+9 +4 2
+4 +1 2
+6 +3 2
+5 +1 2
+5 +1 2
+4 +3 2
+5 +1 2
+5 +1 2
+4 +6 2
+4 +1 2
+4 +1 2
+4 +1 2
+4 +1 2
+6 +1 2
jcnd=2/2 0x28620 2197 
* * 
0x27720 +72 4
+4 +1 4
+4 +1 4
+4 +1 4
+4 +1 4
+5 +2 4
+4 +1 4
+4 +1 4
+5 +1 4
+2 +1 4
+3 +1 4
+3 +1 4
+6 +1 4
+4 +4 4
+4 +1 4
+7 +1 4
+6 +6 4
+4 +1 4
+7 +1 4
+7 * 4
+9 +4 4
+4 +1 4
-4 -1 3
+4 +1 3
+6 +3 7
+5 +1 7
+5 +1 7
+4 +3 7
+5 +1 7
+5 +1 7
+4 +6 7
+4 +1 7
+4 +1 7
+4 +1 7
+4 +1 7
+6 +1 7
jcnd=3/7 0x28620 2197 
* * 
+6 +7 4
+4 +1 4
+4 +2 4
+4 +1 4
+2 +2 4
+5 +1 4
+5 +1 4
+4 +3 4
+5 +1 4
+5 +1 4
+4 +6 4
+4 +1 4
+4 +1 4
+4 +1 4
+4 +1 4
+6 +1 4
jcnd=1/4 0x28620 2197 
* * 
+6 +7 3
+4 +1 3
+4 +1 3
jump=3 0x27780 -62 
* * 
+80 +32 2
+4 +1 2
+4 +1 2
+4 +1 2
+4 +1 2
+5 +2 2
+4 +1 2
+4 +1 2
+5 +1 2
+2 +1 2
+3 +1 2
+3 +1 2
+6 +1 2
+4 +4 2
+4 +1 2
+7 +1 2
+6 +6 2
+4 +1 2
+7 +1 2
+7 * 2
+9 +4 2
+4 +1 2
+6 +3 2
+5 +1 2
+5 +1 2
+4 +3 2
+5 +1 2
+5 +1 2
+4 +6 2
+4 +1 2
+4 +1 2
+4 +1 2
+4 +1 2
+6 +1 2
jcnd=2/2 0x28620 2197 
* * 
0x279a0 +72 7
+4 +1 7
+4 +1 7
+4 +1 7
+4 +1 7
+5 +2 7
+4 +1 7
+4 +1 7
+5 +1 7
+2 +1 7
+3 +1 7
+3 +1 7
+6 +1 7
+4 +4 7
+4 +1 7
+7 +1 7
+6 +6 7
+4 +1 7
+7 +1 7
+7 * 7
+9 +4 7
+4 +1 7
-4 -1 1
+4 +1 1
+6 +3 8
+5 +1 8
+5 +1 8
+4 +3 8
+5 +1 8
+5 +1 8
+4 +6 8
+4 +1 8
+4 +1 8
+4 +1 8
+4 +1 8
+6 +1 8
jcnd=7/8 0x28620 2197 
* * 
+6 +7 1
+4 +1 1
+4 +2 1
+4 +1 1
+2 +2 1
+5 +1 1
+5 +1 1
+4 +3 1
+5 +1 1
+5 +1 1
+4 +6 1
+4 +1 1
+4 +1 1
+4 +1 1
+4 +1 1
+6 +1 1
+6 +7 1
+4 +1 1
+4 +1 1
jump=1 0x27a00 -62 
* * 
+80 +32 10
+4 +1 10
+4 +1 10
+4 +1 10
+4 +1 10
+5 +2 10
+4 +1 10
+4 +1 10
+5 +1 10
+2 +1 10
+3 +1 10
+3 +1 10
jcnd=7/10 0x28625 2199 
* * 
+6 +1 3
+4 +4 3
+4 +1 3
+7 +1 3
+6 +6 3
+4 +1 3
+7 +1 3
+7 * 3
+9 +4 3
+4 +1 3
-4 -1 1
+4 +1 1
+6 +3 4
+5 +1 4
+5 +1 4
+4 +3 4
+5 +1 4
+5 +1 4
+4 +6 4
+4 +1 4
+4 +1 4
+4 +1 4
+4 +1 4
+6 +1 4
jcnd=2/4 0x28620 2197 
* * 
+6 +7 2
+4 +1 2
+4 +2 2
+4 +1 2
+2 +2 2
+5 +1 2
+5 +1 2
+4 +3 2
+5 +1 2
+5 +1 2
+4 +6 2
+4 +1 2
+4 +1 2
+4 +1 2
+4 +1 2
+6 +1 2
jcnd=1/2 0x28620 2197 
* * 
+6 +7 1
+4 +1 1
+4 +1 1
jump=1 0x27b40 -62 
* * 
+80 +32 5
+4 +1 5
+4 +1 5
+4 +1 5
+4 +1 5
+5 +2 5
+4 +1 5
+4 +1 5
+5 +1 5
+2 +1 5
+3 +1 5
+3 +1 5
jcnd=2/5 0x28625 2199 
* * 
+6 +1 3
+4 +4 3
+4 +1 3
+7 +1 3
+6 +6 3
+4 +1 3
+7 +1 3
+7 * 3
+9 +4 3
+4 +1 3
+6 +3 3
+5 +1 3
+5 +1 3
+4 +3 3
+5 +1 3
+5 +1 3
+4 +6 3
+4 +1 3
+4 +1 3
+4 +1 3
+4 +1 3
+6 +1 3
jcnd=2/3 0x28620 2197 
* * 
+6 +7 1
+4 +1 1
+4 +2 1
+4 +1 1
+2 +2 1
+5 +1 1
+5 +1 1
+4 +3 1
+5 +1 1
+5 +1 1
+4 +6 1
+4 +1 1
+4 +1 1
+4 +1 1
+4 +1 1
+6 +1 1
jcnd=1/1 0x28620 2197 
* * 
+94 +41 36
+4 +1 36
+4 +1 36
+4 +1 36
+4 +1 36
+5 +2 36
+4 +1 36
+4 +1 36
+5 +1 36
+2 +1 36
+3 +1 36
+3 +1 36
jcnd=23/36 0x28625 2199 
* * 
+6 +1 13
+4 +4 13
+4 +1 13
+7 +1 13
+6 +6 13
+4 +1 13
+7 +1 13
+7 * 13
+9 +4 13
+4 +1 13
jcnd=1/13 0x27e60 +65 
* * 
+6 +3 12
+5 +1 12
+5 +1 12
+4 +3 12
+5 +1 12
+5 +1 12
+4 +6 12
+4 +1 12
+4 +1 12
+4 +1 12
+4 +1 12
+6 +1 12
jcnd=11/12 0x28620 2197 
* * 
+6 +7 1
+4 +1 1
+4 +2 1
+4 +1 1
+2 +2 1
+5 +1 1
+5 +1 1
+4 +3 1
+5 +1 1
+5 +1 1
+4 +6 1
+4 +1 1
+4 +1 1
+4 +1 1
+4 +1 1
+6 +1 1
jcnd=1/1 0x28620 2197 
* * 
+30 +13 1
+4 +1 1
+4 +1 1
+6 +1 1
jcnd=1/1 +18 +13 
* * 
+18 +13 1
+5 +1 1
+5 +1 1
+5 +1 1
jump=1 0x28610 2190 
* * 
+17 +9 23
+4 +1 23
+4 +1 23
+4 +1 23
+4 +1 23
+5 +2 23
+4 +1 23
+4 +1 23
+5 +1 23
+2 +1 23
+3 +1 23
+3 +1 23
jcnd=12/23 0x28625 2199 
* * 
+6 +1 11
+4 +4 11
+4 +1 11
+7 +1 11
+6 +6 11
+4 +1 11
+7 +1 11
+7 * 11
+9 +4 11
+4 +1 11
-4 -1 1
+4 +1 1
+6 +3 12
+5 +1 12
+5 +1 12
+4 +3 12
+5 +1 12
+5 +1 12
+4 +6 12
+4 +1 12
+4 +1 12
+4 +1 12
+4 +1 12
+6 +1 12
jcnd=10/12 0x28620 2197 
* * 
+6 +7 2
+4 +1 2
+4 +2 2
+4 +1 2
+2 +2 2
+5 +1 2
+5 +1 2
+4 +3 2
+5 +1 2
+5 +1 2
+4 +6 2
+4 +1 2
+4 +1 2
+4 +1 2
+4 +1 2
+6 +1 2
jcnd=1/2 0x28620 2197 
* * 
+6 +7 1
+4 +1 1
+4 +1 1
jump=1 0x27f00 -62 
* * 
+80 +32 15
+4 +1 15
+4 +1 15
+4 +1 15
+4 +1 15
+5 +2 15
+4 +1 15
+4 +1 15
+5 +1 15
+2 +1 15
+3 +1 15
+3 +1 15
jcnd=8/15 0x28625 2199 
* * 
+6 +1 7
+4 +4 7
+4 +1 7
+7 +1 7
+6 +6 7
+4 +1 7
+7 +1 7
+7 * 7
+9 +4 7
+4 +1 7
-4 -1 1
+4 +1 1
+6 +3 8
+5 +1 8
+5 +1 8
+4 +3 8
+5 +1 8
+5 +1 8
+4 +6 8
+4 +1 8
+4 +1 8
+4 +1 8
+4 +1 8
+6 +1 8
jcnd=4/8 0x28620 2197 
* * 
+6 +7 4
+4 +1 4
+4 +2 4
+4 +1 4
+2 +2 4
+5 +1 4
+5 +1 4
+4 +3 4
+5 +1 4
+5 +1 4
+4 +6 4
+4 +1 4
+4 +1 4
+4 +1 4
+4 +1 4
+6 +1 4
jcnd=3/4 0x28620 2197 
* * 
+6 +7 1
+4 +1 1
+4 +1 1
jump=1 0x28040 -62 
* * 
+80 +32 17
+4 +1 17
+4 +1 17
+4 +1 17
+4 +1 17
+5 +2 17
+4 +1 17
+4 +1 17
+5 +1 17
+2 +1 17
+3 +1 17
+3 +1 17
jcnd=11/17 0x28625 2199 
* * 
+6 +1 6
+4 +4 6
+4 +1 6
+7 +1 6
+6 +6 6
+4 +1 6
+7 +1 6
+7 * 6
+9 +4 6
+4 +1 6
-4 -1 1
+4 +1 1
+6 +3 7
+5 +1 7
+5 +1 7
+4 +3 7
+5 +1 7
+5 +1 7
+4 +6 7
+4 +1 7
+4 +1 7
+4 +1 7
+4 +1 7
+6 +1 7
jcnd=6/7 0x28620 2197 
* * 
+6 +7 1
+4 +1 1
+4 +2 1
+4 +1 1
+2 +2 1
+5 +1 1
+5 +1 1
+4 +3 1
+5 +1 1
+5 +1 1
+4 +6 1
+4 +1 1
+4 +1 1
+4 +1 1
+4 +1 1
+6 +1 1
+6 +7 1
+4 +1 1
+4 +1 1
jump=1 0x28180 -62 
* * 
+80 +32 16
+4 +1 16
+4 +1 16
+4 +1 16
+4 +1 16
+5 +2 16
+4 +1 16
+4 +1 16
+5 +1 16
+2 +1 16
+3 +1 16
+3 +1 16
jcnd=5/16 0x28625 2199 
* * 
+6 +1 11
+4 +4 11
+4 +1 11
+7 +1 11
+6 +6 11
+4 +1 11
+7 +1 11
+7 * 11
+9 +4 11
+4 +1 11
-4 -1 1
+4 +1 1
+6 +3 12
+5 +1 12
+5 +1 12
+4 +3 12
+5 +1 12
+5 +1 12
+4 +6 12
+4 +1 12
+4 +1 12
+4 +1 12
+4 +1 12
+6 +1 12
jcnd=8/12 0x28620 2197 
* * 
+6 +7 4
+4 +1 4
+4 +2 4
+4 +1 4
+2 +2 4
+5 +1 4
+5 +1 4
+4 +3 4
+5 +1 4
+5 +1 4
+4 +6 4
+4 +1 4
+4 +1 4
+4 +1 4
+4 +1 4
+6 +1 4
jcnd=3/4 0x28620 2197 
* * 
+6 +7 1
+4 +1 1
+4 +1 1
jump=1 0x282c0 -62 
* * 
+80 +32 14
+4 +1 14
+4 +1 14
+4 +1 14
+4 +1 14
+5 +2 14
+4 +1 14
+4 +1 14
+5 +1 14
+2 +1 14
+3 +1 14
+3 +1 14
jcnd=3/14 0x28625 2199 
* * 
+6 +1 11
+4 +4 11
+4 +1 11
+7 +1 11
+6 +6 11
+4 +1 11
+7 +1 11
+7 * 11
+9 +4 11
+4 +1 11
jcnd=1/11 0x284a0 +65 
* * 
-4 -1 3
+4 +1 3
+6 +3 14
+5 +1 14
+5 +1 14
+4 +3 14
+5 +1 14
+5 +1 14
+4 +6 14
+4 +1 14
+4 +1 14
+4 +1 14
+4 +1 14
+6 +1 14
jcnd=7/14 0x28620 2197 
* * 
+6 +7 7
+4 +1 7
+4 +2 7
+4 +1 7
+2 +2 7
+5 +1 7
+5 +1 7
+4 +3 7
+5 +1 7
+5 +1 7
+4 +6 7
+4 +1 7
+4 +1 7
+4 +1 7
+4 +1 7
+6 +1 7
jcnd=4/7 0x28620 2197 
* * 
+6 +7 3
+4 +1 3
+4 +1 3
jump=3 0x28400 -62 
* * 
+16 +4 1
+4 +1 1
+4 +1 1
+6 +1 1
+2 +7 1
+4 +1 1
+7 +1 1
jump=1 0x2840a -74 
* * 
+37 +16 56
+4 +1 56
+4 +1 56
+4 +1 56
+4 +1 56
+5 +2 56
+4 +1 56
+4 +1 56
+5 +1 56
+2 +1 56
+3 +1 56
+3 +1 56
jcnd=37/56 0x28625 2199 
* * 
+6 +2 19
+4 +4 19
+4 +1 19
+7 +1 19
+6 +6 19
+4 +1 19
+7 +2 19
+7 * 19
+9 +4 19
+4 +1 19
+6 +3 19
+5 +1 19
+5 +1 19
+4 +3 19
+5 +1 19
+5 +1 19
+4 +6 19
+4 +1 19
+4 +1 19
+4 +1 19
+4 +1 19
+6 +1 19
jcnd=19/19 0x28620 +74 
* * 
0x28610 +67 1
+4 +1 1
+4 +1 1
+4 +1 1
+2 * 1
+2 +4 1
+5 +2 1
+4 +1 1
+4 +1 1
+3 +1 1
jcnd=1/1 +16 +6 
* * 
-16 -5 205
+5 +2 205
+4 +1 205
+4 +1 205
+3 +1 205
jcnd=148/205 +16 +6 
* * 
-11 -3 122
+4 +1 122
+4 +1 122
+3 +1 122
jcnd=57/122 +16 +6 
* * 
+2 +1 122
+3 * 122
+11 +5 122
+4 +6 122
+4 +1 122
+4 +8 122
+2 +1 122
-14 -16 2560
+4 +6 2560
+4 +1 2560
+4 +8 2560
+2 +1 2560

fl=(9)
fn=(534)
0x1f880 262 1
+4 +1 1

fn=(16)
0x1f440 85 1
+4 * 1
+2 * 1
+3 * 1
+2 +25 1
+4 -25 1
+2 * 1
+2 * 1
+1 * 1
+1 * 1
+3 * 1
+4 +25 1
+3 -1 1
+7 +1 1
+7 * 1
+6 * 1
+3 * 1
+5 * 1
+7 * 1
+4 * 1
+3 * 1
+2 * 84
+4 * 84
+4 * 84
jcnd=83/84 -8 * 
* * 
+2 * 1
+4 +11 1
+4 -8 1
+7 +1 1
+11 -4 1
+7 +3 1
+5 +6 1
+11 +2 1
+3 * 1
+6 * 1
+5 * 1
+2 * 1
+3 * 1
+3 * 1
+5 * 1
+3 * 1
+3 * 1
+3 * 1
+5 * 1
+3 * 1
+3 -34 1
+3 -1 1
+2 +36 1
+7 * 1
+7 * 1
+4 * 1
+4 * 1
jcnd=1/1 +24 -1 
* * 
-8 * 21
+4 * 21
+4 * 21
jcnd=4/21 +24 -1 
* * 
+2 * 17
+4 * 17
+3 * 17
jump=1 0x1f740 +31 
* * 
jump=1 0x1f678 +56 
* * 
jump=1 0x1f6a0 +28 
* * 
jump=1 0x1f768 +12 
* * 
jump=1 0x1f7b8 +6 
* * 
jump=8 +15 -1 
* * 
jump=1 +7 +3 
* * 
jump=1 0x1f6f0 +40 
* * 
jump=1 0x1f790 +9 
* * 
jump=1 0x1f718 +34 
* * 
+7 +3 1
+4 +1 1
+4 -5 1
+4 * 1
+4 * 1
+3 * 1
jcnd=1/1 -43 +1 
* * 
-11 * 13
+4 * 13
+4 * 13
+3 * 13
jcnd=12/13 -43 +1 
* * 
+2 * 1
+3 * 1
+3 * 1
jcnd=1/1 +13 * 
* * 
+13 * 1
+3 * 1
+2 * 1
+5 * 1
+7 * 1
+3 * 1
jcnd=1/1 +14 * 
* * 
+14 * 1
+3 * 1
jcnd=1/1 +14 * 
* * 
+14 * 1
+3 * 1
+2 * 1
+4 * 1
+6 * 1
+3 * 1
jcnd=1/1 +14 * 
* * 
+14 * 1
+3 * 1
+2 * 1
+5 * 1
+7 * 1
+3 * 1
+2 * 1
+5 * 1
+7 * 1
+5 * 1
+2 * 1
+4 * 1
+6 * 1
+5 * 1
+2 * 1
+5 * 1
+5 * 1
+5 * 1
+6 * 1
+5 * 1
+7 * 1
jump=1 0x1f7dd 224 
* * 
0x1f678 +57 1
+4 -57 1
+4 +58 1
+6 -1 1
+5 -57 1
+3 * 1
+3 * 1
jcnd=1/1 0x1f508 +1 
* * 
+15 +29 1
+3 -29 1
+4 +30 1
+5 -1 1
+4 -29 1
+3 * 1
+3 * 1
jcnd=1/1 0x1f508 +1 
* * 
+58 +41 1
+3 -41 1
+4 +42 1
+6 -1 1
+4 -41 1
+3 * 1
+3 * 1
jcnd=1/1 0x1f508 +1 
* * 
+17 +35 1
+4 -35 1
+4 +36 1
+6 -1 1
+5 -35 1
+3 * 1
+3 * 1
jcnd=1/1 0x1f508 +1 
* * 
+15 +32 1
+4 -32 1
+4 +33 1
+6 -1 1
+5 -32 1
+3 * 1
+3 * 1
jcnd=1/1 0x1f508 +1 
* * 
+15 +13 1
+4 -13 1
+4 +14 1
+5 -1 1
+5 -13 1
+3 * 1
+3 * 1
jcnd=1/1 0x1f508 +1 
* * 
+16 +10 1
+4 -10 1
+4 +11 1
+5 -1 1
+5 -10 1
+3 * 1
+3 * 1
jcnd=1/1 0x1f508 +1 
* * 
+16 +7 1
+4 -7 1
+4 * 1
+4 * 1
+3 * 1
jcnd=1/1 0x1f508 +1 
* * 
+22 224 1
cfi=(10)
cfn=(18)
calls=1 0x17970 +58 
* * 45069
+5 +3 1
cfi=(12)
cfn=(22)
calls=1 0x13700 +54 
* * 32
fi=(13)
+5 36 1
+2 * 1
cfi=(14)
cfn=(28)
calls=1 0x25a80 -1 
* * 8
fi=(6)
+5 215 1
cfi=(15)
cfn=(32)
calls=1 0x1a7b0 37 
* * 7224
fe=(9)
+5 +23 1
+7 * 1
+3 * 1
+2 +1 1
cfi=(22)
cfn=(60)
calls=1 0x2aa40 41 
* * 17
+5 * 1
+7 +2 1
+2 * 1
cfi=(23)
cfn=(62)
calls=1 0x25ab0 37 
* * 15
+5 * 1
+7 * 1
+3 * 1
+2 +12 1
+6 * 1
+2 * 1
+2 +3 1
+5 * 1
+3 * 1
+3 * 1
+7 * 1
cfi=(2)
cfn=(64)
calls=1 0x218e0 1320 
* * 2188313
+2 +2 1
+5 * 1
+4 * 1
+1 * 1
+1 * 1
+2 * 1
+2 * 1
+2 * 1
+2 * 1

fl=(39)
fn=(110)
0x1dff0 29 1
fi=(18)
+4 +2 1
fe=(39)
+6 +7 1
fi=(18)
+2 -7 1
+2 * 1
+6 -1 1
+6 * 1
jcnd=1/1 +6 +2 
* * 
fe=(39)
+2 +22 1
fi=(18)
+4 -20 1
+6 * 1
+3 * 1
+2 +4 1
fe=(39)
+6 +2 1
fi=(18)
+2 -2 1
+6 * 1
+2 +3 1
+6 * 1
+2 * 1
+5 * 1
+2 +1 1
+6 * 1
+2 * 1
+3 * 1
+2 +5 1
fe=(39)
+2 -7 1
fi=(18)
+2 +7 1
+6 * 1
+6 * 1
fe=(39)
+2 -2 1
fi=(18)
+5 +5 1
+6 * 1
+2 +1 1
+6 * 1
+4 * 1
+2 +2 1
+2 * 1
+6 * 1
+6 * 1
+2 +1 1
+3 * 1
+2 +1 1
+6 * 1
+2 +6 1
fe=(39)
+2 -11 1
fi=(18)
+5 +11 1
+6 -3 1
+6 * 1
jfi=(39)
jcnd=1/1 0x1e00c -4 
* * 
fe=(39)

fl=(147)
fn=(490) _dlfo_process_initial
0x5260 474 2
+2 +3 2
+3 -3 2
+4 +1 2
+7 +3 2
+8 * 2
+6 +26 2
+7 * 2
+3 * 2
+6 * 2
+7 * 2
+3 * 2
+3 * 2
+5 +1 2
+3 * 2
+3 * 2
jcnd=2/2 +19 +3 
* * 
+10 +1 14
+4 -1 14
+3 * 14
jcnd=2/14 +89 -1 
* * 
+2 +3 14
+3 * 14
jcnd=2/14 -12 -2 
* * 
+2 * 12
+4 * 12
+2 +3 12
+7 * 12
+3 * 12
+2 * 12
jcnd=12/12 0x5340 +2 
* * 
+64 -7 2
+7 * 2
+4 * 2
+7 * 2
+3 * 2
+6 +25 2
+7 +2 2
+4 * 2
+3 * 2
+2 * 2
+5 -18 12
+7 * 12
+3 * 12
jcnd=6/12 +17 +4 
* * 
+2 +3 6
+3 * 6
+4 -1 6
+3 * 6
cfi=(148) ./elf/./dl-find_object.h
cfn=(488) _dl_find_object_from_map
calls=6 0x51f0 95 
* * 368
+5 +2 12
+4 * 12
jump=12 0x52b0 -11 
* * 

fn=(486)
0x5830 561 1
+4 * 1
+1 * 1
+1 * 1
+4 +3 1
+7 +2 1
+7 * 1
jcnd=1/1 0x5960 +1 
* * 
+17 +13 1
cfn=(490)
calls=1 0x5260 474 
* * 127
+5 +1 1
+7 -1 1
+3 +1 1
fi=(28)
+4 56 1
cfi=(27)
cfn=(76)
calls=1 0xd3d0 -21 
* * 25
fe=(147)
+6 580 1
fi=(28)
+7 56 1
fe=(147)
+3 582 1
+3 * 1
jcnd=1/1 0x5938 +3 
* * 
0x5938 +3 1
+3 * 1
+2 +5 1
+11 +1 1
cfn=(490)
calls=1 0x5260 474 
* * 519
+5 +3 1
+7 * 1
+3 * 1
jcnd=1/1 +58 +2 
* * 
+2 +10 1
+4 * 1
+1 * 1
+1 * 1
+1 -37 1
+7 * 1
cfi=(148)
cfn=(488)
calls=1 0x51f0 95 
* * 68
+5 * 1
jump=1 0x5859 +12 
* * 
+37 +29 1
+3 * 1
cfn=(492) _dlfo_sort_mappings
calls=1 0x5780 -60 
* * 248
+5 +3 1
+7 * 1
+4 * 1
+4 * 1
+7 * 1
+4 * 1
+7 +2 1
jump=1 -97 +3 
* * 

fn=(492)
0x5780 536 1
+4 +1 1
+4 * 1
+6 +3 1
+4 * 1
+3 * 1
+3 * 1
+8 +4 1
+3 +1 1
+4 -1 1
+3 +1 1
+3 * 1
-13 -1 4
+3 +1 4
+4 -1 4
+3 +1 4
+3 * 4
+2 * 5
+3 * 5
+6 +1 5
+3 * 5
+4 * 5
+4 * 5
+3 * 5
jcnd=4/5 +8 -1 
* * 
-14 * 10
+3 * 10
+4 * 10
+4 * 10
+3 * 10
jcnd=6/10 +8 -1 
* * 
+2 * 5
+3 * 5
+3 -1 5
+4 * 5
+3 * 5
-7 * 10
+4 * 10
+3 * 10
jcnd=10/10 -29 +1 
* * 
+2 +8 5
+4 * 5
+3 * 5
+3 +1 5
+5 * 5
+5 -1 5
+6 -13 5
+4 * 5
+5 +14 5
+4 * 5
+6 * 5
+5 +1 5
+5 * 5
+5 -15 5
+3 * 5
jcnd=4/5 0x57a0 +4 
* * 
+2 +17 1

fl=(7)
fn=(12)
0x1e2e0 42 1
+4 +1 1
+7 * 1
+7 +1 1
+7 * 1
+7 +1 1
+7 * 1
+7 +1 1
+7 * 1
+7 +1 1

fn=(498) lookup_malloc_symbol
0x1e4e0 61 4
+2 * 4
+3 +3 4
+3 -3 4
+2 * 4
+1 * 4
+3 * 4
+3 +3 4
+3 -3 4
+4 +3 4
+7 * 4
+3 -1 4
+8 +1 4
+2 * 4
+2 * 4
cfi=(79)
cfn=(280)
calls=4 0xc0d0 840 
* * 2639
+5 +4 4
+5 * 4
+1 * 4
+1 * 4
+5 * 4
+3 * 4
+3 * 4
+2 +1 4
+6 * 4
+3 * 4
+2 * 4
+3 * 4
+2 * 4
+3 * 4
+4 +2 4
fi=(150) ./elf/./dl-sym-post.h
+5 -30 4
+3 * 4
+2 +12 4
+6 * 4
+2 * 4
fe=(7)
+2 +19 4
+4 * 4
+1 * 4
+2 * 4
+2 * 4

fn=(136)
0x1e760 239 4
+4 +3 4
+3 * 4
+2 +2 4
+3 +1 4
+3 * 4
jcnd=1/4 +48 +26 
* * 
+2 +4 3
+4 * 3
+2 * 3
+2 * 3
+3 * 3
+4 * 3
+3 * 3
jump=3 +14 +5 
* * 
-3 * 68
+3 * 68
jump=68 +14 +5 
* * 
+5 +7 138
+4 * 138
+3 * 138
jcnd=69/138 +25 -7 
* * 
+2 -2 140
+2 * 140
jcnd=138/140 -11 +2 
* * 
+2 +6 2
+3 * 2
+4 +7 2
+3 +4 2
+3 * 2
-6 -4 1
+3 +4 1
+3 * 1
-3 * 1
+3 * 1
+6 -22 69
+4 +15 69
+4 -15 69
+2 * 69
jcnd=68/69 -50 * 
* * 
+2 * 1
+2 * 1
jump=1 -26 +18 
* * 

fn=(494)
0x1e5b0 76 1
+4 * 1
+2 +10 1
fi=(149) ./elf/../sysdeps/generic/dl-hash.h
+7 -41 1
fe=(7)
+5 +31 1
fi=(149)
+2 -32 1
fe=(7)
+4 +32 1
+2 * 1
+1 * 1
+3 * 1
+1 * 1
+4 +11 1
+8 -1 1
fi=(149)
+4 -43 1
+5 +5 1
+4 * 1
+4 * 1
+3 +14 1
+3 * 1
+4 * 1
+6 * 1
+3 -17 1
+3 * 1
+2 * 1
jcnd=1/1 -32 +3 
* * 
-32 +3 5
+4 * 5
+4 * 5
+3 +14 5
+3 * 5
+4 * 5
+6 * 5
+3 -17 5
+3 * 5
+2 * 5
jcnd=4/5 -32 +3 
* * 
fe=(7)
+2 +46 1
+3 * 1
fi=(149)
+3 -24 1
fe=(7)
+5 +22 1
+9 +2 1
+3 * 1
fi=(149)
+7 -19 1
fe=(7)
+4 +19 1
cfn=(498)
calls=1 0x1e4e0 -30 
* * 700
+5 +1 1
+3 * 1
+3 * 1
+7 -1 1
+3 +1 1
cfn=(498)
calls=1 0x1e4e0 -31 
* * 748
+5 +1 1
+3 * 1
+3 * 1
+7 -1 1
+3 +1 1
cfn=(498)
calls=1 0x1e4e0 -32 
* * 710
+5 +1 1
+3 * 1
+3 * 1
+7 -1 1
+3 +1 1
cfn=(498)
calls=1 0x1e4e0 -33 
* * 641
+5 +5 1
+7 +1 1
+7 +1 1
+7 +1 1
+7 +1 1
+4 * 1
+1 * 1
+1 * 1
+2 * 1
+2 * 1
+2 * 1

fl=(148)
fn=(488)
0x51f0 95 7
+7 * 7
+3 +1 7
+7 * 7
+4 +1 7
+4 +6 7
+7 * 7
+7 * 7
+8 * 7
+3 * 7
+4 +1 7
+3 * 7
jcnd=7/7 +16 +1 
* * 
+7 * 62
+4 * 62
+3 * 62
+2 +1 69
+6 * 69
jcnd=62/69 -15 -1 
* * 
+2 +2 7
+3 * 7
+4 * 7
+4 +5 7

fl=(253) ./elf/./elf/dl-fini.c
fn=(2676) _dl_fini
0x6040 31 1
+4 * 1
+1 * 1
+3 * 1
+2 * 1
+2 * 1
+2 * 1
+2 * 1
+1 * 1
+4 +20 1
+7 * 1
+4 * 1
+6 -3 1
+7 * 1
+7 * 1
+4 * 1
+7 * 1
+4 * 1
+3 * 1
jump=1 +40 +6 
* * 
+19 +3 1
+4 * 1
+7 * 1
+4 * 1
jcnd=1/1 0x62f0 168 
* * 
+6 +3 1
+3 * 1
cob=(3)
cfi=(254) ./nptl/./nptl/pthread_mutex_lock.c
cfn=(2678) pthread_mutex_lock@@GLIBC_2.2.5
calls=1 0x97ef0 +23 
* * 43
+6 +2 1
+4 +3 1
+3 * 1
+2 +2 1
+3 * 1
+7 * 1
+3 * 1
+3 * 1
+3 * 1
+2 +7 1
+5 * 1
+3 -2 1
+4 +2 1
cfi=(49)
cfn=(536)
calls=1 0x1b250 -28 
* * 21
+5 +5 1
+3 * 1
+3 * 1
+8 * 1
+4 * 1
+4 * 1
+3 * 1
+7 * 1
+3 * 1
+3 * 1
jcnd=1/1 +23 * 
* * 
+23 * 1
+5 * 1
+3 * 1
+3 * 1
jcnd=1/1 0x6333 * 
* * 
+6 +5 1
+3 -5 1
+3 +5 1
+2 * 1
+3 * 1
jcnd=1/1 +18 +2 
* * 
+18 +2 7
+4 * 7
+2 +2 7
+3 * 7
+6 +2 7
+2 * 7
+4 +1 7
+6 +1 7
+3 +4 7
+7 -12 7
+4 * 7
+3 * 7
jcnd=6/7 -44 +2 
* * 
+2 +14 1
+3 * 1
+3 * 1
+3 * 1
+2 * 1
+2 * 1
+6 +1 1
+3 * 1
+3 * 1
+2 * 1
jcnd=1/1 +19 +6 
* * 
+19 +6 1
+3 * 1
+5 * 1
+3 * 1
+3 * 1
cfi=(12)
cfn=(246)
calls=1 0x13730 290 
* * 531
+5 +9 1
+3 * 1
cob=(3)
cfi=(255) ./nptl/./nptl/pthread_mutex_unlock.c
cfn=(2680) pthread_mutex_unlock@@GLIBC_2.2.5
calls=1 0x99a70 367 
* * 34
+6 +5 1
+3 * 1
+2 * 1
+6 * 1
+3 * 1
+5 * 1
+4 +2 1
+3 +2 1
+8 * 1
+2 * 1
-13 -2 6
+3 +2 6
+8 * 6
+2 * 6
+6 +3 7
+3 * 7
+7 +3 7
+7 * 7
+3 * 7
jcnd=3/7 0x62a8 +1 
* * 
+6 +4 4
+7 * 4
+6 +11 4
+4 * 4
+3 * 4
+3 * 4
+4 +1 4
+7 +1 4
+4 * 4
+4 +1 4
+3 * 4
+4 * 4
+2 * 4
+2 * 4
+6 +1 4
+4 * 4
cob=(4)
cfi=(168)
cfn=(2790) 0x000000000000e420
calls=1 0xe420 0 
* * 139
cob=(6)
cfi=(169)
cfn=(2772) 0x00000000000045c0
calls=1 0x45c0 0 
* * 139
cob=(7)
cfi=(170)
cfn=(2730)
calls=1 0xaaf80 0 
* * 1169
cob=(8)
cfi=(178)
cfn=(2682) 0x00000000000047e0
calls=1 0x47e0 0 
* * 139
+2 -1 4
+4 * 4
+3 * 4
+4 * 4
+4 * 4
+2 +5 4
+7 * 4
+3 * 4
+2 +1 5
+4 * 5
+3 * 5
cob=(2)
cfi=(51)
cfn=(2806) 0x0000000004d598c8
calls=1 0x4d598c8 0 
* * 4
cob=(2)
cfi=(51)
cfn=(2788) 0x0000000004aa0808
calls=1 0x4aa0808 0 
* * 4
cob=(2)
cfi=(51)
cfn=(2770) 0x0000000004a05fc4
calls=1 0x4a05fc4 0 
* * 4
cob=(2)
cfi=(51)
cfn=(2708) 0x000000000483f334
calls=1 0x483f334 0 
* * 157
cob=(2)
cfi=(51)
cfn=(2704) 0x000000000011c4c8
calls=1 0x11c4c8 0 
* * 4
+2 +6 7
+3 * 7
cfi=(49)
cfn=(2706)
calls=7 0x1b570 -57 
* * 35
+5 +5 7
+8 -45 7
+4 * 7
+4 * 7
jcnd=6/7 0x61e0 +2 
* * 
+6 +49 1
+2 * 1
+3 * 1
cfi=(49)
cfn=(536)
calls=1 0x1b250 40 
* * 21
+5 * 1
+4 * 1
jump=1 0x6099 51 
* * 
+8 -38 3
+7 * 3
+3 * 3
jcnd=2/3 -62 +29 
* * 
+2 +3 1
+7 * 1
jcnd=1/1 -80 +20 
* * 
+53 +41 1
+3 * 1
+2 * 1
+2 * 1
+6 * 1
+2 * 1
+2 +6 1
+7 * 1
+2 +7 1
+4 * 1
+1 * 1
+2 * 1
+2 * 1
+2 * 1
+2 * 1
+1 * 1
+27 73 1
+6 * 1
jump=1 0x6134 +5 
* * 

ob=(4)
fl=(135)
fn=(430)
0x3cc00 27 1
fi=(130) ./math/../sysdeps/x86_64/fpu/multiarch/ifunc-fma.h
+4 +2 1
+7 * 1
+7 * 1
+7 * 1
+2 +1 1
+7 * 1
+7 * 1
fe=(135)
+4 -3 1

fl=(146)
fn=(472)
0x25ab0 26 1
fi=(132) ./math/../sysdeps/x86_64/fpu/multiarch/ifunc-avx-fma4.h
+4 +6 1
+7 * 1
+6 * 1
+3 * 1
+2 * 1
+7 +1 1
+7 * 1
jfi=(146)
jcnd=1/1 +42 -7 
* * 
fe=(146)
+42 -7 1

fl=(129)
fn=(414)
0x3e4b0 26 1
fi=(130)
+4 +3 1
+7 * 1
+7 * 1
+7 * 1
+2 +1 1
+7 * 1
+7 * 1
fe=(129)
+4 -4 1

fl=(144)
fn=(462)
0x31000 49 1
+4 * 1
+7 * 1
+7 * 1
+7 * 1
jcnd=1/1 +27 * 
* * 
+27 * 1

fl=(137)
fn=(438)
0x3d110 30 1
fi=(130)
+4 -1 1
+7 * 1
+7 * 1
+7 * 1
+2 +1 1
+7 * 1
+7 * 1
+4 * 1
fe=(137)

fl=(141)
fn=(450)
0x294c0 27 1
fi=(132)
+4 +5 1
+7 * 1
+6 * 1
+3 * 1
+2 * 1
+7 +1 1
+7 * 1
jfi=(141)
jcnd=1/1 +42 -6 
* * 
fe=(141)
+42 -6 1

fl=(168)
fn=(580)
0xe3e0 0 1
+7 0 1
+7 0 1
+3 0 1
+3 0 1
+4 0 1
+4 0 1
+3 0 1
+3 0 1
jcnd=1/1 +22 0 
* 0 
+22 0 1
+72 0 1
+4 0 1
jump=1 0xe3e0 0 
* 0 

fn=(2800) 0x000000000000e3b0
0xe3b0 0 1
+7 0 1
+7 0 1
+3 0 1
jcnd=1/1 +23 0 
* 0 
+23 0 1

fn=(2790)
0xe420 0 1
+4 0 1
+7 0 1
+2 0 1
+1 0 1
+8 0 1
+3 0 1
+2 0 1
+7 0 1
cob=(2)
cfi=(51)
cfn=(2796) 0x0000000004cde1e0
calls=1 0x4cde1e0 0 
* 0 121
+5 0 1
cfn=(2800)
calls=1 0xe3b0 0 
* 0 5
+5 0 1
+7 0 1
+1 0 1

fl=(145)
fn=(468)
0x468e0 27 1
fi=(130)
+4 +2 1
+7 * 1
+7 * 1
+7 * 1
+2 +1 1
+7 * 1
+7 * 1
fe=(145)
+4 -3 1

fl=(143)
fn=(458)
0x3f9c0 26 1
fi=(130)
+4 +3 1
+7 * 1
+7 * 1
+7 * 1
+2 +1 1
+7 * 1
+7 * 1
fe=(143)
+4 -4 1

fl=(134)
fn=(426)
0x2e7b0 34 1
fi=(132)
+4 -2 1
+7 * 1
+6 * 1
+3 * 1
+2 * 1
+7 +1 1
+7 * 1
jfi=(134)
jcnd=1/1 +42 +1 
* * 
fe=(134)
+42 +1 1

fn=(476)
0x2e760 27 1
fi=(132)
+4 +5 1
+7 * 1
+6 * 1
+3 * 1
+2 * 1
+7 +1 1
+7 * 1
jfi=(134)
jcnd=1/1 +42 -6 
* * 
fe=(134)
+42 -6 1

fl=(133)
fn=(422)
0x391b0 27 1
fi=(130)
+4 +2 1
+7 * 1
+7 * 1
+7 * 1
+2 +1 1
+7 * 1
+7 * 1
fe=(133)
+4 -3 1

fl=(140)
fn=(446)
0x40020 27 1
fi=(130)
+4 +2 1
+7 * 1
+7 * 1
+7 * 1
+2 +1 1
+7 * 1
+7 * 1
fe=(140)
+4 -3 1

fl=(142)
fn=(454)
0x24f60 35 1
fi=(139) ./math/../sysdeps/x86_64/fpu/multiarch/ifunc-fma4.h
+4 -4 1
+7 * 1
+7 * 1
+2 * 1
+7 +1 1
+7 * 1
jcnd=1/1 +27 +3 
* * 
+27 +3 1
fe=(142)

fn=(464)
0x24f20 27 1
fi=(139)
+4 +4 1
+7 * 1
+7 * 1
+2 * 1
+7 +1 1
+7 * 1
jfi=(142)
jcnd=1/1 +27 -5 
* * 
fe=(142)
+27 -5 1

fl=(131)
fn=(418)
0x25fd0 27 1
fi=(132)
+4 +5 1
+7 * 1
+6 * 1
+3 * 1
+2 * 1
+7 +1 1
+7 * 1
jfi=(131)
jcnd=1/1 +42 -6 
* * 
fe=(131)
+42 -6 1

fl=(138)
fn=(442)
0x29d80 27 1
fi=(139)
+4 +4 1
+7 * 1
+7 * 1
+2 * 1
+7 +1 1
+7 * 1
jfi=(138)
jcnd=1/1 +27 -5 
* * 
fe=(138)
+27 -5 1

fl=(136)
fn=(434)
0x400f0 26 1
fi=(130)
+4 +3 1
+7 * 1
+7 * 1
+7 * 1
+2 +1 1
+7 * 1
+7 * 1
fe=(136)
+4 -4 1

ob=(8)
fl=(241) /usr/include/c++/11/bits/list.tcc
fn=(2380) std::__cxx11::_List_base<std::shared_ptr<Order>, std::allocator<std::shared_ptr<Order> > >::_M_clear()
0x13dee 66 649501
+4 * 649501
+1 * 649501
+3 * 649501
+4 * 649501
+4 +4 649501
+4 * 649501
+3 * 649501
+4 +1 649501
jump=649501 +86 * 
* * 
+2 +2 30326
+4 * 30326
+4 +1 30326
+4 * 30326
+3 * 30326
+4 +1 30326
+4 * 30326
+3 * 30326
cfi=(230) /usr/include/c++/11/bits/stl_list.h
cfn=(1856) std::_List_node<std::shared_ptr<Order> >::_M_valptr()
calls=30326 0xc9b0 +96 
* * 849128
+5 * 30326
+4 +2 30326
+4 * 30326
+3 * 30326
cfi=(230)
cfn=(1850) std::__cxx11::_List_base<std::shared_ptr<Order>, std::allocator<std::shared_ptr<Order> > >::_M_get_Node_allocator()
calls=30326 0xca12 453 
* * 212282
+5 * 30326
+3 * 30326
+4 * 30326
+3 * 30326
+3 * 30326
cfi=(225) /usr/include/c++/11/bits/alloc_traits.h
cfn=(2288) void std::allocator_traits<std::allocator<std::_List_node<std::shared_ptr<Order> > > >::destroy<std::shared_ptr<Order> >(std::allocator<std::_List_node<std::shared_ptr<Order> > >&, std::shared_ptr<Order>*)
calls=30326 0xca24 531 
* * 17528403
+5 +4 30326
+4 * 30326
+4 * 30326
+3 * 30326
+3 * 30326
cfi=(230)
cfn=(2292) std::__cxx11::_List_base<std::shared_ptr<Order>, std::allocator<std::shared_ptr<Order> > >::_M_put_node(std::_List_node<std::shared_ptr<Order> >*)
calls=30326 0xca48 446 
* * 5549656
+5 -10 679827
+4 * 679827
+4 * 679827
jcnd=30326/679827 -92 +2 
* * 
+2 +12 649501
+1 * 649501
+1 * 649501
+1 * 649501

fn=(2440) std::__cxx11::list<std::shared_ptr<Order>, std::allocator<std::shared_ptr<Order> > >::erase(std::_List_const_iterator<std::shared_ptr<Order> >)
0x9244 150 101045
+4 * 101045
+1 * 101045
+3 * 101045
+4 * 101045
+4 * 101045
+4 * 101045
+9 * 101045
+4 * 101045
+2 +7 101045
+4 * 101045
+3 * 101045
+4 * 101045
+3 * 101045
+3 * 101045
cfi=(230)
cfn=(1832) std::_List_iterator<std::shared_ptr<Order> >::_List_iterator(std::__detail::_List_node_base*)
calls=101045 0xb0d8 +44 
* * 1111495
+5 +1 101045
+4 * 101045
+3 * 101045
cfi=(230)
cfn=(2442) std::_List_const_iterator<std::shared_ptr<Order> >::_M_const_cast() const
calls=101045 0xb3f2 291 
* * 3132395
+5 * 101045
+3 * 101045
+4 * 101045
+3 * 101045
+3 * 101045
cfi=(230)
cfn=(2280) std::__cxx11::list<std::shared_ptr<Order>, std::allocator<std::shared_ptr<Order> > >::_M_erase(std::_List_iterator<std::shared_ptr<Order> >)
calls=101045 0xaa2c 1920 
* * 61207435
+5 +1 101045
+4 +1 101045
+4 * 101045
+9 * 101045
jcnd=101045/101045 +7 * 
* * 
+7 * 101045
+1 * 101045

fl=(239) /usr/include/c++/11/bits/stl_algobase.h
fn=(2062) unsigned long const& std::min<unsigned long>(unsigned long const&, unsigned long const&)
0x5983 230 693089
+4 * 693089
+1 * 693089
+3 * 693089
+4 * 693089
+4 +5 693089
+4 * 693089
+3 * 693089
+4 * 693089
+3 * 693089
+3 * 693089
jcnd=693089/693089 +8 +2 
* * 
+8 +2 693089
+4 +1 693089
+1 * 693089

fn=(2272) unsigned int const& std::min<unsigned int>(unsigned int const&, unsigned int const&)
0x8b80 230 561120
+4 * 561120
+1 * 561120
+3 * 561120
+4 * 561120
+4 +5 561120
+4 * 561120
+2 * 561120
+4 * 561120
+2 * 561120
+2 * 561120
jcnd=280481/561120 +8 +2 
* * 
+2 +1 280639
+4 * 280639
jump=280639 +6 +2 
* * 
+2 +1 280481
+4 +1 280481
+1 * 280481
-1 * 280639
+1 * 280639

fn=(2086) Trade* std::__niter_base<Trade*>(Trade*)
0x11d67 313 2079267
+4 * 2079267
+1 * 2079267
+3 * 2079267
+4 +2 2079267
+4 * 2079267
+1 * 2079267

fl=(206) /usr/include/c++/11/bits/hashtable_policy.h
fn=(1382) std::__detail::_Hashtable_ebo_helper<1, std::hash<unsigned long>, true>::_Hashtable_ebo_helper()
0x9ca6 1127 1
+4 * 1
+1 * 1
+3 * 1
+4 * 1
+1 * 1
+1 * 1

fn=(1664) std::__detail::_Hash_code_base<unsigned long, std::pair<unsigned long const, Orderbook::OrderEntry>, std::__detail::_Select1st, std::hash<unsigned long>, std::__detail::_Mod_range_hashing, std::__detail::_Default_ranged_hash, false>::_M_hash_code(unsigned long const&) const
0xd3fc 1215 4992251
+4 * 4992251
+1 * 4992251
+3 * 4992251
+4 * 4992251
+4 * 4992251
+4 +4 4992251
+4 * 4992251
+3 * 4992251
cfn=(1666) std::__detail::_Hash_code_base<unsigned long, std::pair<unsigned long const, Orderbook::OrderEntry>, std::__detail::_Select1st, std::hash<unsigned long>, std::__detail::_Mod_range_hashing, std::__detail::_Default_ranged_hash, false>::_M_hash() const
calls=4992251 0x102fa +57 
* * 84868267
+5 * 4992251
+3 * 4992251
+4 * 4992251
+3 * 4992251
+3 * 4992251
+3 * 4992251
cfi=(229) /usr/include/c++/11/bits/functional_hash.h
cfn=(1670) std::hash<unsigned long>::operator()(unsigned long) const
calls=4992251 0x58ca 169 
* * 39938008
+5 +1 4992251
+1 * 4992251

fn=(1936) std::__detail::_Hash_node<std::pair<unsigned long const, Orderbook::OrderEntry>, false>::_Hash_node()
0x1230a 277 693089
+4 * 693089
+1 * 693089
+3 * 693089
+4 * 693089
+4 * 693089
+4 * 693089
+3 * 693089
cfn=(1394) std::__detail::_Hash_node_base::_Hash_node_base()
calls=693089 0x58e0 -58 
* * 6237801
+5 * 693089
+1 * 693089
+1 * 693089

fn=(1938) std::__detail::_Hash_node_value_base<std::pair<unsigned long const, Orderbook::OrderEntry> >::_M_valptr()
0x1107e 237 2198973
+4 * 2198973
+1 * 2198973
+3 * 2198973
+4 * 2198973
+4 +1 2198973
+4 * 2198973
+3 * 2198973
cfi=(227) /usr/include/c++/11/ext/aligned_buffer.h
cfn=(1940) __gnu_cxx::__aligned_buffer<std::pair<unsigned long const, Orderbook::OrderEntry> >::_M_ptr()
calls=2198973 0x1263c 114 
* * 37382541
+5 * 2198973
+1 * 2198973

fn=(1952) decltype ((get<0>)((forward<std::pair<unsigned long const, Orderbook::OrderEntry>&>)({parm#1}))) std::__detail::_Select1st::operator()<std::pair<unsigned long const, Orderbook::OrderEntry>&>(std::pair<unsigned long const, Orderbook::OrderEntry>&) const
0x10e48 93 693089
+4 * 693089
+1 * 693089
+3 * 693089
+4 * 693089
+4 * 693089
+4 +2 693089
+4 * 693089
+3 * 693089
cfi=(210) /usr/include/c++/11/bits/move.h
cfn=(1954) std::pair<unsigned long const, Orderbook::OrderEntry>& std::forward<std::pair<unsigned long const, Orderbook::OrderEntry>&>(std::remove_reference<std::pair<unsigned long const, Orderbook::OrderEntry>&>::type&)
calls=693089 0x1241d -18 
* * 4851623
+5 * 693089
+3 * 693089
cfi=(235) /usr/include/c++/11/utility
cfn=(1956) std::tuple_element<0ul, std::pair<unsigned long const, Orderbook::OrderEntry> >::type& std::get<0ul, unsigned long const, Orderbook::OrderEntry>(std::pair<unsigned long const, Orderbook::OrderEntry>&)
calls=693089 0x1242f 223 
* * 11782513
+5 * 693089
+1 * 693089

fn=(2010) std::__detail::_Hash_code_base<unsigned long, std::pair<unsigned long const, Orderbook::OrderEntry>, std::__detail::_Select1st, std::hash<unsigned long>, std::__detail::_Mod_range_hashing, std::__detail::_Default_ranged_hash, false>::_M_store_code(std::__detail::_Hash_node_code_cache<false>&, unsigned long) const
0x1251e 1254 693089
+4 * 693089
+1 * 693089
+3 * 693089
+4 * 693089
+4 * 693089
+4 +1 693089
+1 * 693089
+1 * 693089

fn=(2014) std::__detail::_Node_iterator<std::pair<unsigned long const, Orderbook::OrderEntry>, false, false>::_Node_iterator(std::__detail::_Hash_node<std::pair<unsigned long const, Orderbook::OrderEntry>, false>*)
0x10e72 338 1475558
+4 * 1475558
+1 * 1475558
+3 * 1475558
+4 * 1475558
+4 * 1475558
+4 +1 1475558
+4 * 1475558
+4 * 1475558
+3 * 1475558
+3 * 1475558
cfn=(1660) std::__detail::_Node_iterator_base<std::pair<unsigned long const, Orderbook::OrderEntry>, false>::_Node_iterator_base(std::__detail::_Hash_node<std::pair<unsigned long const, Orderbook::OrderEntry>, false>*)
calls=1475558 0x1036c -44 
* * 16231138
+5 * 1475558
+1 * 1475558
+1 * 1475558

fn=(2320) std::__detail::_Hashtable_alloc<std::allocator<std::__detail::_Hash_node<std::pair<unsigned long const, Orderbook::OrderEntry>, false> > >::_M_deallocate_node(std::__detail::_Hash_node<std::pair<unsigned long const, Orderbook::OrderEntry>, false>*)
0x1166a 1892 693089
+4 * 693089
+1 * 693089
+3 * 693089
+1 * 693089
+4 * 693089
+4 * 693089
+4 +2 693089
+4 * 693089
+4 * 693089
+3 * 693089
cfn=(1938)
calls=693089 0x1107e 237 
* * 18713403
+5 * 693089
+3 * 693089
+4 * 693089
+3 * 693089
cfn=(1922) std::__detail::_Hashtable_alloc<std::allocator<std::__detail::_Hash_node<std::pair<unsigned long const, Orderbook::OrderEntry>, false> > >::_M_node_allocator()
calls=693089 0x128ee -61 
* * 11782513
+5 * 693089
+3 * 693089
+3 * 693089
cfi=(225)
cfn=(2322) void std::allocator_traits<std::allocator<std::__detail::_Hash_node<std::pair<unsigned long const, Orderbook::OrderEntry>, false> > >::destroy<std::pair<unsigned long const, Orderbook::OrderEntry> >(std::allocator<std::__detail::_Hash_node<std::pair<unsigned long const, Orderbook::OrderEntry>, false> >&, std::pair<unsigned long const, Orderbook::OrderEntry>*)
calls=693089 0x1290c 531 
* * 83863769
+5 +1 693089
+4 * 693089
+4 * 693089
+3 * 693089
+3 * 693089
cfn=(2326) std::__detail::_Hashtable_alloc<std::allocator<std::__detail::_Hash_node<std::pair<unsigned long const, Orderbook::OrderEntry>, false> > >::_M_deallocate_node_ptr(std::__detail::_Hash_node<std::pair<unsigned long const, Orderbook::OrderEntry>, false>*)
calls=693089 0x1294e +5 
* * 152139663
+5 +1 693089
+1 * 693089
+4 * 693089
+1 * 693089

fn=(2426) std::__detail::_Node_iterator<std::pair<unsigned long const, Orderbook::OrderEntry>, false, false>::operator->() const
0xe5bc 346 119706
+4 * 119706
+1 * 119706
+3 * 119706
+4 * 119706
+4 +1 119706
+4 * 119706
+3 * 119706
+4 * 119706
+3 * 119706
cfn=(1938)
calls=119706 0x1107e 237 
* * 3232062
+5 * 119706
+1 * 119706

fn=(2586) std::__detail::_Hashtable_alloc<std::allocator<std::__detail::_Hash_node<std::pair<unsigned long const, Orderbook::OrderEntry>, false> > >::~_Hashtable_alloc()
0x7bd2 1802 1
+4 * 1
+1 * 1
+3 * 1
+4 * 1
+4 * 1
+4 * 1
+3 * 1
cfn=(2588) std::__detail::_Hashtable_ebo_helper<0, std::allocator<std::__detail::_Hash_node<std::pair<unsigned long const, Orderbook::OrderEntry>, false> >, true>::~_Hashtable_ebo_helper()
calls=1 -87 1124 
* * 18
+5 * 1
+1 * 1
+1 * 1

fn=(2588)
0x7b92 1124 1
+4 * 1
+1 * 1
+3 * 1
+4 * 1
+4 * 1
+4 * 1
+3 * 1
cfi=(202) /usr/include/c++/11/bits/allocator.h
cfn=(2590) std::allocator<std::__detail::_Hash_node<std::pair<unsigned long const, Orderbook::OrderEntry>, false> >::~allocator()
calls=1 0x9ce6 174 
* * 7
+5 * 1
+1 * 1
+1 * 1

fn=(1380) std::__detail::_Hash_code_base<unsigned long, std::pair<unsigned long const, Orderbook::OrderEntry>, std::__detail::_Select1st, std::hash<unsigned long>, std::__detail::_Mod_range_hashing, std::__detail::_Default_ranged_hash, false>::_Hash_code_base()
0x7b46 1210 1
+4 * 1
+1 * 1
+3 * 1
+4 * 1
+4 * 1
+4 * 1
+3 * 1
cfn=(1382)
calls=1 0x9ca6 -83 
* * 7
+5 * 1
+1 * 1
+1 * 1

fn=(1660)
0x1036c 295 3939950
+4 * 3939950
+1 * 3939950
+3 * 3939950
+4 * 3939950
+4 +1 3939950
+4 * 3939950
+4 * 3939950
+3 * 3939950
+1 * 3939950
+1 * 3939950

fn=(1682) std::__detail::operator==(std::__detail::_Node_iterator_base<std::pair<unsigned long const, Orderbook::OrderEntry>, false> const&, std::__detail::_Node_iterator_base<std::pair<unsigned long const, Orderbook::OrderEntry>, false> const&)
0xade2 303 1232196
+4 * 1232196
+1 * 1232196
+3 * 1232196
+4 * 1232196
+4 +2 1232196
+4 * 1232196
+3 * 1232196
+4 * 1232196
+3 * 1232196
+3 * 1232196
+3 * 1232196
+1 * 1232196

fn=(1950) std::__detail::_Hash_node_value_base<std::pair<unsigned long const, Orderbook::OrderEntry> >::_M_v()
0x10e2a 245 693089
+4 * 693089
+1 * 693089
+3 * 693089
+4 * 693089
+4 +1 693089
+4 * 693089
+3 * 693089
cfn=(1938)
calls=693089 0x1107e -9 
* * 18713403
+5 * 693089
+1 * 693089

fn=(1980) std::__detail::_Hashtable_alloc<std::allocator<std::__detail::_Hash_node<std::pair<unsigned long const, Orderbook::OrderEntry>, false> > >::_M_allocate_buckets(unsigned long)
0x13f8e 1922 12
+4 * 12
+1 * 12
+3 * 12
+1 * 12
+4 * 12
+4 * 12
+4 * 12
+9 * 12
+4 * 12
+2 +3 12
+4 * 12
+3 * 12
cfn=(1922)
calls=12 0x128ee -92 
* * 204
+5 * 12
+3 * 12
+4 * 12
+3 * 12
+3 * 12
cfi=(202)
cfn=(1982) std::allocator<std::__detail::_Hash_node_base*>::allocator<std::__detail::_Hash_node<std::pair<unsigned long const, Orderbook::OrderEntry>, false> >(std::allocator<std::__detail::_Hash_node<std::pair<unsigned long const, Orderbook::OrderEntry>, false> > const&)
calls=12 0x129b6 169 
* * 228
+5 +2 12
+4 * 12
+4 * 12
+3 * 12
+3 * 12
cfi=(225)
cfn=(1986) std::allocator_traits<std::allocator<std::__detail::_Hash_node_base*> >::allocate(std::allocator<std::__detail::_Hash_node_base*>&, unsigned long)
calls=12 0x13f34 463 
* * 3018
+5 * 12
+4 +1 12
+4 * 12
+3 * 12
cfi=(209) /usr/include/c++/11/bits/ptr_traits.h
cfn=(1994) std::__detail::_Hash_node_base** std::__to_address<std::__detail::_Hash_node_base*>(std::__detail::_Hash_node_base**)
calls=12 0x14217 159 
* * 84
+5 * 12
+4 +1 12
+4 * 12
+8 * 12
+4 * 12
+5 * 12
+3 * 12
cob=(2)
cfi=(51)
cfn=(1996) 0x000000000010c460
calls=12 0x10c460 0 
* * 659686
+5 +1 12
+4 +1 12
+4 * 12
+3 * 12
cfi=(202)
cfn=(2000) std::allocator<std::__detail::_Hash_node_base*>::~allocator()
calls=12 0x129da 174 
* * 84
+5 -1 12
+3 +1 12
+4 * 12
+9 * 12
jcnd=12/12 +39 * 
* * 
+39 * 12
+4 * 12
+1 * 12

fn=(2244) std::__detail::_Hash_node<std::pair<unsigned long const, Orderbook::OrderEntry>, false>::_M_next() const
0x11654 282 3977315
+4 * 3977315
+1 * 3977315
+3 * 3977315
+4 +1 3977315
+4 * 3977315
+3 * 3977315
+1 * 3977315

fn=(1378) std::__detail::_Hashtable_base<unsigned long, std::pair<unsigned long const, Orderbook::OrderEntry>, std::__detail::_Select1st, std::equal_to<unsigned long>, std::hash<unsigned long>, std::__detail::_Mod_range_hashing, std::__detail::_Default_ranged_hash, std::__detail::_Hashtable_traits<false, false, true> >::_Hashtable_base()
0x7b66 1604 1
+4 * 1
+1 * 1
+3 * 1
+4 * 1
+4 * 1
+4 * 1
+3 * 1
cfn=(1380)
calls=1 -55 1210 
* * 18
+5 * 1
+4 * 1
+3 * 1
cfn=(1384) std::__detail::_Hashtable_ebo_helper<0, std::equal_to<unsigned long>, true>::_Hashtable_ebo_helper()
calls=1 0x9cb6 1127 
* * 7
+5 * 1
+1 * 1
+1 * 1

fn=(1668) std::__detail::_Hashtable_ebo_helper<1, std::hash<unsigned long>, true>::_M_cget() const
0x11fa4 1134 4992251
+4 * 4992251
+1 * 4992251
+3 * 4992251
+4 * 4992251
+4 * 4992251
+1 * 4992251

fn=(1910) std::pair<std::__detail::_Node_iterator<std::pair<unsigned long const, Orderbook::OrderEntry>, false, false>, bool> std::__detail::_Insert<unsigned long, std::pair<unsigned long const, Orderbook::OrderEntry>, std::allocator<std::pair<unsigned long const, Orderbook::OrderEntry> >, std::__detail::_Select1st, std::equal_to<unsigned long>, std::hash<unsigned long>, std::__detail::_Mod_range_hashing, std::__detail::_Default_ranged_hash, std::__detail::_Prime_rehash_policy, std::__detail::_Hashtable_traits<false, false, true>, false>::insert<std::pair<unsigned long const, Orderbook::OrderEntry>, void>(std::pair<unsigned long const, Orderbook::OrderEntry>&&)
0xb32e 1033 693089
+4 * 693089
+1 * 693089
+3 * 693089
+4 * 693089
+4 * 693089
+4 +2 693089
+4 * 693089
+3 * 693089
cfn=(1912) std::__detail::_Insert_base<unsigned long, std::pair<unsigned long const, Orderbook::OrderEntry>, std::allocator<std::pair<unsigned long const, Orderbook::OrderEntry> >, std::__detail::_Select1st, std::equal_to<unsigned long>, std::hash<unsigned long>, std::__detail::_Mod_range_hashing, std::__detail::_Default_ranged_hash, std::__detail::_Prime_rehash_policy, std::__detail::_Hashtable_traits<false, false, true> >::_M_conjure_hashtable()
calls=693089 0xe358 815 
* * 4851623
+5 * 693089
+4 +1 693089
+4 * 693089
+3 * 693089
cfi=(210)
cfn=(1914) std::pair<unsigned long const, Orderbook::OrderEntry>&& std::forward<std::pair<unsigned long const, Orderbook::OrderEntry> >(std::remove_reference<std::pair<unsigned long const, Orderbook::OrderEntry> >::type&)
calls=693089 0xe36a 77 
* * 4851623
+5 * 693089
+3 * 693089
+4 * 693089
+3 * 693089
+3 * 693089
cfi=(205) /usr/include/c++/11/bits/hashtable.h
cfn=(1916) std::pair<std::__detail::_Node_iterator<std::pair<unsigned long const, Orderbook::OrderEntry>, false, false>, bool> std::_Hashtable<unsigned long, std::pair<unsigned long const, Orderbook::OrderEntry>, std::allocator<std::pair<unsigned long const, Orderbook::OrderEntry> >, std::__detail::_Select1st, std::equal_to<unsigned long>, std::hash<unsigned long>, std::__detail::_Mod_range_hashing, std::__detail::_Default_ranged_hash, std::__detail::_Prime_rehash_policy, std::__detail::_Hashtable_traits<false, false, true> >::_M_emplace<std::pair<unsigned long const, Orderbook::OrderEntry> >(std::integral_constant<bool, true>, std::pair<unsigned long const, Orderbook::OrderEntry>&&)
calls=693089 0xe37c 1960 
* * 960108878
+5 +1 693089
+1 * 693089

fn=(1922)
0x128ee 1833 2772380
+4 * 2772380
+1 * 2772380
+3 * 2772380
+4 * 2772380
+4 +1 2772380
+4 * 2772380
+3 * 2772380
cfn=(1924) std::__detail::_Hashtable_ebo_helper<0, std::allocator<std::__detail::_Hash_node<std::pair<unsigned long const, Orderbook::OrderEntry>, false> >, true>::_M_get()
calls=2772380 0x135b6 1135 
* * 19406660
+5 * 2772380
+1 * 2772380

fn=(2258) decltype ((get<0>)((forward<std::pair<unsigned long const, Orderbook::OrderEntry> const&>)({parm#1}))) std::__detail::_Select1st::operator()<std::pair<unsigned long const, Orderbook::OrderEntry> const&>(std::pair<unsigned long const, Orderbook::OrderEntry> const&) const
0x12f4c 93 4418602
+4 * 4418602
+1 * 4418602
+3 * 4418602
+4 * 4418602
+4 * 4418602
+4 +2 4418602
+4 * 4418602
+3 * 4418602
cfi=(210)
cfn=(2260) std::pair<unsigned long const, Orderbook::OrderEntry> const& std::forward<std::pair<unsigned long const, Orderbook::OrderEntry> const&>(std::remove_reference<std::pair<unsigned long const, Orderbook::OrderEntry> const&>::type&)
calls=4418602 0x139b2 -18 
* * 30930214
+5 * 4418602
+3 * 4418602
cfi=(235)
cfn=(2262) std::tuple_element<0ul, std::pair<unsigned long const, Orderbook::OrderEntry> >::type const& std::get<0ul, unsigned long const, Orderbook::OrderEntry>(std::pair<unsigned long const, Orderbook::OrderEntry> const&)
calls=4418602 0x139c4 233 
* * 75116234
+5 * 4418602
+1 * 4418602

fn=(2422) std::__detail::_Map_base<unsigned long, std::pair<unsigned long const, Orderbook::OrderEntry>, std::allocator<std::pair<unsigned long const, Orderbook::OrderEntry> >, std::__detail::_Select1st, std::equal_to<unsigned long>, std::hash<unsigned long>, std::__detail::_Mod_range_hashing, std::__detail::_Default_ranged_hash, std::__detail::_Prime_rehash_policy, std::__detail::_Hashtable_traits<false, false, true>, true>::at(unsigned long const&)
0xb372 750 119706
+4 * 119706
+1 * 119706
+3 * 119706
+4 * 119706
+4 * 119706
+4 * 119706
+9 * 119706
+4 * 119706
+2 +5 119706
+4 * 119706
+4 +1 119706
+4 * 119706
+4 * 119706
+3 * 119706
+3 * 119706
cfi=(205)
cfn=(2424) std::_Hashtable<unsigned long, std::pair<unsigned long const, Orderbook::OrderEntry>, std::allocator<std::pair<unsigned long const, Orderbook::OrderEntry> >, std::__detail::_Select1st, std::equal_to<unsigned long>, std::hash<unsigned long>, std::__detail::_Mod_range_hashing, std::__detail::_Default_ranged_hash, std::__detail::_Prime_rehash_policy, std::__detail::_Hashtable_traits<false, false, true> >::find(unsigned long const&)
calls=119706 0xe526 1588 
* * 43932102
+5 * 119706
+4 +2 119706
+4 * 119706
+3 * 119706
jcnd=119706/119706 +17 +2 
* * 
+17 +2 119706
+4 * 119706
+3 * 119706
cfn=(2426)
calls=119706 0xe5bc 346 
* * 4668534
+5 * 119706
+4 +1 119706
+4 * 119706
+9 * 119706
jcnd=119706/119706 +7 * 
* * 
+7 * 119706
+1 * 119706

fn=(2584) std::__detail::_Hashtable_alloc<std::allocator<std::__detail::_Hash_node<std::pair<unsigned long const, Orderbook::OrderEntry>, false> > >::_M_deallocate_nodes(std::__detail::_Hash_node<std::pair<unsigned long const, Orderbook::OrderEntry>, false>*)
0xeef4 1910 1
+4 * 1
+1 * 1
+3 * 1
+4 * 1
+4 * 1
+4 +2 1
jump=1 +45 * 
* * 
+2 +2 30326
+4 * 30326
+4 +1 30326
+4 * 30326
+3 * 30326
cfn=(2244)
calls=30326 0x11654 282 
* * 242608
+5 * 30326
+4 +1 30326
+4 * 30326
+4 * 30326
+3 * 30326
+3 * 30326
cfn=(2320)
calls=30326 0x1166a -24 
* * 13009829
+5 -4 30327
+5 * 30327
jcnd=30326/30327 -48 +2 
* * 
+2 +6 1
+1 * 1
+1 * 1
+1 * 1

fn=(1396) std::__detail::_Prime_rehash_policy::_Prime_rehash_policy(float)
0x5920 446 1
+4 * 1
+1 * 1
+3 * 1
+4 * 1
+5 +1 1
+4 * 1
+5 * 1
+4 * 1
+4 * 1
+8 * 1
+1 * 1
+1 * 1

fn=(1924)
0x135b6 1135 2772380
+4 * 2772380
+1 * 2772380
+3 * 2772380
+4 * 2772380
+4 * 2772380
+1 * 2772380

fn=(1962) std::__detail::_Prime_rehash_policy::_M_state() const
0x594e 473 693089
+4 * 693089
+1 * 693089
+3 * 693089
+4 +1 693089
+4 * 693089
+4 * 693089
+1 * 693089

fn=(2310) std::__detail::_Hashtable_base<unsigned long, std::pair<unsigned long const, Orderbook::OrderEntry>, std::__detail::_Select1st, std::equal_to<unsigned long>, std::hash<unsigned long>, std::__detail::_Mod_range_hashing, std::__detail::_Default_ranged_hash, std::__detail::_Hashtable_traits<false, false, true> >::_M_eq() const
0x12f10 1650 2134105
+4 * 2134105
+1 * 2134105
+3 * 2134105
+4 * 2134105
+4 * 2134105
+4 * 2134105
+3 * 2134105
cfn=(2312) std::__detail::_Hashtable_ebo_helper<0, std::equal_to<unsigned long>, true>::_M_cget() const
calls=2134105 0x13982 1134 
* * 14938735
+5 * 2134105
+1 * 2134105

fn=(2312)
0x13982 1134 2134105
+4 * 2134105
+1 * 2134105
+3 * 2134105
+4 * 2134105
+4 * 2134105
+1 * 2134105

fn=(2518) std::__detail::_Hashtable_alloc<std::allocator<std::__detail::_Hash_node<std::pair<unsigned long const, Orderbook::OrderEntry>, false> > >::_M_deallocate_buckets(std::__detail::_Hash_node_base**, unsigned long)
0x1170c 1935 12
+4 * 12
+1 * 12
+3 * 12
+1 * 12
+4 * 12
+4 * 12
+4 * 12
+4 * 12
+9 * 12
+4 * 12
+2 +5 12
+4 * 12
+3 * 12
cfi=(209)
cfn=(2520) std::pointer_traits<std::__detail::_Hash_node_base**>::pointer_to(std::__detail::_Hash_node_base*&)
calls=12 -77 149 
* * 324
+5 * 12
+4 +1 12
+4 * 12
+3 * 12
cfn=(1922)
calls=12 0x128ee 1833 
* * 204
+5 * 12
+3 * 12
+4 * 12
+3 * 12
+3 * 12
cfi=(202)
cfn=(1982)
calls=12 0x129b6 169 
* * 228
+5 +1 12
+4 * 12
+4 * 12
+4 * 12
+3 * 12
+3 * 12
cfi=(225)
cfn=(2526) std::allocator_traits<std::allocator<std::__detail::_Hash_node_base*> >::deallocate(std::allocator<std::__detail::_Hash_node_base*>&, std::__detail::_Hash_node_base**, unsigned long)
calls=12 0x129e9 495 
* * 1821923
+5 +1 12
+4 * 12
+3 * 12
cfi=(202)
cfn=(2000)
calls=12 0x129da 174 
* * 84
+5 * 12
+4 * 12
+9 * 12
jcnd=12/12 +39 * 
* * 
+39 * 12
+4 * 12
+1 * 12

fn=(1666)
0x102fa 1276 4992251
+4 * 4992251
+1 * 4992251
+3 * 4992251
+4 * 4992251
+4 * 4992251
+4 * 4992251
+3 * 4992251
cfn=(1668)
calls=4992251 0x11fa4 1134 
* * 34945757
+5 * 4992251
+1 * 4992251

fn=(1920) std::__detail::_Hash_node<std::pair<unsigned long const, Orderbook::OrderEntry>, false>* std::__detail::_Hashtable_alloc<std::allocator<std::__detail::_Hash_node<std::pair<unsigned long const, Orderbook::OrderEntry>, false> > >::_M_allocate_node<std::pair<unsigned long const, Orderbook::OrderEntry> >(std::pair<unsigned long const, Orderbook::OrderEntry>&&)
0x1232a 1870 693089
+4 * 693089
+1 * 693089
+3 * 693089
+2 * 693089
+1 * 693089
+4 * 693089
+4 * 693089
+4 +3 693089
+4 * 693089
+3 * 693089
cfn=(1922)
calls=693089 0x128ee -40 
* * 11782513
+5 * 693089
+5 * 693089
+3 * 693089
cfi=(225)
cfn=(1926) std::allocator_traits<std::allocator<std::__detail::_Hash_node<std::pair<unsigned long const, Orderbook::OrderEntry>, false> > >::allocate(std::allocator<std::__detail::_Hash_node<std::pair<unsigned long const, Orderbook::OrderEntry>, false> >&, unsigned long)
calls=693089 0x131ad 463 
* * 102623610
+5 * 693089
+4 +1 693089
+4 * 693089
+3 * 693089
cfi=(209)
cfn=(1934) std::__detail::_Hash_node<std::pair<unsigned long const, Orderbook::OrderEntry>, false>* std::__to_address<std::__detail::_Hash_node<std::pair<unsigned long const, Orderbook::OrderEntry>, false> >(std::__detail::_Hash_node<std::pair<unsigned long const, Orderbook::OrderEntry>, false>*)
calls=693089 0x13211 159 
* * 4851623
+5 * 693089
+4 +3 693089
+4 * 693089
+3 * 693089
+5 * 693089
cfi=(226) /usr/include/c++/11/new
cfn=(1614) operator new(unsigned long, void*)
calls=693089 0x57cf 175 
* * 5544712
+5 * 693089
+3 * 693089
cfn=(1936)
calls=693089 0x1230a 277 
* * 13861780
+5 +1 693089
+4 * 693089
+3 * 693089
cfi=(210)
cfn=(1914)
calls=693089 0xe36a 77 
* * 4851623
+5 * 693089
+3 * 693089
+4 * 693089
+4 * 693089
+3 * 693089
cfn=(1938)
calls=693089 0x1107e 237 
* * 18713403
+5 * 693089
+3 * 693089
+4 * 693089
+3 * 693089
cfn=(1922)
calls=693089 0x128ee -45 
* * 11782513
+5 * 693089
+3 * 693089
+3 * 693089
+3 * 693089
cfi=(225)
cfn=(1944) void std::allocator_traits<std::allocator<std::__detail::_Hash_node<std::pair<unsigned long const, Orderbook::OrderEntry>, false> > >::construct<std::pair<unsigned long const, Orderbook::OrderEntry>, std::pair<unsigned long const, Orderbook::OrderEntry> >(std::allocator<std::__detail::_Hash_node<std::pair<unsigned long const, Orderbook::OrderEntry>, false> >&, std::pair<unsigned long const, Orderbook::OrderEntry>*, std::pair<unsigned long const, Orderbook::OrderEntry>&&)
calls=693089 0x132b5 511 
* * 126142198
+5 +3 693089
+4 * 693089
jump=693089 +77 +7 
* * 
+77 +7 693089
+4 * 693089
+1 * 693089
+2 * 693089
+1 * 693089

fn=(2252) std::__detail::_Hash_node_value_base<std::pair<unsigned long const, Orderbook::OrderEntry> >::_M_valptr() const
0x13994 241 4418602
+4 * 4418602
+1 * 4418602
+3 * 4418602
+4 * 4418602
+4 +1 4418602
+4 * 4418602
+3 * 4418602
cfi=(227)
cfn=(2254) __gnu_cxx::__aligned_buffer<std::pair<unsigned long const, Orderbook::OrderEntry> >::_M_ptr() const
calls=4418602 0x13d80 118 
* * 75116234
+5 * 4418602
+1 * 4418602

fn=(1386) std::__detail::_Hashtable_alloc<std::allocator<std::__detail::_Hash_node<std::pair<unsigned long const, Orderbook::OrderEntry>, false> > >::_Hashtable_alloc()
0x7bb2 1823 1
+4 * 1
+1 * 1
+3 * 1
+4 * 1
+4 * 1
+4 * 1
+3 * 1
cfn=(1388) std::__detail::_Hashtable_ebo_helper<0, std::allocator<std::__detail::_Hash_node<std::pair<unsigned long const, Orderbook::OrderEntry>, false> >, true>::_Hashtable_ebo_helper()
calls=1 0x9cc6 1127 
* * 29
+5 * 1
+1 * 1
+1 * 1

fn=(1388)
0x9cc6 1127 1
+4 * 1
+1 * 1
+3 * 1
+4 * 1
+4 * 1
+4 * 1
+3 * 1
cfi=(202)
cfn=(1390) std::allocator<std::__detail::_Hash_node<std::pair<unsigned long const, Orderbook::OrderEntry>, false> >::allocator()
calls=1 0xc06a 156 
* * 18
+5 * 1
+1 * 1
+1 * 1

fn=(1658) std::__detail::_Node_const_iterator<std::pair<unsigned long const, Orderbook::OrderEntry>, false, false>::_Node_const_iterator(std::__detail::_Hash_node<std::pair<unsigned long const, Orderbook::OrderEntry>, false>*)
0xd4b6 385 2464392
+4 * 2464392
+1 * 2464392
+3 * 2464392
+4 * 2464392
+4 * 2464392
+4 +1 2464392
+4 * 2464392
+4 * 2464392
+3 * 2464392
+3 * 2464392
cfn=(1660)
calls=2464392 0x1036c -91 
* * 27108312
+5 * 2464392
+1 * 2464392
+1 * 2464392

fn=(1674) std::__detail::_Hash_code_base<unsigned long, std::pair<unsigned long const, Orderbook::OrderEntry>, std::__detail::_Select1st, std::hash<unsigned long>, std::__detail::_Mod_range_hashing, std::__detail::_Default_ranged_hash, false>::_M_bucket_index(unsigned long, unsigned long) const
0x10318 1232 2707766
+4 * 2707766
+1 * 2707766
+3 * 2707766
+4 * 2707766
+4 * 2707766
+4 * 2707766
+4 * 2707766
+9 * 2707766
+4 * 2707766
+2 +1 2707766
+4 * 2707766
+4 * 2707766
+4 * 2707766
+3 * 2707766
+3 * 2707766
cfn=(1676) std::__detail::_Mod_range_hashing::operator()(unsigned long, unsigned long) const
calls=2707766 0x58fa 428 
* * 32493192
+5 * 2707766
+4 * 2707766
+9 * 2707766
jcnd=2707766/2707766 +7 * 
* * 
+7 * 2707766
+1 * 2707766

fn=(1912)
0xe358 815 693089
+4 * 693089
+1 * 693089
+3 * 693089
+4 +1 693089
+4 * 693089
+1 * 693089

fn=(2248) std::__detail::_Hash_code_base<unsigned long, std::pair<unsigned long const, Orderbook::OrderEntry>, std::__detail::_Select1st, std::hash<unsigned long>, std::__detail::_Mod_range_hashing, std::__detail::_Default_ranged_hash, false>::_M_bucket_index(std::__detail::_Hash_node_value<std::pair<unsigned long const, Orderbook::OrderEntry>, false> const&, unsigned long) const
0x12fa0 1236 2284497
+4 * 2284497
+1 * 2284497
+3 * 2284497
+4 * 2284497
+4 * 2284497
+4 * 2284497
+4 * 2284497
+9 * 2284497
+4 * 2284497
+2 +6 2284497
+4 * 2284497
+3 * 2284497
cfn=(2250) std::__detail::_Hash_node_value_base<std::pair<unsigned long const, Orderbook::OrderEntry> >::_M_v() const
calls=2284497 0x12f2e 249 
* * 84526389
+5 * 2284497
+3 * 2284497
+4 * 2284497
+3 * 2284497
+3 * 2284497
cfn=(2258)
calls=2284497 0x12f4c 93 
* * 84526389
+5 * 2284497
+3 * 2284497
+4 * 2284497
+3 * 2284497
+3 * 2284497
cfn=(1664)
calls=2284497 0xd3fc -27 
* * 95948874
+5 * 2284497
+3 * 2284497
+4 * 2284497
+4 * 2284497
+3 * 2284497
+3 * 2284497
cfn=(1676)
calls=2284497 0x58fa 428 
* * 27413964
+5 +2 2284497
+4 * 2284497
+9 * 2284497
jcnd=2284497/2284497 +7 * 
* * 
+7 * 2284497
+1 * 2284497

fn=(2308) std::__detail::_Hashtable_base<unsigned long, std::pair<unsigned long const, Orderbook::OrderEntry>, std::__detail::_Select1st, std::equal_to<unsigned long>, std::hash<unsigned long>, std::__detail::_Mod_range_hashing, std::__detail::_Default_ranged_hash, std::__detail::_Hashtable_traits<false, false, true> >::_S_equals(unsigned long, std::__detail::_Hash_node_code_cache<false> const&)
0x12ef8 1586 2134105
+4 * 2134105
+1 * 2134105
+3 * 2134105
+4 * 2134105
+4 +1 2134105
+5 * 2134105
+1 * 2134105

fn=(2306) std::__detail::_Hashtable_base<unsigned long, std::pair<unsigned long const, Orderbook::OrderEntry>, std::__detail::_Select1st, std::equal_to<unsigned long>, std::hash<unsigned long>, std::__detail::_Mod_range_hashing, std::__detail::_Default_ranged_hash, std::__detail::_Hashtable_traits<false, false, true> >::_M_equals(unsigned long const&, unsigned long, std::__detail::_Hash_node_value<std::pair<unsigned long const, Orderbook::OrderEntry>, false> const&) const
0x11e00 1611 2134105
+4 * 2134105
+1 * 2134105
+3 * 2134105
+1 * 2134105
+4 * 2134105
+4 * 2134105
+4 * 2134105
+4 * 2134105
+4 * 2134105
+9 * 2134105
+4 * 2134105
+2 +6 2134105
+4 * 2134105
+4 * 2134105
+3 * 2134105
+3 * 2134105
cfn=(2308)
calls=2134105 0x12ef8 -31 
* * 17072840
+5 * 2134105
+2 * 2134105
+2 * 2134105
+4 * 2134105
+3 * 2134105
cfn=(2310)
calls=2134105 0x12f10 +33 
* * 36279785
+5 * 2134105
+3 * 2134105
+4 * 2134105
+3 * 2134105
cfn=(2250)
calls=2134105 0x12f2e 249 
* * 78961885
+5 * 2134105
+3 * 2134105
+4 * 2134105
+3 * 2134105
+3 * 2134105
cfn=(2258)
calls=2134105 0x12f4c 93 
* * 78961885
+5 * 2134105
+3 * 2134105
+4 * 2134105
+3 * 2134105
+3 * 2134105
cfi=(232) /usr/include/c++/11/bits/stl_function.h
cfn=(2314) std::equal_to<unsigned long>::operator()(unsigned long const&, unsigned long const&) const
calls=2134105 0x12f76 369 
* * 29877470
+5 * 2134105
+2 * 2134105
jcnd=1231930/2134105 +9 * 
* * 
+2 * 902175
+5 * 902175
jump=902175 +7 +1 
* * 
+2 * 1231930
+5 +1 1231930
+4 * 1231930
+9 * 1231930
jcnd=1231930/1231930 +7 * 
* * 
-13 * 902175
+4 * 902175
+9 * 902175
jcnd=902175/902175 +7 * 
* * 
+7 * 2134105
+4 * 2134105
+1 * 2134105

fn=(1384)
0x9cb6 1127 1
+4 * 1
+1 * 1
+3 * 1
+4 * 1
+1 * 1
+1 * 1

fn=(1394)
0x58e0 219 693090
+4 * 693090
+1 * 693090
+3 * 693090
+4 * 693090
+4 * 693090
+7 * 693090
+1 * 693090
+1 * 693090

fn=(1676)
0x58fa 428 4992263
+4 * 4992263
+1 * 4992263
+3 * 4992263
+4 * 4992263
+4 * 4992263
+4 +2 4992263
+4 * 4992263
+5 * 4992263
+4 * 4992263
+3 * 4992263
+1 * 4992263

fn=(2250)
0x12f2e 249 4418602
+4 * 4418602
+1 * 4418602
+3 * 4418602
+4 * 4418602
+4 +1 4418602
+4 * 4418602
+3 * 4418602
cfn=(2252)
calls=4418602 0x13994 -9 
* * 119302254
+5 * 4418602
+1 * 4418602

fn=(2326)
0x1294e 1900 693089
+4 * 693089
+1 * 693089
+3 * 693089
+4 * 693089
+4 * 693089
+4 +3 693089
+4 * 693089
+3 * 693089
cfi=(209)
cfn=(2328) std::pointer_traits<std::__detail::_Hash_node<std::pair<unsigned long const, Orderbook::OrderEntry>, false>*>::pointer_to(std::__detail::_Hash_node<std::pair<unsigned long const, Orderbook::OrderEntry>, false>&)
calls=693089 -58 149 
* * 18713403
+5 * 693089
+4 +2 693089
+4 * 693089
+3 * 693089
cfn=(1922)
calls=693089 0x128ee -72 
* * 11782513
+5 * 693089
+3 * 693089
+4 * 693089
+5 * 693089
+3 * 693089
+3 * 693089
cfi=(225)
cfn=(2334) std::allocator_traits<std::allocator<std::__detail::_Hash_node<std::pair<unsigned long const, Orderbook::OrderEntry>, false> > >::deallocate(std::allocator<std::__detail::_Hash_node<std::pair<unsigned long const, Orderbook::OrderEntry>, false> >&, std::__detail::_Hash_node<std::pair<unsigned long const, Orderbook::OrderEntry>, false>*, unsigned long)
calls=693089 0x132ee 495 
* * 106395789
+5 +1 693089
+1 * 693089
+1 * 693089

fl=(230)
fn=(2112) std::__cxx11::list<std::shared_ptr<Order>, std::allocator<std::shared_ptr<Order> > >::begin()
0xa92e 946 3070105
+4 * 3070105
+1 * 3070105
+3 * 3070105
+4 * 3070105
+4 * 3070105
+9 * 3070105
+4 * 3070105
+2 +1 3070105
+4 * 3070105
+3 * 3070105
+4 * 3070105
+3 * 3070105
+3 * 3070105
cfn=(1832)
calls=3070105 0xb0d8 201 
* * 33771155
+5 * 3070105
+4 * 3070105
+4 * 3070105
+9 * 3070105
jcnd=3070105/3070105 +7 * 
* * 
+7 * 3070105
+1 * 3070105

fn=(2442)
0xb3f2 291 101045
+4 * 101045
+1 * 101045
+3 * 101045
+4 * 101045
+4 * 101045
+9 * 101045
+4 * 101045
+2 +1 101045
+4 * 101045
+3 * 101045
+4 * 101045
+3 * 101045
+3 * 101045
cfn=(1832)
calls=101045 0xb0d8 -91 
* * 1111495
+5 * 101045
+4 * 101045
+4 * 101045
+9 * 101045
jcnd=101045/101045 +7 * 
* * 
+7 * 101045
+1 * 101045

fn=(2376) std::__cxx11::list<std::shared_ptr<Order>, std::allocator<std::shared_ptr<Order> > >::~list()
0x130a6 828 649501
+4 * 649501
+1 * 649501
+3 * 649501
+4 * 649501
+4 * 649501
+4 * 649501
+3 * 649501
cfn=(2378) std::__cxx11::_List_base<std::shared_ptr<Order>, std::allocator<std::shared_ptr<Order> > >::~_List_base()
calls=649501 0x13acc 499 
* * 56073667
+5 * 649501
+1 * 649501
+1 * 649501

fn=(1784) std::__cxx11::_List_base<std::shared_ptr<Order>, std::allocator<std::shared_ptr<Order> > >::_List_impl::_List_impl()
0x13a90 380 649501
+4 * 649501
+1 * 649501
+3 * 649501
+4 * 649501
+4 +2 649501
+4 * 649501
+3 * 649501
cfi=(202)
cfn=(1786) std::allocator<std::_List_node<std::shared_ptr<Order> > >::allocator()
calls=649501 0x13dce 156 
* * 11691018
+5 * 649501
+4 * 649501
+3 * 649501
cfn=(1790) std::__detail::_List_node_header::_List_node_header()
calls=649501 0x5874 110 
* * 17536527
+5 +1 649501
+1 * 649501
+1 * 649501

fn=(1792) std::__detail::_List_node_header::_M_init()
0x5894 150 649501
+4 * 649501
+1 * 649501
+3 * 649501
+4 +2 649501
+4 * 649501
+4 * 649501
+4 * 649501
+4 * 649501
+4 * 649501
+4 * 649501
+3 +2 649501
+4 * 649501
+8 +2 649501
+1 * 649501
+1 * 649501

fn=(1828) std::__cxx11::list<std::shared_ptr<Order>, std::allocator<std::shared_ptr<Order> > >::push_back(std::shared_ptr<Order> const&)
0x8e4e 1212 693089
+4 * 693089
+1 * 693089
+3 * 693089
+4 * 693089
+4 * 693089
+4 +1 693089
+4 * 693089
+3 * 693089
cfn=(1830) std::__cxx11::list<std::shared_ptr<Order>, std::allocator<std::shared_ptr<Order> > >::end()
calls=693089 +31 964 
* * 20792670
+5 * 693089
+3 * 693089
+4 * 693089
+4 * 693089
+3 * 693089
+3 * 693089
cfn=(1834) void std::__cxx11::list<std::shared_ptr<Order>, std::allocator<std::shared_ptr<Order> > >::_M_insert<std::shared_ptr<Order> const&>(std::_List_iterator<std::shared_ptr<Order> >, std::shared_ptr<Order> const&)
calls=693089 0xb076 1910 
* * 343101670
+5 * 693089
+1 * 693089
+1 * 693089

fn=(1884) std::__cxx11::_List_base<std::shared_ptr<Order>, std::allocator<std::shared_ptr<Order> > >::_M_inc_size(unsigned long)
0xdc7e 409 693089
+4 * 693089
+1 * 693089
+3 * 693089
+4 * 693089
+4 * 693089
+4 * 693089
+4 * 693089
+4 * 693089
+3 * 693089
+4 * 693089
+4 * 693089
+1 * 693089
+1 * 693089

fn=(1780) std::__cxx11::list<std::shared_ptr<Order>, std::allocator<std::shared_ptr<Order> > >::list()
0x13086 674 649501
+4 * 649501
+1 * 649501
+3 * 649501
+4 * 649501
+4 * 649501
+4 * 649501
+3 * 649501
cfn=(1782) std::__cxx11::_List_base<std::shared_ptr<Order>, std::allocator<std::shared_ptr<Order> > >::_List_base()
calls=649501 -55 461 
* * 45465070
+5 * 649501
+1 * 649501
+1 * 649501

fn=(2278) std::__cxx11::list<std::shared_ptr<Order>, std::allocator<std::shared_ptr<Order> > >::pop_front()
0x8bac 1198 561718
+4 * 561718
+1 * 561718
+3 * 561718
+4 * 561718
+4 +1 561718
+4 * 561718
+3 * 561718
cfn=(2112)
calls=561718 0xa92e 946 
* * 17413258
+5 * 561718
+3 * 561718
+4 * 561718
+3 * 561718
+3 * 561718
cfn=(2280)
calls=561718 0xaa2c 1920 
* * 198842219
+5 * 561718
+1 * 561718
+1 * 561718

fn=(2280)
0xaa2c 1920 662763
+4 * 662763
+1 * 662763
+3 * 662763
+1 * 662763
+4 * 662763
+4 * 662763
+4 +2 662763
+4 * 662763
+5 * 662763
+3 * 662763
cfn=(2282) std::__cxx11::_List_base<std::shared_ptr<Order>, std::allocator<std::shared_ptr<Order> > >::_M_dec_size(unsigned long)
calls=662763 0xc9e8 411 
* * 9278682
+5 +1 662763
+4 * 662763
+3 * 662763
cob=(2)
cfi=(51)
cfn=(2284) 0x000000000010c6c0
calls=662763 0x10c6c0 0 
* * 5302104
+5 +1 662763
+4 * 662763
+4 +2 662763
+4 * 662763
+3 * 662763
cfn=(1856)
calls=662763 0xc9b0 171 
* * 18557364
+5 * 662763
+3 * 662763
+4 * 662763
+3 * 662763
cfn=(1850)
calls=662763 0xca12 453 
* * 4639341
+5 * 662763
+3 * 662763
+3 * 662763
cfi=(225)
cfn=(2288)
calls=662763 0xca24 531 
* * 90272406
+5 +5 662763
+4 * 662763
+4 * 662763
+3 * 662763
+3 * 662763
cfn=(2292)
calls=662763 0xca48 446 
* * 108803052
+5 +1 662763
+1 * 662763
+4 * 662763
+1 * 662763

fn=(2378)
0x13acc 499 649501
+4 * 649501
+1 * 649501
+3 * 649501
+4 * 649501
+4 +1 649501
+4 * 649501
+3 * 649501
cfi=(241)
cfn=(2380)
calls=649501 0x13dee 66 
* * 35289635
+5 * 649501
+4 * 649501
+3 * 649501
cfn=(2382) std::__cxx11::_List_base<std::shared_ptr<Order>, std::allocator<std::shared_ptr<Order> > >::_List_impl::~_List_impl()
calls=649501 0x13046 375 
* * 11691018
+5 * 649501
+1 * 649501
+1 * 649501

fn=(1830)
0x8e88 964 1386178
+4 * 1386178
+1 * 1386178
+3 * 1386178
+4 * 1386178
+4 * 1386178
+9 * 1386178
+4 * 1386178
+2 +1 1386178
+4 * 1386178
+4 * 1386178
+3 * 1386178
+3 * 1386178
cfn=(1832)
calls=1386178 0xb0d8 201 
* * 15247958
+5 * 1386178
+4 * 1386178
+4 * 1386178
+9 * 1386178
jcnd=1386178/1386178 +7 * 
* * 
+7 * 1386178
+1 * 1386178

fn=(1832)
0xb0d8 201 4658373
+4 * 4658373
+1 * 4658373
+3 * 4658373
+4 * 4658373
+4 +1 4658373
+4 * 4658373
+4 * 4658373
+3 * 4658373
+1 * 4658373
+1 * 4658373

fn=(1834)
0xb076 1910 693089
+4 * 693089
+1 * 693089
+3 * 693089
+4 * 693089
+4 * 693089
+4 * 693089
+4 +2 693089
+4 * 693089
+3 * 693089
cfi=(210)
cfn=(1836) std::shared_ptr<Order> const& std::forward<std::shared_ptr<Order> const&>(std::remove_reference<std::shared_ptr<Order> const&>::type&)
calls=693089 0xdba1 77 
* * 4851623
+5 * 693089
+3 * 693089
+4 * 693089
+3 * 693089
+3 * 693089
cfn=(1838) std::_List_node<std::shared_ptr<Order> >* std::__cxx11::list<std::shared_ptr<Order>, std::allocator<std::shared_ptr<Order> > >::_M_create_node<std::shared_ptr<Order> const&>(std::shared_ptr<Order> const&)
calls=693089 0xdbb4 633 
* * 301516330
+5 * 693089
+4 +1 693089
+4 * 693089
+4 * 693089
+3 * 693089
+3 * 693089
cob=(2)
cfi=(51)
cfn=(1880) 0x000000000010c3d0
calls=693089 0x10c3d0 0 
* * 7623979
+5 +1 693089
+4 * 693089
+5 * 693089
+3 * 693089
cfn=(1884)
calls=693089 0xdc7e 409 
* * 9703246
+5 +1 693089
+1 * 693089
+1 * 693089

fn=(1886) std::_List_iterator<std::shared_ptr<Order> >::operator--(int)
0x8ed4 240 693089
+4 * 693089
+1 * 693089
+3 * 693089
+4 * 693089
+4 * 693089
+3 * 693089
+9 * 693089
+4 * 693089
+2 +2 693089
+4 * 693089
+3 * 693089
+4 +1 693089
+4 * 693089
+3 * 693089
+4 * 693089
+4 * 693089
+3 +1 693089
+4 +1 693089
+4 * 693089
+9 * 693089
jcnd=693089/693089 +7 * 
* * 
+7 * 693089
+1 * 693089

fn=(2114) std::_List_iterator<std::shared_ptr<Order> >::operator*() const
0xa97e 210 2508387
+4 * 2508387
+1 * 2508387
+3 * 2508387
+4 * 2508387
+4 +1 2508387
+4 * 2508387
+3 * 2508387
+3 * 2508387
cfn=(1856)
calls=2508387 0xc9b0 -40 
* * 70234836
+5 * 2508387
+1 * 2508387

fn=(1782)
0x13066 461 649501
+4 * 649501
+1 * 649501
+3 * 649501
+4 * 649501
+4 * 649501
+4 * 649501
+3 * 649501
cfn=(1784)
calls=649501 0x13a90 -81 
* * 38320559
+5 * 649501
+1 * 649501
+1 * 649501

fn=(1790)
0x5874 110 649501
+4 * 649501
+1 * 649501
+3 * 649501
+4 * 649501
+4 +1 649501
+4 * 649501
+3 * 649501
cfn=(1792)
calls=649501 +9 +39 
* * 10392016
+5 * 649501
+1 * 649501
+1 * 649501

fn=(1856)
0xc9b0 171 3894565
+4 * 3894565
+1 * 3894565
+3 * 3894565
+4 * 3894565
+4 * 3894565
+4 * 3894565
+4 * 3894565
+3 * 3894565
cfi=(227)
cfn=(1858) __gnu_cxx::__aligned_membuf<std::shared_ptr<Order> >::_M_ptr()
calls=3894565 0xf8d2 -99 
* * 66207605
+5 * 3894565
+1 * 3894565

fn=(1840) std::__cxx11::_List_base<std::shared_ptr<Order>, std::allocator<std::shared_ptr<Order> > >::_M_get_node()
0x108b4 442 693089
+4 * 693089
+1 * 693089
+3 * 693089
+4 * 693089
+4 +1 693089
+4 * 693089
+5 * 693089
+3 * 693089
cfi=(225)
cfn=(1842) std::allocator_traits<std::allocator<std::_List_node<std::shared_ptr<Order> > > >::allocate(std::allocator<std::_List_node<std::shared_ptr<Order> > >&, unsigned long)
calls=693089 0x1228b +20 
* * 92896541
+5 * 693089
+1 * 693089

fn=(2292)
0xca48 446 693089
+4 * 693089
+1 * 693089
+3 * 693089
+4 * 693089
+4 * 693089
+4 +1 693089
+4 * 693089
+4 * 693089
+5 * 693089
+3 * 693089
+3 * 693089
cfi=(225)
cfn=(2294) std::allocator_traits<std::allocator<std::_List_node<std::shared_ptr<Order> > > >::deallocate(std::allocator<std::_List_node<std::shared_ptr<Order> > >&, std::_List_node<std::shared_ptr<Order> >*, unsigned long)
calls=693089 0xf90f +48 
* * 103956373
+5 * 693089
+1 * 693089
+1 * 693089

fn=(1686) std::_List_iterator<std::shared_ptr<Order> >::_List_iterator()
0x8d08 197 693089
+4 * 693089
+1 * 693089
+3 * 693089
+4 +1 693089
+4 * 693089
+7 * 693089
+1 * 693089
+1 * 693089

fn=(2110) std::__cxx11::list<std::shared_ptr<Order>, std::allocator<std::shared_ptr<Order> > >::front()
0x8ad0 1115 2508387
+4 * 2508387
+1 * 2508387
+3 * 2508387
+4 * 2508387
+4 * 2508387
+9 * 2508387
+4 * 2508387
+2 +1 2508387
+4 * 2508387
+3 * 2508387
cfn=(2112)
calls=2508387 0xa92e 946 
* * 77759997
+5 * 2508387
+4 * 2508387
+4 * 2508387
+3 * 2508387
cfn=(2114)
calls=2508387 0xa97e 210 
* * 97827093
+5 * 2508387
+4 * 2508387
+9 * 2508387
jcnd=2508387/2508387 +7 * 
* * 
+7 * 2508387
+1 * 2508387

fn=(2268) std::__cxx11::list<std::shared_ptr<Order>, std::allocator<std::shared_ptr<Order> > >::empty() const
0x8ab0 1056 3176652
+4 * 3176652
+1 * 3176652
+3 * 3176652
+4 +1 3176652
+4 * 3176652
+3 * 3176652
+4 * 3176652
+3 * 3176652
+3 * 3176652
+1 * 3176652

fn=(2382)
0x13046 375 649501
+4 * 649501
+1 * 649501
+3 * 649501
+4 * 649501
+4 * 649501
+4 * 649501
+3 * 649501
cfi=(202)
cfn=(2384) std::allocator<std::_List_node<std::shared_ptr<Order> > >::~allocator()
calls=649501 0x13abc 174 
* * 4546507
+5 * 649501
+1 * 649501
+1 * 649501

fn=(2438) std::_List_const_iterator<std::shared_ptr<Order> >::_List_const_iterator(std::_List_iterator<std::shared_ptr<Order> > const&)
0x9222 287 101045
+4 * 101045
+1 * 101045
+3 * 101045
+4 * 101045
+4 +1 101045
+4 * 101045
+3 * 101045
+4 * 101045
+3 * 101045
+1 * 101045
+1 * 101045

fn=(1838)
0xdbb4 633 693089
+4 * 693089
+1 * 693089
+3 * 693089
+1 * 693089
+4 * 693089
+4 * 693089
+4 * 693089
+9 * 693089
+4 * 693089
+2 +2 693089
+4 * 693089
+3 * 693089
cfn=(1840)
calls=693089 0x108b4 442 
* * 100520520
+5 * 693089
+4 +1 693089
+4 * 693089
+3 * 693089
cfn=(1850)
calls=693089 0xca12 453 
* * 4851623
+5 * 693089
+4 +1 693089
+4 * 693089
+4 * 693089
+4 * 693089
+3 * 693089
+3 * 693089
cfi=(224) /usr/include/c++/11/bits/allocated_ptr.h
cfn=(1852) std::__allocated_ptr<std::allocator<std::_List_node<std::shared_ptr<Order> > > >::__allocated_ptr(std::allocator<std::_List_node<std::shared_ptr<Order> > >&, std::_List_node<std::shared_ptr<Order> >*)
calls=693089 0x108d8 53 
* * 17327225
+5 +1 693089
+4 * 693089
+3 * 693089
cfi=(210)
cfn=(1836)
calls=693089 0xdba1 77 
* * 4851623
+5 * 693089
+3 * 693089
+4 * 693089
+3 * 693089
cfn=(1856)
calls=693089 0xc9b0 171 
* * 19406492
+5 * 693089
+3 * 693089
+4 * 693089
+3 * 693089
+3 * 693089
+3 * 693089
cfi=(225)
cfn=(1862) void std::allocator_traits<std::allocator<std::_List_node<std::shared_ptr<Order> > > >::construct<std::shared_ptr<Order>, std::shared_ptr<Order> const&>(std::allocator<std::_List_node<std::shared_ptr<Order> > >&, std::shared_ptr<Order>*, std::shared_ptr<Order> const&)
calls=693089 0x109a2 511 
* * 103270261
+5 +2 693089
+4 * 693089
+5 * 693089
+3 * 693089
cfi=(224)
cfn=(1876) std::__allocated_ptr<std::allocator<std::_List_node<std::shared_ptr<Order> > > >::operator=(decltype(nullptr))
calls=693089 0x109dc 79 
* * 6930890
+5 +1 693089
+4 +1 693089
+4 * 693089
+3 * 693089
cfi=(224)
cfn=(1878) std::__allocated_ptr<std::allocator<std::_List_node<std::shared_ptr<Order> > > >::~__allocated_ptr()
calls=693089 0x10912 71 
* * 8317068
+5 -1 693089
+3 +1 693089
+4 * 693089
+9 * 693089
jcnd=693089/693089 +7 * 
* * 
+7 * 693089
+4 * 693089
+1 * 693089

fn=(1850)
0xca12 453 1386178
+4 * 1386178
+1 * 1386178
+3 * 1386178
+4 +1 1386178
+4 * 1386178
+1 * 1386178

fn=(2282)
0xc9e8 411 662763
+4 * 662763
+1 * 662763
+3 * 662763
+4 * 662763
+4 * 662763
+4 * 662763
+4 * 662763
+4 * 662763
+3 * 662763
+4 * 662763
+4 * 662763
+1 * 662763
+1 * 662763

fl=(203) /usr/include/c++/11/ext/new_allocator.h
fn=(1748) __gnu_cxx::new_allocator<std::_Rb_tree_node<std::pair<int const, std::__cxx11::list<std::shared_ptr<Order>, std::allocator<std::shared_ptr<Order> > > > > >::_M_max_size() const
0x139e2 197 649501
+4 * 649501
+1 * 649501
+3 * 649501
+4 +3 649501
+10 +4 649501
+1 * 649501

fn=(2298) __gnu_cxx::new_allocator<std::_List_node<std::shared_ptr<Order> > >::deallocate(std::_List_node<std::shared_ptr<Order> >*, unsigned long)
0x12ec4 132 693089
+4 * 693089
+1 * 693089
+3 * 693089
+4 * 693089
+4 * 693089
+4 * 693089
+4 +13 693089
+4 * 693089
+4 * 693089
+3 * 693089
+4 * 693089
+3 * 693089
+3 * 693089
cob=(2)
cfi=(51)
cfn=(2132) 0x000000000010c590
calls=693089 0x10c590 0 
* * 70688101
+5 +5 693089
+1 * 693089

fn=(1788) __gnu_cxx::new_allocator<std::_List_node<std::shared_ptr<Order> > >::new_allocator()
0x14208 79 649501
+4 * 649501
+1 * 649501
+3 * 649501
+4 * 649501
+1 * 649501
+1 * 649501

fn=(1846) __gnu_cxx::new_allocator<std::_List_node<std::shared_ptr<Order> > >::allocate(unsigned long, void const*)
0x13b44 103 693089
+4 * 693089
+1 * 693089
+3 * 693089
+4 * 693089
+4 * 693089
+4 * 693089
+4 +8 693089
+4 * 693089
+3 * 693089
cfn=(1848) __gnu_cxx::new_allocator<std::_List_node<std::shared_ptr<Order> > >::_M_max_size() const
calls=693089 -55 +86 
* * 4851623
+5 * 693089
+4 * 693089
+3 * 693089
+3 * 693089
+3 * 693089
+3 * 693089
+2 * 693089
jcnd=693089/693089 +28 +16 
* * 
+28 +16 693089
+4 * 693089
+4 * 693089
+3 * 693089
cob=(2)
cfi=(51)
cfn=(1598) 0x000000000010c580
calls=693089 0x10c580 0 
* * 52004290
+5 * 693089
+1 +1 693089
+1 * 693089

fn=(1992) __gnu_cxx::new_allocator<std::__detail::_Hash_node_base*>::_M_max_size() const
0x1423e 197 12
+4 * 12
+1 * 12
+3 * 12
+4 +3 12
+10 +4 12
+1 * 12

fn=(2186) __gnu_cxx::new_allocator<std::_Sp_counted_ptr_inplace<Order, std::allocator<Order>, (__gnu_cxx::_Lock_policy)2> >::deallocate(std::_Sp_counted_ptr_inplace<Order, std::allocator<Order>, (__gnu_cxx::_Lock_policy)2>*, unsigned long)
0x1419a 132 1018661
+4 * 1018661
+1 * 1018661
+3 * 1018661
+4 * 1018661
+4 * 1018661
+4 * 1018661
+4 +13 1018661
+4 * 1018661
+3 * 1018661
+3 * 1018661
+3 * 1018661
+4 * 1018661
+3 * 1018661
+4 * 1018661
+3 * 1018661
+3 * 1018661
cob=(2)
cfi=(51)
cfn=(2132)
calls=1018661 0x10c590 0 
* * 101984019
+5 +5 1018661
+1 * 1018661

fn=(1586) __gnu_cxx::new_allocator<std::_Sp_counted_ptr_inplace<Order, std::allocator<Order>, (__gnu_cxx::_Lock_policy)2> >::new_allocator()
0x12b94 79 2037322
+4 * 2037322
+1 * 2037322
+3 * 2037322
+4 * 2037322
+1 * 2037322
+1 * 2037322

fn=(2076) __gnu_cxx::new_allocator<Trade>::_M_max_size() const
0x11cea 197 693089
+4 * 693089
+1 * 693089
+3 * 693089
+4 +3 693089
+10 +4 693089
+1 * 693089

fn=(2530) __gnu_cxx::new_allocator<std::__detail::_Hash_node_base*>::deallocate(std::__detail::_Hash_node_base**, unsigned long)
0x13ca8 132 12
+4 * 12
+1 * 12
+3 * 12
+4 * 12
+4 * 12
+4 * 12
+4 +13 12
+4 * 12
+8 * 12
+4 * 12
+3 * 12
+3 * 12
cob=(2)
cfi=(51)
cfn=(2132)
calls=12 0x10c590 0 
* * 1821359
+5 +5 12
+1 * 12

fn=(1358) __gnu_cxx::new_allocator<std::_Rb_tree_node<std::pair<int const, std::__cxx11::list<std::shared_ptr<Order>, std::allocator<std::shared_ptr<Order> > > > > >::new_allocator()
0xee3a 79 2
+4 * 2
+1 * 2
+3 * 2
+4 * 2
+1 * 2
+1 * 2

fn=(1392) __gnu_cxx::new_allocator<std::__detail::_Hash_node<std::pair<unsigned long const, Orderbook::OrderEntry>, false> >::new_allocator()
0xeece 79 1
+4 * 1
+1 * 1
+3 * 1
+4 * 1
+1 * 1
+1 * 1

fn=(1930) __gnu_cxx::new_allocator<std::__detail::_Hash_node<std::pair<unsigned long const, Orderbook::OrderEntry>, false> >::allocate(unsigned long, void const*)
0x13e86 103 693089
+4 * 693089
+1 * 693089
+3 * 693089
+4 * 693089
+4 * 693089
+4 * 693089
+4 +8 693089
+4 * 693089
+3 * 693089
cfn=(1932) __gnu_cxx::new_allocator<std::__detail::_Hash_node<std::pair<unsigned long const, Orderbook::OrderEntry>, false> >::_M_max_size() const
calls=693089 -55 +86 
* * 4851623
+5 * 693089
+4 * 693089
+3 * 693089
+3 * 693089
+3 * 693089
+3 * 693089
+2 * 693089
jcnd=693089/693089 +28 +16 
* * 
+28 +16 693089
+4 * 693089
+3 * 693089
+4 * 693089
+3 * 693089
+4 * 693089
+3 * 693089
cob=(2)
cfi=(51)
cfn=(1598)
calls=693089 0x10c580 0 
* * 59652092
+5 * 693089
+1 +1 693089
+1 * 693089

fn=(2074) __gnu_cxx::new_allocator<Trade>::allocate(unsigned long, void const*)
0x11d02 103 693089
+4 * 693089
+1 * 693089
+3 * 693089
+4 * 693089
+4 * 693089
+4 * 693089
+4 +8 693089
+4 * 693089
+3 * 693089
cfn=(2076)
calls=693089 -55 +86 
* * 4851623
+5 * 693089
+4 * 693089
+3 * 693089
+3 * 693089
+3 * 693089
+3 * 693089
+2 * 693089
jcnd=693089/693089 +28 +16 
* * 
+28 +16 693089
+4 * 693089
+4 * 693089
+3 * 693089
cob=(2)
cfi=(51)
cfn=(1598)
calls=693089 0x10c580 0 
* * 163818663
+5 * 693089
+1 +1 693089
+1 * 693089

fn=(1612) __gnu_cxx::new_allocator<Order>::new_allocator(__gnu_cxx::new_allocator<Order> const&)
0x137a0 82 3055983
+4 * 3055983
+1 * 3055983
+3 * 3055983
+4 * 3055983
+4 * 3055983
+1 * 3055983
+1 * 3055983

fn=(1746) __gnu_cxx::new_allocator<std::_Rb_tree_node<std::pair<int const, std::__cxx11::list<std::shared_ptr<Order>, std::allocator<std::shared_ptr<Order> > > > > >::allocate(unsigned long, void const*)
0x139fa 103 649501
+4 * 649501
+1 * 649501
+3 * 649501
+4 * 649501
+4 * 649501
+4 * 649501
+4 +8 649501
+4 * 649501
+3 * 649501
cfn=(1748)
calls=649501 -55 +86 
* * 4546507
+5 * 649501
+4 * 649501
+3 * 649501
+3 * 649501
+3 * 649501
+3 * 649501
+2 * 649501
jcnd=649501/649501 +28 +16 
* * 
+28 +16 649501
+4 * 649501
+4 * 649501
+3 * 649501
cob=(2)
cfi=(51)
cfn=(1598)
calls=649501 0x10c580 0 
* * 41619100
+5 * 649501
+1 +1 649501
+1 * 649501

fn=(1932)
0x13e6e 197 693089
+4 * 693089
+1 * 693089
+3 * 693089
+4 +3 693089
+10 +4 693089
+1 * 693089

fn=(1984) __gnu_cxx::new_allocator<std::__detail::_Hash_node_base*>::new_allocator()
0x13618 79 24
+4 * 24
+1 * 24
+3 * 24
+4 * 24
+1 * 24
+1 * 24

fn=(2338) __gnu_cxx::new_allocator<std::__detail::_Hash_node<std::pair<unsigned long const, Orderbook::OrderEntry>, false> >::deallocate(std::__detail::_Hash_node<std::pair<unsigned long const, Orderbook::OrderEntry>, false>*, unsigned long)
0x13ef6 132 693089
+4 * 693089
+1 * 693089
+3 * 693089
+4 * 693089
+4 * 693089
+4 * 693089
+4 +13 693089
+4 * 693089
+3 * 693089
+4 * 693089
+3 * 693089
+4 * 693089
+3 * 693089
+4 * 693089
+3 * 693089
+3 * 693089
cob=(2)
cfi=(51)
cfn=(2132)
calls=693089 0x10c590 0 
* * 71048250
+5 +5 693089
+1 * 693089

fn=(2392) __gnu_cxx::new_allocator<std::_Rb_tree_node<std::pair<int const, std::__cxx11::list<std::shared_ptr<Order>, std::allocator<std::shared_ptr<Order> > > > > >::deallocate(std::_Rb_tree_node<std::pair<int const, std::__cxx11::list<std::shared_ptr<Order>, std::allocator<std::shared_ptr<Order> > > > >*, unsigned long)
0x13af8 132 649501
+4 * 649501
+1 * 649501
+3 * 649501
+4 * 649501
+4 * 649501
+4 * 649501
+4 +13 649501
+4 * 649501
+4 * 649501
+3 * 649501
+4 * 649501
+3 * 649501
+3 * 649501
cob=(2)
cfi=(51)
cfn=(2132)
calls=649501 0x10c590 0 
* * 65031361
+5 +5 649501
+1 * 649501

fn=(2130) __gnu_cxx::new_allocator<Trade>::deallocate(Trade*, unsigned long)
0x11c84 132 693089
+4 * 693089
+1 * 693089
+3 * 693089
+4 * 693089
+4 * 693089
+4 * 693089
+4 +13 693089
+4 * 693089
+4 * 693089
+3 * 693089
+4 * 693089
+3 * 693089
+3 * 693089
cob=(2)
cfi=(51)
cfn=(2132)
calls=693089 0x10c590 0 
* * 111596005
+5 +5 693089
+1 * 693089

fn=(1594) __gnu_cxx::new_allocator<std::_Sp_counted_ptr_inplace<Order, std::allocator<Order>, (__gnu_cxx::_Lock_policy)2> >::allocate(unsigned long, void const*)
0x1412c 103 1018661
+4 * 1018661
+1 * 1018661
+3 * 1018661
+4 * 1018661
+4 * 1018661
+4 * 1018661
+4 +8 1018661
+4 * 1018661
+3 * 1018661
cfn=(1596) __gnu_cxx::new_allocator<std::_Sp_counted_ptr_inplace<Order, std::allocator<Order>, (__gnu_cxx::_Lock_policy)2> >::_M_max_size() const
calls=1018661 -55 +86 
* * 7130627
+5 * 1018661
+4 * 1018661
+3 * 1018661
+3 * 1018661
+3 * 1018661
+3 * 1018661
+2 * 1018661
jcnd=1018661/1018661 +28 +16 
* * 
+28 +16 1018661
+4 * 1018661
+3 * 1018661
+3 * 1018661
+3 * 1018661
+4 * 1018661
+3 * 1018661
cob=(2)
cfi=(51)
cfn=(1598)
calls=1018661 0x10c580 0 
* * 68432310
+5 * 1018661
+1 +1 1018661
+1 * 1018661

fn=(1990) __gnu_cxx::new_allocator<std::__detail::_Hash_node_base*>::allocate(unsigned long, void const*)
0x14256 103 12
+4 * 12
+1 * 12
+3 * 12
+4 * 12
+4 * 12
+4 * 12
+4 +8 12
+4 * 12
+3 * 12
cfn=(1992)
calls=12 -55 +86 
* * 84
+5 * 12
+4 * 12
+3 * 12
+3 * 12
+3 * 12
+3 * 12
+2 * 12
jcnd=12/12 +28 +16 
* * 
+28 +16 12
+4 * 12
+4 * 12
+3 * 12
cob=(2)
cfi=(51)
cfn=(1598)
calls=12 0x10c580 0 
* * 2310
+5 * 12
+1 +1 12
+1 * 12

fn=(1574) __gnu_cxx::new_allocator<Order>::new_allocator()
0xc66e 79 1018661
+4 * 1018661
+1 * 1018661
+3 * 1018661
+4 * 1018661
+1 * 1018661
+1 * 1018661

fn=(1596)
0x14114 197 1018661
+4 * 1018661
+1 * 1018661
+3 * 1018661
+4 +3 1018661
+10 +4 1018661
+1 * 1018661

fn=(1848)
0x13b2c 197 693089
+4 * 693089
+1 * 693089
+3 * 693089
+4 +3 693089
+10 +4 693089
+1 * 693089

fn=(2044) __gnu_cxx::new_allocator<Trade>::new_allocator()
0xc798 79 1050061
+4 * 1050061
+1 * 1050061
+3 * 1050061
+4 * 1050061
+1 * 1050061
+1 * 1050061

fl=(240) /usr/include/c++/11/bits/stl_uninitialized.h
fn=(2088) Trade* std::__relocate_a_1<Trade*, Trade*, std::allocator<Trade> >(Trade*, Trade*, Trade*, std::allocator<Trade>&)
0x11d79 1018 693089
+4 * 693089
+1 * 693089
+3 * 693089
+1 * 693089
+4 * 693089
+4 * 693089
+4 * 693089
+4 * 693089
+4 +12 693089
+4 * 693089
+4 +1 693089
jump=693089 +60 * 
* * 
+60 * 693089
+4 * 693089
+4 * 693089
+2 +3 693089
+4 +1 693089
+4 * 693089
+1 * 693089

fn=(2084) Trade* std::__relocate_a<Trade*, Trade*, std::allocator<Trade> >(Trade*, Trade*, Trade*, std::allocator<Trade>&)
0xf858 1040 693089
+4 * 693089
+1 * 693089
+3 * 693089
+2 * 693089
+1 * 693089
+4 * 693089
+4 * 693089
+4 * 693089
+4 * 693089
+4 +6 693089
+4 * 693089
+3 * 693089
cfi=(239)
cfn=(2086)
calls=693089 0x11d67 313 
* * 4851623
+5 * 693089
+3 * 693089
+4 * 693089
+3 * 693089
cfi=(239)
cfn=(2086)
calls=693089 0x11d67 313 
* * 4851623
+5 * 693089
+3 * 693089
+4 * 693089
+3 * 693089
cfi=(239)
cfn=(2086)
calls=693089 0x11d67 313 
* * 4851623
+5 * 693089
+3 * 693089
+4 * 693089
+3 * 693089
+3 * 693089
+3 * 693089
cfn=(2088)
calls=693089 0x11d79 -28 
* * 13168691
+5 +3 693089
+4 * 693089
+1 * 693089
+2 * 693089
+1 * 693089

fl=(242) /home/thanish/Desktop/Orderbook/Trade.hpp
fn=(2394) Trade::Trade(TradeInfo const&, TradeInfo const&)
0x64ce 8 561120
+4 * 561120
+1 * 561120
+3 * 561120
+4 * 561120
+4 * 561120
+4 +1 561120
+4 * 561120
+4 * 561120
+4 * 561120
+3 * 561120
+3 * 561120
+4 +1 561120
+4 * 561120
+4 * 561120
+4 * 561120
+3 * 561120
+4 * 561120
+4 +1 561120
+1 * 561120
+1 * 561120

fl=(231) /usr/include/c++/11/tuple
fn=(1762) std::tuple<int&&>::tuple(std::tuple<int&&>&&)
0x1204c 756 649501
+4 * 649501
+1 * 649501
+3 * 649501
+4 * 649501
+4 * 649501
+4 * 649501
+4 * 649501
+4 * 649501
+3 * 649501
+3 * 649501
cfn=(1764) std::_Tuple_impl<0ul, int&&>::_Tuple_impl(std::_Tuple_impl<0ul, int&&>&&)
calls=649501 0x13024 454 
* * 7794012
+5 * 649501
+1 * 649501
+1 * 649501

fn=(1772) int& std::__get_helper<0ul, int&&>(std::_Tuple_impl<0ul, int&&>&)
0x13db0 1377 649501
+4 * 649501
+1 * 649501
+3 * 649501
+4 * 649501
+4 +1 649501
+4 * 649501
+3 * 649501
cfn=(1774) std::_Tuple_impl<0ul, int&&>::_M_head(std::_Tuple_impl<0ul, int&&>&)
calls=649501 0x141ea 424 
* * 11691018
+5 * 649501
+1 * 649501

fn=(1720) std::tuple<int&&>::tuple<int, true, true>(int&&)
0xd590 742 649501
+4 * 649501
+1 * 649501
+3 * 649501
+1 * 649501
+4 * 649501
+4 * 649501
+4 +2 649501
+4 * 649501
+4 * 649501
+3 * 649501
cfi=(210)
cfn=(1718) int&& std::forward<int>(std::remove_reference<int>::type&)
calls=649501 0x7d68 77 
* * 4546507
+5 * 649501
+3 * 649501
+3 * 649501
cfn=(1722) std::_Tuple_impl<0ul, int&&>::_Tuple_impl<int>(int&&)
calls=649501 0x1038a 440 
* * 29877046
+5 * 649501
+1 * 649501
+4 * 649501
+1 * 649501

fn=(1766) std::pair<int const, std::__cxx11::list<std::shared_ptr<Order>, std::allocator<std::shared_ptr<Order> > > >::pair<int&&>(std::piecewise_construct_t, std::tuple<int&&>, std::tuple<>)
0x1314e 1804 649501
+4 * 649501
+1 * 649501
+3 * 649501
+4 * 649501
+4 * 649501
+4 +5 649501
+4 * 649501
+4 * 649501
+4 * 649501
+3 * 649501
+3 * 649501
cfn=(1768) std::pair<int const, std::__cxx11::list<std::shared_ptr<Order>, std::allocator<std::shared_ptr<Order> > > >::pair<int&&, 0ul>(std::tuple<int&&>&, std::tuple<>&, std::_Index_tuple<0ul>, std::_Index_tuple<>)
calls=649501 0x130c6 +7 
* * 98724152
+5 +1 649501
+1 * 649501
+1 * 649501

fn=(1722)
0x1038a 440 649501
+4 * 649501
+1 * 649501
+3 * 649501
+1 * 649501
+4 * 649501
+4 * 649501
+4 +1 649501
+4 * 649501
+4 * 649501
+3 * 649501
cfi=(210)
cfn=(1718)
calls=649501 0x7d68 77 
* * 4546507
+5 * 649501
+3 * 649501
+3 * 649501
cfn=(1724) std::_Head_base<0ul, int&&, false>::_Head_base<int>(int&&)
calls=649501 0x11fb6 199 
* * 13639521
+5 +1 649501
+1 * 649501
+4 * 649501
+1 * 649501

fn=(1724)
0x11fb6 199 649501
+4 * 649501
+1 * 649501
+3 * 649501
+4 * 649501
+4 * 649501
+4 +1 649501
+4 * 649501
+3 * 649501
cfi=(210)
cfn=(1718)
calls=649501 0x7d68 77 
* * 4546507
+5 * 649501
+4 * 649501
+3 * 649501
+1 * 649501
+1 * 649501

fn=(1768)
0x130c6 1816 649501
+4 * 649501
+1 * 649501
+3 * 649501
+4 * 649501
+4 * 649501
+4 * 649501
+4 +3 649501
+4 * 649501
+3 * 649501
cfn=(1770) std::tuple_element<0ul, std::tuple<int&&> >::type& std::get<0ul, int&&>(std::tuple<int&&>&)
calls=649501 0x13a5f 1393 
* * 24681038
+5 * 649501
+3 * 649501
cfi=(210)
cfn=(1778) int&& std::forward<int&&>(std::remove_reference<int&&>::type&)
calls=649501 0x13a7d 77 
* * 4546507
+5 * 649501
+2 * 649501
+4 * 649501
+2 +1 649501
+4 * 649501
+8 * 649501
+8 * 649501
+8 * 649501
+4 * 649501
+4 * 649501
+3 * 649501
cfi=(230)
cfn=(1780)
calls=649501 0x13086 674 
* * 52609581
+5 +1 649501
+1 * 649501
+1 * 649501

fn=(1764)
0x13024 454 649501
+4 * 649501
+1 * 649501
+3 * 649501
+4 * 649501
+4 +2 649501
+4 * 649501
+4 * 649501
+3 * 649501
+3 +1 649501
+1 * 649501
+1 * 649501

fn=(1776) std::_Head_base<0ul, int&&, false>::_M_head(std::_Head_base<0ul, int&&, false>&)
0x14229 233 649501
+4 * 649501
+1 * 649501
+3 * 649501
+4 * 649501
+4 * 649501
+3 * 649501
+1 * 649501

fn=(1716) std::tuple<int&&> std::forward_as_tuple<int>(int&&)
0xaed5 1617 649501
+4 * 649501
+1 * 649501
+3 * 649501
+4 * 649501
+4 * 649501
+4 +1 649501
+4 * 649501
+3 * 649501
cfi=(210)
cfn=(1718)
calls=649501 0x7d68 77 
* * 4546507
+5 * 649501
+3 * 649501
+4 * 649501
+3 * 649501
+3 * 649501
cfn=(1720)
calls=649501 0xd590 742 
* * 46114571
+5 * 649501
+4 * 649501
+1 * 649501

fn=(1770)
0x13a5f 1393 649501
+4 * 649501
+1 * 649501
+3 * 649501
+4 * 649501
+4 +1 649501
+4 * 649501
+3 * 649501
cfn=(1772)
calls=649501 0x13db0 -17 
* * 18186028
+5 * 649501
+1 * 649501

fn=(1774)
0x141ea 424 649501
+4 * 649501
+1 * 649501
+3 * 649501
+4 * 649501
+4 * 649501
+4 * 649501
+3 * 649501
cfn=(1776)
calls=649501 +40 233 
* * 5196008
+5 * 649501
+1 * 649501

fl=(244) /home/thanish/Desktop/Orderbook/OrderModify.hpp
fn=(2534) OrderModify::GetQuantity() const
0x63d0 24 18661
+4 * 18661
+1 * 18661
+3 * 18661
+4 * 18661
+4 * 18661
+3 * 18661
+1 * 18661

fn=(2532) OrderModify::ToOrderPointer(OrderType) const
0x642a 26 18661
+4 * 18661
+1 * 18661
+3 * 18661
+4 * 18661
+4 * 18661
+4 * 18661
+3 * 18661
+9 * 18661
+4 * 18661
+2 +2 18661
+4 * 18661
+3 * 18661
cfn=(2534)
calls=18661 0x63d0 -4 
* * 149288
+5 * 18661
+3 * 18661
+4 * 18661
+3 * 18661
cfn=(2536) OrderModify::GetPrice() const
calls=18661 0x63a4 -6 
* * 149288
+5 * 18661
+3 * 18661
+4 * 18661
+3 * 18661
cfn=(2538) OrderModify::GetSide() const
calls=18661 0x63ba -5 
* * 149288
+5 * 18661
+3 * 18661
+4 * 18661
+3 * 18661
cfn=(2516) OrderModify::GetOrderId() const
calls=18661 0x638e -7 
* * 149288
+5 * 18661
+4 * 18661
+4 * 18661
+4 * 18661
+4 * 18661
+4 * 18661
+4 * 18661
+4 * 18661
+3 * 18661
+3 * 18661
+3 * 18661
cfi=(222) /usr/include/c++/11/bits/shared_ptr.h
cfn=(2540) std::shared_ptr<Order> std::make_shared<Order, OrderType&, unsigned long, Side, int, unsigned int>(OrderType&, unsigned long&&, Side&&, int&&, unsigned int&&)
calls=18661 0x861b 875 
* * 24399173
+5 +2 18661
+4 * 18661
+9 * 18661
jcnd=18661/18661 +7 * 
* * 
+7 * 18661
+4 * 18661
+1 * 18661

fn=(2512) OrderModify::OrderModify(unsigned long, Side, int, unsigned int)
0x6348 14 50061
+4 * 50061
+1 * 50061
+3 * 50061
+4 * 50061
+4 * 50061
+3 * 50061
+3 * 50061
+4 +1 50061
+4 * 50061
+4 * 50061
+3 +1 50061
+4 * 50061
+3 * 50061
+3 +1 50061
+4 * 50061
+3 * 50061
+3 +1 50061
+4 * 50061
+3 * 50061
+3 +1 50061
+1 * 50061
+1 * 50061

fn=(2538)
0x63ba 23 18661
+4 * 18661
+1 * 18661
+3 * 18661
+4 * 18661
+4 * 18661
+3 * 18661
+1 * 18661

fn=(2536)
0x63a4 22 18661
+4 * 18661
+1 * 18661
+3 * 18661
+4 * 18661
+4 * 18661
+3 * 18661
+1 * 18661

fn=(2516)
0x638e 21 87383
+4 * 87383
+1 * 87383
+3 * 87383
+4 * 87383
+4 * 87383
+3 * 87383
+1 * 87383

fl=(210)
fn=(1954)
0x1241d 77 693089
+4 * 693089
+1 * 693089
+3 * 693089
+4 +1 693089
+4 * 693089
+1 * 693089

fn=(2020) bool&& std::forward<bool>(std::remove_reference<bool>::type&)
0x9d2d 77 693089
+4 * 693089
+1 * 693089
+3 * 693089
+4 +1 693089
+4 * 693089
+1 * 693089

fn=(2398) std::remove_reference<Trade&>::type&& std::move<Trade&>(Trade&)
0xac47 104 561120
+4 * 561120
+1 * 561120
+3 * 561120
+4 +1 561120
+4 * 561120
+1 * 561120

fn=(1714) std::remove_reference<int&>::type&& std::move<int&>(int&)
0xaec3 104 649501
+4 * 649501
+1 * 649501
+3 * 649501
+4 +1 649501
+4 * 649501
+1 * 649501

fn=(2522) std::__detail::_Hash_node_base** std::addressof<std::__detail::_Hash_node_base*>(std::__detail::_Hash_node_base*&)
0x12998 145 12
+4 * 12
+1 * 12
+3 * 12
+4 * 12
+4 +1 12
+4 * 12
+3 * 12
cfn=(2524) std::__detail::_Hash_node_base** std::__addressof<std::__detail::_Hash_node_base*>(std::__detail::_Hash_node_base*&)
calls=12 0x13605 -97 
* * 84
+5 * 12
+1 * 12

fn=(1494) char const* std::__addressof<char const>(char const&)
0x12add 49 2
+4 * 2
+1 * 2
+3 * 2
+4 +1 2
+4 * 2
+1 * 2

fn=(1570) Order&& std::forward<Order>(std::remove_reference<Order>::type&)
0xb927 77 8000000
+4 * 8000000
+1 * 8000000
+3 * 8000000
+4 +1 8000000
+4 * 8000000
+1 * 8000000

fn=(1818) std::_Rb_tree_node_base*& std::forward<std::_Rb_tree_node_base*&>(std::remove_reference<std::_Rb_tree_node_base*&>::type&)
0x121ac 77 1215663
+4 * 1215663
+1 * 1215663
+3 * 1215663
+4 +1 1215663
+4 * 1215663
+1 * 1215663

fn=(1890) unsigned long&& std::forward<unsigned long>(std::remove_reference<unsigned long>::type&)
0x9d3f 77 842377
+4 * 842377
+1 * 842377
+3 * 842377
+4 +1 842377
+4 * 842377
+1 * 842377

fn=(1908) std::remove_reference<std::pair<unsigned long const, Orderbook::OrderEntry>&>::type&& std::move<std::pair<unsigned long const, Orderbook::OrderEntry>&>(std::pair<unsigned long const, Orderbook::OrderEntry>&)
0xb31b 104 693089
+4 * 693089
+1 * 693089
+3 * 693089
+4 +1 693089
+4 * 693089
+1 * 693089

fn=(2332) std::__detail::_Hash_node<std::pair<unsigned long const, Orderbook::OrderEntry>, false>* std::__addressof<std::__detail::_Hash_node<std::pair<unsigned long const, Orderbook::OrderEntry>, false> >(std::__detail::_Hash_node<std::pair<unsigned long const, Orderbook::OrderEntry>, false>&)
0x13c95 49 693089
+4 * 693089
+1 * 693089
+3 * 693089
+4 +1 693089
+4 * 693089
+1 * 693089

fn=(1604) std::allocator<std::_Sp_counted_ptr_inplace<Order, std::allocator<Order>, (__gnu_cxx::_Lock_policy)2> >* std::__addressof<std::allocator<std::_Sp_counted_ptr_inplace<Order, std::allocator<Order>, (__gnu_cxx::_Lock_policy)2> > >(std::allocator<std::_Sp_counted_ptr_inplace<Order, std::allocator<Order>, (__gnu_cxx::_Lock_policy)2> >&)
0x13d31 49 2037322
+4 * 2037322
+1 * 2037322
+3 * 2037322
+4 +1 2037322
+4 * 2037322
+1 * 2037322

fn=(1718)
0x7d68 77 2747292
+4 * 2747292
+1 * 2747292
+3 * 2747292
+4 +1 2747292
+4 * 2747292
+1 * 2747292

fn=(1732) std::tuple<int&&>&& std::forward<std::tuple<int&&> >(std::remove_reference<std::tuple<int&&> >::type&)
0xd5d9 77 3247505
+4 * 3247505
+1 * 3247505
+3 * 3247505
+4 +1 3247505
+4 * 3247505
+1 * 3247505

fn=(1816) std::_Rb_tree_node<std::pair<int const, std::__cxx11::list<std::shared_ptr<Order>, std::allocator<std::shared_ptr<Order> > > > >*& std::forward<std::_Rb_tree_node<std::pair<int const, std::__cxx11::list<std::shared_ptr<Order>, std::allocator<std::shared_ptr<Order> > > > >*&>(std::remove_reference<std::_Rb_tree_node<std::pair<int const, std::__cxx11::list<std::shared_ptr<Order>, std::allocator<std::shared_ptr<Order> > > > >*&>::type&)
0x1317c 77 22
+4 * 22
+1 * 22
+3 * 22
+4 +1 22
+4 * 22
+1 * 22

fn=(2524)
0x13605 49 12
+4 * 12
+1 * 12
+3 * 12
+4 +1 12
+4 * 12
+1 * 12

fn=(2544) Side&& std::forward<Side>(std::remove_reference<Side>::type&)
0xa3af 77 149288
+4 * 149288
+1 * 149288
+3 * 149288
+4 +1 149288
+4 * 149288
+1 * 149288

fn=(2546) OrderType& std::forward<OrderType&>(std::remove_reference<OrderType&>::type&)
0xa39d 77 149288
+4 * 149288
+1 * 149288
+3 * 149288
+4 +1 149288
+4 * 149288
+1 * 149288

fn=(1854) std::allocator<std::_List_node<std::shared_ptr<Order> > >* std::__addressof<std::allocator<std::_List_node<std::shared_ptr<Order> > > >(std::allocator<std::_List_node<std::shared_ptr<Order> > >&)
0x122e5 49 693089
+4 * 693089
+1 * 693089
+3 * 693089
+4 +1 693089
+4 * 693089
+1 * 693089

fn=(1914)
0xe36a 77 4158534
+4 * 4158534
+1 * 4158534
+3 * 4158534
+4 +1 4158534
+4 * 4158534
+1 * 4158534

fn=(2542) unsigned int&& std::forward<unsigned int>(std::remove_reference<unsigned int>::type&)
0xa3c1 77 149288
+4 * 149288
+1 * 149288
+3 * 149288
+4 +1 149288
+4 * 149288
+1 * 149288

fn=(1730) std::tuple<>&& std::forward<std::tuple<> >(std::remove_reference<std::tuple<> >::type&)
0xd5eb 77 3247505
+4 * 3247505
+1 * 3247505
+3 * 3247505
+4 +1 3247505
+4 * 3247505
+1 * 3247505

fn=(1734) std::piecewise_construct_t const& std::forward<std::piecewise_construct_t const&>(std::remove_reference<std::piecewise_construct_t const&>::type&)
0xd5c7 77 3247505
+4 * 3247505
+1 * 3247505
+3 * 3247505
+4 +1 3247505
+4 * 3247505
+1 * 3247505

fn=(1778)
0x13a7d 77 649501
+4 * 649501
+1 * 649501
+3 * 649501
+4 +1 649501
+4 * 649501
+1 * 649501

fn=(2330) std::__detail::_Hash_node<std::pair<unsigned long const, Orderbook::OrderEntry>, false>* std::addressof<std::__detail::_Hash_node<std::pair<unsigned long const, Orderbook::OrderEntry>, false> >(std::__detail::_Hash_node<std::pair<unsigned long const, Orderbook::OrderEntry>, false>&)
0x135e7 145 693089
+4 * 693089
+1 * 693089
+3 * 693089
+4 * 693089
+4 +1 693089
+4 * 693089
+3 * 693089
cfn=(2332)
calls=693089 0x13c95 -97 
* * 4851623
+5 * 693089
+1 * 693089

fn=(1892) Orderbook::OrderEntry&& std::forward<Orderbook::OrderEntry>(std::remove_reference<Orderbook::OrderEntry>::type&)
0xb2d2 77 693089
+4 * 693089
+1 * 693089
+3 * 693089
+4 +1 693089
+4 * 693089
+1 * 693089

fn=(1898) std::remove_reference<std::shared_ptr<Order>&>::type&& std::move<std::shared_ptr<Order>&>(std::shared_ptr<Order>&)
0xb979 104 1386178
+4 * 1386178
+1 * 1386178
+3 * 1386178
+4 +1 1386178
+4 * 1386178
+1 * 1386178

fn=(2356) std::_Rb_tree_iterator<std::pair<int const, std::__cxx11::list<std::shared_ptr<Order>, std::allocator<std::shared_ptr<Order> > > > >&& std::forward<std::_Rb_tree_iterator<std::pair<int const, std::__cxx11::list<std::shared_ptr<Order>, std::allocator<std::shared_ptr<Order> > > > > >(std::remove_reference<std::_Rb_tree_iterator<std::pair<int const, std::__cxx11::list<std::shared_ptr<Order>, std::allocator<std::shared_ptr<Order> > > > > >::type&)
0x11f83 77 1298664
+4 * 1298664
+1 * 1298664
+3 * 1298664
+4 +1 1298664
+4 * 1298664
+1 * 1298664

fn=(2402) Trade&& std::forward<Trade>(std::remove_reference<Trade>::type&)
0xd0e1 77 1683360
+4 * 1683360
+1 * 1683360
+3 * 1683360
+4 +1 1683360
+4 * 1683360
+1 * 1683360

fn=(1418) char* std::addressof<char>(char&)
0xf055 145 2
+4 * 2
+1 * 2
+3 * 2
+4 * 2
+4 +1 2
+4 * 2
+3 * 2
cfn=(1420) char* std::__addressof<char>(char&)
calls=2 0x11859 -97 
* * 14
+5 * 2
+1 * 2

fn=(1420)
0x11859 49 2
+4 * 2
+1 * 2
+3 * 2
+4 +1 2
+4 * 2
+1 * 2

fn=(1492) char const* std::addressof<char const>(char const&)
0x11880 145 2
+4 * 2
+1 * 2
+3 * 2
+4 * 2
+4 +1 2
+4 * 2
+3 * 2
cfn=(1494)
calls=2 0x12add -97 
* * 14
+5 * 2
+1 * 2

fn=(1836)
0xdba1 77 2772356
+4 * 2772356
+1 * 2772356
+3 * 2772356
+4 +1 2772356
+4 * 2772356
+1 * 2772356

fn=(2018) std::__detail::_Node_iterator<std::pair<unsigned long const, Orderbook::OrderEntry>, false, false>& std::forward<std::__detail::_Node_iterator<std::pair<unsigned long const, Orderbook::OrderEntry>, false, false>&>(std::remove_reference<std::__detail::_Node_iterator<std::pair<unsigned long const, Orderbook::OrderEntry>, false, false>&>::type&)
0x1262a 77 693089
+4 * 693089
+1 * 693089
+3 * 693089
+4 +1 693089
+4 * 693089
+1 * 693089

fn=(2260)
0x139b2 77 4418602
+4 * 4418602
+1 * 4418602
+3 * 4418602
+4 +1 4418602
+4 * 4418602
+1 * 4418602

fl=(202)
fn=(1624) std::allocator<Order>::~allocator()
0xa38e 174 4074644
+4 * 4074644
+1 * 4074644
+3 * 4074644
+4 * 4074644
+1 * 4074644
+1 * 4074644

fn=(1982)
0x129b6 169 24
+4 * 24
+1 * 24
+3 * 24
+4 * 24
+4 * 24
+4 * 24
+4 * 24
+3 * 24
cfi=(203)
cfn=(1984)
calls=24 0x13618 -90 
* * 168
+5 * 24
+1 * 24
+1 * 24

fn=(2000)
0x129da 174 24
+4 * 24
+1 * 24
+3 * 24
+4 * 24
+1 * 24
+1 * 24

fn=(2154) std::allocator<Trade>::~allocator()
0x8844 174 1050061
+4 * 1050061
+1 * 1050061
+3 * 1050061
+4 * 1050061
+1 * 1050061
+1 * 1050061

fn=(2598) std::allocator<std::_Rb_tree_node<std::pair<int const, std::__cxx11::list<std::shared_ptr<Order>, std::allocator<std::shared_ptr<Order> > > > > >::~allocator()
0x9bde 174 2
+4 * 2
+1 * 2
+3 * 2
+4 * 2
+1 * 2
+1 * 2

fn=(1356) std::allocator<std::_Rb_tree_node<std::pair<int const, std::__cxx11::list<std::shared_ptr<Order>, std::allocator<std::shared_ptr<Order> > > > > >::allocator()
0xbf1a 156 2
+4 * 2
+1 * 2
+3 * 2
+4 * 2
+4 * 2
+4 * 2
+3 * 2
cfi=(203)
cfn=(1358)
calls=2 0xee3a -77 
* * 14
+5 * 2
+1 * 2
+1 * 2

fn=(2590)
0x9ce6 174 1
+4 * 1
+1 * 1
+3 * 1
+4 * 1
+1 * 1
+1 * 1

fn=(1572) std::allocator<Order>::allocator()
0xa36e 156 1018661
+4 * 1018661
+1 * 1018661
+3 * 1018661
+4 * 1018661
+4 * 1018661
+4 * 1018661
+3 * 1018661
cfi=(203)
cfn=(1574)
calls=1018661 0xc66e -77 
* * 7130627
+5 * 1018661
+1 * 1018661
+1 * 1018661

fn=(2042) std::allocator<Trade>::allocator()
0xa6a6 156 1050061
+4 * 1050061
+1 * 1050061
+3 * 1050061
+4 * 1050061
+4 * 1050061
+4 * 1050061
+3 * 1050061
cfi=(203)
cfn=(2044)
calls=1050061 0xc798 -77 
* * 7350427
+5 * 1050061
+1 * 1050061
+1 * 1050061

fn=(2384)
0x13abc 174 649501
+4 * 649501
+1 * 649501
+3 * 649501
+4 * 649501
+1 * 649501
+1 * 649501

fn=(1640) std::allocator<std::_Sp_counted_ptr_inplace<Order, std::allocator<Order>, (__gnu_cxx::_Lock_policy)2> >::~allocator()
0x12ba4 174 2037322
+4 * 2037322
+1 * 2037322
+3 * 2037322
+4 * 2037322
+1 * 2037322
+1 * 2037322

fn=(1390)
0xc06a 156 1
+4 * 1
+1 * 1
+3 * 1
+4 * 1
+4 * 1
+4 * 1
+3 * 1
cfi=(203)
cfn=(1392)
calls=1 0xeece -77 
* * 7
+5 * 1
+1 * 1
+1 * 1

fn=(1584) std::allocator<std::_Sp_counted_ptr_inplace<Order, std::allocator<Order>, (__gnu_cxx::_Lock_policy)2> >::allocator<Order>(std::allocator<Order> const&)
0x11a26 169 2037322
+4 * 2037322
+1 * 2037322
+3 * 2037322
+4 * 2037322
+4 * 2037322
+4 * 2037322
+4 * 2037322
+3 * 2037322
cfi=(203)
cfn=(1586)
calls=2037322 0x12b94 -90 
* * 14261254
+5 * 2037322
+1 * 2037322
+1 * 2037322

fn=(1610) std::allocator<Order>::allocator(std::allocator<Order> const&)
0x12c56 159 3055983
+4 * 3055983
+1 * 3055983
+3 * 3055983
+4 * 3055983
+4 * 3055983
+4 +1 3055983
+4 * 3055983
+4 * 3055983
+3 * 3055983
+3 * 3055983
cfi=(203)
cfn=(1612)
calls=3055983 0x137a0 -78 
* * 24447864
+5 * 3055983
+1 * 3055983
+1 * 3055983

fn=(1786)
0x13dce 156 649501
+4 * 649501
+1 * 649501
+3 * 649501
+4 * 649501
+4 * 649501
+4 * 649501
+3 * 649501
cfi=(203)
cfn=(1788)
calls=649501 0x14208 -77 
* * 4546507
+5 * 649501
+1 * 649501
+1 * 649501

fl=(207) /usr/include/c++/11/bits/random.h
fn=(1524) unsigned long std::__detail::__mod<unsigned long, 4294967296ul, 1ul, 0ul>(unsigned long)
0xec0a 147 1248
+4 * 1248
+1 * 1248
+3 * 1248
+4 * 1248
+4 +7 1248
+8 +1 1248
+4 * 1248
+3 * 1248
cfn=(1526) std::__detail::_Mod<unsigned long, 4294967296ul, 1ul, 0ul, true, true>::__calc(unsigned long)
calls=1248 0x1142e -19 
* * 13728
+5 +2 1248
+1 * 1248

fn=(1526)
0x1142e 136 1248
+4 * 1248
+1 * 1248
+3 * 1248
+4 +2 1248
+4 * 1248
+4 +2 1248
+5 * 1248
+4 +1 1248
+4 +1 1248
+1 * 1248

fn=(1528) unsigned long std::__detail::__mod<unsigned long, 624ul, 1ul, 0ul>(unsigned long)
0xec30 147 1246
+4 * 1246
+1 * 1246
+3 * 1246
+4 * 1246
+4 +7 1246
+8 +1 1246
+4 * 1246
+3 * 1246
cfn=(1530) std::__detail::_Mod<unsigned long, 624ul, 1ul, 0ul, true, true>::__calc(unsigned long)
calls=1246 0x11451 -19 
* * 24920
+5 +2 1246
+1 * 1246

fn=(2612) std::random_device::~random_device()
0x7a08 1624 2
+4 * 2
+1 * 2
+3 * 2
+4 * 2
+4 +1 2
+4 * 2
+3 * 2
cob=(2)
cfi=(51)
cfn=(2614) 0x000000000010c550
calls=2 0x10c550 0 
* * 12
+5 * 2
+1 * 2
+1 * 2

fn=(1406) std::random_device::random_device()
0x7946 1618 2
+4 * 2
+1 * 2
+3 * 2
+1 * 2
+4 * 2
+4 * 2
+9 * 2
+4 * 2
+2 * 2
+4 * 2
+3 * 2
cob=(2)
cfi=(51)
cfn=(1408) 0x000000000010c710
calls=2 0x10c710 0 
* * 8
+5 * 2
+4 * 2
+4 * 2
+7 * 2
+3 * 2
+3 * 2
cfi=(208) /usr/include/c++/11/bits/basic_string.h
cfn=(1412) std::__cxx11::basic_string<char, std::char_traits<char>, std::allocator<char> >::basic_string<std::allocator<char> >(char const*, std::allocator<char> const&)
calls=2 0x99fc 533 
* * 744
+5 * 2
+4 * 2
+4 * 2
+3 * 2
+3 * 2
cob=(2)
cfi=(51)
cfn=(1462) 0x000000000010c6e0
calls=2 0x10c6e0 0 
* * 2906
+5 * 2
+4 * 2
+3 * 2
cfi=(208)
cfn=(1482) std::__cxx11::basic_string<char, std::char_traits<char>, std::allocator<char> >::~basic_string()
calls=2 0x806e 671 
* * 214
+5 * 2
+4 * 2
+3 * 2
cob=(2)
cfi=(51)
cfn=(1502) 0x000000000010c5c0
calls=2 0x10c5c0 0 
* * 8
+5 * 2
+1 * 2
+4 * 2
+9 * 2
jcnd=2/2 +60 * 
* * 
+60 * 2
+4 * 2
+1 * 2

fn=(1520) std::mersenne_twister_engine<unsigned long, 32ul, 624ul, 397ul, 31ul, 2567483615ul, 11ul, 4294967295ul, 7ul, 2636928640ul, 15ul, 4022730752ul, 18ul, 1812433253ul>::mersenne_twister_engine(unsigned long)
0x9ac0 530 2
+4 * 2
+1 * 2
+3 * 2
+4 * 2
+4 * 2
+4 +1 2
+4 * 2
+4 * 2
+3 * 2
+3 * 2
cfi=(219) /usr/include/c++/11/bits/random.tcc
cfn=(1522) std::mersenne_twister_engine<unsigned long, 32ul, 624ul, 397ul, 31ul, 2567483615ul, 11ul, 4294967295ul, 7ul, 2636928640ul, 15ul, 4022730752ul, 18ul, 1812433253ul>::seed(unsigned long)
calls=2 0xbb46 323 
* * 96026
+5 * 2
+1 * 2
+1 * 2

fn=(1530)
0x11451 136 1246
+4 * 1246
+1 * 1246
+3 * 1246
+4 +2 1246
+4 * 1246
+4 +2 1246
+4 * 1246
+3 * 1246
+4 * 1246
+10 * 1246
+3 * 1246
+3 * 1246
+3 * 1246
+7 * 1246
+3 * 1246
+3 * 1246
+4 +1 1246
+4 +1 1246
+1 * 1246

fn=(1508) std::random_device::operator()()
0x7a28 1647 2
+4 * 2
+1 * 2
+3 * 2
+4 * 2
+4 +1 2
+4 * 2
+3 * 2
cob=(2)
cfi=(51)
cfn=(1510) 0x000000000010c630
calls=2 0x10c630 0 
* * 72
+5 * 2
+1 * 2

fl=(232)
fn=(2346) std::less<int>::operator()(int const&, int const&) const
0xb164 399 7966226
+4 * 7966226
+1 * 7966226
+3 * 7966226
+4 * 7966226
+4 * 7966226
+4 +1 7966226
+4 * 7966226
+2 * 7966226
+4 * 7966226
+2 * 7966226
+2 * 7966226
+3 * 7966226
+1 * 7966226

fn=(2430) std::greater<int>::operator()(int const&, int const&) const
0xae9c 389 8294630
+4 * 8294630
+1 * 8294630
+3 * 8294630
+4 * 8294630
+4 * 8294630
+4 +1 8294630
+4 * 8294630
+2 * 8294630
+4 * 8294630
+2 * 8294630
+2 * 8294630
+3 * 8294630
+1 * 8294630

fn=(2314)
0x12f76 369 2134105
+4 * 2134105
+1 * 2134105
+3 * 2134105
+4 * 2134105
+4 * 2134105
+4 +1 2134105
+4 * 2134105
+3 * 2134105
+4 * 2134105
+3 * 2134105
+3 * 2134105
+3 * 2134105
+1 * 2134105

fn=(1802) std::_Select1st<std::pair<int const, std::__cxx11::list<std::shared_ptr<Order>, std::allocator<std::shared_ptr<Order> > > > >::operator()(std::pair<int const, std::__cxx11::list<std::shared_ptr<Order>, std::allocator<std::shared_ptr<Order> > > > const&) const
0x10822 1174 16199576
+4 * 16199576
+1 * 16199576
+3 * 16199576
+4 * 16199576
+4 +1 16199576
+4 * 16199576
+1 * 16199576

fl=(228) /usr/include/c++/11/bits/stl_construct.h
fn=(1634) decltype (::new ((void*)(0)) Order((declval<Order>)())) std::construct_at<Order, Order>(Order*, Order&&)
0x13bfa 94 1000000
+4 * 1000000
+1 * 1000000
+3 * 1000000
+2 * 1000000
+1 * 1000000
+4 * 1000000
+4 * 1000000
+4 +3 1000000
+4 * 1000000
+3 * 1000000
cfi=(210)
cfn=(1570)
calls=1000000 0xb927 -20 
* * 7000000
+5 * 1000000
+3 * 1000000
+4 * 1000000
+3 * 1000000
+5 * 1000000
cfi=(226)
cfn=(1614)
calls=1000000 0x57cf +78 
* * 8000000
+5 * 1000000
+4 * 1000000
+5 * 1000000
+3 * 1000000
+4 * 1000000
+5 * 1000000
+5 * 1000000
+4 * 1000000
+4 * 1000000
+4 * 1000000
+1 * 1000000
+2 * 1000000
+1 * 1000000

fn=(1760) decltype (::new ((void*)(0)) std::pair<int const, std::__cxx11::list<std::shared_ptr<Order>, std::allocator<std::shared_ptr<Order> > > >((declval<std::piecewise_construct_t const&>)(), (declval<std::tuple<int&&> >)(), (declval<std::tuple<> >)())) std::construct_at<std::pair<int const, std::__cxx11::list<std::shared_ptr<Order>, std::allocator<std::shared_ptr<Order> > > >, std::piecewise_construct_t const&, std::tuple<int&&>, std::tuple<> >(std::pair<int const, std::__cxx11::list<std::shared_ptr<Order>, std::allocator<std::shared_ptr<Order> > > >*, std::piecewise_construct_t const&, std::tuple<int&&>&&, std::tuple<>&&)
0x12076 94 649501
+4 * 649501
+1 * 649501
+3 * 649501
+2 * 649501
+2 * 649501
+1 * 649501
+4 * 649501
+4 * 649501
+4 * 649501
+4 * 649501
+4 * 649501
+9 * 649501
+4 * 649501
+2 +3 649501
+4 * 649501
+3 * 649501
cfi=(210)
cfn=(1734)
calls=649501 0xd5c7 -20 
* * 4546507
+5 * 649501
+4 * 649501
+3 * 649501
cfi=(210)
cfn=(1732)
calls=649501 0xd5d9 -20 
* * 4546507
+5 * 649501
+3 * 649501
+4 * 649501
+3 * 649501
+3 * 649501
cfi=(231)
cfn=(1762)
calls=649501 0x1204c 756 
* * 16887026
+5 * 649501
+4 * 649501
+4 * 649501
+3 * 649501
cfi=(210)
cfn=(1730)
calls=649501 0xd5eb -20 
* * 4546507
+5 * 649501
+4 * 649501
+3 * 649501
+5 * 649501
cfi=(226)
cfn=(1614)
calls=649501 0x57cf +78 
* * 5196008
+5 * 649501
+3 * 649501
+3 * 649501
+3 * 649501
cfi=(231)
cfn=(1766)
calls=649501 0x1314e 1804 
* * 108466667
+5 * 649501
+3 * 649501
+4 * 649501
+9 * 649501
jcnd=649501/649501 +38 * 
* * 
+38 * 649501
+4 * 649501
+1 * 649501
+2 * 649501
+2 * 649501
+1 * 649501

fn=(2372) void std::destroy_at<std::pair<int const, std::__cxx11::list<std::shared_ptr<Order>, std::allocator<std::shared_ptr<Order> > > > >(std::pair<int const, std::__cxx11::list<std::shared_ptr<Order>, std::allocator<std::shared_ptr<Order> > > >*)
0x1318e 80 649501
+4 * 649501
+1 * 649501
+3 * 649501
+4 * 649501
+4 +8 649501
+4 * 649501
+3 * 649501
cfi=(233) /usr/include/c++/11/bits/stl_pair.h
cfn=(2374) std::pair<int const, std::__cxx11::list<std::shared_ptr<Order>, std::allocator<std::shared_ptr<Order> > > >::~pair()
calls=649501 0x1312a 211 
* * 71012190
+5 +1 649501
+1 * 649501
+1 * 649501

fn=(2120) void std::_Destroy<Trade*>(Trade*, Trade*)
0xc809 182 1050061
+4 * 1050061
+1 * 1050061
+3 * 1050061
+4 * 1050061
+4 * 1050061
+4 +10 1050061
cfi=(216) /usr/include/c++/11/type_traits
cfn=(1450) std::is_constant_evaluated()
calls=1050061 0x57c0 3420 
* * 6300366
+5 * 1050061
+2 * 1050061
jcnd=1050061/1050061 +23 +4 
* * 
+23 +4 1050061
+4 * 1050061
+4 * 1050061
+3 * 1050061
+3 * 1050061
cfn=(2122) void std::_Destroy_aux<true>::__destroy<Trade*>(Trade*, Trade*)
calls=1050061 0xf845 -24 
* * 8400488
+5 +1 1050061
+1 * 1050061

fn=(2324) void std::destroy_at<std::pair<unsigned long const, Orderbook::OrderEntry> >(std::pair<unsigned long const, Orderbook::OrderEntry>*)
0x135c8 80 693089
+4 * 693089
+1 * 693089
+3 * 693089
+4 * 693089
+4 +8 693089
+4 * 693089
+3 * 693089
cfi=(233)
cfn=(2024) std::pair<unsigned long const, Orderbook::OrderEntry>::~pair()
calls=693089 0x6dd2 211 
* * 67922722
+5 +1 693089
+1 * 693089
+1 * 693089

fn=(2406) decltype (::new ((void*)(0)) Trade((declval<Trade>)())) std::construct_at<Trade, Trade>(Trade*, Trade&&)
0xd0f3 94 561120
+4 * 561120
+1 * 561120
+3 * 561120
+2 * 561120
+1 * 561120
+4 * 561120
+4 * 561120
+4 +3 561120
+4 * 561120
+3 * 561120
cfi=(210)
cfn=(2402)
calls=561120 -48 -20 
* * 3927840
+5 * 561120
+3 * 561120
+4 * 561120
+3 * 561120
+5 * 561120
cfi=(226)
cfn=(1614)
calls=561120 0x57cf +78 
* * 4488960
+5 * 561120
+4 * 561120
+5 * 561120
+3 * 561120
+4 * 561120
+5 * 561120
+5 * 561120
+4 * 561120
+4 * 561120
+4 * 561120
+1 * 561120
+2 * 561120
+1 * 561120

fn=(2170) void std::destroy_at<Order>(Order*)
0x144b7 80 1018661
+4 * 1018661
+1 * 1018661
+3 * 1018661
+4 +9 1018661
+1 * 1018661
+1 * 1018661

fn=(1946) decltype (::new ((void*)(0)) std::pair<unsigned long const, Orderbook::OrderEntry>((declval<std::pair<unsigned long const, Orderbook::OrderEntry> >)())) std::construct_at<std::pair<unsigned long const, Orderbook::OrderEntry>, std::pair<unsigned long const, Orderbook::OrderEntry> >(std::pair<unsigned long const, Orderbook::OrderEntry>*, std::pair<unsigned long const, Orderbook::OrderEntry>&&)
0x13264 94 693089
+4 * 693089
+1 * 693089
+3 * 693089
+2 * 693089
+1 * 693089
+4 * 693089
+4 * 693089
+4 +3 693089
+4 * 693089
+3 * 693089
cfi=(210)
cfn=(1914)
calls=693089 0xe36a -20 
* * 4851623
+5 * 693089
+3 * 693089
+4 * 693089
+3 * 693089
+5 * 693089
cfi=(226)
cfn=(1614)
calls=693089 0x57cf +78 
* * 5544712
+5 * 693089
+3 * 693089
+3 * 693089
+3 * 693089
cfi=(233)
cfn=(1948) std::pair<unsigned long const, Orderbook::OrderEntry>::pair(std::pair<unsigned long const, Orderbook::OrderEntry>&&)
calls=693089 0x13224 315 
* * 80398324
+5 * 693089
+3 * 693089
+4 * 693089
+1 * 693089
+2 * 693089
+1 * 693089

fn=(2560) decltype (::new ((void*)(0)) Order((declval<OrderType&>)(), (declval<unsigned long>)(), (declval<Side>)(), (declval<int>)(), (declval<unsigned int>)())) std::construct_at<Order, OrderType&, unsigned long, Side, int, unsigned int>(Order*, OrderType&, unsigned long&&, Side&&, int&&, unsigned int&&)
0x13812 94 18661
+4 * 18661
+1 * 18661
+3 * 18661
+2 * 18661
+2 * 18661
+2 * 18661
+2 * 18661
+1 * 18661
+4 * 18661
+4 * 18661
+4 * 18661
+4 * 18661
+4 * 18661
+4 * 18661
+4 +3 18661
+4 * 18661
+3 * 18661
cfi=(210)
cfn=(2546)
calls=18661 0xa39d -20 
* * 130627
+5 * 18661
+3 * 18661
+4 * 18661
+3 * 18661
cfi=(210)
cfn=(1890)
calls=18661 0x9d3f -20 
* * 130627
+5 * 18661
+3 * 18661
+4 * 18661
+3 * 18661
cfi=(210)
cfn=(2544)
calls=18661 0xa3af -20 
* * 130627
+5 * 18661
+3 * 18661
+4 * 18661
+3 * 18661
cfi=(210)
cfn=(1718)
calls=18661 0x7d68 -20 
* * 130627
+5 * 18661
+3 * 18661
+4 * 18661
+3 * 18661
cfi=(210)
cfn=(2542)
calls=18661 0xa3c1 -20 
* * 130627
+5 * 18661
+2 * 18661
+3 * 18661
+4 * 18661
+3 * 18661
+5 * 18661
cfi=(226)
cfn=(1614)
calls=18661 0x57cf +78 
* * 149288
+5 * 18661
+3 * 18661
+4 * 18661
+3 * 18661
+3 * 18661
+3 * 18661
+3 * 18661
+3 * 18661
cfi=(221) /home/thanish/Desktop/Orderbook/Order.hpp
cfn=(1566) Order::Order(OrderType, unsigned long, Side, int, unsigned int)
calls=18661 0x60c8 -81 
* * 559830
+5 * 18661
+3 * 18661
+4 * 18661
+1 * 18661
+2 * 18661
+2 * 18661
+2 * 18661
+2 * 18661
+1 * 18661

fn=(1864) decltype (::new ((void*)(0)) std::shared_ptr<Order>((declval<std::shared_ptr<Order> const&>)())) std::construct_at<std::shared_ptr<Order>, std::shared_ptr<Order> const&>(std::shared_ptr<Order>*, std::shared_ptr<Order> const&)
0x10951 94 693089
+4 * 693089
+1 * 693089
+3 * 693089
+2 * 693089
+1 * 693089
+4 * 693089
+4 * 693089
+4 +3 693089
+4 * 693089
+3 * 693089
cfi=(210)
cfn=(1836)
calls=693089 0xdba1 -20 
* * 4851623
+5 * 693089
+3 * 693089
+4 * 693089
+3 * 693089
+5 * 693089
cfi=(226)
cfn=(1614)
calls=693089 0x57cf +78 
* * 5544712
+5 * 693089
+3 * 693089
+3 * 693089
+3 * 693089
cfi=(222)
cfn=(1866) std::shared_ptr<Order>::shared_ptr(std::shared_ptr<Order> const&)
calls=693089 0x673e +53 
* * 57526387
+5 * 693089
+3 * 693089
+4 * 693089
+1 * 693089
+2 * 693089
+1 * 693089

fn=(2290) void std::destroy_at<std::shared_ptr<Order> >(std::shared_ptr<Order>*)
0xf8f0 80 693089
+4 * 693089
+1 * 693089
+3 * 693089
+4 * 693089
+4 +8 693089
+4 * 693089
+3 * 693089
cfi=(222)
cfn=(2028) std::shared_ptr<Order>::~shared_ptr()
calls=693089 0x640a +34 
* * 91859762
+5 +1 693089
+1 * 693089
+1 * 693089

fn=(2122)
0xf845 172 1050061
+4 * 1050061
+1 * 1050061
+3 * 1050061
+4 * 1050061
+4 * 1050061
+1 * 1050061
+1 * 1050061

fl=(213) /usr/include/c++/11/ext/type_traits.h
fn=(1434) bool __gnu_cxx::__is_null_pointer<char const>(char const*)
0xeb93 152 2
+4 * 2
+1 * 2
+3 * 2
+4 +1 2
+5 * 2
+3 * 2
+1 * 2

fl=(227)
fn=(2254)
0x13d80 118 4418602
+4 * 4418602
+1 * 4418602
+3 * 4418602
+4 * 4418602
+4 +1 4418602
+4 * 4418602
+3 * 4418602
cfn=(2256) __gnu_cxx::__aligned_buffer<std::pair<unsigned long const, Orderbook::OrderEntry> >::_M_addr() const
calls=4418602 0x141d8 -11 
* * 30930214
+5 * 4418602
+1 * 4418602

fn=(1754) __gnu_cxx::__aligned_membuf<std::pair<int const, std::__cxx11::list<std::shared_ptr<Order>, std::allocator<std::shared_ptr<Order> > > > >::_M_ptr()
0xc992 72 6767417
+4 * 6767417
+1 * 6767417
+3 * 6767417
+4 * 6767417
+4 +1 6767417
+4 * 6767417
+3 * 6767417
cfn=(1756) __gnu_cxx::__aligned_membuf<std::pair<int const, std::__cxx11::list<std::shared_ptr<Order>, std::allocator<std::shared_ptr<Order> > > > >::_M_addr()
calls=6767417 0xf8c0 -9 
* * 47371919
+5 * 6767417
+1 * 6767417

fn=(1756)
0xf8c0 64 6767417
+4 * 6767417
+1 * 6767417
+3 * 6767417
+4 +1 6767417
+4 * 6767417
+1 * 6767417

fn=(1860) __gnu_cxx::__aligned_membuf<std::shared_ptr<Order> >::_M_addr()
0x11dee 64 3894565
+4 * 3894565
+1 * 3894565
+3 * 3894565
+4 +1 3894565
+4 * 3894565
+1 * 3894565

fn=(1940)
0x1263c 114 2198973
+4 * 2198973
+1 * 2198973
+3 * 2198973
+4 * 2198973
+4 +1 2198973
+4 * 2198973
+3 * 2198973
cfn=(1942) __gnu_cxx::__aligned_buffer<std::pair<unsigned long const, Orderbook::OrderEntry> >::_M_addr()
calls=2198973 0x134e0 -13 
* * 15392811
+5 * 2198973
+1 * 2198973

fn=(1628) __gnu_cxx::__aligned_buffer<Order>::_M_ptr()
0x13964 114 3055983
+4 * 3055983
+1 * 3055983
+3 * 3055983
+4 * 3055983
+4 +1 3055983
+4 * 3055983
+3 * 3055983
cfn=(1630) __gnu_cxx::__aligned_buffer<Order>::_M_addr()
calls=3055983 0x13d6e -13 
* * 21391881
+5 * 3055983
+1 * 3055983

fn=(1630)
0x13d6e 102 3055983
+4 * 3055983
+1 * 3055983
+3 * 3055983
+4 +2 3055983
+4 +1 3055983
+1 * 3055983

fn=(1798) __gnu_cxx::__aligned_membuf<std::pair<int const, std::__cxx11::list<std::shared_ptr<Order>, std::allocator<std::shared_ptr<Order> > > > >::_M_ptr() const
0xc77a 76 16698921
+4 * 16698921
+1 * 16698921
+3 * 16698921
+4 * 16698921
+4 +1 16698921
+4 * 16698921
+3 * 16698921
cfn=(1800) __gnu_cxx::__aligned_membuf<std::pair<int const, std::__cxx11::list<std::shared_ptr<Order>, std::allocator<std::shared_ptr<Order> > > > >::_M_addr() const
calls=16698921 0xf7f6 -9 
* * 116892447
+5 * 16698921
+1 * 16698921

fn=(1942)
0x134e0 102 2198973
+4 * 2198973
+1 * 2198973
+3 * 2198973
+4 +2 2198973
+4 +1 2198973
+1 * 2198973

fn=(2256)
0x141d8 108 4418602
+4 * 4418602
+1 * 4418602
+3 * 4418602
+4 +2 4418602
+4 +1 4418602
+1 * 4418602

fn=(1800)
0xf7f6 68 16698921
+4 * 16698921
+1 * 16698921
+3 * 16698921
+4 +1 16698921
+4 * 16698921
+1 * 16698921

fn=(1858)
0xf8d2 72 3894565
+4 * 3894565
+1 * 3894565
+3 * 3894565
+4 * 3894565
+4 +1 3894565
+4 * 3894565
+3 * 3894565
cfn=(1860)
calls=3894565 0x11dee -9 
* * 27261955
+5 * 3894565
+1 * 3894565

fl=(223) /usr/include/c++/11/bits/shared_ptr_base.h
fn=(1650) std::__shared_ptr<Order, (__gnu_cxx::_Lock_policy)2>::get() const
0xc9d2 1295 12959689
+4 * 12959689
+1 * 12959689
+3 * 12959689
+4 +1 12959689
+4 * 12959689
+3 * 12959689
+1 * 12959689

fn=(2030) std::__shared_ptr<Order, (__gnu_cxx::_Lock_policy)2>::~__shared_ptr()
0x63e6 1154 4913257
+4 * 4913257
+1 * 4913257
+3 * 4913257
+4 * 4913257
+4 * 4913257
+4 * 4913257
+4 * 4913257
+3 * 4913257
cfn=(2032) std::__shared_count<(__gnu_cxx::_Lock_policy)2>::~__shared_count()
calls=4913257 0x8728 702 
* * 668744223
+5 * 4913257
+1 * 4913257
+1 * 4913257

fn=(2172) std::_Sp_counted_ptr_inplace<Order, std::allocator<Order>, (__gnu_cxx::_Lock_policy)2>::_M_destroy()
0x1436c 533 1018661
+4 * 1018661
+1 * 1018661
+3 * 1018661
+4 * 1018661
+4 * 1018661
+9 * 1018661
+4 * 1018661
+2 +2 1018661
+4 * 1018661
+4 * 1018661
+3 * 1018661
cfn=(2164) std::_Sp_counted_ptr_inplace<Order, std::allocator<Order>, (__gnu_cxx::_Lock_policy)2>::_Impl::_M_alloc()
calls=1018661 0x14464 -31 
* * 17317237
+5 * 1018661
+3 * 1018661
+4 * 1018661
+3 * 1018661
+3 * 1018661
cfi=(202)
cfn=(1584)
calls=1018661 0x11a26 169 
* * 19354559
+5 +1 1018661
+4 * 1018661
+4 * 1018661
+4 * 1018661
+3 * 1018661
+3 * 1018661
cfi=(224)
cfn=(1602) std::__allocated_ptr<std::allocator<std::_Sp_counted_ptr_inplace<Order, std::allocator<Order>, (__gnu_cxx::_Lock_policy)2> > >::__allocated_ptr(std::allocator<std::_Sp_counted_ptr_inplace<Order, std::allocator<Order>, (__gnu_cxx::_Lock_policy)2> >&, std::_Sp_counted_ptr_inplace<Order, std::allocator<Order>, (__gnu_cxx::_Lock_policy)2>*)
calls=1018661 0x136f2 53 
* * 25466525
+5 +1 1018661
+4 * 1018661
+3 * 1018661
cfn=(2174) std::_Sp_counted_ptr_inplace<Order, std::allocator<Order>, (__gnu_cxx::_Lock_policy)2>::~_Sp_counted_ptr_inplace()
calls=1018661 0x142bc -14 
* * 58063677
+5 +1 1018661
+4 * 1018661
+3 * 1018661
cfi=(224)
cfn=(1638) std::__allocated_ptr<std::allocator<std::_Sp_counted_ptr_inplace<Order, std::allocator<Order>, (__gnu_cxx::_Lock_policy)2> > >::~__allocated_ptr()
calls=1018661 0x12bf4 71 
* * 174308950
+5 * 1018661
+4 * 1018661
+3 * 1018661
cfi=(202)
cfn=(1640)
calls=1018661 0x12ba4 174 
* * 7130627
+5 * 1018661
+4 * 1018661
+9 * 1018661
jcnd=1018661/1018661 +7 * 
* * 
+7 * 1018661
+1 * 1018661

fn=(1868) std::__shared_ptr<Order, (__gnu_cxx::_Lock_policy)2>::__shared_ptr(std::__shared_ptr<Order, (__gnu_cxx::_Lock_policy)2> const&)
0x66fe 1152 2508418
+4 * 2508418
+1 * 2508418
+3 * 2508418
+4 * 2508418
+4 * 2508418
+4 * 2508418
+4 * 2508418
+3 * 2508418
+4 * 2508418
+3 * 2508418
+4 * 2508418
+4 * 2508418
+4 * 2508418
+4 * 2508418
+3 * 2508418
+3 * 2508418
cfn=(1870) std::__shared_count<(__gnu_cxx::_Lock_policy)2>::__shared_count(std::__shared_count<(__gnu_cxx::_Lock_policy)2> const&)
calls=2508418 0x8b22 708 
* * 122912482
+5 * 2508418
+1 * 2508418
+1 * 2508418

fn=(1870)
0x8b22 708 2508418
+4 * 2508418
+1 * 2508418
+3 * 2508418
+4 * 2508418
+4 * 2508418
+4 +1 2508418
+4 * 2508418
+3 * 2508418
+4 * 2508418
+3 +2 2508418
+4 * 2508418
+3 * 2508418
+3 * 2508418
+2 +1 2508418
+4 * 2508418
+3 * 2508418
+3 * 2508418
cfn=(1872) std::_Sp_counted_base<(__gnu_cxx::_Lock_policy)2>::_M_add_ref_copy()
calls=2508418 0xa9a0 147 
* * 70235704
+5 +1 2508418
+1 * 2508418
+1 * 2508418

fn=(1580) std::__shared_ptr<Order, (__gnu_cxx::_Lock_policy)2>::__shared_ptr<std::allocator<Order>, Order>(std::_Sp_alloc_shared_tag<std::allocator<Order> >, Order&&)
0x1134a 1341 1000000
+4 * 1000000
+1 * 1000000
+3 * 1000000
+1 * 1000000
+4 * 1000000
+4 * 1000000
+4 * 1000000
+4 +1 1000000
+4 * 1000000
+7 * 1000000
+4 * 1000000
+4 * 1000000
+4 * 1000000
+3 * 1000000
cfi=(210)
cfn=(1570)
calls=1000000 0xb927 77 
* * 7000000
+5 * 1000000
+3 * 1000000
+4 * 1000000
+4 * 1000000
+3 * 1000000
+3 * 1000000
cfn=(1582) std::__shared_count<(__gnu_cxx::_Lock_policy)2>::__shared_count<Order, std::allocator<Order>, Order>(Order*&, std::_Sp_alloc_shared_tag<std::allocator<Order> >, Order&&)
calls=1000000 0x12796 643 
* * 638303404
+5 +1 1000000
+4 * 1000000
+3 * 1000000
+4 * 1000000
+3 * 1000000
+3 * 1000000
cfn=(1642) std::enable_if<!std::__shared_ptr<Order, (__gnu_cxx::_Lock_policy)2>::__has_esft_base<Order, void>::value, void>::type std::__shared_ptr<Order, (__gnu_cxx::_Lock_policy)2>::_M_enable_shared_from_this_with<Order, Order>(Order*)
calls=1000000 0x11c70 +43 
* * 8000000
+5 * 1000000
+1 * 1000000
+4 * 1000000
+1 * 1000000

fn=(1900) std::__shared_ptr<Order, (__gnu_cxx::_Lock_policy)2>::__shared_ptr(std::__shared_ptr<Order, (__gnu_cxx::_Lock_policy)2>&&)
0xe2fc 1161 1386178
+4 * 1386178
+1 * 1386178
+3 * 1386178
+4 * 1386178
+4 * 1386178
+4 +1 1386178
+4 * 1386178
+3 * 1386178
+4 * 1386178
+3 * 1386178
+4 * 1386178
+4 * 1386178
+3 * 1386178
cfn=(1902) std::__shared_count<(__gnu_cxx::_Lock_policy)2>::__shared_count()
calls=1386178 0x792c 587 
* * 12475602
+5 +2 1386178
+4 * 1386178
+4 * 1386178
+4 * 1386178
+4 * 1386178
+3 * 1386178
+3 * 1386178
cfn=(1904) std::__shared_count<(__gnu_cxx::_Lock_policy)2>::_M_swap(std::__shared_count<(__gnu_cxx::_Lock_policy)2>&)
calls=1386178 0x10d6a 731 
* * 24951204
+5 +1 1386178
+4 * 1386178
+7 +1 1386178
+1 * 1386178
+1 * 1386178

fn=(2178) std::_Sp_ebo_helper<0, std::allocator<Order>, true>::~_Sp_ebo_helper()
0x12c80 383 1018661
+4 * 1018661
+1 * 1018661
+3 * 1018661
+4 * 1018661
+4 * 1018661
+4 * 1018661
+3 * 1018661
cfi=(202)
cfn=(1624)
calls=1018661 0xa38e 174 
* * 7130627
+5 * 1018661
+1 * 1018661
+1 * 1018661

fn=(2156) std::_Sp_counted_base<(__gnu_cxx::_Lock_policy)2>::_M_release()
0xa47a 161 3527079
+4 * 3527079
+1 * 3527079
+3 * 3527079
+4 * 3527079
+4 +4 3527079
+4 * 3527079
+4 * 3527079
+4 * 3527079
fi=(234) /usr/include/c++/11/ext/atomicity.h
+7 52 3527079
+7 * 3527079
+2 * 3527079
+3 +46 3527079
+2 * 3527079
+2 * 3527079
+4 * 3527079
+4 * 3527079
+3 * 3527079
+3 -14 3527079
+4 * 3527079
+2 * 3527079
+3 +1 3527079
+4 * 3527079
+2 * 3527079
+3 * 3527079
+2 * 3527079
+4 * 3527079
+2 +1 3527079
+3 +13 3527079
jfi=(223)
jump=3527079 +30 +66 
* * 
fe=(223)
+30 +66 3527079
+3 * 3527079
+3 * 3527079
+2 * 3527079
jcnd=2508418/3527079 0xa5a8 +22 
* * 
+6 +3 1018661
+4 * 1018661
+3 * 1018661
+4 * 1018661
+3 * 1018661
+4 * 1018661
+3 * 1018661
cfn=(2162) std::_Sp_counted_ptr_inplace<Order, std::allocator<Order>, (__gnu_cxx::_Lock_policy)2>::_M_dispose()
calls=1018661 0x1432a 526 
* * 86586185
+2 +12 1018661
+4 * 1018661
+4 * 1018661
+4 * 1018661
fi=(234)
+7 52 1018661
+7 * 1018661
+2 * 1018661
+3 +46 1018661
+2 * 1018661
+2 * 1018661
+4 * 1018661
+4 * 1018661
+3 * 1018661
+3 -14 1018661
+4 * 1018661
+2 * 1018661
+3 +1 1018661
+4 * 1018661
+2 * 1018661
+3 * 1018661
+2 * 1018661
+4 * 1018661
+2 +1 1018661
+3 +13 1018661
jfi=(223)
jump=1018661 +30 +82 
* * 
fe=(223)
+30 +82 1018661
+3 * 1018661
+3 -1 1018661
+2 * 1018661
+2 +4 1018661
+4 * 1018661
+3 * 1018661
+4 * 1018661
+3 * 1018661
+4 * 1018661
+3 * 1018661
cfn=(2172)
calls=1018661 0x1436c 533 
* * 339332032
+2 +3 3527079
+1 * 3527079
+1 * 3527079

fn=(2554) std::__shared_count<(__gnu_cxx::_Lock_policy)2>::__shared_count<Order, std::allocator<Order>, OrderType&, unsigned long, Side, int, unsigned int>(Order*&, std::_Sp_alloc_shared_tag<std::allocator<Order> >, OrderType&, unsigned long&&, Side&&, int&&, unsigned int&&)
0x11a4a 643 18661
+4 * 18661
+1 * 18661
+3 * 18661
+2 * 18661
+2 * 18661
+2 * 18661
+2 * 18661
+1 * 18661
+7 * 18661
+4 * 18661
+4 * 18661
+7 * 18661
+7 * 18661
+7 * 18661
+7 * 18661
+4 * 18661
+7 * 18661
+4 * 18661
+7 * 18661
+9 * 18661
+4 * 18661
+2 +4 18661
+7 * 18661
+4 * 18661
+3 * 18661
+3 * 18661
cfi=(202)
cfn=(1584)
calls=18661 0x11a26 169 
* * 354559
+5 +1 18661
+4 * 18661
+4 * 18661
+3 * 18661
+3 * 18661
cfi=(224)
cfn=(1588) std::__allocated_ptr<std::allocator<std::_Sp_counted_ptr_inplace<Order, std::allocator<Order>, (__gnu_cxx::_Lock_policy)2> > > std::__allocate_guarded<std::allocator<std::_Sp_counted_ptr_inplace<Order, std::allocator<Order>, (__gnu_cxx::_Lock_policy)2> > >(std::allocator<std::_Sp_counted_ptr_inplace<Order, std::allocator<Order>, (__gnu_cxx::_Lock_policy)2> >&)
calls=18661 0x12bb3 96 
* * 3106972
+5 +1 18661
+4 * 18661
+3 * 18661
cfi=(224)
cfn=(1606) std::__allocated_ptr<std::allocator<std::_Sp_counted_ptr_inplace<Order, std::allocator<Order>, (__gnu_cxx::_Lock_policy)2> > >::get()
calls=18661 0x12c34 86 
* * 335898
+5 * 18661
+4 +1 18661
+7 * 18661
+4 * 18661
+3 * 18661
+3 * 18661
cfi=(202)
cfn=(1610)
calls=18661 0x12c56 159 
* * 410542
+5 * 18661
+4 +1 18661
+7 * 18661
+3 * 18661
cfi=(210)
cfn=(2546)
calls=18661 0xa39d 77 
* * 130627
+5 * 18661
+3 * 18661
+7 * 18661
+3 * 18661
cfi=(210)
cfn=(1890)
calls=18661 0x9d3f 77 
* * 130627
+5 * 18661
+7 * 18661
+7 * 18661
+3 * 18661
cfi=(210)
cfn=(2544)
calls=18661 0xa3af 77 
* * 130627
+5 * 18661
+7 * 18661
+7 * 18661
+3 * 18661
cfi=(210)
cfn=(1718)
calls=18661 0x7d68 77 
* * 130627
+5 * 18661
+7 * 18661
+7 * 18661
+3 * 18661
cfi=(210)
cfn=(2542)
calls=18661 0xa3c1 77 
* * 130627
+5 * 18661
+3 -1 18661
+4 * 18661
+3 * 18661
+5 * 18661
cfi=(226)
cfn=(1614)
calls=18661 0x57cf 175 
* * 149288
+5 * 18661
+3 * 18661
+4 * 18661
+2 * 18661
+7 * 18661
+7 * 18661
+7 * 18661
+3 * 18661
+3 * 18661
+3 * 18661
cfn=(2556) std::_Sp_counted_ptr_inplace<Order, std::allocator<Order>, (__gnu_cxx::_Lock_policy)2>::_Sp_counted_ptr_inplace<OrderType&, unsigned long, Side, int, unsigned int>(std::allocator<Order>, OrderType&, unsigned long&&, Side&&, int&&, unsigned int&&)
calls=18661 0x12cc0 514 
* * 8490755
+5 * 18661
+4 * 18661
+4 * 18661
+4 * 18661
+3 * 18661
cfi=(202)
cfn=(1624)
calls=18661 0xa38e 174 
* * 130627
+5 +2 18661
+4 * 18661
+5 * 18661
+3 * 18661
cfi=(224)
cfn=(1636) std::__allocated_ptr<std::allocator<std::_Sp_counted_ptr_inplace<Order, std::allocator<Order>, (__gnu_cxx::_Lock_policy)2> > >::operator=(decltype(nullptr))
calls=18661 0x12e24 79 
* * 186610
+5 +1 18661
+4 * 18661
+4 * 18661
+3 +1 18661
+4 * 18661
+3 * 18661
cfn=(1626) std::_Sp_counted_ptr_inplace<Order, std::allocator<Order>, (__gnu_cxx::_Lock_policy)2>::_M_ptr()
calls=18661 0x12e46 -89 
* * 522508
+5 * 18661
+4 * 18661
+3 +1 18661
+4 * 18661
+3 * 18661
cfi=(224)
cfn=(1638)
calls=18661 0x12bf4 71 
* * 223932
+5 * 18661
+4 * 18661
+3 * 18661
cfi=(202)
cfn=(1640)
calls=18661 0x12ba4 174 
* * 130627
+5 * 18661
+1 * 18661
+4 * 18661
+9 * 18661
jcnd=18661/18661 +86 * 
* * 
+86 * 18661
+4 * 18661
+1 * 18661
+2 * 18661
+2 * 18661
+2 * 18661
+2 * 18661
+1 * 18661

fn=(1646) std::__shared_ptr_access<Order, (__gnu_cxx::_Lock_policy)2, false, false>::operator->() const
0x8b62 984 12959689
+4 * 12959689
+1 * 12959689
+3 * 12959689
+4 * 12959689
+4 +3 12959689
+4 * 12959689
+3 * 12959689
cfn=(1648) std::__shared_ptr_access<Order, (__gnu_cxx::_Lock_policy)2, false, false>::_M_get() const
calls=12959689 0xaa0e +5 
* * 233274402
+5 +1 12959689
+1 * 12959689

fn=(1904)
0x10d6a 731 1386178
+4 * 1386178
+1 * 1386178
+3 * 1386178
+4 * 1386178
+4 +2 1386178
+4 * 1386178
+3 * 1386178
+4 +1 1386178
+4 * 1386178
+3 * 1386178
+4 * 1386178
+3 +1 1386178
+4 * 1386178
+4 * 1386178
+3 +1 1386178
+1 * 1386178
+1 * 1386178

fn=(2174)
0x142bc 523 1018661
+4 * 1018661
+1 * 1018661
+3 * 1018661
+4 * 1018661
+4 * 1018661
+7 * 1018661
+4 * 1018661
+3 * 1018661
+4 * 1018661
+4 * 1018661
+3 * 1018661
cfn=(2176) std::_Sp_counted_ptr_inplace<Order, std::allocator<Order>, (__gnu_cxx::_Lock_policy)2>::_Impl::~_Impl()
calls=1018661 0x12ca0 -26 
* * 29541169
+5 * 1018661
+4 * 1018661
+3 * 1018661
cfn=(2180) std::_Sp_counted_base<(__gnu_cxx::_Lock_policy)2>::~_Sp_counted_base()
calls=1018661 0xf7a8 130 
* * 10186610
+5 * 1018661
+1 * 1018661
+1 * 1018661

fn=(2032)
0x8728 702 4913257
+4 * 4913257
+1 * 4913257
+3 * 4913257
+4 * 4913257
+4 +2 4913257
+4 * 4913257
+3 * 4913257
+3 * 4913257
jcnd=1386178/4913257 +17 +2 
* * 
+2 +1 3527079
+4 * 3527079
+3 * 3527079
+3 * 3527079
cfn=(2156)
calls=3527079 0xa47a 161 
* * 595676823
+5 +1 4913257
+1 * 4913257
+1 * 4913257

fn=(2162)
0x1432a 526 1018661
+4 * 1018661
+1 * 1018661
+3 * 1018661
+1 * 1018661
+4 * 1018661
+4 +2 1018661
+4 * 1018661
+3 * 1018661
cfn=(1626)
calls=1018661 0x12e46 +37 
* * 28522508
+5 * 1018661
+3 * 1018661
+4 * 1018661
+4 * 1018661
+3 * 1018661
cfn=(2164)
calls=1018661 0x14464 -24 
* * 17317237
+5 * 1018661
+3 * 1018661
+3 * 1018661
cfi=(225)
cfn=(2168) void std::allocator_traits<std::allocator<Order> >::destroy<Order>(std::allocator<Order>&, Order*)
calls=1018661 0x14482 +3 
* * 19354559
+5 +1 1018661
+1 * 1018661
+4 * 1018661
+1 * 1018661

fn=(2166) std::_Sp_ebo_helper<0, std::allocator<Order>, true>::_S_get(std::_Sp_ebo_helper<0, std::allocator<Order>, true>&)
0x144a5 389 2037322
+4 * 2037322
+1 * 2037322
+3 * 2037322
+4 * 2037322
+4 * 2037322
+1 * 2037322

fn=(2176)
0x12ca0 497 1018661
+4 * 1018661
+1 * 1018661
+3 * 1018661
+4 * 1018661
+4 * 1018661
+4 * 1018661
+3 * 1018661
cfn=(2178)
calls=1018661 -55 383 
* * 18335898
+5 * 1018661
+1 * 1018661
+1 * 1018661

fn=(1616) std::_Sp_counted_ptr_inplace<Order, std::allocator<Order>, (__gnu_cxx::_Lock_policy)2>::_Sp_counted_ptr_inplace<Order>(std::allocator<Order>, Order&&)
0x134f2 514 1000000
+4 * 1000000
+1 * 1000000
+3 * 1000000
+1 * 1000000
+4 * 1000000
+4 * 1000000
+4 * 1000000
+4 * 1000000
+9 * 1000000
+4 * 1000000
+2 +1 1000000
+4 * 1000000
+3 * 1000000
cfn=(1618) std::_Sp_counted_base<(__gnu_cxx::_Lock_policy)2>::_Sp_counted_base()
calls=1000000 0x137b4 126 
* * 14000000
+5 * 1000000
+7 * 1000000
+4 * 1000000
+3 * 1000000
+4 * 1000000
+4 * 1000000
+4 * 1000000
+4 * 1000000
+3 * 1000000
+3 * 1000000
cfi=(202)
cfn=(1610)
calls=1000000 0x12c56 159 
* * 22000000
+5 * 1000000
+4 * 1000000
+3 * 1000000
+3 * 1000000
cfn=(1620) std::_Sp_counted_ptr_inplace<Order, std::allocator<Order>, (__gnu_cxx::_Lock_policy)2>::_Impl::_Impl(std::allocator<Order>)
calls=1000000 0x137e8 -13 
* * 50000000
+5 * 1000000
+4 * 1000000
+3 * 1000000
cfi=(202)
cfn=(1624)
calls=1000000 0xa38e 174 
* * 7000000
+5 +4 1000000
+4 * 1000000
+3 * 1000000
cfi=(210)
cfn=(1570)
calls=1000000 0xb927 77 
* * 7000000
+5 * 1000000
+3 * 1000000
+4 * 1000000
+3 * 1000000
cfn=(1626)
calls=1000000 0x12e46 +46 
* * 28000000
+5 * 1000000
+3 * 1000000
+4 * 1000000
+3 * 1000000
+3 * 1000000
+3 * 1000000
cfi=(225)
cfn=(1632) void std::allocator_traits<std::allocator<Order> >::construct<Order, Order>(std::allocator<Order>&, Order*, Order&&)
calls=1000000 0x13c5c -8 
* * 69000000
+5 +2 1000000
+1 * 1000000
+4 * 1000000
+9 * 1000000
jcnd=1000000/1000000 +7 * 
* * 
+7 * 1000000
+4 * 1000000
+1 * 1000000

fn=(1618)
0x137b4 126 1018661
+4 * 1018661
+1 * 1018661
+3 * 1018661
+4 +1 1018661
+7 * 1018661
+4 * 1018661
+3 * 1018661
+4 * 1018661
+7 * 1018661
+4 * 1018661
+7 * 1018661
+1 * 1018661
+1 * 1018661

fn=(1622) std::_Sp_ebo_helper<0, std::allocator<Order>, true>::_Sp_ebo_helper(std::allocator<Order> const&)
0x13d44 385 1018661
+4 * 1018661
+1 * 1018661
+3 * 1018661
+4 * 1018661
+4 * 1018661
+4 * 1018661
+4 * 1018661
+4 * 1018661
+3 * 1018661
+3 * 1018661
cfi=(202)
cfn=(1610)
calls=1018661 0x12c56 159 
* * 22410542
+5 * 1018661
+1 * 1018661
+1 * 1018661

fn=(1642)
0x11c70 1386 1018661
+4 * 1018661
+1 * 1018661
+3 * 1018661
+4 * 1018661
+4 +1 1018661
+1 * 1018661
+1 * 1018661

fn=(1648)
0xaa0e 992 12959689
+4 * 12959689
+1 * 12959689
+3 * 12959689
+4 * 12959689
+4 +1 12959689
+4 * 12959689
+3 * 12959689
cfn=(1650)
calls=12959689 0xc9d2 1295 
* * 103677512
+5 * 12959689
+1 * 12959689

fn=(1872)
0xa9a0 147 2508418
+4 * 2508418
+1 * 2508418
+3 * 2508418
+4 +1 2508418
+4 * 2508418
+4 * 2508418
+4 * 2508418
fi=(234)
+7 -96 2508418
+7 * 2508418
+2 * 2508418
+3 +56 2508418
+2 * 2508418
+2 * 2508418
+4 * 2508418
+4 * 2508418
+3 * 2508418
+3 -16 2508418
+4 * 2508418
+2 * 2508418
+3 * 2508418
+2 * 2508418
+4 * 2508418
+2 * 2508418
jump=2508418 +27 +20 
* * 
+27 +20 2508418
fe=(223)
+1 +36 2508418
+1 * 2508418
+1 * 2508418

fn=(2180)
0xf7a8 130 1018661
+4 * 1018661
+1 * 1018661
+3 * 1018661
+4 +1 1018661
+7 * 1018661
+4 * 1018661
+3 * 1018661
+1 * 1018661
+1 * 1018661

fn=(2552) std::__shared_ptr<Order, (__gnu_cxx::_Lock_policy)2>::__shared_ptr<std::allocator<Order>, OrderType&, unsigned long, Side, int, unsigned int>(std::_Sp_alloc_shared_tag<std::allocator<Order> >, OrderType&, unsigned long&&, Side&&, int&&, unsigned int&&)
0xf6da 1341 18661
+4 * 18661
+1 * 18661
+3 * 18661
+2 * 18661
+2 * 18661
+2 * 18661
+2 * 18661
+1 * 18661
+4 * 18661
+4 * 18661
+4 * 18661
+4 * 18661
+4 * 18661
+4 * 18661
+4 +1 18661
+4 * 18661
+7 * 18661
+4 * 18661
+4 * 18661
+4 * 18661
cfi=(210)
cfn=(2542)
calls=18661 0xa3c1 77 
* * 130627
+5 * 18661
+3 * 18661
+4 * 18661
+3 * 18661
cfi=(210)
cfn=(1718)
calls=18661 0x7d68 77 
* * 130627
+5 * 18661
+3 * 18661
+4 * 18661
+3 * 18661
cfi=(210)
cfn=(2544)
calls=18661 0xa3af 77 
* * 130627
+5 * 18661
+3 * 18661
+4 * 18661
+3 * 18661
cfi=(210)
cfn=(1890)
calls=18661 0x9d3f 77 
* * 130627
+5 * 18661
+3 * 18661
+4 * 18661
+3 * 18661
cfi=(210)
cfn=(2546)
calls=18661 0xa39d 77 
* * 130627
+5 * 18661
+3 * 18661
+4 * 18661
+4 * 18661
+2 * 18661
+1 * 18661
+3 * 18661
+3 * 18661
+3 * 18661
+3 * 18661
cfn=(2554)
calls=18661 0x11a4a 643 
* * 16766824
+5 * 18661
+4 +1 18661
+4 * 18661
+3 * 18661
+4 * 18661
+3 * 18661
+3 * 18661
cfn=(1642)
calls=18661 0x11c70 +43 
* * 149288
+5 * 18661
+1 * 18661
+4 * 18661
+1 * 18661
+2 * 18661
+2 * 18661
+2 * 18661
+2 * 18661
+1 * 18661

fn=(2556)
0x12cc0 514 18661
+4 * 18661
+1 * 18661
+3 * 18661
+2 * 18661
+2 * 18661
+2 * 18661
+2 * 18661
+1 * 18661
+4 * 18661
+4 * 18661
+4 * 18661
+4 * 18661
+4 * 18661
+4 * 18661
+4 * 18661
+4 * 18661
+4 * 18661
+9 * 18661
+4 * 18661
+2 +1 18661
+4 * 18661
+3 * 18661
cfn=(1618)
calls=18661 0x137b4 126 
* * 261254
+5 * 18661
+7 * 18661
+4 * 18661
+3 * 18661
+4 * 18661
+4 * 18661
+4 * 18661
+4 * 18661
+3 * 18661
+3 * 18661
cfi=(202)
cfn=(1610)
calls=18661 0x12c56 159 
* * 410542
+5 * 18661
+4 * 18661
+3 * 18661
+3 * 18661
cfn=(1620)
calls=18661 0x137e8 -13 
* * 933050
+5 * 18661
+4 * 18661
+3 * 18661
cfi=(202)
cfn=(1624)
calls=18661 0xa38e 174 
* * 130627
+5 +4 18661
+4 * 18661
+3 * 18661
cfi=(210)
cfn=(2542)
calls=18661 0xa3c1 77 
* * 130627
+5 * 18661
+3 * 18661
+4 * 18661
+3 * 18661
cfi=(210)
cfn=(1718)
calls=18661 0x7d68 77 
* * 130627
+5 * 18661
+3 * 18661
+4 * 18661
+3 * 18661
cfi=(210)
cfn=(2544)
calls=18661 0xa3af 77 
* * 130627
+5 * 18661
+3 * 18661
+4 * 18661
+3 * 18661
cfi=(210)
cfn=(1890)
calls=18661 0x9d3f 77 
* * 130627
+5 * 18661
+3 * 18661
+4 * 18661
+3 * 18661
cfi=(210)
cfn=(2546)
calls=18661 0xa39d 77 
* * 130627
+5 * 18661
+3 * 18661
+4 * 18661
+3 * 18661
cfn=(1626)
calls=18661 0x12e46 +46 
* * 522508
+5 * 18661
+3 * 18661
+4 * 18661
+4 * 18661
+1 * 18661
+3 * 18661
+3 * 18661
+3 * 18661
+3 * 18661
+3 * 18661
cfi=(225)
cfn=(2558) void std::allocator_traits<std::allocator<Order> >::construct<Order, OrderType&, unsigned long, Side, int, unsigned int>(std::allocator<Order>&, Order*, OrderType&, unsigned long&&, Side&&, int&&, unsigned int&&)
calls=18661 0x138ca -8 
* * 3974793
+5 * 18661
+4 +2 18661
+1 * 18661
+4 * 18661
+9 * 18661
jcnd=18661/18661 +55 * 
* * 
+55 * 18661
+4 * 18661
+1 * 18661
+2 * 18661
+2 * 18661
+2 * 18661
+2 * 18661
+1 * 18661

fn=(1582)
0x12796 643 1000000
+4 * 1000000
+1 * 1000000
+3 * 1000000
+2 * 1000000
+2 * 1000000
+1 * 1000000
+4 * 1000000
+4 * 1000000
+4 * 1000000
+4 * 1000000
+4 * 1000000
+9 * 1000000
+4 * 1000000
+2 +4 1000000
+4 * 1000000
+4 * 1000000
+3 * 1000000
+3 * 1000000
cfi=(202)
cfn=(1584)
calls=1000000 0x11a26 169 
* * 19000000
+5 +1 1000000
+4 * 1000000
+4 * 1000000
+3 * 1000000
+3 * 1000000
cfi=(224)
cfn=(1588)
calls=1000000 0x12bb3 96 
* * 173303404
+5 +1 1000000
+4 * 1000000
+3 * 1000000
cfi=(224)
cfn=(1606)
calls=1000000 0x12c34 86 
* * 18000000
+5 * 1000000
+4 +1 1000000
+4 * 1000000
+4 * 1000000
+3 * 1000000
+3 * 1000000
cfi=(202)
cfn=(1610)
calls=1000000 0x12c56 159 
* * 22000000
+5 * 1000000
+4 +1 1000000
+4 * 1000000
+3 * 1000000
cfi=(210)
cfn=(1570)
calls=1000000 0xb927 77 
* * 7000000
+5 * 1000000
+3 -1 1000000
+4 * 1000000
+3 * 1000000
+5 * 1000000
cfi=(226)
cfn=(1614)
calls=1000000 0x57cf 175 
* * 8000000
+5 * 1000000
+3 * 1000000
+3 * 1000000
+3 * 1000000
+3 * 1000000
cfn=(1616)
calls=1000000 0x134f2 514 
* * 248000000
+5 * 1000000
+4 * 1000000
+4 * 1000000
+3 * 1000000
cfi=(202)
cfn=(1624)
calls=1000000 0xa38e 174 
* * 7000000
+5 +2 1000000
+4 * 1000000
+5 * 1000000
+3 * 1000000
cfi=(224)
cfn=(1636)
calls=1000000 0x12e24 79 
* * 10000000
+5 +1 1000000
+4 * 1000000
+4 * 1000000
+3 +1 1000000
+4 * 1000000
+3 * 1000000
cfn=(1626)
calls=1000000 0x12e46 -89 
* * 28000000
+5 * 1000000
+4 * 1000000
+3 +1 1000000
+4 * 1000000
+3 * 1000000
cfi=(224)
cfn=(1638)
calls=1000000 0x12bf4 71 
* * 12000000
+5 * 1000000
+4 * 1000000
+3 * 1000000
cfi=(202)
cfn=(1640)
calls=1000000 0x12ba4 174 
* * 7000000
+5 * 1000000
+1 * 1000000
+4 * 1000000
+9 * 1000000
jcnd=1000000/1000000 +39 * 
* * 
+39 * 1000000
+4 * 1000000
+1 * 1000000
+2 * 1000000
+2 * 1000000
+1 * 1000000

fn=(1620)
0x137e8 502 1018661
+4 * 1018661
+1 * 1018661
+3 * 1018661
+4 * 1018661
+4 * 1018661
+4 * 1018661
+4 * 1018661
+4 * 1018661
+3 * 1018661
+3 * 1018661
cfn=(1622)
calls=1018661 0x13d44 385 
* * 36671796
+5 * 1018661
+1 * 1018661
+1 * 1018661

fn=(1626)
0x12e46 565 3055983
+4 * 3055983
+1 * 3055983
+3 * 3055983
+4 * 3055983
+4 * 3055983
+4 * 3055983
+4 * 3055983
+3 * 3055983
cfi=(227)
cfn=(1628)
calls=3055983 0x13964 114 
* * 51951711
+5 * 3055983
+1 * 3055983

fn=(1902)
0x792c 587 1386178
+4 * 1386178
+1 * 1386178
+3 * 1386178
+4 * 1386178
+4 * 1386178
+7 +1 1386178
+1 * 1386178
+1 * 1386178

fn=(2164)
0x14464 504 2037322
+4 * 2037322
+1 * 2037322
+3 * 2037322
+4 * 2037322
+4 * 2037322
+4 * 2037322
+3 * 2037322
cfn=(2166)
calls=2037322 +42 389 
* * 14261254
+5 * 2037322
+1 * 2037322

fl=(229)
fn=(1670)
0x58ca 169 4992251
+4 * 4992251
+1 * 4992251
+3 * 4992251
+4 * 4992251
+4 * 4992251
+4 * 4992251
+1 * 4992251

fl=(199) /home/thanish/Desktop/Orderbook/Orderbook.hpp
fn=(1894) Orderbook::OrderEntry::OrderEntry(Orderbook::OrderEntry&&)
0x905a 27 1386178
+4 * 1386178
+1 * 1386178
+3 * 1386178
+4 * 1386178
+4 * 1386178
+4 * 1386178
+4 * 1386178
+4 * 1386178
+3 * 1386178
+3 * 1386178
cfi=(222)
cfn=(1896) std::shared_ptr<Order>::shared_ptr(std::shared_ptr<Order>&&)
calls=1386178 0xb2e4 304 
* * 108121884
+5 * 1386178
+4 * 1386178
+4 * 1386178
+4 * 1386178
+4 * 1386178
+1 * 1386178
+1 * 1386178

fn=(2576) Orderbook::~Orderbook()
0x7cfa 23 1
+4 * 1
+1 * 1
+3 * 1
+4 * 1
+4 * 1
+4 * 1
+4 * 1
+3 * 1
cfi=(204) /usr/include/c++/11/bits/unordered_map.h
cfn=(2578) std::unordered_map<unsigned long, Orderbook::OrderEntry, std::hash<unsigned long>, std::equal_to<unsigned long>, std::allocator<std::pair<unsigned long const, Orderbook::OrderEntry> > >::~unordered_map()
calls=1 0x7c9a +79 
* * 15803299
+5 * 1
+4 * 1
+4 * 1
+3 * 1
cfi=(200) /usr/include/c++/11/bits/stl_map.h
cfn=(2592) std::map<int, std::__cxx11::list<std::shared_ptr<Order>, std::allocator<std::shared_ptr<Order> > >, std::less<int>, std::allocator<std::pair<int const, std::__cxx11::list<std::shared_ptr<Order>, std::allocator<std::shared_ptr<Order> > > > > >::~map()
calls=1 0x7b26 302 
* * 12324203
+5 * 1
+4 * 1
+3 * 1
cfi=(200)
cfn=(2600) std::map<int, std::__cxx11::list<std::shared_ptr<Order>, std::allocator<std::shared_ptr<Order> > >, std::greater<int>, std::allocator<std::pair<int const, std::__cxx11::list<std::shared_ptr<Order>, std::allocator<std::shared_ptr<Order> > > > > >::~map()
calls=1 0x7aa6 302 
* * 12643202
+5 * 1
+1 * 1
+1 * 1

fn=(2034) Orderbook::MatchOrders()
0x6768 54 693089
+4 * 693089
+1 * 693089
+3 * 693089
+1 * 693089
+7 * 693089
+7 * 693089
+7 * 693089
+9 * 693089
+4 * 693089
+2 +1 693089
+7 * 693089
+3 * 693089
cfi=(237) /usr/include/c++/11/bits/stl_vector.h
cfn=(2036) std::vector<Trade, std::allocator<Trade> >::vector()
calls=693089 0x66a2 487 
* * 46436963
+5 +1 693089
+7 * 693089
+4 * 693089
+3 * 693089
cfi=(204)
cfn=(2048) std::unordered_map<unsigned long, Orderbook::OrderEntry, std::hash<unsigned long>, std::equal_to<unsigned long>, std::allocator<std::pair<unsigned long const, Orderbook::OrderEntry> > >::size() const
calls=693089 0x88ee 310 
* * 12475602
+5 * 693089
+3 * 693089
+7 * 693089
+3 * 693089
+3 * 693089
cfi=(238) /usr/include/c++/11/bits/vector.tcc
cfn=(2052) std::vector<Trade, std::allocator<Trade> >::reserve(unsigned long)
calls=693089 0x890c +10 
* * 416796148
+5 +3 1247049
+7 * 1247049
+3 * 1247049
cfi=(200)
cfn=(2092) std::map<int, std::__cxx11::list<std::shared_ptr<Order>, std::allocator<std::shared_ptr<Order> > >, std::greater<int>, std::allocator<std::pair<int const, std::__cxx11::list<std::shared_ptr<Order>, std::allocator<std::shared_ptr<Order> > > > > >::empty() const
calls=1247049 0x87dc 465 
* * 24940980
+5 * 1247049
+2 * 1247049
jcnd=22/1247049 +25 * 
* * 
+2 * 1247027
+7 * 1247027
+4 * 1247027
+3 * 1247027
cfi=(200)
cfn=(2096) std::map<int, std::__cxx11::list<std::shared_ptr<Order>, std::allocator<std::shared_ptr<Order> > >, std::less<int>, std::allocator<std::pair<int const, std::__cxx11::list<std::shared_ptr<Order>, std::allocator<std::shared_ptr<Order> > > > > >::empty() const
calls=1247027 0x8756 465 
* * 24940540
+5 * 1247027
+2 * 1247027
jcnd=1247018/1247027 +9 * 
* * 
+2 * 31
+5 * 31
jump=31 +7 * 
* * 
+2 * 1247018
+5 * 1247018
+2 * 1247018
-2 * 31
+2 * 31
jcnd=31/31 0x6ba2 * 
* * 
+6 +2 1247018
+7 * 1247018
+3 * 1247018
cfi=(200)
cfn=(2266) std::map<int, std::__cxx11::list<std::shared_ptr<Order>, std::allocator<std::shared_ptr<Order> > >, std::greater<int>, std::allocator<std::pair<int const, std::__cxx11::list<std::shared_ptr<Order>, std::allocator<std::shared_ptr<Order> > > > > >::begin()
calls=1247018 0x8a2a 356 
* * 51127738
+5 * 1247018
+4 * 1247018
+4 * 1247018
+3 * 1247018
cfi=(201) /usr/include/c++/11/bits/stl_tree.h
cfn=(1826) std::_Rb_tree_iterator<std::pair<int const, std::__cxx11::list<std::shared_ptr<Order>, std::allocator<std::shared_ptr<Order> > > > >::operator*() const
calls=1247018 0x8a48 277 
* * 48633702
+5 * 1247018
+7 * 1247018
+7 * 1247018
+3 * 1247018
cfi=(235)
cfn=(2102) std::tuple_element<0ul, std::pair<int const, std::__cxx11::list<std::shared_ptr<Order>, std::allocator<std::shared_ptr<Order> > > > >::type& std::get<0ul, int const, std::__cxx11::list<std::shared_ptr<Order>, std::allocator<std::shared_ptr<Order> > > >(std::pair<int const, std::__cxx11::list<std::shared_ptr<Order>, std::allocator<std::shared_ptr<Order> > > >&)
calls=1247018 0x66c1 223 
* * 21199306
+5 * 1247018
+7 * 1247018
+7 * 1247018
+3 * 1247018
cfi=(235)
cfn=(2106) std::tuple_element<1ul, std::pair<int const, std::__cxx11::list<std::shared_ptr<Order>, std::allocator<std::shared_ptr<Order> > > > >::type& std::get<1ul, int const, std::__cxx11::list<std::shared_ptr<Order>, std::allocator<std::shared_ptr<Order> > > >(std::pair<int const, std::__cxx11::list<std::shared_ptr<Order>, std::allocator<std::shared_ptr<Order> > > >&)
calls=1247018 0x66df 223 
* * 22446324
+5 * 1247018
+7 +1 1247018
+7 * 1247018
+4 * 1247018
+3 * 1247018
cfi=(200)
cfn=(2100) std::map<int, std::__cxx11::list<std::shared_ptr<Order>, std::allocator<std::shared_ptr<Order> > >, std::less<int>, std::allocator<std::pair<int const, std::__cxx11::list<std::shared_ptr<Order>, std::allocator<std::shared_ptr<Order> > > > > >::begin()
calls=1247018 0x8a92 356 
* * 51127738
+5 * 1247018
+4 * 1247018
+4 * 1247018
+3 * 1247018
cfi=(201)
cfn=(1826)
calls=1247018 0x8a48 277 
* * 48633702
+5 * 1247018
+7 * 1247018
+7 * 1247018
+3 * 1247018
cfi=(235)
cfn=(2102)
calls=1247018 0x66c1 223 
* * 21199306
+5 * 1247018
+7 * 1247018
+7 * 1247018
+3 * 1247018
cfi=(235)
cfn=(2106)
calls=1247018 0x66df 223 
* * 22446324
+5 * 1247018
+7 +2 1247018
+7 * 1247018
+2 * 1247018
+7 * 1247018
+2 * 1247018
+2 * 1247018
jcnd=693058/1247018 0x6ba5 * 
* * 
+6 +2 553960
jump=553960 0x6b5d * 
* * 
+5 +1 561120
+7 * 561120
+3 * 561120
cfi=(230)
cfn=(2110)
calls=561120 0x8ad0 1115 
* * 50500800
+5 * 561120
+3 * 561120
+4 * 561120
+3 * 561120
+3 * 561120
cfi=(222)
cfn=(1866)
calls=561120 0x673e +83 
* * 46572960
+5 +1 561120
+7 * 561120
+3 * 561120
cfi=(230)
cfn=(2110)
calls=561120 0x8ad0 1115 
* * 50500800
+5 * 561120
+3 * 561120
+4 * 561120
+3 * 561120
+3 * 561120
cfi=(222)
cfn=(1866)
calls=561120 0x673e +82 
* * 46572960
+5 +2 561120
+4 * 561120
+3 * 561120
cfi=(223)
cfn=(1646)
calls=561120 0x8b62 984 
* * 15711360
+5 * 561120
+3 * 561120
cfi=(221)
cfn=(2270) Order::GetRemainingQuantity() const
calls=561120 0x617c -40 
* * 4488960
+5 * 561120
+3 * 561120
+4 * 561120
+3 * 561120
cfi=(223)
cfn=(1646)
calls=561120 0x8b62 984 
* * 15711360
+5 * 561120
+3 * 561120
cfi=(221)
cfn=(2270)
calls=561120 0x617c -40 
* * 4488960
+5 * 561120
+3 * 561120
+4 * 561120
+4 * 561120
+3 * 561120
+3 * 561120
cfi=(239)
cfn=(2272)
calls=561120 0x8b80 230 
* * 8136319
+5 * 561120
+2 * 561120
+6 +2 561120
+4 * 561120
+3 * 561120
cfi=(223)
cfn=(1646)
calls=561120 0x8b62 984 
* * 15711360
+5 * 561120
+3 * 561120
+6 * 561120
+2 * 561120
+3 * 561120
cfi=(221)
cfn=(2274) Order::Fill(unsigned int)
calls=561120 0x61b6 -37 
* * 23005920
+5 +1 561120
+4 * 561120
+3 * 561120
cfi=(223)
cfn=(1646)
calls=561120 0x8b62 984 
* * 15711360
+5 * 561120
+3 * 561120
+6 * 561120
+2 * 561120
+3 * 561120
cfi=(221)
cfn=(2274)
calls=561120 0x61b6 -38 
* * 23005920
+5 +2 561120
+4 * 561120
+3 * 561120
cfi=(223)
cfn=(1646)
calls=561120 0x8b62 984 
* * 15711360
+5 * 561120
+3 * 561120
cfi=(221)
cfn=(2276) Order::IsFilled() const
calls=561120 0x6192 -42 
* * 11222400
+5 * 561120
+2 * 561120
jcnd=280639/561120 +67 +5 
* * 
+2 +1 280481
+7 * 280481
+3 * 280481
cfi=(230)
cfn=(2278)
calls=280481 0x8bac 1198 
* * 112467577
+5 +1 280481
+7 * 280481
+4 * 280481
+4 * 280481
+3 * 280481
cfi=(223)
cfn=(1646)
calls=280481 0x8b62 984 
* * 7853468
+5 * 280481
+3 * 280481
cfi=(221)
cfn=(1652) Order::GetOrderId() const
calls=280481 0x6126 -52 
* * 2243848
+5 * 280481
+4 * 280481
+4 * 280481
+3 * 280481
+3 * 280481
cfi=(204)
cfn=(2300) std::unordered_map<unsigned long, Orderbook::OrderEntry, std::hash<unsigned long>, std::equal_to<unsigned long>, std::allocator<std::pair<unsigned long const, Orderbook::OrderEntry> > >::erase(unsigned long const&)
calls=280481 0x8bde 762 
* * 305201602
+5 +3 561120
+4 * 561120
+3 * 561120
cfi=(223)
cfn=(1646)
calls=561120 0x8b62 984 
* * 15711360
+5 * 561120
+3 * 561120
cfi=(221)
cfn=(2276)
calls=561120 0x6192 -47 
* * 11222400
+5 * 561120
+2 * 561120
jcnd=279883/561120 +67 +5 
* * 
+2 +1 281237
+7 * 281237
+3 * 281237
cfi=(230)
cfn=(2278)
calls=281237 0x8bac 1198 
* * 112775388
+5 +1 281237
+7 * 281237
+4 * 281237
+4 * 281237
+3 * 281237
cfi=(223)
cfn=(1646)
calls=281237 0x8b62 984 
* * 7874636
+5 * 281237
+3 * 281237
cfi=(221)
cfn=(1652)
calls=281237 0x6126 -57 
* * 2249896
+5 * 281237
+4 * 281237
+4 * 281237
+3 * 281237
+3 * 281237
cfi=(204)
cfn=(2300)
calls=281237 0x8bde 762 
* * 306015788
+5 +3 561120
+7 * 561120
+3 * 561120
cfi=(230)
cfn=(2268)
calls=561120 0x8ab0 1056 
* * 6172320
+5 * 561120
+2 * 561120
jcnd=284327/561120 +27 +2 
* * 
+2 * 276793
+7 * 276793
+7 * 276793
+3 * 276793
+3 * 276793
cfi=(200)
cfn=(2444) std::map<int, std::__cxx11::list<std::shared_ptr<Order>, std::allocator<std::shared_ptr<Order> > >, std::greater<int>, std::allocator<std::pair<int const, std::__cxx11::list<std::shared_ptr<Order>, std::allocator<std::shared_ptr<Order> > > > > >::erase(int const&)
calls=276793 0x8c08 1068 
* * 636880100
+5 +2 561120
+7 * 561120
+3 * 561120
cfi=(230)
cfn=(2268)
calls=561120 0x8ab0 1056 
* * 6172320
+5 * 561120
+2 * 561120
jcnd=283371/561120 +31 +3 
* * 
+2 * 277749
+7 * 277749
+4 * 277749
+7 * 277749
+3 * 277749
+3 * 277749
cfi=(200)
cfn=(2340) std::map<int, std::__cxx11::list<std::shared_ptr<Order>, std::allocator<std::shared_ptr<Order> > >, std::less<int>, std::allocator<std::pair<int const, std::__cxx11::list<std::shared_ptr<Order>, std::allocator<std::shared_ptr<Order> > > > > >::erase(int const&)
calls=277749 0x8c32 1068 
* * 621309197
+5 +3 561120
+4 * 561120
+3 * 561120
cfi=(223)
cfn=(1646)
calls=561120 0x8b62 984 
* * 15711360
+5 * 561120
+3 * 561120
cfi=(221)
cfn=(1652)
calls=561120 0x6126 -65 
* * 4488960
+5 * 561120
+4 * 561120
+4 * 561120
+3 * 561120
cfi=(223)
cfn=(1646)
calls=561120 0x8b62 984 
* * 15711360
+5 * 561120
+3 * 561120
cfi=(221)
cfn=(1690) Order::GetPrice() const
calls=561120 0x6166 -62 
* * 4488960
+5 * 561120
+3 * 561120
+6 * 561120
+3 * 561120
+4 * 561120
+3 * 561120
cfi=(223)
cfn=(1646)
calls=561120 0x8b62 984 
* * 15711360
+5 * 561120
+3 * 561120
cfi=(221)
cfn=(1652)
calls=561120 0x6126 -65 
* * 4488960
+5 * 561120
+4 * 561120
+4 * 561120
+3 * 561120
cfi=(223)
cfn=(1646)
calls=561120 0x8b62 984 
* * 15711360
+5 * 561120
+3 * 561120
cfi=(221)
cfn=(1690)
calls=561120 0x6166 -62 
* * 4488960
+5 * 561120
+3 * 561120
+6 * 561120
+3 * 561120
+4 * 561120
+4 * 561120
+4 * 561120
+3 * 561120
+3 * 561120
cfi=(242)
cfn=(2394)
calls=561120 0x64ce -82 
* * 11783520
+5 -1 561120
+4 * 561120
+7 * 561120
+3 * 561120
+3 * 561120
cfi=(237)
cfn=(2396) std::vector<Trade, std::allocator<Trade> >::push_back(Trade&&)
calls=561120 0x8c5c 1203 
* * 134107680
+5 +4 561120
+4 * 561120
+3 * 561120
cfi=(222)
cfn=(2028)
calls=561120 0x640a +29 
* * 111318198
+5 * 561120
+4 * 561120
+3 * 561120
cfi=(222)
cfn=(2028)
calls=561120 0x640a +29 
* * 111507825
+5 -27 1115080
+7 * 1115080
+3 * 1115080
cfi=(230)
cfn=(2268)
calls=1115080 0x8ab0 1056 
* * 12265880
+5 * 1115080
+3 * 1115080
+2 * 1115080
jcnd=276793/1115080 +31 * 
* * 
+2 * 838287
+7 * 838287
+3 * 838287
cfi=(230)
cfn=(2268)
calls=838287 0x8ab0 1056 
* * 9221157
+5 * 838287
+3 * 838287
+2 * 838287
jcnd=277167/838287 +9 * 
* * 
+2 * 561120
+5 * 561120
jump=561120 +7 * 
* * 
+2 * 553960
+5 * 553960
+2 * 553960
-2 * 561120
+2 * 561120
jcnd=561120/561120 0x68d1 +1 
* * 
+6 +29 553960
jump=553960 0x67cc -36 
* * 
+5 -36 31
+1 * 31
jump=31 +3 +40 
* * 
+2 +5 693058
+1 +35 693058
+7 * 693058
+3 * 693058
cfi=(200)
cfn=(2092)
calls=693058 0x87dc 465 
* * 13861160
-10 * 31
+7 * 31
+3 * 31
cfi=(200)
cfn=(2092)
calls=31 0x87dc 465 
* * 620
+5 * 693089
+3 * 693089
+2 * 693089
jcnd=22/693089 0x6c75 +7 
* * 
+6 +1 693067
+7 * 693067
+3 * 693067
cfi=(200)
cfn=(2266)
calls=693067 0x8a2a 356 
* * 28415747
+5 * 693067
+4 * 693067
+4 * 693067
+3 * 693067
cfi=(201)
cfn=(1826)
calls=693067 0x8a48 277 
* * 27029613
+5 * 693067
+7 * 693067
+7 * 693067
+3 * 693067
cfi=(235)
cfn=(2102)
calls=693067 0x66c1 223 
* * 11782139
+5 * 693067
+7 * 693067
+7 * 693067
+3 * 693067
cfi=(235)
cfn=(2106)
calls=693067 0x66df 223 
* * 12475206
+5 * 693067
+7 +1 693067
+7 * 693067
+3 * 693067
cfi=(230)
cfn=(2110)
calls=693067 0x8ad0 1115 
* * 62376030
+5 * 693067
+7 +2 693067
+7 * 693067
+3 * 693067
cfi=(223)
cfn=(1646)
calls=693067 0x8b62 984 
* * 19405876
+5 * 693067
+3 * 693067
cfi=(221)
cfn=(1684) Order::GetOrderType() const
calls=693067 0x613c -77 
* * 5544536
+5 * 693067
+3 * 693067
+3 * 693067
+2 * 693067
jcnd=670179/693067 +46 +3 
* * 
+2 * 22888
+7 * 22888
+3 * 22888
cfi=(223)
cfn=(1646)
calls=22888 0x8b62 984 
* * 640864
+5 * 22888
+3 * 22888
cfi=(221)
cfn=(1652)
calls=22888 0x6126 -78 
* * 183104
+5 * 22888
+3 * 22888
+7 * 22888
+3 * 22888
+3 * 22888
cfn=(2418) Orderbook::CancelOrder(unsigned long)
calls=22888 0x7130 +45 
* * 136822717
+5 +3 693089
+7 * 693089
+4 * 693089
+3 * 693089
cfi=(200)
cfn=(2096)
calls=693089 0x8756 465 
* * 13861780
+5 * 693089
+3 * 693089
+2 * 693089
jcnd=9/693089 0x6d90 +7 
* * 
+6 +1 693080
+7 * 693080
+4 * 693080
+3 * 693080
cfi=(200)
cfn=(2100)
calls=693080 0x8a92 356 
* * 28416280
+5 * 693080
+4 * 693080
+4 * 693080
+3 * 693080
cfi=(201)
cfn=(1826)
calls=693080 0x8a48 277 
* * 27030120
+5 * 693080
+7 * 693080
+7 * 693080
+3 * 693080
cfi=(235)
cfn=(2102)
calls=693080 0x66c1 223 
* * 11782360
+5 * 693080
+7 * 693080
+7 * 693080
+3 * 693080
cfi=(235)
cfn=(2106)
calls=693080 0x66df 223 
* * 12475440
+5 * 693080
+7 +1 693080
+7 * 693080
+3 * 693080
cfi=(230)
cfn=(2110)
calls=693080 0x8ad0 1115 
* * 62377200
+5 * 693080
+7 +2 693080
+7 * 693080
+3 * 693080
cfi=(223)
cfn=(1646)
calls=693080 0x8b62 984 
* * 19406240
+5 * 693080
+3 * 693080
cfi=(221)
cfn=(1684)
calls=693080 0x613c -84 
* * 5544640
+5 * 693080
+3 * 693080
+3 * 693080
+2 * 693080
jcnd=670069/693080 0x6d90 +3 
* * 
+2 * 23011
+7 * 23011
+3 * 23011
cfi=(223)
cfn=(1646)
calls=23011 0x8b62 984 
* * 644308
+5 * 23011
+3 * 23011
cfi=(221)
cfn=(1652)
calls=23011 0x6126 -85 
* * 184088
+5 * 23011
+3 * 23011
+7 * 23011
+3 * 23011
+3 * 23011
cfn=(2418)
calls=23011 0x7130 +38 
* * 135296495
+5 +3 23011
jump=23011 +68 * 
* * 
+68 * 693089
+1 +2 693089
+4 * 693089
+9 * 693089
jcnd=693089/693089 +7 * 
* * 
+7 * 693089
+7 * 693089
+4 * 693089
+1 * 693089

fn=(2418)
0x7130 148 163474
+4 * 163474
+1 * 163474
+3 * 163474
+4 * 163474
+4 * 163474
+4 * 163474
+9 * 163474
+4 * 163474
+2 +1 163474
+4 * 163474
+4 * 163474
+4 * 163474
+3 * 163474
+3 * 163474
cfi=(204)
cfn=(1654) std::unordered_map<unsigned long, Orderbook::OrderEntry, std::hash<unsigned long>, std::equal_to<unsigned long>, std::allocator<std::pair<unsigned long const, Orderbook::OrderEntry> > >::contains(unsigned long const&) const
calls=163474 0x8c92 920 
* * 79206636
+5 * 163474
+3 * 163474
+2 * 163474
jcnd=62429/163474 0x72cf * 
* * 
+6 +2 101045
+4 * 101045
+4 * 101045
+4 * 101045
+3 * 101045
+3 * 101045
cfi=(204)
cfn=(2420) std::unordered_map<unsigned long, Orderbook::OrderEntry, std::hash<unsigned long>, std::equal_to<unsigned long>, std::allocator<std::pair<unsigned long const, Orderbook::OrderEntry> > >::at(unsigned long const&)
calls=101045 0x9120 996 
* * 45268160
+5 * 101045
+4 +1 101045
+4 * 101045
+4 * 101045
+4 * 101045
+3 * 101045
+3 * 101045
cfi=(204)
cfn=(2300)
calls=101045 0x8bde 762 
* * 109913107
+5 +2 101045
+4 * 101045
+3 * 101045
cfi=(223)
cfn=(1646)
calls=101045 0x8b62 984 
* * 2829260
+5 * 101045
+3 * 101045
cfi=(221)
cfn=(1688) Order::GetSide() const
calls=101045 0x6150 27 
* * 808360
+5 * 101045
+3 * 101045
+3 * 101045
+2 * 101045
jcnd=50344/101045 0x7252 +6 
* * 
+6 +1 50701
+4 * 50701
+3 * 50701
cfi=(223)
cfn=(1646)
calls=50701 0x8b62 984 
* * 1419628
+5 * 50701
+3 * 50701
cfi=(221)
cfn=(1690)
calls=50701 0x6166 28 
* * 405608
+5 * 50701
+3 +1 50701
+4 * 50701
+4 * 50701
+4 * 50701
+3 * 50701
+3 * 50701
cfi=(200)
cfn=(2508) std::map<int, std::__cxx11::list<std::shared_ptr<Order>, std::allocator<std::shared_ptr<Order> > >, std::less<int>, std::allocator<std::pair<int const, std::__cxx11::list<std::shared_ptr<Order>, std::allocator<std::shared_ptr<Order> > > > > >::at(int const&)
calls=50701 0x914a 537 
* * 52879467
+5 * 50701
+4 +1 50701
+4 * 50701
+4 * 50701
+4 * 50701
+3 * 50701
+3 * 50701
cfi=(230)
cfn=(2438)
calls=50701 0x9222 287 
* * 608412
+5 * 50701
+4 * 50701
+4 * 50701
+3 * 50701
+3 * 50701
cfi=(241)
cfn=(2440)
calls=50701 0x9244 -7 
* * 34321465
+5 +1 50701
+4 * 50701
+3 * 50701
cfi=(230)
cfn=(2268)
calls=50701 0x8ab0 1056 
* * 557711
+5 * 50701
+2 * 50701
jcnd=3090/50701 0x72d0 +7 
* * 
+6 * 47611
+4 * 47611
+4 * 47611
+4 * 47611
+3 * 47611
+3 * 47611
cfi=(200)
cfn=(2340)
calls=47611 0x8c32 1068 
* * 106557000
+5 * 47611
jump=47611 0x72d0 +7 
* * 
+2 +2 50344
+4 * 50344
+3 * 50344
cfi=(223)
cfn=(1646)
calls=50344 0x8b62 984 
* * 1409632
+5 * 50344
+3 * 50344
cfi=(221)
cfn=(1690)
calls=50344 0x6166 28 
* * 402752
+5 * 50344
+3 +1 50344
+4 * 50344
+4 * 50344
+3 * 50344
+3 * 50344
cfi=(200)
cfn=(2428) std::map<int, std::__cxx11::list<std::shared_ptr<Order>, std::allocator<std::shared_ptr<Order> > >, std::greater<int>, std::allocator<std::pair<int const, std::__cxx11::list<std::shared_ptr<Order>, std::allocator<std::shared_ptr<Order> > > > > >::at(int const&)
calls=50344 0x92b6 537 
* * 54145028
+5 * 50344
+4 +1 50344
+4 * 50344
+4 * 50344
+4 * 50344
+3 * 50344
+3 * 50344
cfi=(230)
cfn=(2438)
calls=50344 0x9222 287 
* * 604128
+5 * 50344
+4 * 50344
+4 * 50344
+3 * 50344
+3 * 50344
cfi=(241)
cfn=(2440)
calls=50344 0x9244 -12 
* * 34060165
+5 +1 50344
+4 * 50344
+3 * 50344
cfi=(230)
cfn=(2268)
calls=50344 0x8ab0 1056 
* * 553784
+5 * 50344
+2 * 50344
jcnd=3165/50344 +24 +2 
* * 
+2 * 47179
+4 * 47179
+4 * 47179
+3 * 47179
+3 * 47179
cfi=(200)
cfn=(2444)
calls=47179 0x8c08 1068 
* * 108591074
+5 * 47179
jump=47179 +3 +2 
* * 
+2 -14 62429
+1 +16 62429
+4 * 62429
+9 * 62429
jcnd=62429/62429 +7 * 
* * 
-13 * 101045
+4 * 101045
+9 * 101045
jcnd=101045/101045 +7 * 
* * 
+7 * 163474
+1 * 163474

fn=(1644) Orderbook::AddOrder(std::shared_ptr<Order>)
0x6df6 119 1018661
+4 * 1018661
+1 * 1018661
+3 * 1018661
+1 * 1018661
+7 * 1018661
+7 * 1018661
+7 * 1018661
+7 * 1018661
+9 * 1018661
+4 * 1018661
+2 +2 1018661
+7 * 1018661
+4 * 1018661
+7 * 1018661
+3 * 1018661
cfi=(223)
cfn=(1646)
calls=1018661 0x8b62 984 
* * 28522508
+5 * 1018661
+3 * 1018661
cfi=(221)
cfn=(1652)
calls=1018661 0x6126 -96 
* * 8149288
+5 * 1018661
+4 * 1018661
+4 * 1018661
+3 * 1018661
+3 * 1018661
cfi=(204)
cfn=(1654)
calls=1018661 0x8c92 920 
* * 546315385
+5 * 1018661
+2 * 1018661
jcnd=1018661/1018661 +52 +3 
* * 
+52 +3 1018661
+7 * 1018661
+3 * 1018661
cfi=(223)
cfn=(1646)
calls=1018661 0x8b62 984 
* * 28522508
+5 * 1018661
+3 * 1018661
cfi=(221)
cfn=(1684)
calls=1018661 0x613c -98 
* * 8149288
+5 * 1018661
+3 * 1018661
jcnd=519299/1018661 +85 * 
* * 
+2 * 499362
+7 * 499362
+3 * 499362
cfi=(223)
cfn=(1646)
calls=499362 0x8b62 984 
* * 13982136
+5 * 499362
+3 * 499362
cfi=(221)
cfn=(1690)
calls=499362 0x6166 -96 
* * 3994896
+5 * 499362
+2 * 499362
+7 * 499362
+3 * 499362
cfi=(223)
cfn=(1646)
calls=499362 0x8b62 984 
* * 13982136
+5 * 499362
+3 * 499362
cfi=(221)
cfn=(1688)
calls=499362 0x6150 -97 
* * 3994896
+5 * 499362
+2 * 499362
+7 * 499362
+2 * 499362
+2 * 499362
+3 * 499362
cfn=(2160) Orderbook::CanMatch(Side, int) const
calls=499362 0x654e -88 
* * 89133818
+5 * 499362
+3 * 499362
+2 * 499362
jcnd=173790/499362 +9 * 
* * 
+2 * 325572
+5 * 325572
jump=325572 +7 * 
* * 
+2 * 693089
+5 * 693089
+2 * 693089
jcnd=693089/693089 +52 +2 
* * 
-2 * 325572
+2 * 325572
+2 * 325572
+7 * 325572
+7 * 325572
+8 * 325572
+8 * 325572
+7 * 325572
+3 * 325572
cfi=(237)
cfn=(2036)
calls=325572 0x66a2 487 
* * 21813324
+5 * 325572
jump=325572 0x70e2 +22 
* * 
+5 +2 693089
+4 * 693089
+3 * 693089
cfi=(230)
cfn=(1686)
calls=693089 0x8d08 +71 
* * 6237801
+5 +2 693089
+7 * 693089
+3 * 693089
cfi=(223)
cfn=(1646)
calls=693089 0x8b62 984 
* * 19406492
+5 * 693089
+3 * 693089
cfi=(221)
cfn=(1688)
calls=693089 0x6150 27 
* * 5544712
+5 * 693089
+2 * 693089
+3 * 693089
+2 * 693089
jcnd=346909/693089 0x6fd8 +7 
* * 
+2 +1 346180
+7 * 346180
+7 * 346180
+3 * 346180
cfi=(223)
cfn=(1646)
calls=346180 0x8b62 984 
* * 9693040
+5 * 346180
+3 * 346180
cfi=(221)
cfn=(1690)
calls=346180 0x6166 28 
* * 2769440
+5 * 346180
+3 * 346180
+4 * 346180
+3 * 346180
+3 * 346180
cfi=(200)
cfn=(2204) std::map<int, std::__cxx11::list<std::shared_ptr<Order>, std::allocator<std::shared_ptr<Order> > >, std::greater<int>, std::allocator<std::pair<int const, std::__cxx11::list<std::shared_ptr<Order>, std::allocator<std::shared_ptr<Order> > > > > >::operator[](int&&)
calls=346180 0x8d22 512 
* * 768879713
+5 * 346180
+4 +1 346180
+7 * 346180
+4 * 346180
+3 * 346180
+3 * 346180
cfi=(230)
cfn=(1828)
calls=346180 0x8e4e 1212 
* * 187973028
+5 +1 346180
+4 * 346180
+3 * 346180
cfi=(230)
cfn=(1830)
calls=346180 0x8e88 964 
* * 10385400
+5 * 346180
+4 +1 346180
+4 * 346180
+5 * 346180
+3 * 346180
cfi=(230)
cfn=(1886)
calls=346180 0x8ed4 240 
* * 7962140
+5 * 346180
jump=346180 0x7047 +10 
* * 
+2 +3 346909
+7 * 346909
+4 * 346909
+7 * 346909
+3 * 346909
cfi=(223)
cfn=(1646)
calls=346909 0x8b62 984 
* * 9713452
+5 * 346909
+3 * 346909
cfi=(221)
cfn=(1690)
calls=346909 0x6166 28 
* * 2775272
+5 * 346909
+3 * 346909
+4 * 346909
+3 * 346909
+3 * 346909
cfi=(200)
cfn=(1692) std::map<int, std::__cxx11::list<std::shared_ptr<Order>, std::allocator<std::shared_ptr<Order> > >, std::less<int>, std::allocator<std::pair<int const, std::__cxx11::list<std::shared_ptr<Order>, std::allocator<std::shared_ptr<Order> > > > > >::operator[](int&&)
calls=346909 0x8f2e 512 
* * 759772056
+5 * 346909
+4 +1 346909
+7 * 346909
+4 * 346909
+3 * 346909
+3 * 346909
cfi=(230)
cfn=(1828)
calls=346909 0x8e4e 1212 
* * 188396914
+5 +1 346909
+4 * 346909
+3 * 346909
cfi=(230)
cfn=(1830)
calls=346909 0x8e88 964 
* * 10407270
+5 * 346909
+4 +1 346909
+4 * 346909
+5 * 346909
+3 * 346909
cfi=(230)
cfn=(1886)
calls=346909 0x8ed4 240 
* * 7978907
+5 +4 693089
+7 * 693089
+4 * 693089
+7 * 693089
+3 * 693089
cfi=(223)
cfn=(1646)
calls=693089 0x8b62 984 
* * 19406492
+5 * 693089
+3 * 693089
cfi=(221)
cfn=(1652)
calls=693089 0x6126 25 
* * 5544712
+5 * 693089
+4 * 693089
+7 * 693089
+4 * 693089
+3 * 693089
+3 * 693089
cfi=(222)
cfn=(1866)
calls=693089 0x673e +8 
* * 57526387
+5 * 693089
+4 * 693089
+4 * 693089
+4 * 693089
+4 * 693089
+4 * 693089
+3 * 693089
+3 * 693089
cfi=(233)
cfn=(1888) std::pair<unsigned long const, Orderbook::OrderEntry>::pair<unsigned long, Orderbook::OrderEntry, true>(unsigned long&&, Orderbook::OrderEntry&&)
calls=693089 0x9094 352 
* * 94260104
+5 * 693089
+4 * 693089
+3 * 693089
+3 * 693089
cfi=(204)
cfn=(1906) std::unordered_map<unsigned long, Orderbook::OrderEntry, std::hash<unsigned long>, std::equal_to<unsigned long>, std::allocator<std::pair<unsigned long const, Orderbook::OrderEntry> > >::insert(std::pair<unsigned long const, Orderbook::OrderEntry>&&)
calls=693089 0x90ea 557 
* * 1000308040
+5 * 693089
+4 * 693089
+3 * 693089
cfi=(233)
cfn=(2024)
calls=693089 0x6dd2 +69 
* * 40199162
+5 * 693089
+4 * 693089
+3 * 693089
cfn=(2026) Orderbook::OrderEntry::~OrderEntry()
calls=693089 0x6db2 27 
* * 31882094
+5 +2 693089
+7 * 693089
+7 * 693089
+3 * 693089
+3 * 693089
cfn=(2034)
calls=693089 0x6768 -90 
* * 4653675864
+5 +2 1018661
+4 * 1018661
+9 * 1018661
jcnd=1018661/1018661 +51 * 
* * 
+51 * 1018661
+7 * 1018661
+4 * 1018661
+1 * 1018661

fn=(2160)
0x654e 36 499362
+4 * 499362
+1 * 499362
+3 * 499362
+4 * 499362
+4 * 499362
+3 * 499362
+3 * 499362
+9 * 499362
+4 * 499362
+2 +2 499362
+4 * 499362
jcnd=249691/499362 0x65e9 +7 
* * 
+2 +1 249671
+4 * 249671
+4 * 249671
+3 * 249671
cfi=(200)
cfn=(2096)
calls=249671 0x8756 465 
* * 4993420
+5 * 249671
+2 * 249671
jcnd=249667/249671 +12 +2 
* * 
+2 * 4
+5 * 4
jump=4 0x664c +13 
* * 
+5 +2 249667
+4 * 249667
+4 * 249667
+3 * 249667
cfi=(200)
cfn=(2188) std::map<int, std::__cxx11::list<std::shared_ptr<Order>, std::allocator<std::shared_ptr<Order> > >, std::less<int>, std::allocator<std::pair<int const, std::__cxx11::list<std::shared_ptr<Order>, std::allocator<std::shared_ptr<Order> > > > > >::begin() const
calls=249667 0x8774 365 
* * 10236347
+5 * 249667
+4 * 249667
+4 * 249667
+3 * 249667
cfi=(201)
cfn=(2194) std::_Rb_tree_const_iterator<std::pair<int const, std::__cxx11::list<std::shared_ptr<Order>, std::allocator<std::shared_ptr<Order> > > > >::operator*() const
calls=249667 0x8792 358 
* * 9737013
+5 * 249667
+4 * 249667
+4 * 249667
+3 * 249667
cfi=(235)
cfn=(2196) std::tuple_element<0ul, std::pair<int const, std::__cxx11::list<std::shared_ptr<Order>, std::allocator<std::shared_ptr<Order> > > > >::type const& std::get<0ul, int const, std::__cxx11::list<std::shared_ptr<Order>, std::allocator<std::shared_ptr<Order> > > >(std::pair<int const, std::__cxx11::list<std::shared_ptr<Order>, std::allocator<std::shared_ptr<Order> > > > const&)
calls=249667 0x6512 233 
* * 4244339
+5 * 249667
+4 * 249667
+4 * 249667
+3 * 249667
cfi=(235)
cfn=(2200) std::tuple_element<1ul, std::pair<int const, std::__cxx11::list<std::shared_ptr<Order>, std::allocator<std::shared_ptr<Order> > > > >::type const& std::get<1ul, int const, std::__cxx11::list<std::shared_ptr<Order>, std::allocator<std::shared_ptr<Order> > > >(std::pair<int const, std::__cxx11::list<std::shared_ptr<Order>, std::allocator<std::shared_ptr<Order> > > > const&)
calls=249667 0x6530 233 
* * 4494006
+5 * 249667
+4 +1 249667
+4 * 249667
+2 * 249667
+3 * 249667
+3 * 249667
jump=249667 0x664c +10 
* * 
+2 +3 249691
+4 * 249691
+3 * 249691
cfi=(200)
cfn=(2092)
calls=249691 0x87dc 465 
* * 4993820
+5 * 249691
+2 * 249691
jcnd=249678/249691 +9 +2 
* * 
+2 * 13
+5 * 13
jump=13 +78 +7 
* * 
+2 +2 249678
+4 * 249678
+3 * 249678
cfi=(200)
cfn=(2502) std::map<int, std::__cxx11::list<std::shared_ptr<Order>, std::allocator<std::shared_ptr<Order> > >, std::greater<int>, std::allocator<std::pair<int const, std::__cxx11::list<std::shared_ptr<Order>, std::allocator<std::shared_ptr<Order> > > > > >::begin() const
calls=249678 0x87fa 365 
* * 10236798
+5 * 249678
+4 * 249678
+4 * 249678
+3 * 249678
cfi=(201)
cfn=(2194)
calls=249678 0x8792 358 
* * 9737442
+5 * 249678
+4 * 249678
+4 * 249678
+3 * 249678
cfi=(235)
cfn=(2196)
calls=249678 0x6512 233 
* * 4244526
+5 * 249678
+4 * 249678
+4 * 249678
+3 * 249678
cfi=(235)
cfn=(2200)
calls=249678 0x6530 233 
* * 4494204
+5 * 249678
+4 +1 249678
+4 * 249678
+2 * 249678
+3 * 249678
+3 +4 249678
+4 * 249678
+9 * 249678
jcnd=249678/249678 +7 * 
* * 
-13 * 249684
+4 * 249684
+9 * 249684
jcnd=249684/249684 +7 * 
* * 
+7 * 499362
+1 * 499362

fn=(2026)
0x6db2 27 2079267
+4 * 2079267
+1 * 2079267
+3 * 2079267
+4 * 2079267
+4 * 2079267
+4 * 2079267
+3 * 2079267
cfi=(222)
cfn=(2028)
calls=2079267 0x640a +95 
* * 100497905
+5 * 2079267
+1 * 2079267
+1 * 2079267

fn=(2514) Orderbook::ModifyOrder(OrderModify)
0x72e6 167 50061
+4 * 50061
+1 * 50061
+3 * 50061
+1 * 50061
+4 * 50061
+4 * 50061
+4 * 50061
+9 * 50061
+4 * 50061
+2 +2 50061
+4 * 50061
+4 * 50061
+4 * 50061
cfi=(244)
cfn=(2516)
calls=50061 0x638e 21 
* * 400488
+5 * 50061
+4 * 50061
+4 * 50061
+3 * 50061
+3 * 50061
cfi=(204)
cfn=(1654)
calls=50061 0x8c92 920 
* * 25315777
+5 * 50061
+3 * 50061
+2 * 50061
jcnd=18661/50061 +46 +2 
* * 
+2 * 31400
+4 * 31400
+7 * 31400
+8 * 31400
+8 * 31400
+4 * 31400
+3 * 31400
cfi=(237)
cfn=(2036)
calls=31400 0x66a2 487 
* * 2103800
+5 * 31400
jump=31400 0x7419 +7 
* * 
+5 +2 18661
+4 * 18661
+4 * 18661
+4 * 18661
cfi=(244)
cfn=(2516)
calls=18661 0x638e 21 
* * 149288
+5 * 18661
+4 * 18661
+4 * 18661
+3 * 18661
+3 * 18661
cfi=(204)
cfn=(2420)
calls=18661 0x9120 996 
* * 8360128
+5 * 18661
+4 +2 18661
+4 * 18661
+3 * 18661
cfi=(223)
cfn=(1646)
calls=18661 0x8b62 984 
* * 522508
+5 * 18661
+3 * 18661
cfi=(221)
cfn=(1652)
calls=18661 0x6126 25 
* * 149288
+5 * 18661
+3 * 18661
+4 * 18661
+3 * 18661
+3 * 18661
cfn=(2418)
calls=18661 0x7130 -25 
* * 114016537
+5 +2 18661
+4 * 18661
+3 * 18661
cfi=(223)
cfn=(1646)
calls=18661 0x8b62 984 
* * 522508
+5 * 18661
+3 * 18661
cfi=(221)
cfn=(1684)
calls=18661 0x613c 26 
* * 149288
+5 * 18661
+2 * 18661
+4 * 18661
+4 * 18661
+3 * 18661
cfi=(244)
cfn=(2532)
calls=18661 0x642a 26 
* * 25780087
+5 * 18661
+4 * 18661
+4 * 18661
+4 * 18661
+3 * 18661
+3 * 18661
cfn=(1644)
calls=18661 0x6df6 -56 
* * 185859707
+5 * 18661
+1 * 18661
+4 * 18661
+3 * 18661
cfi=(222)
cfn=(2028)
calls=18661 0x640a -53 
* * 3516090
+5 +1 18661
jump=18661 +32 * 
* * 
+32 * 50061
+4 * 50061
+9 * 50061
jcnd=50061/50061 +7 * 
* * 
+7 * 50061
+4 * 50061
+4 * 50061
+1 * 50061

fn=(1348) Orderbook::Orderbook()
0x7cba 23 1
+4 * 1
+1 * 1
+3 * 1
+4 * 1
+4 * 1
+4 * 1
+3 * 1
cfi=(200)
cfn=(1350) std::map<int, std::__cxx11::list<std::shared_ptr<Order>, std::allocator<std::shared_ptr<Order> > >, std::greater<int>, std::allocator<std::pair<int const, std::__cxx11::list<std::shared_ptr<Order>, std::allocator<std::shared_ptr<Order> > > > > >::map()
calls=1 0x7a86 185 
* * 95
+5 * 1
+4 * 1
+4 * 1
+3 * 1
cfi=(200)
cfn=(1366) std::map<int, std::__cxx11::list<std::shared_ptr<Order>, std::allocator<std::shared_ptr<Order> > >, std::less<int>, std::allocator<std::pair<int const, std::__cxx11::list<std::shared_ptr<Order>, std::allocator<std::shared_ptr<Order> > > > > >::map()
calls=1 0x7b06 185 
* * 95
+5 * 1
+4 * 1
+4 * 1
+3 * 1
cfi=(204)
cfn=(1374) std::unordered_map<unsigned long, Orderbook::OrderEntry, std::hash<unsigned long>, std::equal_to<unsigned long>, std::allocator<std::pair<unsigned long const, Orderbook::OrderEntry> > >::unordered_map()
calls=1 0x7c7a 141 
* * 146
+5 * 1
+1 * 1
+1 * 1

fl=(224)
fn=(1602)
0x136f2 53 2037322
+4 * 2037322
+1 * 2037322
+3 * 2037322
+4 * 2037322
+4 * 2037322
+4 * 2037322
+4 +1 2037322
+4 * 2037322
+3 * 2037322
cfi=(210)
cfn=(1604)
calls=2037322 0x13d31 -5 
* * 14261254
+5 * 2037322
+4 * 2037322
+3 * 2037322
+4 * 2037322
+4 * 2037322
+4 +1 2037322
+1 * 2037322
+1 * 2037322

fn=(1606)
0x12c34 86 1018661
+4 * 1018661
+1 * 1018661
+3 * 1018661
+4 * 1018661
+4 * 1018661
+4 * 1018661
+4 * 1018661
+3 * 1018661
cfi=(209)
cfn=(1608) std::_Sp_counted_ptr_inplace<Order, std::allocator<Order>, (__gnu_cxx::_Lock_policy)2>* std::__to_address<std::_Sp_counted_ptr_inplace<Order, std::allocator<Order>, (__gnu_cxx::_Lock_policy)2> >(std::_Sp_counted_ptr_inplace<Order, std::allocator<Order>, (__gnu_cxx::_Lock_policy)2>*)
calls=1018661 0x1378e +73 
* * 7130627
+5 * 1018661
+1 * 1018661

fn=(1636)
0x12e24 79 1018661
+4 * 1018661
+1 * 1018661
+3 * 1018661
+4 * 1018661
+4 +2 1018661
+4 * 1018661
+8 +1 1018661
+4 +1 1018661
+1 * 1018661

fn=(1852)
0x108d8 53 693089
+4 * 693089
+1 * 693089
+3 * 693089
+4 * 693089
+4 * 693089
+4 * 693089
+4 +1 693089
+4 * 693089
+3 * 693089
cfi=(210)
cfn=(1854)
calls=693089 0x122e5 -5 
* * 4851623
+5 * 693089
+4 * 693089
+3 * 693089
+4 * 693089
+4 * 693089
+4 +1 693089
+1 * 693089
+1 * 693089

fn=(1638)
0x12bf4 71 2037322
+4 * 2037322
+1 * 2037322
+3 * 2037322
+4 * 2037322
+4 +2 2037322
+4 * 2037322
+4 * 2037322
+3 * 2037322
jcnd=1018661/2037322 +33 +2 
* * 
+2 +1 1018661
+4 * 1018661
+4 * 1018661
+4 * 1018661
+3 * 1018661
+5 * 1018661
+3 * 1018661
+3 * 1018661
cfi=(225)
cfn=(2182) std::allocator_traits<std::allocator<std::_Sp_counted_ptr_inplace<Order, std::allocator<Order>, (__gnu_cxx::_Lock_policy)2> > >::deallocate(std::allocator<std::_Sp_counted_ptr_inplace<Order, std::allocator<Order>, (__gnu_cxx::_Lock_policy)2> >&, std::_Sp_counted_ptr_inplace<Order, std::allocator<Order>, (__gnu_cxx::_Lock_policy)2>*, unsigned long)
calls=1018661 0x1372c 495 
* * 153935730
+5 +1 2037322
+1 * 2037322
+1 * 2037322

fn=(1876)
0x109dc 79 693089
+4 * 693089
+1 * 693089
+3 * 693089
+4 * 693089
+4 +2 693089
+4 * 693089
+8 +1 693089
+4 +1 693089
+1 * 693089

fn=(1878)
0x10912 71 693089
+4 * 693089
+1 * 693089
+3 * 693089
+4 * 693089
+4 +2 693089
+4 * 693089
+4 * 693089
+3 * 693089
jcnd=693089/693089 +33 +2 
* * 
+33 +2 693089
+1 * 693089
+1 * 693089

fn=(1588)
0x12bb3 96 1018661
+4 * 1018661
+1 * 1018661
+3 * 1018661
+4 * 1018661
+4 * 1018661
+4 +2 1018661
+4 * 1018661
+5 * 1018661
+3 * 1018661
cfi=(225)
cfn=(1590) std::allocator_traits<std::allocator<std::_Sp_counted_ptr_inplace<Order, std::allocator<Order>, (__gnu_cxx::_Lock_policy)2> > >::allocate(std::allocator<std::_Sp_counted_ptr_inplace<Order, std::allocator<Order>, (__gnu_cxx::_Lock_policy)2> >&, unsigned long)
calls=1018661 0x1368f 463 
* * 131589292
+5 * 1018661
+3 * 1018661
+4 * 1018661
+4 * 1018661
+3 * 1018661
+3 * 1018661
cfn=(1602)
calls=1018661 0x136f2 -45 
* * 25466525
+5 +1 1018661
+4 * 1018661
+1 * 1018661

fl=(200)
fn=(1366)
0x7b06 185 1
+4 * 1
+1 * 1
+3 * 1
+4 * 1
+4 * 1
+4 * 1
+3 * 1
cfi=(201)
cfn=(1368) std::_Rb_tree<int, std::pair<int const, std::__cxx11::list<std::shared_ptr<Order>, std::allocator<std::shared_ptr<Order> > > >, std::_Select1st<std::pair<int const, std::__cxx11::list<std::shared_ptr<Order>, std::allocator<std::shared_ptr<Order> > > > >, std::less<int>, std::allocator<std::pair<int const, std::__cxx11::list<std::shared_ptr<Order>, std::allocator<std::shared_ptr<Order> > > > > >::_Rb_tree()
calls=1 -55 928 
* * 84
+5 * 1
+1 * 1
+1 * 1

fn=(2492) std::map<int, std::__cxx11::list<std::shared_ptr<Order>, std::allocator<std::shared_ptr<Order> > >, std::less<int>, std::allocator<std::pair<int const, std::__cxx11::list<std::shared_ptr<Order>, std::allocator<std::shared_ptr<Order> > > > > >::key_comp() const
0xb13e 1142 397593
+4 * 397593
+1 * 397593
+3 * 397593
+1 * 397593
+4 * 397593
+4 +1 397593
+4 * 397593
+3 * 397593
cfi=(201)
cfn=(2494) std::_Rb_tree<int, std::pair<int const, std::__cxx11::list<std::shared_ptr<Order>, std::allocator<std::shared_ptr<Order> > > >, std::_Select1st<std::pair<int const, std::__cxx11::list<std::shared_ptr<Order>, std::allocator<std::shared_ptr<Order> > > > >, std::less<int>, std::allocator<std::pair<int const, std::__cxx11::list<std::shared_ptr<Order>, std::allocator<std::shared_ptr<Order> > > > > >::key_comp() const
calls=397593 0xdd48 991 
* * 2783151
+5 * 397593
+1 * 397593
+2 * 397593
+4 * 397593
+1 * 397593

fn=(2600)
0x7aa6 302 1
+4 * 1
+1 * 1
+3 * 1
+4 * 1
+4 * 1
+4 * 1
+3 * 1
cfi=(201)
cfn=(2602) std::_Rb_tree<int, std::pair<int const, std::__cxx11::list<std::shared_ptr<Order>, std::allocator<std::shared_ptr<Order> > > >, std::_Select1st<std::pair<int const, std::__cxx11::list<std::shared_ptr<Order>, std::allocator<std::shared_ptr<Order> > > > >, std::greater<int>, std::allocator<std::pair<int const, std::__cxx11::list<std::shared_ptr<Order>, std::allocator<std::shared_ptr<Order> > > > > >::~_Rb_tree()
calls=1 0x9bee 983 
* * 12643191
+5 * 1
+1 * 1
+1 * 1

fn=(2096)
0x8756 465 2189787
+4 * 2189787
+1 * 2189787
+3 * 2189787
+4 * 2189787
+4 +1 2189787
+4 * 2189787
+3 * 2189787
cfi=(201)
cfn=(2098) std::_Rb_tree<int, std::pair<int const, std::__cxx11::list<std::shared_ptr<Order>, std::allocator<std::shared_ptr<Order> > > >, std::_Select1st<std::pair<int const, std::__cxx11::list<std::shared_ptr<Order>, std::allocator<std::shared_ptr<Order> > > > >, std::less<int>, std::allocator<std::pair<int const, std::__cxx11::list<std::shared_ptr<Order>, std::allocator<std::shared_ptr<Order> > > > > >::empty() const
calls=2189787 0xa5ac 1027 
* * 21897870
+5 * 2189787
+1 * 2189787

fn=(2340)
0x8c32 1068 325360
+4 * 325360
+1 * 325360
+3 * 325360
+4 * 325360
+4 * 325360
+4 +1 325360
+4 * 325360
+4 * 325360
+3 * 325360
+3 * 325360
cfi=(201)
cfn=(2342) std::_Rb_tree<int, std::pair<int const, std::__cxx11::list<std::shared_ptr<Order>, std::allocator<std::shared_ptr<Order> > > >, std::_Select1st<std::pair<int const, std::__cxx11::list<std::shared_ptr<Order>, std::allocator<std::shared_ptr<Order> > > > >, std::less<int>, std::allocator<std::pair<int const, std::__cxx11::list<std::shared_ptr<Order>, std::allocator<std::shared_ptr<Order> > > > > >::erase(int const&)
calls=325360 0xab8c 2507 
* * 723636517
+5 * 325360
+1 * 325360

fn=(2434) std::map<int, std::__cxx11::list<std::shared_ptr<Order>, std::allocator<std::shared_ptr<Order> > >, std::greater<int>, std::allocator<std::pair<int const, std::__cxx11::list<std::shared_ptr<Order>, std::allocator<std::shared_ptr<Order> > > > > >::key_comp() const
0xae76 1142 396505
+4 * 396505
+1 * 396505
+3 * 396505
+1 * 396505
+4 * 396505
+4 +1 396505
+4 * 396505
+3 * 396505
cfi=(201)
cfn=(2436) std::_Rb_tree<int, std::pair<int const, std::__cxx11::list<std::shared_ptr<Order>, std::allocator<std::shared_ptr<Order> > > >, std::_Select1st<std::pair<int const, std::__cxx11::list<std::shared_ptr<Order>, std::allocator<std::shared_ptr<Order> > > > >, std::greater<int>, std::allocator<std::pair<int const, std::__cxx11::list<std::shared_ptr<Order>, std::allocator<std::shared_ptr<Order> > > > > >::key_comp() const
calls=396505 0xd580 991 
* * 2775535
+5 * 396505
+1 * 396505
+2 * 396505
+4 * 396505
+1 * 396505

fn=(1708) std::map<int, std::__cxx11::list<std::shared_ptr<Order>, std::allocator<std::shared_ptr<Order> > >, std::less<int>, std::allocator<std::pair<int const, std::__cxx11::list<std::shared_ptr<Order>, std::allocator<std::shared_ptr<Order> > > > > >::end()
0xb120 374 397610
+4 * 397610
+1 * 397610
+3 * 397610
+4 * 397610
+4 +1 397610
+4 * 397610
+3 * 397610
cfi=(201)
cfn=(1710) std::_Rb_tree<int, std::pair<int const, std::__cxx11::list<std::shared_ptr<Order>, std::allocator<std::shared_ptr<Order> > > >, std::_Select1st<std::pair<int const, std::__cxx11::list<std::shared_ptr<Order>, std::allocator<std::shared_ptr<Order> > > > >, std::less<int>, std::allocator<std::pair<int const, std::__cxx11::list<std::shared_ptr<Order>, std::allocator<std::shared_ptr<Order> > > > > >::end()
calls=397610 0xdcf8 1003 
* * 12325910
+5 * 397610
+1 * 397610

fn=(2218) std::map<int, std::__cxx11::list<std::shared_ptr<Order>, std::allocator<std::shared_ptr<Order> > >, std::greater<int>, std::allocator<std::pair<int const, std::__cxx11::list<std::shared_ptr<Order>, std::allocator<std::shared_ptr<Order> > > > > >::end()
0xae32 374 396524
+4 * 396524
+1 * 396524
+3 * 396524
+4 * 396524
+4 +1 396524
+4 * 396524
+3 * 396524
cfi=(201)
cfn=(2220) std::_Rb_tree<int, std::pair<int const, std::__cxx11::list<std::shared_ptr<Order>, std::allocator<std::shared_ptr<Order> > > >, std::_Select1st<std::pair<int const, std::__cxx11::list<std::shared_ptr<Order>, std::allocator<std::shared_ptr<Order> > > > >, std::greater<int>, std::allocator<std::pair<int const, std::__cxx11::list<std::shared_ptr<Order>, std::allocator<std::shared_ptr<Order> > > > > >::end()
calls=396524 0xd530 1003 
* * 12292244
+5 * 396524
+1 * 396524

fn=(2428)
0x92b6 537 50344
+4 * 50344
+1 * 50344
+3 * 50344
+4 * 50344
+4 * 50344
+4 * 50344
+9 * 50344
+4 * 50344
+2 +2 50344
+4 * 50344
+4 * 50344
+3 * 50344
+3 * 50344
cfn=(2206) std::map<int, std::__cxx11::list<std::shared_ptr<Order>, std::allocator<std::shared_ptr<Order> > >, std::greater<int>, std::allocator<std::pair<int const, std::__cxx11::list<std::shared_ptr<Order>, std::allocator<std::shared_ptr<Order> > > > > >::lower_bound(int const&)
calls=50344 0xae08 1258 
* * 43119692
+5 * 50344
+4 +1 50344
+4 * 50344
+3 * 50344
cfn=(2218)
calls=50344 0xae32 374 
* * 2064104
+5 * 50344
+4 * 50344
+4 * 50344
+4 * 50344
+3 * 50344
+3 * 50344
cfi=(201)
cfn=(1712) std::operator==(std::_Rb_tree_iterator<std::pair<int const, std::__cxx11::list<std::shared_ptr<Order>, std::allocator<std::shared_ptr<Order> > > > > const&, std::_Rb_tree_iterator<std::pair<int const, std::__cxx11::list<std::shared_ptr<Order>, std::allocator<std::shared_ptr<Order> > > > > const&)
calls=50344 0xae50 315 
* * 654472
+5 * 50344
+2 * 50344
+2 * 50344
+4 * 50344
+3 * 50344
cfn=(2434)
calls=50344 0xae76 1142 
* * 1057224
+5 * 50344
+4 * 50344
+3 * 50344
cfi=(201)
cfn=(1826)
calls=50344 0x8a48 277 
* * 1963416
+5 * 50344
+3 * 50344
+4 * 50344
+4 * 50344
+3 * 50344
+3 * 50344
cfi=(232)
cfn=(2430)
calls=50344 0xae9c 389 
* * 704816
+5 * 50344
+2 * 50344
jcnd=50344/50344 +9 * 
* * 
+9 * 50344
+5 * 50344
+2 * 50344
jcnd=50344/50344 +17 +2 
* * 
+17 +2 50344
+4 * 50344
+3 * 50344
cfi=(201)
cfn=(1826)
calls=50344 0x8a48 277 
* * 1963416
+5 * 50344
+4 +1 50344
+4 * 50344
+9 * 50344
jcnd=50344/50344 +7 * 
* * 
+7 * 50344
+1 * 50344

fn=(1350)
0x7a86 185 1
+4 * 1
+1 * 1
+3 * 1
+4 * 1
+4 * 1
+4 * 1
+3 * 1
cfi=(201)
cfn=(1352) std::_Rb_tree<int, std::pair<int const, std::__cxx11::list<std::shared_ptr<Order>, std::allocator<std::shared_ptr<Order> > > >, std::_Select1st<std::pair<int const, std::__cxx11::list<std::shared_ptr<Order>, std::allocator<std::shared_ptr<Order> > > > >, std::greater<int>, std::allocator<std::pair<int const, std::__cxx11::list<std::shared_ptr<Order>, std::allocator<std::shared_ptr<Order> > > > > >::_Rb_tree()
calls=1 -55 928 
* * 84
+5 * 1
+1 * 1
+1 * 1

fn=(2092)
0x87dc 465 2189829
+4 * 2189829
+1 * 2189829
+3 * 2189829
+4 * 2189829
+4 +1 2189829
+4 * 2189829
+3 * 2189829
cfi=(201)
cfn=(2094) std::_Rb_tree<int, std::pair<int const, std::__cxx11::list<std::shared_ptr<Order>, std::allocator<std::shared_ptr<Order> > > >, std::_Select1st<std::pair<int const, std::__cxx11::list<std::shared_ptr<Order>, std::allocator<std::shared_ptr<Order> > > > >, std::greater<int>, std::allocator<std::pair<int const, std::__cxx11::list<std::shared_ptr<Order>, std::allocator<std::shared_ptr<Order> > > > > >::empty() const
calls=2189829 0xa63a 1027 
* * 21898290
+5 * 2189829
+1 * 2189829

fn=(2100)
0x8a92 356 1940098
+4 * 1940098
+1 * 1940098
+3 * 1940098
+4 * 1940098
+4 +1 1940098
+4 * 1940098
+3 * 1940098
cfi=(201)
cfn=(1812) std::_Rb_tree<int, std::pair<int const, std::__cxx11::list<std::shared_ptr<Order>, std::allocator<std::shared_ptr<Order> > > >, std::_Select1st<std::pair<int const, std::__cxx11::list<std::shared_ptr<Order>, std::allocator<std::shared_ptr<Order> > > > >, std::less<int>, std::allocator<std::pair<int const, std::__cxx11::list<std::shared_ptr<Order>, std::allocator<std::shared_ptr<Order> > > > > >::begin()
calls=1940098 0xa8de 995 
* * 60143038
+5 * 1940098
+1 * 1940098

fn=(2188)
0x8774 365 249667
+4 * 249667
+1 * 249667
+3 * 249667
+4 * 249667
+4 +1 249667
+4 * 249667
+3 * 249667
cfi=(201)
cfn=(2190) std::_Rb_tree<int, std::pair<int const, std::__cxx11::list<std::shared_ptr<Order>, std::allocator<std::shared_ptr<Order> > > >, std::_Select1st<std::pair<int const, std::__cxx11::list<std::shared_ptr<Order>, std::allocator<std::shared_ptr<Order> > > > >, std::less<int>, std::allocator<std::pair<int const, std::__cxx11::list<std::shared_ptr<Order>, std::allocator<std::shared_ptr<Order> > > > > >::begin() const
calls=249667 0xa5c8 999 
* * 7739677
+5 * 249667
+1 * 249667

fn=(2508)
0x914a 537 50701
+4 * 50701
+1 * 50701
+3 * 50701
+4 * 50701
+4 * 50701
+4 * 50701
+9 * 50701
+4 * 50701
+2 +2 50701
+4 * 50701
+4 * 50701
+3 * 50701
+3 * 50701
cfn=(1694) std::map<int, std::__cxx11::list<std::shared_ptr<Order>, std::allocator<std::shared_ptr<Order> > >, std::less<int>, std::allocator<std::pair<int const, std::__cxx11::list<std::shared_ptr<Order>, std::allocator<std::shared_ptr<Order> > > > > >::lower_bound(int const&)
calls=50701 0xb0f6 1258 
* * 41775948
+5 * 50701
+4 +1 50701
+4 * 50701
+3 * 50701
cfn=(1708)
calls=50701 0xb120 374 
* * 2078741
+5 * 50701
+4 * 50701
+4 * 50701
+4 * 50701
+3 * 50701
+3 * 50701
cfi=(201)
cfn=(1712)
calls=50701 0xae50 315 
* * 659113
+5 * 50701
+2 * 50701
+2 * 50701
+4 * 50701
+3 * 50701
cfn=(2492)
calls=50701 0xb13e 1142 
* * 1064721
+5 * 50701
+4 * 50701
+3 * 50701
cfi=(201)
cfn=(1826)
calls=50701 0x8a48 277 
* * 1977339
+5 * 50701
+3 * 50701
+4 * 50701
+4 * 50701
+3 * 50701
+3 * 50701
cfi=(232)
cfn=(2346)
calls=50701 0xb164 399 
* * 709814
+5 * 50701
+2 * 50701
jcnd=50701/50701 +9 * 
* * 
+9 * 50701
+5 * 50701
+2 * 50701
jcnd=50701/50701 +17 +2 
* * 
+17 +2 50701
+4 * 50701
+3 * 50701
cfi=(201)
cfn=(1826)
calls=50701 0x8a48 277 
* * 1977339
+5 * 50701
+4 +1 50701
+4 * 50701
+9 * 50701
jcnd=50701/50701 +7 * 
* * 
+7 * 50701
+1 * 50701

fn=(2592)
0x7b26 302 1
+4 * 1
+1 * 1
+3 * 1
+4 * 1
+4 * 1
+4 * 1
+3 * 1
cfi=(201)
cfn=(2594) std::_Rb_tree<int, std::pair<int const, std::__cxx11::list<std::shared_ptr<Order>, std::allocator<std::shared_ptr<Order> > > >, std::_Select1st<std::pair<int const, std::__cxx11::list<std::shared_ptr<Order>, std::allocator<std::shared_ptr<Order> > > > >, std::less<int>, std::allocator<std::pair<int const, std::__cxx11::list<std::shared_ptr<Order>, std::allocator<std::shared_ptr<Order> > > > > >::~_Rb_tree()
calls=1 0x9c68 983 
* * 12324192
+5 * 1
+1 * 1
+1 * 1

fn=(1694)
0xb0f6 1258 397610
+4 * 397610
+1 * 397610
+3 * 397610
+4 * 397610
+4 * 397610
+4 +1 397610
+4 * 397610
+4 * 397610
+3 * 397610
+3 * 397610
cfi=(201)
cfn=(1696) std::_Rb_tree<int, std::pair<int const, std::__cxx11::list<std::shared_ptr<Order>, std::allocator<std::shared_ptr<Order> > > >, std::_Select1st<std::pair<int const, std::__cxx11::list<std::shared_ptr<Order>, std::allocator<std::shared_ptr<Order> > > > >, std::less<int>, std::allocator<std::pair<int const, std::__cxx11::list<std::shared_ptr<Order>, std::allocator<std::shared_ptr<Order> > > > > >::lower_bound(int const&)
calls=397610 0xdca8 +10 
* * 296115291
+5 * 397610
+1 * 397610

fn=(2206)
0xae08 1258 396524
+4 * 396524
+1 * 396524
+3 * 396524
+4 * 396524
+4 * 396524
+4 +1 396524
+4 * 396524
+4 * 396524
+3 * 396524
+3 * 396524
cfi=(201)
cfn=(2208) std::_Rb_tree<int, std::pair<int const, std::__cxx11::list<std::shared_ptr<Order>, std::allocator<std::shared_ptr<Order> > > >, std::_Select1st<std::pair<int const, std::__cxx11::list<std::shared_ptr<Order>, std::allocator<std::shared_ptr<Order> > > > >, std::greater<int>, std::allocator<std::pair<int const, std::__cxx11::list<std::shared_ptr<Order>, std::allocator<std::shared_ptr<Order> > > > > >::lower_bound(int const&)
calls=396524 0xd4e0 +10 
* * 308488236
+5 * 396524
+1 * 396524

fn=(2266)
0x8a2a 356 1940085
+4 * 1940085
+1 * 1940085
+3 * 1940085
+4 * 1940085
+4 +1 1940085
+4 * 1940085
+3 * 1940085
cfi=(201)
cfn=(2240) std::_Rb_tree<int, std::pair<int const, std::__cxx11::list<std::shared_ptr<Order>, std::allocator<std::shared_ptr<Order> > > >, std::_Select1st<std::pair<int const, std::__cxx11::list<std::shared_ptr<Order>, std::allocator<std::shared_ptr<Order> > > > >, std::greater<int>, std::allocator<std::pair<int const, std::__cxx11::list<std::shared_ptr<Order>, std::allocator<std::shared_ptr<Order> > > > > >::begin()
calls=1940085 0xa86c 995 
* * 60142635
+5 * 1940085
+1 * 1940085

fn=(2444)
0x8c08 1068 323972
+4 * 323972
+1 * 323972
+3 * 323972
+4 * 323972
+4 * 323972
+4 +1 323972
+4 * 323972
+4 * 323972
+3 * 323972
+3 * 323972
cfi=(201)
cfn=(2446) std::_Rb_tree<int, std::pair<int const, std::__cxx11::list<std::shared_ptr<Order>, std::allocator<std::shared_ptr<Order> > > >, std::_Select1st<std::pair<int const, std::__cxx11::list<std::shared_ptr<Order>, std::allocator<std::shared_ptr<Order> > > > >, std::greater<int>, std::allocator<std::pair<int const, std::__cxx11::list<std::shared_ptr<Order>, std::allocator<std::shared_ptr<Order> > > > > >::erase(int const&)
calls=323972 0xaad0 2507 
* * 741259538
+5 * 323972
+1 * 323972

fn=(2502)
0x87fa 365 249678
+4 * 249678
+1 * 249678
+3 * 249678
+4 * 249678
+4 +1 249678
+4 * 249678
+3 * 249678
cfi=(201)
cfn=(2504) std::_Rb_tree<int, std::pair<int const, std::__cxx11::list<std::shared_ptr<Order>, std::allocator<std::shared_ptr<Order> > > >, std::_Select1st<std::pair<int const, std::__cxx11::list<std::shared_ptr<Order>, std::allocator<std::shared_ptr<Order> > > > >, std::greater<int>, std::allocator<std::pair<int const, std::__cxx11::list<std::shared_ptr<Order>, std::allocator<std::shared_ptr<Order> > > > > >::begin() const
calls=249678 0xa656 999 
* * 7740018
+5 * 249678
+1 * 249678

fn=(1692)
0x8f2e 512 346909
+4 * 346909
+1 * 346909
+3 * 346909
+1 * 346909
+4 * 346909
+4 * 346909
+4 * 346909
+9 * 346909
+4 * 346909
+2 +5 346909
+4 * 346909
+4 * 346909
+3 * 346909
+3 * 346909
cfn=(1694)
calls=346909 0xb0f6 1258 
* * 259508273
+5 * 346909
+4 +2 346909
+4 * 346909
+3 * 346909
cfn=(1708)
calls=346909 0xb120 374 
* * 14223269
+5 * 346909
+4 * 346909
+4 * 346909
+4 * 346909
+3 * 346909
+3 * 346909
cfi=(201)
cfn=(1712)
calls=346909 0xae50 315 
* * 4509817
+5 * 346909
+2 * 346909
jcnd=17/346909 +52 * 
* * 
+2 * 346892
+4 * 346892
+3 * 346892
cfn=(2492)
calls=346892 0xb13e 1142 
* * 7284732
+5 * 346892
+4 * 346892
+3 * 346892
cfi=(201)
cfn=(1826)
calls=346892 0x8a48 277 
* * 13528788
+5 * 346892
+3 * 346892
+4 * 346892
+4 * 346892
+3 * 346892
+3 * 346892
cfi=(232)
cfn=(2346)
calls=346892 0xb164 399 
* * 4856488
+5 * 346892
+2 * 346892
jcnd=21469/346892 +9 * 
* * 
+2 * 325440
+5 * 325440
jump=325440 +7 * 
* * 
+2 * 21469
+5 * 21469
+2 * 21469
jcnd=21469/21469 +95 +4 
* * 
-2 * 325440
+2 * 325440
+2 +1 325440
+4 +1 325440
+4 * 325440
+3 * 325440
cfi=(210)
cfn=(1714)
calls=325440 0xaec3 104 
* * 2278080
+5 * 325440
+3 -1 325440
+4 * 325440
+3 * 325440
+3 * 325440
cfi=(231)
cfn=(1716)
calls=325440 0xaed5 1617 
* * 30916800
+5 * 325440
+4 * 325440
+4 * 325440
+3 * 325440
+3 * 325440
cfi=(201)
cfn=(1726) std::_Rb_tree_const_iterator<std::pair<int const, std::__cxx11::list<std::shared_ptr<Order>, std::allocator<std::shared_ptr<Order> > > > >::_Rb_tree_const_iterator(std::_Rb_tree_iterator<std::pair<int const, std::__cxx11::list<std::shared_ptr<Order>, std::allocator<std::shared_ptr<Order> > > > > const&)
calls=325440 0xaf0e 350 
* * 3905280
+5 * 325440
+4 * 325440
+4 * 325440
+4 * 325440
+3 * 325440
+3 * 325440
+7 * 325440
+3 * 325440
+3 * 325440
cfi=(201)
cfn=(1728) std::_Rb_tree_iterator<std::pair<int const, std::__cxx11::list<std::shared_ptr<Order>, std::allocator<std::shared_ptr<Order> > > > > std::_Rb_tree<int, std::pair<int const, std::__cxx11::list<std::shared_ptr<Order>, std::allocator<std::shared_ptr<Order> > > >, std::_Select1st<std::pair<int const, std::__cxx11::list<std::shared_ptr<Order>, std::allocator<std::shared_ptr<Order> > > > >, std::less<int>, std::allocator<std::pair<int const, std::__cxx11::list<std::shared_ptr<Order>, std::allocator<std::shared_ptr<Order> > > > > >::_M_emplace_hint_unique<std::piecewise_construct_t const&, std::tuple<int&&>, std::tuple<> >(std::_Rb_tree_const_iterator<std::pair<int const, std::__cxx11::list<std::shared_ptr<Order>, std::allocator<std::shared_ptr<Order> > > > >, std::piecewise_construct_t const&, std::tuple<int&&>&&, std::tuple<>&&)
calls=325440 0xb18c 2428 
* * 378362230
+5 * 325440
+4 +3 325440
+4 * 325440
+3 * 325440
cfi=(201)
cfn=(1826)
calls=325440 0x8a48 277 
* * 12692160
-7 * 21469
+4 * 21469
+3 * 21469
cfi=(201)
cfn=(1826)
calls=21469 0x8a48 277 
* * 837291
+5 * 346909
+4 +1 346909
+4 * 346909
+9 * 346909
jcnd=346909/346909 +7 * 
* * 
+7 * 346909
+4 * 346909
+1 * 346909

fn=(2204)
0x8d22 512 346180
+4 * 346180
+1 * 346180
+3 * 346180
+1 * 346180
+4 * 346180
+4 * 346180
+4 * 346180
+9 * 346180
+4 * 346180
+2 +5 346180
+4 * 346180
+4 * 346180
+3 * 346180
+3 * 346180
cfn=(2206)
calls=346180 0xae08 1258 
* * 270523356
+5 * 346180
+4 +2 346180
+4 * 346180
+3 * 346180
cfn=(2218)
calls=346180 0xae32 374 
* * 14193380
+5 * 346180
+4 * 346180
+4 * 346180
+4 * 346180
+3 * 346180
+3 * 346180
cfi=(201)
cfn=(1712)
calls=346180 0xae50 315 
* * 4500340
+5 * 346180
+2 * 346180
jcnd=19/346180 +52 * 
* * 
+2 * 346161
+4 * 346161
+3 * 346161
cfn=(2434)
calls=346161 0xae76 1142 
* * 7269381
+5 * 346161
+4 * 346161
+3 * 346161
cfi=(201)
cfn=(1826)
calls=346161 0x8a48 277 
* * 13500279
+5 * 346161
+3 * 346161
+4 * 346161
+4 * 346161
+3 * 346161
+3 * 346161
cfi=(232)
cfn=(2430)
calls=346161 0xae9c 389 
* * 4846254
+5 * 346161
+2 * 346161
jcnd=22119/346161 +9 * 
* * 
+2 * 324061
+5 * 324061
jump=324061 +7 * 
* * 
+2 * 22119
+5 * 22119
+2 * 22119
jcnd=22119/22119 +95 +4 
* * 
-2 * 324061
+2 * 324061
+2 +1 324061
+4 +1 324061
+4 * 324061
+3 * 324061
cfi=(210)
cfn=(1714)
calls=324061 0xaec3 104 
* * 2268427
+5 * 324061
+3 -1 324061
+4 * 324061
+3 * 324061
+3 * 324061
cfi=(231)
cfn=(1716)
calls=324061 0xaed5 1617 
* * 30785795
+5 * 324061
+4 * 324061
+4 * 324061
+3 * 324061
+3 * 324061
cfi=(201)
cfn=(1726)
calls=324061 0xaf0e 350 
* * 3888732
+5 * 324061
+4 * 324061
+4 * 324061
+4 * 324061
+3 * 324061
+3 * 324061
+7 * 324061
+3 * 324061
+3 * 324061
cfi=(201)
cfn=(2222) std::_Rb_tree_iterator<std::pair<int const, std::__cxx11::list<std::shared_ptr<Order>, std::allocator<std::shared_ptr<Order> > > > > std::_Rb_tree<int, std::pair<int const, std::__cxx11::list<std::shared_ptr<Order>, std::allocator<std::shared_ptr<Order> > > >, std::_Select1st<std::pair<int const, std::__cxx11::list<std::shared_ptr<Order>, std::allocator<std::shared_ptr<Order> > > > >, std::greater<int>, std::allocator<std::pair<int const, std::__cxx11::list<std::shared_ptr<Order>, std::allocator<std::shared_ptr<Order> > > > > >::_M_emplace_hint_unique<std::piecewise_construct_t const&, std::tuple<int&&>, std::tuple<> >(std::_Rb_tree_const_iterator<std::pair<int const, std::__cxx11::list<std::shared_ptr<Order>, std::allocator<std::shared_ptr<Order> > > > >, std::piecewise_construct_t const&, std::tuple<int&&>&&, std::tuple<>&&)
calls=324061 0xaf30 2428 
* * 376807770
+5 * 324061
+4 +3 324061
+4 * 324061
+3 * 324061
cfi=(201)
cfn=(1826)
calls=324061 0x8a48 277 
* * 12638379
-7 * 22119
+4 * 22119
+3 * 22119
cfi=(201)
cfn=(1826)
calls=22119 0x8a48 277 
* * 862641
+5 * 346180
+4 +1 346180
+4 * 346180
+9 * 346180
jcnd=346180/346180 +7 * 
* * 
+7 * 346180
+4 * 346180
+1 * 346180

fl=(216)
fn=(1450)
0x57c0 3420 8544945
+4 * 8544945
+1 * 8544945
+3 * 8544945
+5 * 8544945
+1 * 8544945

fl=(212) /usr/include/c++/11/bits/basic_string.tcc
fn=(1432) void std::__cxx11::basic_string<char, std::char_traits<char>, std::allocator<char> >::_M_construct<char const*>(char const*, char const*, std::forward_iterator_tag)
0xba3c 206 2
+4 * 2
+1 * 2
+3 * 2
+4 * 2
+4 * 2
+4 * 2
+4 * 2
+9 * 2
+4 * 2
+2 +5 2
+4 * 2
+3 * 2
cfi=(213)
cfn=(1434)
calls=2 0xeb93 -59 
* * 16
+5 * 2
+2 * 2
jcnd=2/2 +19 * 
* * 
+19 * 2
+5 * 2
+2 * 2
jcnd=2/2 +17 +4 
* * 
+17 +4 2
+4 * 2
+4 * 2
+3 * 2
+3 * 2
cfi=(214) /usr/include/c++/11/bits/stl_iterator_base_funcs.h
cfn=(1436) std::iterator_traits<char const*>::difference_type std::distance<char const*>(char const*, char const*)
calls=2 0xba06 -77 
* * 62
+5 * 2
+4 +2 2
+4 * 2
+4 * 2
jcnd=2/2 +63 +8 
* * 
+63 +8 2
+4 * 2
+3 * 2
cfi=(208)
cfn=(1442) std::__cxx11::basic_string<char, std::char_traits<char>, std::allocator<char> >::_M_data() const
calls=2 0x9e30 -31 
* * 16
+5 * 2
+3 * 2
+4 * 2
+4 * 2
+3 * 2
+3 * 2
cfi=(208)
cfn=(1444) std::__cxx11::basic_string<char, std::char_traits<char>, std::allocator<char> >::_S_copy_chars(char*, char const*, char const*)
calls=2 0xebd1 404 
* * 164
+5 +7 2
+4 * 2
+4 * 2
+3 * 2
+3 * 2
cfi=(208)
cfn=(1456) std::__cxx11::basic_string<char, std::char_traits<char>, std::allocator<char> >::_M_set_length(unsigned long)
calls=2 0xa08a -10 
* * 122
+5 +1 2
+1 * 2
+4 * 2
+9 * 2
jcnd=2/2 +7 * 
* * 
+7 * 2
+1 * 2

fl=(178)
fn=(2698) 0x0000000000004770
0x4770 0 1
+7 0 1
+7 0 1
+3 0 1
jcnd=1/1 +23 0 
* 0 
+23 0 1

fn=(810)
0x4740 0 1
+4 0 1
+2 0 1
+3 0 1
+1 0 1
+3 0 1
+4 0 1
+1 0 1
+1 0 1
+3 0 1
+2 0 1
+7 0 1
cob=(3)
cfi=(179) ./csu/../csu/libc-start.c
cfn=(812) __libc_start_main@@GLIBC_2.34
calls=1 0x29dc0 242 
* 0 12116466650

fn=(818) 0x0000000000004820
0x47a0 0 1
+7 0 1
+7 0 1
+3 0 1
+3 0 1
+4 0 1
+4 0 1
+3 0 1
+3 0 1
jcnd=1/1 +22 0 
* 0 
+22 0 1
+72 0 1
+4 0 1
jump=1 0x47a0 0 
* 0 

fn=(2682)
0x47e0 0 1
+4 0 1
+7 0 1
+2 0 1
+1 0 1
+8 0 1
+3 0 1
+2 0 1
+7 0 1
cob=(2)
cfi=(51)
cfn=(2688) 0x000000000010c3b0
calls=1 0x10c3b0 0 
* 0 121
+5 0 1
cfn=(2698)
calls=1 0x4770 0 
* 0 5
+5 0 1
+7 0 1
+1 0 1

fl=(180) /home/thanish/Desktop/Orderbook/OrderbookTest.cpp
fn=(1550) getRandomNumber2()
0x5167 7 2050061
+4 * 2050061
+1 * 2050061
+3 * 2050061
+2 * 2050061
+1 +2 2050061
+7 * 2050061
+2 * 2050061
+3 * 2050061
+2 * 2050061
jcnd=2050060/2050061 +97 +2 
* * 
+2 * 1
+7 * 1
+3 * 1
cob=(2)
cfi=(51)
cfn=(1402) 0x000000000010c720
calls=1 0x10c720 -9 
* * 19
+5 * 1
+2 * 1
+3 * 1
+2 * 1
+2 * 1
+6 * 1
+7 * 1
+3 * 1
cfi=(207)
cfn=(1406)
calls=1 0x7946 1618 
* * 647
+5 * 1
+7 * 1
+3 * 1
+7 * 1
+3 * 1
+7 * 1
+3 * 1
cob=(2)
cfi=(51)
cfn=(1330) 0x000000000010c530
calls=1 0x10c530 -9 
* * 77
+5 * 1
+7 * 1
+3 * 1
cob=(2)
cfi=(51)
cfn=(1504) 0x000000000010c4a0
calls=1 0x10c4a0 -9 
* * 8
+5 +2 2050061
+7 * 2050061
+2 * 2050061
+3 * 2050061
+2 * 2050061
jcnd=2050060/2050061 +82 +2 
* * 
+2 * 1
+7 * 1
+3 * 1
cob=(2)
cfi=(51)
cfn=(1402)
calls=1 0x10c720 -11 
* * 19
+5 * 1
+2 * 1
+3 * 1
+2 * 1
+2 * 1
+6 * 1
+7 * 1
+3 * 1
cfi=(207)
cfn=(1508)
calls=1 0x7a28 1647 
* * 46
+5 * 1
+2 * 1
+3 * 1
+7 * 1
+3 * 1
cfi=(207)
cfn=(1520)
calls=1 0x9ac0 530 
* * 48027
+5 * 1
+7 * 1
+3 * 1
cob=(2)
cfi=(51)
cfn=(1504)
calls=1 0x10c4a0 -11 
* * 8
+5 +2 2050061
+7 * 2050061
+2 * 2050061
+3 * 2050061
+2 * 2050061
jcnd=2050060/2050061 +72 +2 
* * 
+2 * 1
+7 * 1
+3 * 1
cob=(2)
cfi=(51)
cfn=(1402)
calls=1 0x10c720 -13 
* * 19
+5 * 1
+2 * 1
+3 * 1
+2 * 1
+2 * 1
+6 * 1
+5 * 1
+5 * 1
+7 * 1
+3 * 1
cfi=(220) /usr/include/c++/11/bits/uniform_int_dist.h
cfn=(1552) std::uniform_int_distribution<int>::uniform_int_distribution(int, int)
calls=1 0x9aea 131 
* * 31
+5 * 1
+7 * 1
+3 * 1
cob=(2)
cfi=(51)
cfn=(1504)
calls=1 0x10c4a0 -13 
* * 8
+5 +2 2050061
+7 * 2050061
+3 * 2050061
+7 * 2050061
+3 * 2050061
cfi=(220)
cfn=(1556) int std::uniform_int_distribution<int>::operator()<std::mersenne_twister_engine<unsigned long, 32ul, 624ul, 397ul, 31ul, 2567483615ul, 11ul, 4294967295ul, 7ul, 2636928640ul, 15ul, 4022730752ul, 18ul, 1812433253ul> >(std::mersenne_twister_engine<unsigned long, 32ul, 624ul, 397ul, 31ul, 2567483615ul, 11ul, 4294967295ul, 7ul, 2636928640ul, 15ul, 4022730752ul, 18ul, 1812433253ul>&)
calls=2050061 0x9b18 192 
* * 370090232
+5 * 2050061
jump=2050061 0x5324 +1 
* * 
0x5324 +1 2050061
+1 * 2050061
+2 * 2050061
+1 * 2050061

fn=(1400) getRandomNumber1000()
0x5329 18 4100122
+4 * 4100122
+1 * 4100122
+3 * 4100122
+2 * 4100122
+1 +2 4100122
+7 * 4100122
+2 * 4100122
+3 * 4100122
+2 * 4100122
jcnd=4100121/4100122 +97 +2 
* * 
+2 * 1
+7 * 1
+3 * 1
cob=(2)
cfi=(51)
cfn=(1402)
calls=1 0x10c720 -20 
* * 19
+5 * 1
+2 * 1
+3 * 1
+2 * 1
+2 * 1
+6 * 1
+7 * 1
+3 * 1
cfi=(207)
cfn=(1406)
calls=1 0x7946 1618 
* * 3305
+5 * 1
+7 * 1
+3 * 1
+7 * 1
+3 * 1
+7 * 1
+3 * 1
cob=(2)
cfi=(51)
cfn=(1330)
calls=1 0x10c530 -20 
* * 77
+5 * 1
+7 * 1
+3 * 1
cob=(2)
cfi=(51)
cfn=(1504)
calls=1 0x10c4a0 -20 
* * 8
+5 +2 4100122
+7 * 4100122
+2 * 4100122
+3 * 4100122
+2 * 4100122
jcnd=4100121/4100122 +82 +2 
* * 
+2 * 1
+7 * 1
+3 * 1
cob=(2)
cfi=(51)
cfn=(1402)
calls=1 0x10c720 -22 
* * 19
+5 * 1
+2 * 1
+3 * 1
+2 * 1
+2 * 1
+6 * 1
+7 * 1
+3 * 1
cfi=(207)
cfn=(1508)
calls=1 0x7a28 1647 
* * 46
+5 * 1
+2 * 1
+3 * 1
+7 * 1
+3 * 1
cfi=(207)
cfn=(1520)
calls=1 0x9ac0 530 
* * 48027
+5 * 1
+7 * 1
+3 * 1
cob=(2)
cfi=(51)
cfn=(1504)
calls=1 0x10c4a0 -22 
* * 8
+5 +2 4100122
+7 * 4100122
+2 * 4100122
+3 * 4100122
+2 * 4100122
jcnd=4100121/4100122 +72 +2 
* * 
+2 * 1
+7 * 1
+3 * 1
cob=(2)
cfi=(51)
cfn=(1402)
calls=1 0x10c720 -24 
* * 19
+5 * 1
+2 * 1
+3 * 1
+2 * 1
+2 * 1
+6 * 1
+5 * 1
+5 * 1
+7 * 1
+3 * 1
cfi=(220)
cfn=(1532) std::uniform_int_distribution<unsigned int>::uniform_int_distribution(unsigned int, unsigned int)
calls=1 0x9b46 131 
* * 31
+5 * 1
+7 * 1
+3 * 1
cob=(2)
cfi=(51)
cfn=(1504)
calls=1 0x10c4a0 -24 
* * 8
+5 +2 4100122
+7 * 4100122
+3 * 4100122
+7 * 4100122
+3 * 4100122
cfi=(220)
cfn=(1536) unsigned int std::uniform_int_distribution<unsigned int>::operator()<std::mersenne_twister_engine<unsigned long, 32ul, 624ul, 397ul, 31ul, 2567483615ul, 11ul, 4294967295ul, 7ul, 2636928640ul, 15ul, 4022730752ul, 18ul, 1812433253ul> >(std::mersenne_twister_engine<unsigned long, 32ul, 624ul, 397ul, 31ul, 2567483615ul, 11ul, 4294967295ul, 7ul, 2636928640ul, 15ul, 4022730752ul, 18ul, 1812433253ul>&)
calls=4100122 0x9b74 192 
* * 740154901
+5 * 4100122
jump=4100122 0x54e6 +1 
* * 
0x54e6 +1 4100122
+1 * 4100122
+2 * 4100122
+1 * 4100122

fn=(1346) main
0x5696 57 1
+4 * 1
+1 * 1
+3 * 1
+1 * 1
+7 * 1
+9 * 1
+4 * 1
+2 +2 1
+7 * 1
+3 * 1
cfi=(199)
cfn=(1348)
calls=1 0x7cba -36 
* * 355
+5 +3 1
+10 +4 1
+10 * 1
jump=1 +24 * 
* * 
+2 +1 1000000
+7 * 1000000
+3 * 1000000
cfn=(1398) randomOrder(Orderbook&)
calls=1000000 0x54eb -38 
* * 12068579687
+5 -1 1000000
+7 * 1000000
+6 * 1000000
+6 * 1000000
jcnd=999999/1000000 -34 +1 
* * 
-12 * 1
+6 * 1
+6 * 1
jcnd=1/1 -34 +1 
* * 
+2 +17 1
+5 +2 1
+7 * 1
+3 * 1
cfi=(199)
cfn=(2576)
calls=1 0x7cfa -62 
* * 40770723
+5 * 1
+2 * 1
+4 * 1
+9 * 1
jcnd=1/1 +42 * 
* * 
+42 * 1
+4 * 1
+1 * 1

fn=(1398)
0x54eb 29 1000000
+4 * 1000000
+1 * 1000000
+3 * 1000000
+2 * 1000000
+2 * 1000000
+2 * 1000000
+1 * 1000000
+4 * 1000000
+7 * 1000000
+9 * 1000000
+4 * 1000000
+2 +9 1000000
cfn=(1400)
calls=1000000 0x5329 -20 
* * 243919644
+5 -5 1000000
+3 * 1000000
cfn=(1400)
calls=1000000 0x5329 -15 
* * 178000000
+5 * 1000000
+3 +3 1000000
cfn=(1550)
calls=1000000 0x5167 -29 
* * 211309044
+5 * 1000000
+2 * 1000000
+3 -3 1000000
+4 * 1000000
+7 * 1000000
+4 * 1000000
+7 +1 1000000
cfn=(1550)
calls=1000000 0x5167 -27 
* * 209777445
+5 * 1000000
+2 * 1000000
+3 -1 1000000
+3 * 1000000
+4 * 1000000
+3 * 1000000
+3 * 1000000
+3 * 1000000
+3 * 1000000
+3 * 1000000
cfi=(221)
cfn=(1566)
calls=1000000 0x60c8 -17 
* * 30000000
+5 * 1000000
+4 * 1000000
+4 * 1000000
+3 * 1000000
+3 * 1000000
cfi=(222)
cfn=(1568) std::shared_ptr<Order> std::make_shared<Order, Order>(Order&&)
calls=1000000 0x9920 875 
* * 805303404
+5 * 1000000
+4 * 1000000
+4 * 1000000
+7 * 1000000
+3 * 1000000
+3 * 1000000
cfi=(199)
cfn=(1644)
calls=1000000 0x6df6 +86 
* * 8588388704
+5 * 1000000
+4 * 1000000
+3 * 1000000
cfi=(237)
cfn=(2116) std::vector<Trade, std::allocator<Trade> >::~vector()
calls=1000000 0x88a6 678 
* * 274137949
+5 * 1000000
+4 * 1000000
+3 * 1000000
cfi=(222)
cfn=(2028)
calls=1000000 0x640a +89 
* * 363049354
+5 +8 1000000
cfn=(1400)
calls=1000000 0x5329 -23 
* * 242120412
+5 * 1000000
+3 * 1000000
+3 * 1000000
+2 * 1000000
jcnd=949939/1000000 0x5628 +9 
* * 
+2 +5 50061
cfn=(1400)
calls=50061 0x5329 -28 
* * 8910858
+5 -4 50061
+3 * 50061
cfn=(1400)
calls=50061 0x5329 -24 
* * 12259270
+5 * 50061
+2 +2 50061
cfn=(1550)
calls=50061 0x5167 -37 
* * 10554538
+5 * 50061
+2 * 50061
+3 -2 50061
+3 * 50061
+7 * 50061
+4 * 50061
+4 * 50061
+3 * 50061
+2 * 50061
+3 * 50061
cfi=(244)
cfn=(2512)
calls=50061 0x6348 -28 
* * 1151403
+5 * 50061
+4 * 50061
+7 * 50061
+4 * 50061
+3 * 50061
+3 * 50061
+3 * 50061
+3 * 50061
+3 * 50061
cfi=(199)
cfn=(2514)
calls=50061 0x72e6 167 
* * 369313564
+5 * 50061
+4 * 50061
+4 * 50061
+3 * 50061
cfi=(237)
cfn=(2116)
calls=50061 0x88a6 678 
* * 10342731
+5 +8 1000000
cfn=(1400)
calls=1000000 0x5329 -32 
* * 178000000
+5 * 1000000
+3 * 1000000
+3 * 1000000
+2 * 1000000
jcnd=901086/1000000 +63 +4 
* * 
+2 +1 98914
+7 * 98914
+4 * 98914
+7 * 98914
+3 * 98914
+3 * 98914
cfi=(199)
cfn=(2418)
calls=98914 0x7130 +97 
* * 257947261
+5 +3 98914
jump=98914 +32 * 
* * 
+32 * 1000000
+1 * 1000000
+4 * 1000000
+9 * 1000000
jcnd=1000000/1000000 +7 * 
* * 
+7 * 1000000
+4 * 1000000
+1 * 1000000
+2 * 1000000
+2 * 1000000
+2 * 1000000
+1 * 1000000

fn=(826) __static_initialization_and_destruction_0(int, int)
0x5751 85 1
+4 * 1
+1 * 1
+3 * 1
+4 * 1
+3 * 1
+3 * 1
+4 * 1
+2 * 1
+7 * 1
fi=(181) /usr/include/c++/11/iostream
+2 -11 1
+7 * 1
+3 * 1
cob=(2)
cfi=(51)
cfn=(830) 0x000000000010c6a0
calls=1 0x10c6a0 -74 
* * 103165
+5 * 1
+7 * 1
+3 * 1
+7 * 1
+3 * 1
+7 * 1
+3 * 1
cob=(2)
cfi=(51)
cfn=(1330)
calls=1 0x10c530 -74 
* * 77
fe=(180)
+5 +11 1
+1 * 1
+1 * 1

fn=(824) _GLOBAL__sub_I__Z7makeRedNSt7__cxx1112basic_stringIcSt11char_traitsIcESaIcEEE
0x57a7 85 1
+4 * 1
+1 * 1
+3 * 1
+5 * 1
+5 * 1
cfn=(826)
calls=1 0x5751 * 
* * 103265
+5 * 1
+1 * 1

fl=(201)
fn=(1364) std::_Rb_tree_header::_M_reset()
0x5834 206 22
+4 * 22
+1 * 22
+3 * 22
+4 +2 22
+4 * 22
+8 +1 22
+4 * 22
+4 * 22
+4 +1 22
+4 * 22
+4 * 22
+4 +1 22
+4 * 22
+8 +1 22
+1 * 22
+1 * 22

fn=(1702) std::_Rb_tree<int, std::pair<int const, std::__cxx11::list<std::shared_ptr<Order>, std::allocator<std::shared_ptr<Order> > > >, std::_Select1st<std::pair<int const, std::__cxx11::list<std::shared_ptr<Order>, std::allocator<std::shared_ptr<Order> > > > >, std::less<int>, std::allocator<std::pair<int const, std::__cxx11::list<std::shared_ptr<Order>, std::allocator<std::shared_ptr<Order> > > > > >::_M_mbegin() const
0xeeb8 734 722982
+4 * 722982
+1 * 722982
+3 * 722982
+4 +1 722982
+4 * 722982
+4 * 722982
+1 * 722982

fn=(1704) std::_Rb_tree<int, std::pair<int const, std::__cxx11::list<std::shared_ptr<Order>, std::allocator<std::shared_ptr<Order> > > >, std::_Select1st<std::pair<int const, std::__cxx11::list<std::shared_ptr<Order>, std::allocator<std::shared_ptr<Order> > > > >, std::less<int>, std::allocator<std::pair<int const, std::__cxx11::list<std::shared_ptr<Order>, std::allocator<std::shared_ptr<Order> > > > > >::_M_lower_bound(std::_Rb_tree_node<std::pair<int const, std::__cxx11::list<std::shared_ptr<Order>, std::allocator<std::shared_ptr<Order> > > > >*, std::_Rb_tree_node_base*, int const&)
0xfe94 1900 722970
+4 * 722970
+1 * 722970
+3 * 722970
+1 * 722970
+4 * 722970
+4 * 722970
+4 * 722970
+4 * 722970
+4 * 722970
+9 * 722970
+4 * 722970
+2 +4 722970
jump=722970 +88 * 
* * 
+2 +1 2593646
+4 * 2593646
+4 * 2593646
+3 * 2593646
cfn=(1794) std::_Rb_tree<int, std::pair<int const, std::__cxx11::list<std::shared_ptr<Order>, std::allocator<std::shared_ptr<Order> > > >, std::_Select1st<std::pair<int const, std::__cxx11::list<std::shared_ptr<Order>, std::allocator<std::shared_ptr<Order> > > > >, std::less<int>, std::allocator<std::pair<int const, std::__cxx11::list<std::shared_ptr<Order>, std::allocator<std::shared_ptr<Order> > > > > >::_S_key(std::_Rb_tree_node<std::pair<int const, std::__cxx11::list<std::shared_ptr<Order>, std::allocator<std::shared_ptr<Order> > > > > const*)
calls=2593646 0xe180 757 
* * 147837822
+5 * 2593646
+3 * 2593646
+4 * 2593646
+3 * 2593646
+3 * 2593646
+3 * 2593646
cfi=(232)
cfn=(2346)
calls=2593646 0xb164 399 
* * 36311044
+5 * 2593646
+3 * 2593646
+2 * 2593646
jcnd=191403/2593646 +28 +3 
* * 
+2 +1 2402243
+4 * 2402243
+4 * 2402243
+4 * 2402243
+3 * 2402243
cfn=(2348) std::_Rb_tree<int, std::pair<int const, std::__cxx11::list<std::shared_ptr<Order>, std::allocator<std::shared_ptr<Order> > > >, std::_Select1st<std::pair<int const, std::__cxx11::list<std::shared_ptr<Order>, std::allocator<std::shared_ptr<Order> > > > >, std::less<int>, std::allocator<std::pair<int const, std::__cxx11::list<std::shared_ptr<Order>, std::allocator<std::shared_ptr<Order> > > > > >::_S_left(std::_Rb_tree_node_base*)
calls=2402243 0xeea2 779 
* * 19217944
+5 * 2402243
+4 * 2402243
jump=2402243 +18 -2 
* * 
+2 +2 191403
+4 * 191403
+3 * 191403
cfn=(2350) std::_Rb_tree<int, std::pair<int const, std::__cxx11::list<std::shared_ptr<Order>, std::allocator<std::shared_ptr<Order> > > >, std::_Select1st<std::pair<int const, std::__cxx11::list<std::shared_ptr<Order>, std::allocator<std::shared_ptr<Order> > > > >, std::less<int>, std::allocator<std::pair<int const, std::__cxx11::list<std::shared_ptr<Order>, std::allocator<std::shared_ptr<Order> > > > > >::_S_right(std::_Rb_tree_node_base*)
calls=191403 0xee8c 787 
* * 1531224
+5 * 191403
+4 -4 191403
+5 * 191403
jcnd=132624/191403 -91 +1 
* * 
-5 * 3125213
+5 * 3125213
jcnd=2461022/3125213 -91 +1 
* * 
+2 +5 722970
+4 * 722970
+4 * 722970
+3 * 722970
+3 * 722970
cfn=(1706) std::_Rb_tree_iterator<std::pair<int const, std::__cxx11::list<std::shared_ptr<Order>, std::allocator<std::shared_ptr<Order> > > > >::_Rb_tree_iterator(std::_Rb_tree_node_base*)
calls=722970 0xc974 273 
* * 7952670
+5 * 722970
+4 +1 722970
+4 * 722970
+9 * 722970
jcnd=722970/722970 +7 * 
* * 
+7 * 722970
+4 * 722970
+1 * 722970

fn=(1750) void std::_Rb_tree<int, std::pair<int const, std::__cxx11::list<std::shared_ptr<Order>, std::allocator<std::shared_ptr<Order> > > >, std::_Select1st<std::pair<int const, std::__cxx11::list<std::shared_ptr<Order>, std::allocator<std::shared_ptr<Order> > > > >, std::less<int>, std::allocator<std::pair<int const, std::__cxx11::list<std::shared_ptr<Order>, std::allocator<std::shared_ptr<Order> > > > > >::_M_construct_node<std::piecewise_construct_t const&, std::tuple<int&&>, std::tuple<> >(std::_Rb_tree_node<std::pair<int const, std::__cxx11::list<std::shared_ptr<Order>, std::allocator<std::shared_ptr<Order> > > > >*, std::piecewise_construct_t const&, std::tuple<int&&>&&, std::tuple<>&&)
0x10a2a 590 325440
+4 * 325440
+1 * 325440
+3 * 325440
+2 * 325440
+2 * 325440
+2 * 325440
+1 * 325440
+4 * 325440
+4 * 325440
+4 * 325440
+4 * 325440
+4 * 325440
+4 +4 325440
+4 * 325440
+3 * 325440
+5 * 325440
cfi=(226)
cfn=(1614)
calls=325440 0x57cf 175 
* * 2603520
+5 +1 325440
+4 * 325440
+3 * 325440
cfi=(210)
cfn=(1730)
calls=325440 0xd5eb 77 
* * 2278080
+5 * 325440
+3 * 325440
+4 * 325440
+3 * 325440
cfi=(210)
cfn=(1732)
calls=325440 0xd5d9 77 
* * 2278080
+5 * 325440
+3 * 325440
+4 * 325440
+3 * 325440
cfi=(210)
cfn=(1734)
calls=325440 0xd5c7 77 
* * 2278080
+5 * 325440
+3 * 325440
+4 * 325440
+3 * 325440
cfn=(1752) std::_Rb_tree_node<std::pair<int const, std::__cxx11::list<std::shared_ptr<Order>, std::allocator<std::shared_ptr<Order> > > > >::_M_valptr()
calls=325440 0xa8bc 234 
* * 9112320
+5 * 325440
+3 * 325440
+4 * 325440
+3 * 325440
cfn=(1740) std::_Rb_tree<int, std::pair<int const, std::__cxx11::list<std::shared_ptr<Order>, std::allocator<std::shared_ptr<Order> > > >, std::_Select1st<std::pair<int const, std::__cxx11::list<std::shared_ptr<Order>, std::allocator<std::shared_ptr<Order> > > > >, std::less<int>, std::allocator<std::pair<int const, std::__cxx11::list<std::shared_ptr<Order>, std::allocator<std::shared_ptr<Order> > > > > >::_M_get_Node_allocator()
calls=325440 0x122f8 -48 
* * 2278080
+5 * 325440
+3 * 325440
+3 * 325440
+3 * 325440
+3 * 325440
+3 * 325440
cfi=(225)
cfn=(1758) void std::allocator_traits<std::allocator<std::_Rb_tree_node<std::pair<int const, std::__cxx11::list<std::shared_ptr<Order>, std::allocator<std::shared_ptr<Order> > > > > > >::construct<std::pair<int const, std::__cxx11::list<std::shared_ptr<Order>, std::allocator<std::shared_ptr<Order> > > >, std::piecewise_construct_t const&, std::tuple<int&&>, std::tuple<> >(std::allocator<std::_Rb_tree_node<std::pair<int const, std::__cxx11::list<std::shared_ptr<Order>, std::allocator<std::shared_ptr<Order> > > > > >&, std::pair<int const, std::__cxx11::list<std::shared_ptr<Order>, std::allocator<std::shared_ptr<Order> > > >*, std::piecewise_construct_t const&, std::tuple<int&&>&&, std::tuple<>&&)
calls=325440 0x12140 -84 
* * 105442560
+5 +10 325440
jump=325440 +61 * 
* * 
+61 * 325440
+4 * 325440
+1 * 325440
+2 * 325440
+2 * 325440
+2 * 325440
+1 * 325440

fn=(1808) std::_Rb_tree<int, std::pair<int const, std::__cxx11::list<std::shared_ptr<Order>, std::allocator<std::shared_ptr<Order> > > >, std::_Select1st<std::pair<int const, std::__cxx11::list<std::shared_ptr<Order>, std::allocator<std::shared_ptr<Order> > > > >, std::less<int>, std::allocator<std::pair<int const, std::__cxx11::list<std::shared_ptr<Order>, std::allocator<std::shared_ptr<Order> > > > > >::size() const
0xcfbe 1031 650737
+4 * 650737
+1 * 650737
+3 * 650737
+4 +1 650737
+4 * 650737
+4 * 650737
+1 * 650737

fn=(2214) std::_Rb_tree<int, std::pair<int const, std::__cxx11::list<std::shared_ptr<Order>, std::allocator<std::shared_ptr<Order> > > >, std::_Select1st<std::pair<int const, std::__cxx11::list<std::shared_ptr<Order>, std::allocator<std::shared_ptr<Order> > > > >, std::greater<int>, std::allocator<std::pair<int const, std::__cxx11::list<std::shared_ptr<Order>, std::allocator<std::shared_ptr<Order> > > > > >::_M_mbegin() const
0xee76 734 720528
+4 * 720528
+1 * 720528
+3 * 720528
+4 +1 720528
+4 * 720528
+4 * 720528
+1 * 720528

fn=(2216) std::_Rb_tree<int, std::pair<int const, std::__cxx11::list<std::shared_ptr<Order>, std::allocator<std::shared_ptr<Order> > > >, std::_Select1st<std::pair<int const, std::__cxx11::list<std::shared_ptr<Order>, std::allocator<std::shared_ptr<Order> > > > >, std::greater<int>, std::allocator<std::pair<int const, std::__cxx11::list<std::shared_ptr<Order>, std::allocator<std::shared_ptr<Order> > > > > >::_M_lower_bound(std::_Rb_tree_node<std::pair<int const, std::__cxx11::list<std::shared_ptr<Order>, std::allocator<std::shared_ptr<Order> > > > >*, std::_Rb_tree_node_base*, int const&)
0xfbca 1900 720496
+4 * 720496
+1 * 720496
+3 * 720496
+1 * 720496
+4 * 720496
+4 * 720496
+4 * 720496
+4 * 720496
+4 * 720496
+9 * 720496
+4 * 720496
+2 +4 720496
jump=720496 +88 * 
* * 
+2 +1 2716897
+4 * 2716897
+4 * 2716897
+3 * 2716897
cfn=(2232) std::_Rb_tree<int, std::pair<int const, std::__cxx11::list<std::shared_ptr<Order>, std::allocator<std::shared_ptr<Order> > > >, std::_Select1st<std::pair<int const, std::__cxx11::list<std::shared_ptr<Order>, std::allocator<std::shared_ptr<Order> > > > >, std::greater<int>, std::allocator<std::pair<int const, std::__cxx11::list<std::shared_ptr<Order>, std::allocator<std::shared_ptr<Order> > > > > >::_S_key(std::_Rb_tree_node<std::pair<int const, std::__cxx11::list<std::shared_ptr<Order>, std::allocator<std::shared_ptr<Order> > > > > const*)
calls=2716897 0xda26 757 
* * 154863129
+5 * 2716897
+3 * 2716897
+4 * 2716897
+3 * 2716897
+3 * 2716897
+3 * 2716897
cfi=(232)
cfn=(2430)
calls=2716897 0xae9c 389 
* * 38036558
+5 * 2716897
+3 * 2716897
+2 * 2716897
jcnd=185989/2716897 +28 +3 
* * 
+2 +1 2530908
+4 * 2530908
+4 * 2530908
+4 * 2530908
+3 * 2530908
cfn=(2432) std::_Rb_tree<int, std::pair<int const, std::__cxx11::list<std::shared_ptr<Order>, std::allocator<std::shared_ptr<Order> > > >, std::_Select1st<std::pair<int const, std::__cxx11::list<std::shared_ptr<Order>, std::allocator<std::shared_ptr<Order> > > > >, std::greater<int>, std::allocator<std::pair<int const, std::__cxx11::list<std::shared_ptr<Order>, std::allocator<std::shared_ptr<Order> > > > > >::_S_left(std::_Rb_tree_node_base*)
calls=2530908 0xee5f 779 
* * 20247264
+5 * 2530908
+4 * 2530908
jump=2530908 +18 -2 
* * 
+2 +2 185989
+4 * 185989
+3 * 185989
cfn=(2450) std::_Rb_tree<int, std::pair<int const, std::__cxx11::list<std::shared_ptr<Order>, std::allocator<std::shared_ptr<Order> > > >, std::_Select1st<std::pair<int const, std::__cxx11::list<std::shared_ptr<Order>, std::allocator<std::shared_ptr<Order> > > > >, std::greater<int>, std::allocator<std::pair<int const, std::__cxx11::list<std::shared_ptr<Order>, std::allocator<std::shared_ptr<Order> > > > > >::_S_right(std::_Rb_tree_node_base*)
calls=185989 0xee49 787 
* * 1487912
+5 * 185989
+4 -4 185989
+5 * 185989
jcnd=127214/185989 -91 +1 
* * 
-5 * 3251404
+5 * 3251404
jcnd=2589683/3251404 -91 +1 
* * 
+2 +5 720496
+4 * 720496
+4 * 720496
+3 * 720496
+3 * 720496
cfn=(1706)
calls=720496 0xc974 273 
* * 7925456
+5 * 720496
+4 +1 720496
+4 * 720496
+9 * 720496
jcnd=720496/720496 +7 * 
* * 
+7 * 720496
+4 * 720496
+1 * 720496

fn=(2342)
0xab8c 2507 325360
+4 * 325360
+1 * 325360
+3 * 325360
+4 * 325360
+4 * 325360
+4 * 325360
+9 * 325360
+4 * 325360
+2 +3 325360
+4 * 325360
+4 * 325360
+3 * 325360
+3 * 325360
cfn=(2344) std::_Rb_tree<int, std::pair<int const, std::__cxx11::list<std::shared_ptr<Order>, std::allocator<std::shared_ptr<Order> > > >, std::_Select1st<std::pair<int const, std::__cxx11::list<std::shared_ptr<Order>, std::allocator<std::shared_ptr<Order> > > > >, std::less<int>, std::allocator<std::pair<int const, std::__cxx11::list<std::shared_ptr<Order>, std::allocator<std::shared_ptr<Order> > > > > >::equal_range(int const&)
calls=325360 0xcdf8 1966 
* * 479276959
+5 * 325360
+4 * 325360
+4 +1 325360
+4 * 325360
+3 * 325360
cfn=(1808)
calls=325360 0xcfbe 1031 
* * 2602880
+5 * 325360
+4 +1 325360
+4 * 325360
+4 * 325360
+4 * 325360
+3 * 325360
+3 * 325360
cfn=(1726)
calls=325360 0xaf0e 350 
* * 3904320
+5 * 325360
+4 * 325360
+4 * 325360
+3 * 325360
+3 * 325360
cfn=(1726)
calls=325360 0xaf0e 350 
* * 3904320
+5 * 325360
+4 * 325360
+4 * 325360
+4 * 325360
+3 * 325360
+3 * 325360
cfn=(2358) std::_Rb_tree<int, std::pair<int const, std::__cxx11::list<std::shared_ptr<Order>, std::allocator<std::shared_ptr<Order> > > >, std::_Select1st<std::pair<int const, std::__cxx11::list<std::shared_ptr<Order>, std::allocator<std::shared_ptr<Order> > > > >, std::less<int>, std::allocator<std::pair<int const, std::__cxx11::list<std::shared_ptr<Order>, std::allocator<std::shared_ptr<Order> > > > > >::_M_erase_aux(std::_Rb_tree_const_iterator<std::pair<int const, std::__cxx11::list<std::shared_ptr<Order>, std::allocator<std::shared_ptr<Order> > > > >, std::_Rb_tree_const_iterator<std::pair<int const, std::__cxx11::list<std::shared_ptr<Order>, std::allocator<std::shared_ptr<Order> > > > >)
calls=325360 0xcfd4 -18 
* * 215727878
+5 +1 325360
+4 * 325360
+3 * 325360
cfn=(1808)
calls=325360 0xcfbe 1031 
* * 2602880
+5 * 325360
+3 * 325360
+4 * 325360
+3 +1 325360
+4 * 325360
+9 * 325360
jcnd=325360/325360 +7 * 
* * 
+7 * 325360
+1 * 325360

fn=(2360) std::operator==(std::_Rb_tree_const_iterator<std::pair<int const, std::__cxx11::list<std::shared_ptr<Order>, std::allocator<std::shared_ptr<Order> > > > > const&, std::_Rb_tree_const_iterator<std::pair<int const, std::__cxx11::list<std::shared_ptr<Order>, std::allocator<std::shared_ptr<Order> > > > > const&)
0x9660 396 2577812
+4 * 2577812
+1 * 2577812
+3 * 2577812
+4 * 2577812
+4 +1 2577812
+4 * 2577812
+3 * 2577812
+4 * 2577812
+3 * 2577812
+3 * 2577812
+3 * 2577812
+1 * 2577812

fn=(2432)
0xee5f 779 4926639
+4 * 4926639
+1 * 4926639
+3 * 4926639
+4 +1 4926639
+4 * 4926639
+4 * 4926639
+1 * 4926639

fn=(2466) std::_Rb_tree<int, std::pair<int const, std::__cxx11::list<std::shared_ptr<Order>, std::allocator<std::shared_ptr<Order> > > >, std::_Select1st<std::pair<int const, std::__cxx11::list<std::shared_ptr<Order>, std::allocator<std::shared_ptr<Order> > > > >, std::greater<int>, std::allocator<std::pair<int const, std::__cxx11::list<std::shared_ptr<Order>, std::allocator<std::shared_ptr<Order> > > > > >::_S_key(std::_Rb_tree_node_base const*)
0x10532 795 433379
+4 * 433379
+1 * 433379
+3 * 433379
+4 * 433379
+4 +1 433379
+4 * 433379
+3 * 433379
cfn=(2232)
calls=433379 0xda26 -39 
* * 24702603
+5 * 433379
+1 * 433379

fn=(2480) std::_Rb_tree_const_iterator<std::pair<int const, std::__cxx11::list<std::shared_ptr<Order>, std::allocator<std::shared_ptr<Order> > > > >::operator++(int)
0xfdc6 373 649312
+4 * 649312
+1 * 649312
+3 * 649312
+4 * 649312
+4 * 649312
+3 * 649312
+9 * 649312
+4 * 649312
+2 +2 649312
+4 * 649312
+3 * 649312
+4 +1 649312
+4 * 649312
+3 * 649312
+3 * 649312
cob=(2)
cfi=(51)
cfn=(2482) 0x000000000010c5f0
calls=649312 0x10c5f0 0 
* * 8496573
+5 * 649312
+4 * 649312
+3 +1 649312
+4 +1 649312
+4 * 649312
+9 * 649312
jcnd=649312/649312 +7 * 
* * 
+7 * 649312
+1 * 649312

fn=(1372) std::_Rb_tree_key_compare<std::less<int> >::_Rb_tree_key_compare()
0xbfd2 146 1
+4 * 1
+1 * 1
+3 * 1
+4 +4 1
+1 * 1
+1 * 1

fn=(1712)
0xae50 315 794156
+4 * 794156
+1 * 794156
+3 * 794156
+4 * 794156
+4 +1 794156
+4 * 794156
+3 * 794156
+4 * 794156
+3 * 794156
+3 * 794156
+3 * 794156
+1 * 794156

fn=(1752)
0xa8bc 234 6767417
+4 * 6767417
+1 * 6767417
+3 * 6767417
+4 * 6767417
+4 +1 6767417
+4 * 6767417
+4 * 6767417
+3 * 6767417
cfi=(227)
cfn=(1754)
calls=6767417 0xc992 72 
* * 115046089
+5 * 6767417
+1 * 6767417

fn=(1820) std::_Rb_tree<int, std::pair<int const, std::__cxx11::list<std::shared_ptr<Order>, std::allocator<std::shared_ptr<Order> > > >, std::_Select1st<std::pair<int const, std::__cxx11::list<std::shared_ptr<Order>, std::allocator<std::shared_ptr<Order> > > > >, std::less<int>, std::allocator<std::pair<int const, std::__cxx11::list<std::shared_ptr<Order>, std::allocator<std::shared_ptr<Order> > > > > >::_M_insert_node(std::_Rb_tree_node_base*, std::_Rb_tree_node_base*, std::_Rb_tree_node<std::pair<int const, std::__cxx11::list<std::shared_ptr<Order>, std::allocator<std::shared_ptr<Order> > > > >*)
0xe1d4 2330 325440
+4 * 325440
+1 * 325440
+3 * 325440
+2 * 325440
+1 * 325440
+4 * 325440
+4 * 325440
+4 * 325440
+4 * 325440
+4 * 325440
+9 * 325440
+4 * 325440
+2 +4 325440
+5 * 325440
jcnd=283760/325440 +69 * 
* * 
+2 -1 41680
+4 * 41680
+3 * 41680
cfn=(1698) std::_Rb_tree<int, std::pair<int const, std::__cxx11::list<std::shared_ptr<Order>, std::allocator<std::shared_ptr<Order> > > >, std::_Select1st<std::pair<int const, std::__cxx11::list<std::shared_ptr<Order>, std::allocator<std::shared_ptr<Order> > > > >, std::less<int>, std::allocator<std::pair<int const, std::__cxx11::list<std::shared_ptr<Order>, std::allocator<std::shared_ptr<Order> > > > > >::_M_end()
calls=41680 0xfe7e 749 
* * 333440
+5 * 41680
+4 * 41680
jcnd=6/41680 +51 +1 
* * 
+2 +1 41674
+4 * 41674
+4 * 41674
+3 * 41674
cfn=(2496) std::_Rb_tree<int, std::pair<int const, std::__cxx11::list<std::shared_ptr<Order>, std::allocator<std::shared_ptr<Order> > > >, std::_Select1st<std::pair<int const, std::__cxx11::list<std::shared_ptr<Order>, std::allocator<std::shared_ptr<Order> > > > >, std::less<int>, std::allocator<std::pair<int const, std::__cxx11::list<std::shared_ptr<Order>, std::allocator<std::shared_ptr<Order> > > > > >::_S_key(std::_Rb_tree_node_base const*)
calls=41674 0x10b1e 795 
* * 2792158
+5 * 41674
+3 * 41674
+4 * 41674
+3 * 41674
cfn=(1794)
calls=41674 0xe180 757 
* * 2375418
+5 * 41674
+3 * 41674
+3 * 41674
+3 * 41674
cfi=(232)
cfn=(2346)
calls=41674 0xb164 399 
* * 583436
+5 * 41674
+2 * 41674
jcnd=41674/41674 +9 * 
* * 
+2 * 283766
+5 * 283766
jump=283766 +7 -1 
* * 
+2 * 41674
+5 -1 41674
+3 +5 41674
+4 * 41674
+4 -1 41674
+4 * 41674
+4 * 41674
+4 * 41674
+2 * 41674
cob=(2)
cfi=(51)
cfn=(1822) 0x000000000010c3e0
calls=41674 0x10c3e0 0 
* * 1982750
-25 -4 283766
+3 +5 283766
+4 * 283766
+4 -1 283766
+4 * 283766
+4 * 283766
+4 * 283766
+2 * 283766
cob=(2)
cfi=(51)
cfn=(1822)
calls=283766 0x10c3e0 0 
* * 9914387
+5 +2 325440
+4 * 325440
+4 * 325440
+4 * 325440
+4 * 325440
+4 +1 325440
+4 * 325440
+4 * 325440
+3 * 325440
+3 * 325440
cfn=(1706)
calls=325440 0xc974 273 
* * 3579840
+5 * 325440
+4 +1 325440
+4 * 325440
+9 * 325440
jcnd=325440/325440 +7 * 
* * 
+7 * 325440
+4 * 325440
+1 * 325440
+2 * 325440
+1 * 325440

fn=(2098)
0xa5ac 1027 2189787
+4 * 2189787
+1 * 2189787
+3 * 2189787
+4 +1 2189787
+4 * 2189787
+4 * 2189787
+3 * 2189787
+3 * 2189787
+1 * 2189787

fn=(2234) std::_Rb_tree<int, std::pair<int const, std::__cxx11::list<std::shared_ptr<Order>, std::allocator<std::shared_ptr<Order> > > >, std::_Select1st<std::pair<int const, std::__cxx11::list<std::shared_ptr<Order>, std::allocator<std::shared_ptr<Order> > > > >, std::greater<int>, std::allocator<std::pair<int const, std::__cxx11::list<std::shared_ptr<Order>, std::allocator<std::shared_ptr<Order> > > > > >::_M_get_insert_hint_unique_pos(std::_Rb_tree_const_iterator<std::pair<int const, std::__cxx11::list<std::shared_ptr<Order>, std::allocator<std::shared_ptr<Order> > > > >, int const&)
0xd67e 2163 324061
+4 * 324061
+1 * 324061
+3 * 324061
+1 * 324061
+4 * 324061
+4 * 324061
+4 * 324061
+4 * 324061
+9 * 324061
+4 * 324061
+2 +4 324061
+4 * 324061
+3 * 324061
cfn=(1806) std::_Rb_tree_const_iterator<std::pair<int const, std::__cxx11::list<std::shared_ptr<Order>, std::allocator<std::shared_ptr<Order> > > > >::_M_const_cast() const
calls=324061 0x104cc 354 
* * 10045891
+5 * 324061
+4 +4 324061
+4 * 324061
+4 * 324061
+3 * 324061
cfn=(2210) std::_Rb_tree<int, std::pair<int const, std::__cxx11::list<std::shared_ptr<Order>, std::allocator<std::shared_ptr<Order> > > >, std::_Select1st<std::pair<int const, std::__cxx11::list<std::shared_ptr<Order>, std::allocator<std::shared_ptr<Order> > > > >, std::greater<int>, std::allocator<std::pair<int const, std::__cxx11::list<std::shared_ptr<Order>, std::allocator<std::shared_ptr<Order> > > > > >::_M_end()
calls=324061 0xfbb4 749 
* * 2592488
+5 * 324061
+3 * 324061
+3 * 324061
+2 * 324061
jcnd=324042/324061 0xd778 +8 
* * 
+6 +2 19
+4 * 19
+3 * 19
cfn=(2236) std::_Rb_tree<int, std::pair<int const, std::__cxx11::list<std::shared_ptr<Order>, std::allocator<std::shared_ptr<Order> > > >, std::_Select1st<std::pair<int const, std::__cxx11::list<std::shared_ptr<Order>, std::allocator<std::shared_ptr<Order> > > > >, std::greater<int>, std::allocator<std::pair<int const, std::__cxx11::list<std::shared_ptr<Order>, std::allocator<std::shared_ptr<Order> > > > > >::size() const
calls=19 0xccd4 1031 
* * 152
+5 +1 19
+3 * 19
jcnd=16/19 +61 * 
* * 
+2 * 3
+4 * 3
+4 * 3
+3 * 3
cfn=(2506) std::_Rb_tree<int, std::pair<int const, std::__cxx11::list<std::shared_ptr<Order>, std::allocator<std::shared_ptr<Order> > > >, std::_Select1st<std::pair<int const, std::__cxx11::list<std::shared_ptr<Order>, std::allocator<std::shared_ptr<Order> > > > >, std::greater<int>, std::allocator<std::pair<int const, std::__cxx11::list<std::shared_ptr<Order>, std::allocator<std::shared_ptr<Order> > > > > >::_M_rightmost()
calls=3 0x1051c 726 
* * 24
+5 * 3
+3 * 3
+3 * 3
cfn=(2466)
calls=3 0x10532 795 
* * 201
+5 * 3
+3 * 3
+4 * 3
+3 * 3
+3 * 3
+3 * 3
cfi=(232)
cfn=(2430)
calls=3 0xae9c 389 
* * 42
+5 * 3
+2 * 3
+2 * 3
+5 * 3
jump=3 +7 -1 
* * 
+2 * 16
+5 -1 16
+2 * 16
jcnd=16/16 +57 +4 
* * 
-2 * 3
+2 * 3
+2 +2 3
+4 * 3
+3 * 3
cfn=(2506)
calls=3 0x1051c 726 
* * 24
+5 * 3
+3 * 3
+8 * 3
+4 * 3
+4 * 3
+3 * 3
+3 * 3
cfi=(233)
cfn=(2478) std::pair<std::_Rb_tree_node_base*, std::_Rb_tree_node_base*>::pair<std::_Rb_tree_node_base*&, true>(std::_Rb_tree_node_base* const&, std::_Rb_tree_node_base*&)
calls=3 0x10550 336 
* * 81
+5 * 3
+4 * 3
+4 * 3
jump=3 0xda0c +39 
* * 
+5 +2 16
+4 * 16
+4 * 16
+3 * 16
+3 * 16
cfn=(2238) std::_Rb_tree<int, std::pair<int const, std::__cxx11::list<std::shared_ptr<Order>, std::allocator<std::shared_ptr<Order> > > >, std::_Select1st<std::pair<int const, std::__cxx11::list<std::shared_ptr<Order>, std::allocator<std::shared_ptr<Order> > > > >, std::greater<int>, std::allocator<std::pair<int const, std::__cxx11::list<std::shared_ptr<Order>, std::allocator<std::shared_ptr<Order> > > > > >::_M_get_insert_unique_pos(int const&)
calls=16 0x10590 2061 
* * 2768
+5 * 16
jump=16 0xda0c +37 
* * 
+5 +2 324042
+4 * 324042
+4 * 324042
+3 * 324042
cfn=(2466)
calls=324042 0x10532 795 
* * 21710814
+5 * 324042
+3 * 324042
+4 * 324042
+3 * 324042
+3 * 324042
cfi=(232)
cfn=(2430)
calls=324042 0xae9c 389 
* * 4536588
+5 * 324042
+2 * 324042
+6 +3 324042
+4 * 324042
+4 +1 324042
+4 * 324042
+4 * 324042
+3 * 324042
cfn=(2468) std::_Rb_tree<int, std::pair<int const, std::__cxx11::list<std::shared_ptr<Order>, std::allocator<std::shared_ptr<Order> > > >, std::_Select1st<std::pair<int const, std::__cxx11::list<std::shared_ptr<Order>, std::allocator<std::shared_ptr<Order> > > > >, std::greater<int>, std::allocator<std::pair<int const, std::__cxx11::list<std::shared_ptr<Order>, std::allocator<std::shared_ptr<Order> > > > > >::_M_leftmost()
calls=324042 0x1072c 718 
* * 2592336
+5 * 324042
+3 * 324042
+3 * 324042
+3 * 324042
+2 * 324042
jcnd=67691/324042 +63 +2 
* * 
+2 +1 256351
+4 * 256351
+3 * 256351
cfn=(2468)
calls=256351 0x1072c 718 
* * 2050808
+5 * 256351
+3 * 256351
+4 * 256351
+3 * 256351
cfn=(2468)
calls=256351 0x1072c 718 
* * 2050808
+5 * 256351
+3 * 256351
+4 * 256351
+3 * 256351
+3 * 256351
+3 * 256351
cfi=(233)
cfn=(2470) std::pair<std::_Rb_tree_node_base*, std::_Rb_tree_node_base*>::pair<std::_Rb_tree_node_base*&, std::_Rb_tree_node_base*&, true>(std::_Rb_tree_node_base*&, std::_Rb_tree_node_base*&)
calls=256351 0x10742 352 
* * 9228636
+5 * 256351
+4 * 256351
+4 * 256351
jump=256351 0xda0c +30 
* * 
+5 +1 67691
+4 * 67691
+4 * 67691
+3 * 67691
cfn=(2472) std::_Rb_tree_iterator<std::pair<int const, std::__cxx11::list<std::shared_ptr<Order>, std::allocator<std::shared_ptr<Order> > > > >::operator--()
calls=67691 0x1078a 300 
* * 2157236
+5 * 67691
+3 * 67691
+3 * 67691
cfn=(2466)
calls=67691 0x10532 795 
* * 4535297
+5 * 67691
+3 * 67691
+4 * 67691
+3 * 67691
+3 * 67691
+3 * 67691
cfi=(232)
cfn=(2430)
calls=67691 0xae9c 389 
* * 947674
+5 * 67691
+2 * 67691
+2 +2 67691
+4 * 67691
+3 * 67691
cfn=(2450)
calls=67691 0xee49 787 
* * 541528
+5 * 67691
+3 * 67691
+3 * 67691
+2 * 67691
jcnd=26051/67691 +46 +3 
* * 
+2 +1 41640
+8 * 41640
+4 * 41640
+4 * 41640
+4 * 41640
+3 * 41640
+3 * 41640
cfi=(233)
cfn=(2478)
calls=41640 0x10550 336 
* * 1124280
+5 * 41640
+4 * 41640
+4 * 41640
jump=41640 0xda0c +26 
* * 
+5 +2 26051
+4 * 26051
+4 * 26051
+4 * 26051
+3 * 26051
+3 * 26051
cfi=(233)
cfn=(2470)
calls=26051 0x10742 352 
* * 937836
+5 * 26051
+4 * 26051
+4 * 26051
jump=26051 0xda0c +24 
* * 
0xda0c +24 324061
+4 * 324061
+9 * 324061
jcnd=324061/324061 +7 * 
* * 
+7 * 324061
+4 * 324061
+1 * 324061

fn=(2242) std::_Rb_tree<int, std::pair<int const, std::__cxx11::list<std::shared_ptr<Order>, std::allocator<std::shared_ptr<Order> > > >, std::_Select1st<std::pair<int const, std::__cxx11::list<std::shared_ptr<Order>, std::allocator<std::shared_ptr<Order> > > > >, std::greater<int>, std::allocator<std::pair<int const, std::__cxx11::list<std::shared_ptr<Order>, std::allocator<std::shared_ptr<Order> > > > > >::_M_insert_node(std::_Rb_tree_node_base*, std::_Rb_tree_node_base*, std::_Rb_tree_node<std::pair<int const, std::__cxx11::list<std::shared_ptr<Order>, std::allocator<std::shared_ptr<Order> > > > >*)
0xda7a 2330 324061
+4 * 324061
+1 * 324061
+3 * 324061
+2 * 324061
+1 * 324061
+4 * 324061
+4 * 324061
+4 * 324061
+4 * 324061
+4 * 324061
+9 * 324061
+4 * 324061
+2 +4 324061
+5 * 324061
jcnd=282402/324061 +69 * 
* * 
+2 -1 41659
+4 * 41659
+3 * 41659
cfn=(2210)
calls=41659 0xfbb4 749 
* * 333272
+5 * 41659
+4 * 41659
jcnd=16/41659 +51 +1 
* * 
+2 +1 41643
+4 * 41643
+4 * 41643
+3 * 41643
cfn=(2466)
calls=41643 0x10532 795 
* * 2790081
+5 * 41643
+3 * 41643
+4 * 41643
+3 * 41643
cfn=(2232)
calls=41643 0xda26 757 
* * 2373651
+5 * 41643
+3 * 41643
+3 * 41643
+3 * 41643
cfi=(232)
cfn=(2430)
calls=41643 0xae9c 389 
* * 583002
+5 * 41643
+2 * 41643
jcnd=41643/41643 +9 * 
* * 
+2 * 282418
+5 * 282418
jump=282418 +7 -1 
* * 
+2 * 41643
+5 -1 41643
+3 +5 41643
+4 * 41643
+4 -1 41643
+4 * 41643
+4 * 41643
+4 * 41643
+2 * 41643
cob=(2)
cfi=(51)
cfn=(1822)
calls=41643 0x10c3e0 0 
* * 1980129
-25 -4 282418
+3 +5 282418
+4 * 282418
+4 -1 282418
+4 * 282418
+4 * 282418
+4 * 282418
+2 * 282418
cob=(2)
cfi=(51)
cfn=(1822)
calls=282418 0x10c3e0 0 
* * 9871910
+5 +2 324061
+4 * 324061
+4 * 324061
+4 * 324061
+4 * 324061
+4 +1 324061
+4 * 324061
+4 * 324061
+3 * 324061
+3 * 324061
cfn=(1706)
calls=324061 0xc974 273 
* * 3564671
+5 * 324061
+4 +1 324061
+4 * 324061
+9 * 324061
jcnd=324061/324061 +7 * 
* * 
+7 * 324061
+4 * 324061
+1 * 324061
+2 * 324061
+1 * 324061

fn=(2436)
0xd580 991 396505
+4 * 396505
+1 * 396505
+3 * 396505
+4 +1 396505
+1 * 396505
+1 * 396505

fn=(2448) std::_Rb_tree<int, std::pair<int const, std::__cxx11::list<std::shared_ptr<Order>, std::allocator<std::shared_ptr<Order> > > >, std::_Select1st<std::pair<int const, std::__cxx11::list<std::shared_ptr<Order>, std::allocator<std::shared_ptr<Order> > > > >, std::greater<int>, std::allocator<std::pair<int const, std::__cxx11::list<std::shared_ptr<Order>, std::allocator<std::shared_ptr<Order> > > > > >::equal_range(int const&)
0xcb0e 1966 323972
+4 * 323972
+1 * 323972
+3 * 323972
+1 * 323972
+4 * 323972
+4 * 323972
+4 * 323972
+9 * 323972
+4 * 323972
+2 +3 323972
+4 * 323972
+3 * 323972
cfn=(2212) std::_Rb_tree<int, std::pair<int const, std::__cxx11::list<std::shared_ptr<Order>, std::allocator<std::shared_ptr<Order> > > >, std::_Select1st<std::pair<int const, std::__cxx11::list<std::shared_ptr<Order>, std::allocator<std::shared_ptr<Order> > > > >, std::greater<int>, std::allocator<std::pair<int const, std::__cxx11::list<std::shared_ptr<Order>, std::allocator<std::shared_ptr<Order> > > > > >::_M_begin()
calls=323972 0xbfb4 738 
* * 5831496
+5 * 323972
+4 +1 323972
+4 * 323972
+3 * 323972
cfn=(2210)
calls=323972 0xfbb4 749 
* * 2591776
+5 * 323972
+4 +1 323972
jump=323972 0xcc69 * 
* * 
+5 +2 2352222
+4 * 2352222
+4 * 2352222
+3 * 2352222
cfn=(2232)
calls=2352222 0xda26 757 
* * 134076654
+5 * 2352222
+3 * 2352222
+4 * 2352222
+3 * 2352222
+3 * 2352222
+3 * 2352222
cfi=(232)
cfn=(2430)
calls=2352222 0xae9c 389 
* * 32931108
+5 * 2352222
+2 * 2352222
jcnd=2342759/2352222 +23 +2 
* * 
+2 +1 9463
+4 * 9463
+3 * 9463
cfn=(2450)
calls=9463 0xee49 787 
* * 75704
+5 * 9463
+4 * 9463
jump=9463 0xcc69 -3 
* * 
+5 +1 2342759
+4 * 2342759
+4 * 2342759
+3 * 2342759
cfn=(2232)
calls=2342759 0xda26 757 
* * 133537263
+5 * 2342759
+3 * 2342759
+4 * 2342759
+3 * 2342759
+3 * 2342759
cfi=(232)
cfn=(2430)
calls=2342759 0xae9c 389 
* * 32798626
+5 * 2342759
+2 * 2342759
jcnd=323972/2342759 +31 +4 
* * 
+2 +1 2018787
+4 * 2018787
+4 * 2018787
+4 * 2018787
+3 * 2018787
cfn=(2432)
calls=2018787 0xee5f 779 
* * 16150296
+5 * 2018787
+4 * 2018787
jump=2018787 0xcc69 -5 
* * 
+5 +3 323972
+4 * 323972
+4 +1 323972
+4 * 323972
+4 +1 323972
+4 * 323972
+4 * 323972
+4 * 323972
+3 * 323972
cfn=(2432)
calls=323972 0xee5f 779 
* * 2591776
+5 * 323972
+4 +1 323972
+4 * 323972
+3 * 323972
cfn=(2450)
calls=323972 0xee49 787 
* * 2591776
+5 * 323972
+4 +3 323972
+4 * 323972
+4 * 323972
+4 * 323972
+4 * 323972
+3 * 323972
cfn=(2452) std::_Rb_tree<int, std::pair<int const, std::__cxx11::list<std::shared_ptr<Order>, std::allocator<std::shared_ptr<Order> > > >, std::_Select1st<std::pair<int const, std::__cxx11::list<std::shared_ptr<Order>, std::allocator<std::shared_ptr<Order> > > > >, std::greater<int>, std::allocator<std::pair<int const, std::__cxx11::list<std::shared_ptr<Order>, std::allocator<std::shared_ptr<Order> > > > > >::_M_upper_bound(std::_Rb_tree_node<std::pair<int const, std::__cxx11::list<std::shared_ptr<Order>, std::allocator<std::shared_ptr<Order> > > > >*, std::_Rb_tree_node_base*, int const&)
calls=323972 0xfc86 -53 
* * 17544868
+5 * 323972
+4 -1 323972
+4 * 323972
+4 * 323972
+4 * 323972
+4 * 323972
+3 * 323972
cfn=(2216)
calls=323972 0xfbca -84 
* * 12565442
+5 * 323972
+4 -1 323972
+4 * 323972
+4 * 323972
+4 * 323972
+3 * 323972
+3 * 323972
cfi=(233)
cfn=(2354) std::pair<std::_Rb_tree_iterator<std::pair<int const, std::__cxx11::list<std::shared_ptr<Order>, std::allocator<std::shared_ptr<Order> > > > >, std::_Rb_tree_iterator<std::pair<int const, std::__cxx11::list<std::shared_ptr<Order>, std::allocator<std::shared_ptr<Order> > > > > >::pair<std::_Rb_tree_iterator<std::pair<int const, std::__cxx11::list<std::shared_ptr<Order>, std::allocator<std::shared_ptr<Order> > > > >, std::_Rb_tree_iterator<std::pair<int const, std::__cxx11::list<std::shared_ptr<Order>, std::allocator<std::shared_ptr<Order> > > > >, true>(std::_Rb_tree_iterator<std::pair<int const, std::__cxx11::list<std::shared_ptr<Order>, std::allocator<std::shared_ptr<Order> > > > >&&, std::_Rb_tree_iterator<std::pair<int const, std::__cxx11::list<std::shared_ptr<Order>, std::allocator<std::shared_ptr<Order> > > > >&&)
calls=323972 0xfd3c 352 
* * 11662992
+5 +2 323972
+4 * 323972
+4 * 323972
jump=323972 +82 +5 
* * 
+2 -14 2352222
+5 * 2352222
jcnd=2352222/2352222 0xcb57 +2 
* * 
+75 +19 323972
+4 * 323972
+9 * 323972
jcnd=323972/323972 +7 * 
* * 
+7 * 323972
+4 * 323972
+1 * 323972

fn=(2452)
0xfc86 1932 323972
+4 * 323972
+1 * 323972
+3 * 323972
+1 * 323972
+4 * 323972
+4 * 323972
+4 * 323972
+4 * 323972
+4 * 323972
+9 * 323972
+4 * 323972
+2 +4 323972
jump=323972 +82 * 
* * 
+2 +1 52868
+4 * 52868
+4 * 52868
+3 * 52868
cfn=(2232)
calls=52868 0xda26 757 
* * 3013476
+5 * 52868
+3 * 52868
+4 * 52868
+3 * 52868
+3 * 52868
cfi=(232)
cfn=(2430)
calls=52868 0xae9c 389 
* * 740152
+5 * 52868
+2 * 52868
+2 +1 52868
+4 * 52868
+4 * 52868
+4 * 52868
+3 * 52868
cfn=(2432)
calls=52868 0xee5f 779 
* * 422944
+5 * 52868
+4 * 52868
jump=52868 +18 -2 
* * 
+18 -2 376840
+5 * 376840
jcnd=52868/376840 -85 +1 
* * 
+2 +5 323972
+4 * 323972
+4 * 323972
+3 * 323972
+3 * 323972
cfn=(1706)
calls=323972 0xc974 273 
* * 3563692
+5 * 323972
+4 +1 323972
+4 * 323972
+9 * 323972
jcnd=323972/323972 +7 * 
* * 
+7 * 323972
+4 * 323972
+1 * 323972

fn=(2472)
0x1078a 300 135644
+4 * 135644
+1 * 135644
+3 * 135644
+4 * 135644
+4 +2 135644
+4 * 135644
+3 * 135644
+3 * 135644
cob=(2)
cfi=(51)
cfn=(2474) 0x000000000010c5a0
calls=135644 0x10c5a0 0 
* * 2425457
+5 * 135644
+4 * 135644
+3 +1 135644
+4 +1 135644
+1 * 135644

fn=(2496)
0x10b1e 795 435061
+4 * 435061
+1 * 435061
+3 * 435061
+4 * 435061
+4 +1 435061
+4 * 435061
+3 * 435061
cfn=(1794)
calls=435061 0xe180 -39 
* * 24798477
+5 * 435061
+1 * 435061

fn=(1368)
0x7ae6 928 1
+4 * 1
+1 * 1
+3 * 1
+4 * 1
+4 * 1
+4 * 1
+3 * 1
cfn=(1370) std::_Rb_tree<int, std::pair<int const, std::__cxx11::list<std::shared_ptr<Order>, std::allocator<std::shared_ptr<Order> > > >, std::_Select1st<std::pair<int const, std::__cxx11::list<std::shared_ptr<Order>, std::allocator<std::shared_ptr<Order> > > > >, std::less<int>, std::allocator<std::pair<int const, std::__cxx11::list<std::shared_ptr<Order>, std::allocator<std::shared_ptr<Order> > > > > >::_Rb_tree_impl<std::less<int>, true>::_Rb_tree_impl()
calls=1 0x9c2c 667 
* * 73
+5 * 1
+1 * 1
+1 * 1

fn=(1738) std::_Rb_tree<int, std::pair<int const, std::__cxx11::list<std::shared_ptr<Order>, std::allocator<std::shared_ptr<Order> > > >, std::_Select1st<std::pair<int const, std::__cxx11::list<std::shared_ptr<Order>, std::allocator<std::shared_ptr<Order> > > > >, std::less<int>, std::allocator<std::pair<int const, std::__cxx11::list<std::shared_ptr<Order>, std::allocator<std::shared_ptr<Order> > > > > >::_M_get_node()
0x109fe 560 325440
+4 * 325440
+1 * 325440
+3 * 325440
+4 * 325440
+4 +1 325440
+4 * 325440
+3 * 325440
cfn=(1740)
calls=325440 0x122f8 -14 
* * 2278080
+5 * 325440
+5 * 325440
+3 * 325440
cfi=(225)
cfn=(1742) std::allocator_traits<std::allocator<std::_Rb_tree_node<std::pair<int const, std::__cxx11::list<std::shared_ptr<Order>, std::allocator<std::shared_ptr<Order> > > > > > >::allocate(std::allocator<std::_Rb_tree_node<std::pair<int const, std::__cxx11::list<std::shared_ptr<Order>, std::allocator<std::shared_ptr<Order> > > > > >&, unsigned long)
calls=325440 0x11ff2 -98 
* * 40045176
+5 * 325440
+1 * 325440

fn=(1794)
0xe180 757 7935747
+4 * 7935747
+1 * 7935747
+3 * 7935747
+4 * 7935747
+4 * 7935747
+9 * 7935747
+4 * 7935747
+2 +18 7935747
+4 * 7935747
+3 * 7935747
cfn=(1796) std::_Rb_tree_node<std::pair<int const, std::__cxx11::list<std::shared_ptr<Order>, std::allocator<std::shared_ptr<Order> > > > >::_M_valptr() const
calls=7935747 0xa618 238 
* * 222200916
+5 * 7935747
+3 * 7935747
+4 * 7935747
+3 * 7935747
+3 * 7935747
cfi=(232)
cfn=(1802)
calls=7935747 0x10822 1174 
* * 63485976
+5 +1 7935747
+4 * 7935747
+9 * 7935747
jcnd=7935747/7935747 +7 * 
* * 
+7 * 7935747
+1 * 7935747

fn=(1804) std::_Rb_tree<int, std::pair<int const, std::__cxx11::list<std::shared_ptr<Order>, std::allocator<std::shared_ptr<Order> > > >, std::_Select1st<std::pair<int const, std::__cxx11::list<std::shared_ptr<Order>, std::allocator<std::shared_ptr<Order> > > > >, std::less<int>, std::allocator<std::pair<int const, std::__cxx11::list<std::shared_ptr<Order>, std::allocator<std::shared_ptr<Order> > > > > >::_M_get_insert_hint_unique_pos(std::_Rb_tree_const_iterator<std::pair<int const, std::__cxx11::list<std::shared_ptr<Order>, std::allocator<std::shared_ptr<Order> > > > >, int const&)
0xddd8 2163 325440
+4 * 325440
+1 * 325440
+3 * 325440
+1 * 325440
+4 * 325440
+4 * 325440
+4 * 325440
+4 * 325440
+9 * 325440
+4 * 325440
+2 +4 325440
+4 * 325440
+3 * 325440
cfn=(1806)
calls=325440 0x104cc 354 
* * 10088640
+5 * 325440
+4 +4 325440
+4 * 325440
+4 * 325440
+3 * 325440
cfn=(1698)
calls=325440 0xfe7e 749 
* * 2603520
+5 * 325440
+3 * 325440
+3 * 325440
+2 * 325440
jcnd=325423/325440 0xded2 +8 
* * 
+6 +2 17
+4 * 17
+3 * 17
cfn=(1808)
calls=17 0xcfbe 1031 
* * 136
+5 +1 17
+3 * 17
jcnd=6/17 +61 * 
* * 
+2 * 11
+4 * 11
+4 * 11
+3 * 11
cfn=(2510) std::_Rb_tree<int, std::pair<int const, std::__cxx11::list<std::shared_ptr<Order>, std::allocator<std::shared_ptr<Order> > > >, std::_Select1st<std::pair<int const, std::__cxx11::list<std::shared_ptr<Order>, std::allocator<std::shared_ptr<Order> > > > >, std::less<int>, std::allocator<std::pair<int const, std::__cxx11::list<std::shared_ptr<Order>, std::allocator<std::shared_ptr<Order> > > > > >::_M_rightmost()
calls=11 0x10b08 726 
* * 88
+5 * 11
+3 * 11
+3 * 11
cfn=(2496)
calls=11 0x10b1e 795 
* * 737
+5 * 11
+3 * 11
+4 * 11
+3 * 11
+3 * 11
+3 * 11
cfi=(232)
cfn=(2346)
calls=11 0xb164 399 
* * 154
+5 * 11
+2 * 11
+2 * 11
+5 * 11
jump=11 +7 -1 
* * 
+2 * 6
+5 -1 6
+2 * 6
jcnd=6/6 +57 +4 
* * 
-2 * 11
+2 * 11
+2 +2 11
+4 * 11
+3 * 11
cfn=(2510)
calls=11 0x10b08 726 
* * 88
+5 * 11
+3 * 11
+8 * 11
+4 * 11
+4 * 11
+3 * 11
+3 * 11
cfi=(233)
cfn=(2478)
calls=11 0x10550 336 
* * 297
+5 * 11
+4 * 11
+4 * 11
jump=11 0xe166 +39 
* * 
+5 +2 6
+4 * 6
+4 * 6
+3 * 6
+3 * 6
cfn=(1810) std::_Rb_tree<int, std::pair<int const, std::__cxx11::list<std::shared_ptr<Order>, std::allocator<std::shared_ptr<Order> > > >, std::_Select1st<std::pair<int const, std::__cxx11::list<std::shared_ptr<Order>, std::allocator<std::shared_ptr<Order> > > > >, std::less<int>, std::allocator<std::pair<int const, std::__cxx11::list<std::shared_ptr<Order>, std::allocator<std::shared_ptr<Order> > > > > >::_M_get_insert_unique_pos(int const&)
calls=6 0x10b3c 2061 
* * 1038
+5 * 6
jump=6 0xe166 +37 
* * 
+5 +2 325423
+4 * 325423
+4 * 325423
+3 * 325423
cfn=(2496)
calls=325423 0x10b1e 795 
* * 21803341
+5 * 325423
+3 * 325423
+4 * 325423
+3 * 325423
+3 * 325423
cfi=(232)
cfn=(2346)
calls=325423 0xb164 399 
* * 4555922
+5 * 325423
+2 * 325423
+6 +3 325423
+4 * 325423
+4 +1 325423
+4 * 325423
+4 * 325423
+3 * 325423
cfn=(2498) std::_Rb_tree<int, std::pair<int const, std::__cxx11::list<std::shared_ptr<Order>, std::allocator<std::shared_ptr<Order> > > >, std::_Select1st<std::pair<int const, std::__cxx11::list<std::shared_ptr<Order>, std::allocator<std::shared_ptr<Order> > > > >, std::less<int>, std::allocator<std::pair<int const, std::__cxx11::list<std::shared_ptr<Order>, std::allocator<std::shared_ptr<Order> > > > > >::_M_leftmost()
calls=325423 0x10cd8 718 
* * 2603384
+5 * 325423
+3 * 325423
+3 * 325423
+3 * 325423
+2 * 325423
jcnd=67953/325423 +63 +2 
* * 
+2 +1 257470
+4 * 257470
+3 * 257470
cfn=(2498)
calls=257470 0x10cd8 718 
* * 2059760
+5 * 257470
+3 * 257470
+4 * 257470
+3 * 257470
cfn=(2498)
calls=257470 0x10cd8 718 
* * 2059760
+5 * 257470
+3 * 257470
+4 * 257470
+3 * 257470
+3 * 257470
+3 * 257470
cfi=(233)
cfn=(2470)
calls=257470 0x10742 352 
* * 9268920
+5 * 257470
+4 * 257470
+4 * 257470
jump=257470 0xe166 +30 
* * 
+5 +1 67953
+4 * 67953
+4 * 67953
+3 * 67953
cfn=(2472)
calls=67953 0x1078a 300 
* * 2167237
+5 * 67953
+3 * 67953
+3 * 67953
cfn=(2496)
calls=67953 0x10b1e 795 
* * 4552851
+5 * 67953
+3 * 67953
+4 * 67953
+3 * 67953
+3 * 67953
+3 * 67953
cfi=(232)
cfn=(2346)
calls=67953 0xb164 399 
* * 951342
+5 * 67953
+2 * 67953
+2 +2 67953
+4 * 67953
+3 * 67953
cfn=(2350)
calls=67953 0xee8c 787 
* * 543624
+5 * 67953
+3 * 67953
+3 * 67953
+2 * 67953
jcnd=26290/67953 +46 +3 
* * 
+2 +1 41663
+8 * 41663
+4 * 41663
+4 * 41663
+4 * 41663
+3 * 41663
+3 * 41663
cfi=(233)
cfn=(2478)
calls=41663 0x10550 336 
* * 1124901
+5 * 41663
+4 * 41663
+4 * 41663
jump=41663 0xe166 +26 
* * 
+5 +2 26290
+4 * 26290
+4 * 26290
+4 * 26290
+3 * 26290
+3 * 26290
cfi=(233)
cfn=(2470)
calls=26290 0x10742 352 
* * 946440
+5 * 26290
+4 * 26290
+4 * 26290
jump=26290 0xe166 +24 
* * 
0xe166 +24 325440
+4 * 325440
+9 * 325440
jcnd=325440/325440 +7 * 
* * 
+7 * 325440
+4 * 325440
+1 * 325440

fn=(1806)
0x104cc 354 649501
+4 * 649501
+1 * 649501
+3 * 649501
+4 * 649501
+4 * 649501
+9 * 649501
+4 * 649501
+2 +1 649501
+4 * 649501
+3 * 649501
+4 * 649501
+3 * 649501
+3 * 649501
cfn=(1706)
calls=649501 0xc974 -82 
* * 7144511
+5 * 649501
+4 * 649501
+4 * 649501
+9 * 649501
jcnd=649501/649501 +7 * 
* * 
+7 * 649501
+1 * 649501

fn=(2192) std::_Rb_tree_const_iterator<std::pair<int const, std::__cxx11::list<std::shared_ptr<Order>, std::allocator<std::shared_ptr<Order> > > > >::_Rb_tree_const_iterator(std::_Rb_tree_node_base const*)
0xc75c 347 499345
+4 * 499345
+1 * 499345
+3 * 499345
+4 * 499345
+4 +1 499345
+4 * 499345
+4 * 499345
+3 * 499345
+1 * 499345
+1 * 499345

fn=(2194)
0x8792 358 499345
+4 * 499345
+1 * 499345
+3 * 499345
+4 * 499345
+4 +1 499345
+4 * 499345
+3 * 499345
+3 * 499345
cfn=(1796)
calls=499345 0xa618 238 
* * 13981660
+5 * 499345
+1 * 499345

fn=(2238)
0x10590 2061 16
+4 * 16
+1 * 16
+3 * 16
+1 * 16
+4 * 16
+4 * 16
+4 * 16
+9 * 16
+4 * 16
+2 +4 16
+4 * 16
+3 * 16
cfn=(2212)
calls=16 0xbfb4 738 
* * 288
+5 * 16
+4 +1 16
+4 * 16
+3 * 16
cfn=(2210)
calls=16 0xfbb4 749 
* * 128
+5 * 16
+4 +1 16
+4 +1 16
jump=16 +83 * 
* * 
+83 * 16
+4 * 16
+3 * 16
+2 +6 16
+4 * 16
+4 * 16
+3 * 16
+3 * 16
cfn=(1706)
calls=16 0xc974 273 
* * 176
+5 +1 16
+4 * 16
+2 +2 16
+4 * 16
+3 * 16
cfn=(2240)
calls=16 0xa86c 995 
* * 496
+5 * 16
+4 * 16
+4 * 16
+4 * 16
+3 * 16
+3 * 16
cfn=(1712)
calls=16 0xae50 315 
* * 208
+5 * 16
+2 * 16
+2 +1 16
+4 * 16
+4 * 16
+4 * 16
+3 * 16
+3 * 16
cfi=(233)
cfn=(1814) std::pair<std::_Rb_tree_node_base*, std::_Rb_tree_node_base*>::pair<std::_Rb_tree_node<std::pair<int const, std::__cxx11::list<std::shared_ptr<Order>, std::allocator<std::shared_ptr<Order> > > > >*&, std::_Rb_tree_node_base*&, true>(std::_Rb_tree_node<std::pair<int const, std::__cxx11::list<std::shared_ptr<Order>, std::allocator<std::shared_ptr<Order> > > > >*&, std::_Rb_tree_node_base*&)
calls=16 0x121be 352 
* * 576
+5 * 16
+4 * 16
+4 * 16
jump=16 0x10712 +7 
* * 
0x10712 +7 16
+4 * 16
+9 * 16
jcnd=16/16 +7 * 
* * 
+7 * 16
+4 * 16
+1 * 16

fn=(2506)
0x1051c 726 6
+4 * 6
+1 * 6
+3 * 6
+4 +1 6
+4 * 6
+4 * 6
+1 * 6

fn=(2602)
0x9bee 983 1
+4 * 1
+1 * 1
+3 * 1
+4 * 1
+4 +1 1
+4 * 1
+3 * 1
cfn=(2212)
calls=1 0xbfb4 738 
* * 18
+5 * 1
+3 * 1
+4 * 1
+3 * 1
+3 * 1
cfn=(2458) std::_Rb_tree<int, std::pair<int const, std::__cxx11::list<std::shared_ptr<Order>, std::allocator<std::shared_ptr<Order> > > >, std::_Select1st<std::pair<int const, std::__cxx11::list<std::shared_ptr<Order>, std::allocator<std::shared_ptr<Order> > > > >, std::greater<int>, std::allocator<std::pair<int const, std::__cxx11::list<std::shared_ptr<Order>, std::allocator<std::shared_ptr<Order> > > > > >::_M_erase(std::_Rb_tree_node<std::pair<int const, std::__cxx11::list<std::shared_ptr<Order>, std::allocator<std::shared_ptr<Order> > > > >*)
calls=1 0xbf4a 1883 
* * 12643136
+5 * 1
+4 * 1
+3 * 1
cfn=(2604) std::_Rb_tree<int, std::pair<int const, std::__cxx11::list<std::shared_ptr<Order>, std::allocator<std::shared_ptr<Order> > > >, std::_Select1st<std::pair<int const, std::__cxx11::list<std::shared_ptr<Order>, std::allocator<std::shared_ptr<Order> > > > >, std::greater<int>, std::allocator<std::pair<int const, std::__cxx11::list<std::shared_ptr<Order>, std::allocator<std::shared_ptr<Order> > > > > >::_Rb_tree_impl<std::greater<int>, true>::~_Rb_tree_impl()
calls=1 0x7a46 660 
* * 18
+5 * 1
+1 * 1
+1 * 1

fn=(1352)
0x7a66 928 1
+4 * 1
+1 * 1
+3 * 1
+4 * 1
+4 * 1
+4 * 1
+3 * 1
cfn=(1354) std::_Rb_tree<int, std::pair<int const, std::__cxx11::list<std::shared_ptr<Order>, std::allocator<std::shared_ptr<Order> > > >, std::_Select1st<std::pair<int const, std::__cxx11::list<std::shared_ptr<Order>, std::allocator<std::shared_ptr<Order> > > > >, std::greater<int>, std::allocator<std::pair<int const, std::__cxx11::list<std::shared_ptr<Order>, std::allocator<std::shared_ptr<Order> > > > > >::_Rb_tree_impl<std::greater<int>, true>::_Rb_tree_impl()
calls=1 0x9ba2 667 
* * 73
+5 * 1
+1 * 1
+1 * 1

fn=(1362) std::_Rb_tree_header::_Rb_tree_header()
0x580a 173 2
+4 * 2
+1 * 2
+3 * 2
+4 * 2
+4 +2 2
+4 * 2
+6 +1 2
+4 * 2
+3 * 2
cfn=(1364)
calls=2 +9 +30 
* * 34
+5 +1 2
+1 * 2
+1 * 2

fn=(1370)
0x9c2c 667 1
+4 * 1
+1 * 1
+3 * 1
+4 * 1
+4 +4 1
+4 * 1
+3 * 1
cfi=(202)
cfn=(1356)
calls=1 0xbf1a 156 
* * 18
+5 * 1
+4 * 1
+3 * 1
cfn=(1372)
calls=1 0xbfd2 146 
* * 7
+5 * 1
+4 * 1
+4 * 1
+3 * 1
cfn=(1362)
calls=1 0x580a 173 
* * 30
+5 +1 1
+1 * 1
+1 * 1

fn=(1698)
0xfe7e 749 1090096
+4 * 1090096
+1 * 1090096
+3 * 1090096
+4 +1 1090096
+4 * 1090096
+4 * 1090096
+1 * 1090096

fn=(1796)
0xa618 238 16698921
+4 * 16698921
+1 * 16698921
+3 * 16698921
+4 * 16698921
+4 +1 16698921
+4 * 16698921
+4 * 16698921
+3 * 16698921
cfi=(227)
cfn=(1798)
calls=16698921 0xc77a 76 
* * 283881657
+5 * 16698921
+1 * 16698921

fn=(2190)
0xa5c8 999 249667
+4 * 249667
+1 * 249667
+3 * 249667
+4 * 249667
+4 * 249667
+9 * 249667
+4 * 249667
+2 +1 249667
+4 * 249667
+4 * 249667
+4 * 249667
+3 * 249667
+3 * 249667
cfn=(2192)
calls=249667 0xc75c 347 
* * 2746337
+5 * 249667
+4 * 249667
+4 * 249667
+9 * 249667
jcnd=249667/249667 +7 * 
* * 
+7 * 249667
+1 * 249667

fn=(2210)
0xfbb4 749 1086232
+4 * 1086232
+1 * 1086232
+3 * 1086232
+4 +1 1086232
+4 * 1086232
+4 * 1086232
+1 * 1086232

fn=(2226) std::_Rb_tree<int, std::pair<int const, std::__cxx11::list<std::shared_ptr<Order>, std::allocator<std::shared_ptr<Order> > > >, std::_Select1st<std::pair<int const, std::__cxx11::list<std::shared_ptr<Order>, std::allocator<std::shared_ptr<Order> > > > >, std::greater<int>, std::allocator<std::pair<int const, std::__cxx11::list<std::shared_ptr<Order>, std::allocator<std::shared_ptr<Order> > > > > >::_M_get_node()
0x103c2 560 324061
+4 * 324061
+1 * 324061
+3 * 324061
+4 * 324061
+4 +1 324061
+4 * 324061
+3 * 324061
cfn=(2228) std::_Rb_tree<int, std::pair<int const, std::__cxx11::list<std::shared_ptr<Order>, std::allocator<std::shared_ptr<Order> > > >, std::_Select1st<std::pair<int const, std::__cxx11::list<std::shared_ptr<Order>, std::allocator<std::shared_ptr<Order> > > > >, std::greater<int>, std::allocator<std::pair<int const, std::__cxx11::list<std::shared_ptr<Order>, std::allocator<std::shared_ptr<Order> > > > > >::_M_get_Node_allocator()
calls=324061 0x11fe0 -14 
* * 2268427
+5 * 324061
+5 * 324061
+3 * 324061
cfi=(225)
cfn=(1742)
calls=324061 0x11ff2 -98 
* * 39894483
+5 * 324061
+1 * 324061

fn=(2240)
0xa86c 995 2264073
+4 * 2264073
+1 * 2264073
+3 * 2264073
+4 * 2264073
+4 * 2264073
+9 * 2264073
+4 * 2264073
+2 +1 2264073
+4 * 2264073
+4 * 2264073
+4 * 2264073
+3 * 2264073
+3 * 2264073
cfn=(1706)
calls=2264073 0xc974 273 
* * 24904803
+5 * 2264073
+4 * 2264073
+4 * 2264073
+9 * 2264073
jcnd=2264073/2264073 +7 * 
* * 
+7 * 2264073
+1 * 2264073

fn=(2350)
0xee8c 787 594606
+4 * 594606
+1 * 594606
+3 * 594606
+4 +1 594606
+4 * 594606
+4 * 594606
+1 * 594606

fn=(2458)
0xbf4a 1883 16
+4 * 16
+1 * 16
+3 * 16
+4 * 16
+4 * 16
+4 +4 16
jump=16 +75 * 
* * 
+2 +2 22
+4 * 22
+3 * 22
cfn=(2450)
calls=22 0xee49 787 
* * 176
+5 * 22
+3 * 22
+4 * 22
+3 * 22
+3 * 22
cfn=(2459) std::_Rb_tree<int, std::pair<int const, std::__cxx11::list<std::shared_ptr<Order>, std::allocator<std::shared_ptr<Order> > > >, std::_Select1st<std::pair<int const, std::__cxx11::list<std::shared_ptr<Order>, std::allocator<std::shared_ptr<Order> > > > >, std::greater<int>, std::allocator<std::pair<int const, std::__cxx11::list<std::shared_ptr<Order>, std::allocator<std::shared_ptr<Order> > > > > >::_M_erase(std::_Rb_tree_node<std::pair<int const, std::__cxx11::list<std::shared_ptr<Order>, std::allocator<std::shared_ptr<Order> > > > >*)'2
calls=22 -47 -6 
* * 12227562
+5 +1 22
+4 * 22
+3 * 22
cfn=(2432)
calls=22 0xee5f 779 
* * 176
+5 * 22
+4 +1 22
+4 * 22
+4 * 22
+3 * 22
+3 * 22
cfn=(2460) std::_Rb_tree<int, std::pair<int const, std::__cxx11::list<std::shared_ptr<Order>, std::allocator<std::shared_ptr<Order> > > >, std::_Select1st<std::pair<int const, std::__cxx11::list<std::shared_ptr<Order>, std::allocator<std::shared_ptr<Order> > > > >, std::greater<int>, std::allocator<std::pair<int const, std::__cxx11::list<std::shared_ptr<Order>, std::allocator<std::shared_ptr<Order> > > > > >::_M_drop_node(std::_Rb_tree_node<std::pair<int const, std::__cxx11::list<std::shared_ptr<Order>, std::allocator<std::shared_ptr<Order> > > > >*)
calls=22 0xdb64 629 
* * 420612
+5 +1 22
+4 * 22
+4 -5 22
+5 * 22
jcnd=6/22 -78 +2 
* * 
-5 * 16
+5 * 16
jcnd=16/16 -78 +2 
* * 
+2 +7 16
+1 * 16
+1 * 16
+1 * 16

fn=(2459)
0xbf4a 1883 104
+4 * 104
+1 * 104
+3 * 104
+4 * 104
+4 * 104
+4 +4 104
jump=104 +75 * 
* * 
+2 +2 82
+4 * 82
+3 * 82
cfn=(2450)
calls=82 0xee49 787 
* * 656
+5 * 82
+3 * 82
+4 * 82
+3 * 82
+3 * 82
cfn=(2459)
calls=82 -47 -6 
* * 19880525
+5 +1 82
+4 * 82
+3 * 82
cfn=(2432)
calls=82 0xee5f 779 
* * 656
+5 * 82
+4 +1 82
+4 * 82
+4 * 82
+3 * 82
+3 * 82
cfn=(2460)
calls=82 0xdb64 629 
* * 12223176
+5 +1 82
+4 * 82
+4 -5 82
+5 * 82
jcnd=36/82 -78 +2 
* * 
-5 * 104
+5 * 104
jcnd=46/104 -78 +2 
* * 
+2 +7 104
+1 * 104
+1 * 104
+1 * 104

fn=(2460)
0xdb64 629 324061
+4 * 324061
+1 * 324061
+3 * 324061
+4 * 324061
+4 * 324061
+4 +2 324061
+4 * 324061
+4 * 324061
+3 * 324061
+3 * 324061
cfn=(2462) std::_Rb_tree<int, std::pair<int const, std::__cxx11::list<std::shared_ptr<Order>, std::allocator<std::shared_ptr<Order> > > >, std::_Select1st<std::pair<int const, std::__cxx11::list<std::shared_ptr<Order>, std::allocator<std::shared_ptr<Order> > > > >, std::greater<int>, std::allocator<std::pair<int const, std::__cxx11::list<std::shared_ptr<Order>, std::allocator<std::shared_ptr<Order> > > > > >::_M_destroy_node(std::_Rb_tree_node<std::pair<int const, std::__cxx11::list<std::shared_ptr<Order>, std::allocator<std::shared_ptr<Order> > > > >*)
calls=324061 0x10838 -13 
* * 61215605
+5 +1 324061
+4 * 324061
+4 * 324061
+3 * 324061
+3 * 324061
cfn=(2464) std::_Rb_tree<int, std::pair<int const, std::__cxx11::list<std::shared_ptr<Order>, std::allocator<std::shared_ptr<Order> > > >, std::_Select1st<std::pair<int const, std::__cxx11::list<std::shared_ptr<Order>, std::allocator<std::shared_ptr<Order> > > > >, std::greater<int>, std::allocator<std::pair<int const, std::__cxx11::list<std::shared_ptr<Order>, std::allocator<std::shared_ptr<Order> > > > > >::_M_put_node(std::_Rb_tree_node<std::pair<int const, std::__cxx11::list<std::shared_ptr<Order>, std::allocator<std::shared_ptr<Order> > > > >*)
calls=324061 0x1087a -68 
* * 56100363
+5 +1 324061
+1 * 324061
+1 * 324061

fn=(1354)
0x9ba2 667 1
+4 * 1
+1 * 1
+3 * 1
+4 * 1
+4 +4 1
+4 * 1
+3 * 1
cfi=(202)
cfn=(1356)
calls=1 0xbf1a 156 
* * 18
+5 * 1
+4 * 1
+3 * 1
cfn=(1360) std::_Rb_tree_key_compare<std::greater<int> >::_Rb_tree_key_compare()
calls=1 0xbf3a 146 
* * 7
+5 * 1
+4 * 1
+4 * 1
+3 * 1
cfn=(1362)
calls=1 0x580a 173 
* * 30
+5 +1 1
+1 * 1
+1 * 1

fn=(1728)
0xb18c 2428 325440
+4 * 325440
+1 * 325440
+3 * 325440
+2 * 325440
+1 * 325440
+4 * 325440
+4 * 325440
+4 * 325440
+4 * 325440
+4 * 325440
+4 * 325440
+9 * 325440
+4 * 325440
+2 +3 325440
+4 * 325440
+3 * 325440
cfi=(210)
cfn=(1730)
calls=325440 0xd5eb 77 
* * 2278080
+5 * 325440
+3 * 325440
+4 * 325440
+3 * 325440
cfi=(210)
cfn=(1732)
calls=325440 0xd5d9 77 
* * 2278080
+5 * 325440
+3 * 325440
+4 * 325440
+3 * 325440
cfi=(210)
cfn=(1734)
calls=325440 0xd5c7 77 
* * 2278080
+5 * 325440
+3 * 325440
+4 * 325440
+3 * 325440
+3 * 325440
+3 * 325440
cfn=(1736) std::_Rb_tree_node<std::pair<int const, std::__cxx11::list<std::shared_ptr<Order>, std::allocator<std::shared_ptr<Order> > > > >* std::_Rb_tree<int, std::pair<int const, std::__cxx11::list<std::shared_ptr<Order>, std::allocator<std::shared_ptr<Order> > > >, std::_Select1st<std::pair<int const, std::__cxx11::list<std::shared_ptr<Order>, std::allocator<std::shared_ptr<Order> > > > >, std::less<int>, std::allocator<std::pair<int const, std::__cxx11::list<std::shared_ptr<Order>, std::allocator<std::shared_ptr<Order> > > > > >::_M_create_node<std::piecewise_construct_t const&, std::tuple<int&&>, std::tuple<> >(std::piecewise_construct_t const&, std::tuple<int&&>&&, std::tuple<>&&)
calls=325440 0xdd58 609 
* * 208297656
+5 * 325440
+4 +4 325440
+4 * 325440
+3 * 325440
cfn=(1794)
calls=325440 0xe180 757 
* * 18550080
+5 * 325440
+3 * 325440
+4 * 325440
+4 * 325440
+3 * 325440
+3 * 325440
cfn=(1804)
calls=325440 0xddd8 2163 
* * 88197463
+5 * 325440
+4 * 325440
+4 +2 325440
+4 * 325440
+3 * 325440
+2 +1 325440
+4 * 325440
+4 * 325440
+4 * 325440
+4 * 325440
+3 * 325440
cfn=(1820)
calls=325440 0xe1d4 2330 
* * 36630951
+5 * 325440
jump=325440 +44 +10 
* * 
+44 +10 325440
+4 * 325440
+9 * 325440
jcnd=325440/325440 +68 * 
* * 
+68 * 325440
+4 * 325440
+1 * 325440
+2 * 325440
+1 * 325440

fn=(1740)
0x122f8 547 1301760
+4 * 1301760
+1 * 1301760
+3 * 1301760
+4 +1 1301760
+4 * 1301760
+1 * 1301760

fn=(1810)
0x10b3c 2061 6
+4 * 6
+1 * 6
+3 * 6
+1 * 6
+4 * 6
+4 * 6
+4 * 6
+9 * 6
+4 * 6
+2 +4 6
+4 * 6
+3 * 6
cfn=(1700) std::_Rb_tree<int, std::pair<int const, std::__cxx11::list<std::shared_ptr<Order>, std::allocator<std::shared_ptr<Order> > > >, std::_Select1st<std::pair<int const, std::__cxx11::list<std::shared_ptr<Order>, std::allocator<std::shared_ptr<Order> > > > >, std::less<int>, std::allocator<std::pair<int const, std::__cxx11::list<std::shared_ptr<Order>, std::allocator<std::shared_ptr<Order> > > > > >::_M_begin()
calls=6 0xc04c 738 
* * 108
+5 * 6
+4 +1 6
+4 * 6
+3 * 6
cfn=(1698)
calls=6 0xfe7e 749 
* * 48
+5 * 6
+4 +1 6
+4 +1 6
jump=6 +83 * 
* * 
+83 * 6
+4 * 6
+3 * 6
+2 +6 6
+4 * 6
+4 * 6
+3 * 6
+3 * 6
cfn=(1706)
calls=6 0xc974 273 
* * 66
+5 +1 6
+4 * 6
+2 +2 6
+4 * 6
+3 * 6
cfn=(1812)
calls=6 0xa8de 995 
* * 186
+5 * 6
+4 * 6
+4 * 6
+4 * 6
+3 * 6
+3 * 6
cfn=(1712)
calls=6 0xae50 315 
* * 78
+5 * 6
+2 * 6
+2 +1 6
+4 * 6
+4 * 6
+4 * 6
+3 * 6
+3 * 6
cfi=(233)
cfn=(1814)
calls=6 0x121be 352 
* * 216
+5 * 6
+4 * 6
+4 * 6
jump=6 0x10cbe +7 
* * 
0x10cbe +7 6
+4 * 6
+9 * 6
jcnd=6/6 +7 * 
* * 
+7 * 6
+4 * 6
+1 * 6

fn=(2364) std::_Rb_tree<int, std::pair<int const, std::__cxx11::list<std::shared_ptr<Order>, std::allocator<std::shared_ptr<Order> > > >, std::_Select1st<std::pair<int const, std::__cxx11::list<std::shared_ptr<Order>, std::allocator<std::shared_ptr<Order> > > > >, std::less<int>, std::allocator<std::pair<int const, std::__cxx11::list<std::shared_ptr<Order>, std::allocator<std::shared_ptr<Order> > > > > >::_M_erase(std::_Rb_tree_node<std::pair<int const, std::__cxx11::list<std::shared_ptr<Order>, std::allocator<std::shared_ptr<Order> > > > >*)
0xbfe2 1883 6
+4 * 6
+1 * 6
+3 * 6
+4 * 6
+4 * 6
+4 +4 6
jump=6 +75 * 
* * 
+2 +2 11
+4 * 11
+3 * 11
cfn=(2350)
calls=11 0xee8c 787 
* * 88
+5 * 11
+3 * 11
+4 * 11
+3 * 11
+3 * 11
cfn=(2365) std::_Rb_tree<int, std::pair<int const, std::__cxx11::list<std::shared_ptr<Order>, std::allocator<std::shared_ptr<Order> > > >, std::_Select1st<std::pair<int const, std::__cxx11::list<std::shared_ptr<Order>, std::allocator<std::shared_ptr<Order> > > > >, std::less<int>, std::allocator<std::pair<int const, std::__cxx11::list<std::shared_ptr<Order>, std::allocator<std::shared_ptr<Order> > > > > >::_M_erase(std::_Rb_tree_node<std::pair<int const, std::__cxx11::list<std::shared_ptr<Order>, std::allocator<std::shared_ptr<Order> > > > >*)'2
calls=11 -47 -6 
* * 11930178
+5 +1 11
+4 * 11
+3 * 11
cfn=(2348)
calls=11 0xeea2 779 
* * 88
+5 * 11
+4 +1 11
+4 * 11
+4 * 11
+3 * 11
+3 * 11
cfn=(2366) std::_Rb_tree<int, std::pair<int const, std::__cxx11::list<std::shared_ptr<Order>, std::allocator<std::shared_ptr<Order> > > >, std::_Select1st<std::pair<int const, std::__cxx11::list<std::shared_ptr<Order>, std::allocator<std::shared_ptr<Order> > > > >, std::less<int>, std::allocator<std::pair<int const, std::__cxx11::list<std::shared_ptr<Order>, std::allocator<std::shared_ptr<Order> > > > > >::_M_drop_node(std::_Rb_tree_node<std::pair<int const, std::__cxx11::list<std::shared_ptr<Order>, std::allocator<std::shared_ptr<Order> > > > >*)
calls=11 0xe2be 629 
* * 395494
+5 +1 11
+4 * 11
+4 -5 11
+5 * 11
jcnd=5/11 -78 +2 
* * 
-5 * 6
+5 * 6
jcnd=6/6 -78 +2 
* * 
+2 +7 6
+1 * 6
+1 * 6
+1 * 6

fn=(2365)
0xbfe2 1883 85
+4 * 85
+1 * 85
+3 * 85
+4 * 85
+4 * 85
+4 +4 85
jump=85 +75 * 
* * 
+2 +2 74
+4 * 74
+3 * 74
cfn=(2350)
calls=74 0xee8c 787 
* * 592
+5 * 74
+3 * 74
+4 * 74
+3 * 74
+3 * 74
cfn=(2365)
calls=74 -47 -6 
* * 23004621
+5 +1 74
+4 * 74
+3 * 74
cfn=(2348)
calls=74 0xeea2 779 
* * 592
+5 * 74
+4 +1 74
+4 * 74
+4 * 74
+3 * 74
+3 * 74
cfn=(2366)
calls=74 0xe2be 629 
* * 11926335
+5 +1 74
+4 * 74
+4 -5 74
+5 * 74
jcnd=33/74 -78 +2 
* * 
-5 * 85
+5 * 85
jcnd=41/85 -78 +2 
* * 
+2 +7 85
+1 * 85
+1 * 85
+1 * 85

fn=(2366)
0xe2be 629 325440
+4 * 325440
+1 * 325440
+3 * 325440
+4 * 325440
+4 * 325440
+4 +2 325440
+4 * 325440
+4 * 325440
+3 * 325440
+3 * 325440
cfn=(2368) std::_Rb_tree<int, std::pair<int const, std::__cxx11::list<std::shared_ptr<Order>, std::allocator<std::shared_ptr<Order> > > >, std::_Select1st<std::pair<int const, std::__cxx11::list<std::shared_ptr<Order>, std::allocator<std::shared_ptr<Order> > > > >, std::less<int>, std::allocator<std::pair<int const, std::__cxx11::list<std::shared_ptr<Order>, std::allocator<std::shared_ptr<Order> > > > > >::_M_destroy_node(std::_Rb_tree_node<std::pair<int const, std::__cxx11::list<std::shared_ptr<Order>, std::allocator<std::shared_ptr<Order> > > > >*)
calls=325440 0x10cee -13 
* * 61107164
+5 +1 325440
+4 * 325440
+4 * 325440
+3 * 325440
+3 * 325440
cfn=(2386) std::_Rb_tree<int, std::pair<int const, std::__cxx11::list<std::shared_ptr<Order>, std::allocator<std::shared_ptr<Order> > > >, std::_Select1st<std::pair<int const, std::__cxx11::list<std::shared_ptr<Order>, std::allocator<std::shared_ptr<Order> > > > >, std::less<int>, std::allocator<std::pair<int const, std::__cxx11::list<std::shared_ptr<Order>, std::allocator<std::shared_ptr<Order> > > > > >::_M_put_node(std::_Rb_tree_node<std::pair<int const, std::__cxx11::list<std::shared_ptr<Order>, std::allocator<std::shared_ptr<Order> > > > >*)
calls=325440 0x10d30 -68 
* * 56344571
+5 +1 325440
+1 * 325440
+1 * 325440

fn=(2368)
0x10cee 618 325440
+4 * 325440
+1 * 325440
+3 * 325440
+1 * 325440
+4 * 325440
+4 * 325440
+4 +5 325440
+4 * 325440
+3 * 325440
cfn=(1752)
calls=325440 0xa8bc 234 
* * 9112320
+5 * 325440
+3 * 325440
+4 * 325440
+3 * 325440
cfn=(1740)
calls=325440 0x122f8 -76 
* * 2278080
+5 * 325440
+3 * 325440
+3 * 325440
cfi=(225)
cfn=(2370) void std::allocator_traits<std::allocator<std::_Rb_tree_node<std::pair<int const, std::__cxx11::list<std::shared_ptr<Order>, std::allocator<std::shared_ptr<Order> > > > > > >::destroy<std::pair<int const, std::__cxx11::list<std::shared_ptr<Order>, std::allocator<std::shared_ptr<Order> > > > >(std::allocator<std::_Rb_tree_node<std::pair<int const, std::__cxx11::list<std::shared_ptr<Order>, std::allocator<std::shared_ptr<Order> > > > > >&, std::pair<int const, std::__cxx11::list<std::shared_ptr<Order>, std::allocator<std::shared_ptr<Order> > > >*)
calls=325440 0x12206 -92 
* * 42882524
+5 +3 325440
+1 * 325440
+4 * 325440
+1 * 325440

fn=(2386)
0x10d30 564 325440
+4 * 325440
+1 * 325440
+3 * 325440
+4 * 325440
+4 * 325440
+4 +1 325440
+4 * 325440
+3 * 325440
cfn=(1740)
calls=325440 0x122f8 -18 
* * 2278080
+5 * 325440
+3 * 325440
+4 * 325440
+5 * 325440
+3 * 325440
+3 * 325440
cfi=(225)
cfn=(2388) std::allocator_traits<std::allocator<std::_Rb_tree_node<std::pair<int const, std::__cxx11::list<std::shared_ptr<Order>, std::allocator<std::shared_ptr<Order> > > > > > >::deallocate(std::allocator<std::_Rb_tree_node<std::pair<int const, std::__cxx11::list<std::shared_ptr<Order>, std::allocator<std::shared_ptr<Order> > > > > >&, std::_Rb_tree_node<std::pair<int const, std::__cxx11::list<std::shared_ptr<Order>, std::allocator<std::shared_ptr<Order> > > > >*, unsigned long)
calls=325440 0x12229 -70 
* * 48208571
+5 * 325440
+1 * 325440
+1 * 325440

fn=(2446)
0xaad0 2507 323972
+4 * 323972
+1 * 323972
+3 * 323972
+4 * 323972
+4 * 323972
+4 * 323972
+9 * 323972
+4 * 323972
+2 +3 323972
+4 * 323972
+4 * 323972
+3 * 323972
+3 * 323972
cfn=(2448)
calls=323972 0xcb0e 1966 
* * 497916322
+5 * 323972
+4 * 323972
+4 +1 323972
+4 * 323972
+3 * 323972
cfn=(2236)
calls=323972 0xccd4 1031 
* * 2591776
+5 * 323972
+4 +1 323972
+4 * 323972
+4 * 323972
+4 * 323972
+3 * 323972
+3 * 323972
cfn=(1726)
calls=323972 0xaf0e 350 
* * 3887664
+5 * 323972
+4 * 323972
+4 * 323972
+3 * 323972
+3 * 323972
cfn=(1726)
calls=323972 0xaf0e 350 
* * 3887664
+5 * 323972
+4 * 323972
+4 * 323972
+4 * 323972
+3 * 323972
+3 * 323972
cfn=(2454) std::_Rb_tree<int, std::pair<int const, std::__cxx11::list<std::shared_ptr<Order>, std::allocator<std::shared_ptr<Order> > > >, std::_Select1st<std::pair<int const, std::__cxx11::list<std::shared_ptr<Order>, std::allocator<std::shared_ptr<Order> > > > >, std::greater<int>, std::allocator<std::pair<int const, std::__cxx11::list<std::shared_ptr<Order>, std::allocator<std::shared_ptr<Order> > > > > >::_M_erase_aux(std::_Rb_tree_const_iterator<std::pair<int const, std::__cxx11::list<std::shared_ptr<Order>, std::allocator<std::shared_ptr<Order> > > > >, std::_Rb_tree_const_iterator<std::pair<int const, std::__cxx11::list<std::shared_ptr<Order>, std::allocator<std::shared_ptr<Order> > > > >)
calls=323972 0xccea -18 
* * 214833680
+5 +1 323972
+4 * 323972
+3 * 323972
cfn=(2236)
calls=323972 0xccd4 1031 
* * 2591776
+5 * 323972
+3 * 323972
+4 * 323972
+3 +1 323972
+4 * 323972
+9 * 323972
jcnd=323972/323972 +7 * 
* * 
+7 * 323972
+1 * 323972

fn=(2504)
0xa656 999 249678
+4 * 249678
+1 * 249678
+3 * 249678
+4 * 249678
+4 * 249678
+9 * 249678
+4 * 249678
+2 +1 249678
+4 * 249678
+4 * 249678
+4 * 249678
+3 * 249678
+3 * 249678
cfn=(2192)
calls=249678 0xc75c 347 
* * 2746458
+5 * 249678
+4 * 249678
+4 * 249678
+9 * 249678
jcnd=249678/249678 +7 * 
* * 
+7 * 249678
+1 * 249678

fn=(2604)
0x7a46 660 1
+4 * 1
+1 * 1
+3 * 1
+4 * 1
+4 * 1
+4 * 1
+3 * 1
cfi=(202)
cfn=(2598)
calls=1 0x9bde 174 
* * 7
+5 * 1
+1 * 1
+1 * 1

fn=(1736)
0xdd58 609 325440
+4 * 325440
+1 * 325440
+3 * 325440
+2 * 325440
+1 * 325440
+4 * 325440
+4 * 325440
+4 * 325440
+4 * 325440
+4 +2 325440
+4 * 325440
+3 * 325440
cfn=(1738)
calls=325440 0x109fe -51 
* * 46553976
+5 * 325440
+4 +1 325440
+4 * 325440
+3 * 325440
cfi=(210)
cfn=(1730)
calls=325440 0xd5eb 77 
* * 2278080
+5 * 325440
+3 * 325440
+4 * 325440
+3 * 325440
cfi=(210)
cfn=(1732)
calls=325440 0xd5d9 77 
* * 2278080
+5 * 325440
+3 * 325440
+4 * 325440
+3 * 325440
cfi=(210)
cfn=(1734)
calls=325440 0xd5c7 77 
* * 2278080
+5 * 325440
+3 * 325440
+4 * 325440
+4 * 325440
+3 * 325440
+3 * 325440
+3 * 325440
cfn=(1750)
calls=325440 0x10a2a -22 
* * 142542720
+5 +1 325440
+4 +1 325440
+4 * 325440
+1 * 325440
+2 * 325440
+1 * 325440

fn=(1812)
0xa8de 995 2265464
+4 * 2265464
+1 * 2265464
+3 * 2265464
+4 * 2265464
+4 * 2265464
+9 * 2265464
+4 * 2265464
+2 +1 2265464
+4 * 2265464
+4 * 2265464
+4 * 2265464
+3 * 2265464
+3 * 2265464
cfn=(1706)
calls=2265464 0xc974 273 
* * 24920104
+5 * 2265464
+4 * 2265464
+4 * 2265464
+9 * 2265464
jcnd=2265464/2265464 +7 * 
* * 
+7 * 2265464
+1 * 2265464

fn=(2228)
0x11fe0 547 1296244
+4 * 1296244
+1 * 1296244
+3 * 1296244
+4 +1 1296244
+4 * 1296244
+1 * 1296244

fn=(2454)
0xccea 2494 323972
+4 * 323972
+1 * 323972
+3 * 323972
+4 * 323972
+4 * 323972
+4 * 323972
+4 * 323972
+9 * 323972
+4 * 323972
+2 +3 323972
+4 * 323972
+3 * 323972
cfn=(2240)
calls=323972 0xa86c 995 
* * 10043132
+5 * 323972
+4 * 323972
+4 * 323972
+4 * 323972
+3 * 323972
+3 * 323972
cfn=(1726)
calls=323972 0xaf0e 350 
* * 3887664
+5 * 323972
+4 * 323972
+4 * 323972
+3 * 323972
+3 * 323972
cfn=(2360)
calls=323972 0x9660 396 
* * 4211636
+5 * 323972
+2 * 323972
jcnd=9598/323972 +67 * 
* * 
+2 * 314374
+4 * 314374
+3 * 314374
cfn=(2220)
calls=314374 0xd530 1003 
* * 9745594
+5 * 314374
+4 * 314374
+4 * 314374
+4 * 314374
+3 * 314374
+3 * 314374
cfn=(1726)
calls=314374 0xaf0e 350 
* * 3772488
+5 * 314374
+4 * 314374
+4 * 314374
+3 * 314374
+3 * 314374
cfn=(2360)
calls=314374 0x9660 396 
* * 4086862
+5 * 314374
+2 * 314374
jcnd=314359/314374 +9 * 
* * 
+2 * 15
+5 * 15
jump=15 +7 * 
* * 
+2 * 323957
+5 * 323957
+2 * 323957
jcnd=323957/323957 +51 +3 
* * 
-2 * 15
+2 * 15
+2 +1 15
+4 * 15
+3 * 15
cfn=(2456) std::_Rb_tree<int, std::pair<int const, std::__cxx11::list<std::shared_ptr<Order>, std::allocator<std::shared_ptr<Order> > > >, std::_Select1st<std::pair<int const, std::__cxx11::list<std::shared_ptr<Order>, std::allocator<std::shared_ptr<Order> > > > >, std::greater<int>, std::allocator<std::pair<int const, std::__cxx11::list<std::shared_ptr<Order>, std::allocator<std::shared_ptr<Order> > > > > >::clear()
calls=15 0xfd84 1252 
* * 6885
+5 +4 15
jump=15 +63 * 
* * 
+2 -1 323957
+4 * 323957
+5 * 323957
+3 * 323957
cfn=(2480)
calls=323957 0xfdc6 373 
* * 12013686
+5 * 323957
+3 * 323957
+4 * 323957
+3 * 323957
+3 * 323957
cfn=(2486) std::_Rb_tree<int, std::pair<int const, std::__cxx11::list<std::shared_ptr<Order>, std::allocator<std::shared_ptr<Order> > > >, std::_Select1st<std::pair<int const, std::__cxx11::list<std::shared_ptr<Order>, std::allocator<std::shared_ptr<Order> > > > >, std::greater<int>, std::allocator<std::pair<int const, std::__cxx11::list<std::shared_ptr<Order>, std::allocator<std::shared_ptr<Order> > > > > >::_M_erase_aux(std::_Rb_tree_const_iterator<std::pair<int const, std::__cxx11::list<std::shared_ptr<Order>, std::allocator<std::shared_ptr<Order> > > > >)
calls=323957 0xfe24 -21 
* * 134174847
+5 -1 647914
+4 * 647914
+4 * 647914
+3 * 647914
+3 * 647914
cfn=(2360)
calls=647914 0x9660 396 
* * 8422882
+5 * 647914
+3 * 647914
+2 * 647914
jcnd=323957/647914 -59 +1 
* * 
+2 +2 323972
+1 * 323972
+4 * 323972
+9 * 323972
jcnd=323972/323972 +7 * 
* * 
+7 * 323972
+1 * 323972

fn=(2456)
0xfd84 1252 15
+4 * 15
+1 * 15
+3 * 15
+4 * 15
+4 +2 15
+4 * 15
+3 * 15
cfn=(2212)
calls=15 0xbfb4 738 
* * 270
+5 * 15
+3 * 15
+4 * 15
+3 * 15
+3 * 15
cfn=(2458)
calls=15 0xbf4a 1883 
* * 6060
+5 +1 15
+4 * 15
+4 * 15
+3 * 15
cfn=(1364)
calls=15 0x5834 206 
* * 255
+5 +1 15
+1 * 15
+1 * 15

fn=(1710)
0xdcf8 1003 713092
+4 * 713092
+1 * 713092
+3 * 713092
+4 * 713092
+4 * 713092
+9 * 713092
+4 * 713092
+2 +1 713092
+4 * 713092
+4 * 713092
+4 * 713092
+3 * 713092
+3 * 713092
cfn=(1706)
calls=713092 0xc974 273 
* * 7844012
+5 * 713092
+4 * 713092
+4 * 713092
+9 * 713092
jcnd=713092/713092 +7 * 
* * 
+7 * 713092
+1 * 713092

fn=(1726)
0xaf0e 350 3227353
+4 * 3227353
+1 * 3227353
+3 * 3227353
+4 * 3227353
+4 +1 3227353
+4 * 3227353
+3 * 3227353
+4 * 3227353
+3 * 3227353
+1 * 3227353
+1 * 3227353

fn=(1826)
0x8a48 277 5468415
+4 * 5468415
+1 * 5468415
+3 * 5468415
+4 * 5468415
+4 +1 5468415
+4 * 5468415
+3 * 5468415
+3 * 5468415
cfn=(1752)
calls=5468415 0xa8bc -44 
* * 153115620
+5 * 5468415
+1 * 5468415

fn=(2094)
0xa63a 1027 2189829
+4 * 2189829
+1 * 2189829
+3 * 2189829
+4 +1 2189829
+4 * 2189829
+4 * 2189829
+3 * 2189829
+3 * 2189829
+1 * 2189829

fn=(2220)
0xd530 1003 710898
+4 * 710898
+1 * 710898
+3 * 710898
+4 * 710898
+4 * 710898
+9 * 710898
+4 * 710898
+2 +1 710898
+4 * 710898
+4 * 710898
+4 * 710898
+3 * 710898
+3 * 710898
cfn=(1706)
calls=710898 0xc974 273 
* * 7819878
+5 * 710898
+4 * 710898
+4 * 710898
+9 * 710898
jcnd=710898/710898 +7 * 
* * 
+7 * 710898
+1 * 710898

fn=(2224) std::_Rb_tree_node<std::pair<int const, std::__cxx11::list<std::shared_ptr<Order>, std::allocator<std::shared_ptr<Order> > > > >* std::_Rb_tree<int, std::pair<int const, std::__cxx11::list<std::shared_ptr<Order>, std::allocator<std::shared_ptr<Order> > > >, std::_Select1st<std::pair<int const, std::__cxx11::list<std::shared_ptr<Order>, std::allocator<std::shared_ptr<Order> > > > >, std::greater<int>, std::allocator<std::pair<int const, std::__cxx11::list<std::shared_ptr<Order>, std::allocator<std::shared_ptr<Order> > > > > >::_M_create_node<std::piecewise_construct_t const&, std::tuple<int&&>, std::tuple<> >(std::piecewise_construct_t const&, std::tuple<int&&>&&, std::tuple<>&&)
0xd5fe 609 324061
+4 * 324061
+1 * 324061
+3 * 324061
+2 * 324061
+1 * 324061
+4 * 324061
+4 * 324061
+4 * 324061
+4 * 324061
+4 +2 324061
+4 * 324061
+3 * 324061
cfn=(2226)
calls=324061 0x103c2 -51 
* * 46375703
+5 * 324061
+4 +1 324061
+4 * 324061
+3 * 324061
cfi=(210)
cfn=(1730)
calls=324061 -73 77 
* * 2268427
+5 * 324061
+3 * 324061
+4 * 324061
+3 * 324061
cfi=(210)
cfn=(1732)
calls=324061 0xd5d9 77 
* * 2268427
+5 * 324061
+3 * 324061
+4 * 324061
+3 * 324061
cfi=(210)
cfn=(1734)
calls=324061 0xd5c7 77 
* * 2268427
+5 * 324061
+3 * 324061
+4 * 324061
+4 * 324061
+3 * 324061
+3 * 324061
+3 * 324061
cfn=(2230) void std::_Rb_tree<int, std::pair<int const, std::__cxx11::list<std::shared_ptr<Order>, std::allocator<std::shared_ptr<Order> > > >, std::_Select1st<std::pair<int const, std::__cxx11::list<std::shared_ptr<Order>, std::allocator<std::shared_ptr<Order> > > > >, std::greater<int>, std::allocator<std::pair<int const, std::__cxx11::list<std::shared_ptr<Order>, std::allocator<std::shared_ptr<Order> > > > > >::_M_construct_node<std::piecewise_construct_t const&, std::tuple<int&&>, std::tuple<> >(std::_Rb_tree_node<std::pair<int const, std::__cxx11::list<std::shared_ptr<Order>, std::allocator<std::shared_ptr<Order> > > > >*, std::piecewise_construct_t const&, std::tuple<int&&>&&, std::tuple<>&&)
calls=324061 0x103ee -22 
* * 141938718
+5 +1 324061
+4 +1 324061
+4 * 324061
+1 * 324061
+2 * 324061
+1 * 324061

fn=(2344)
0xcdf8 1966 325360
+4 * 325360
+1 * 325360
+3 * 325360
+1 * 325360
+4 * 325360
+4 * 325360
+4 * 325360
+9 * 325360
+4 * 325360
+2 +3 325360
+4 * 325360
+3 * 325360
cfn=(1700)
calls=325360 0xc04c 738 
* * 5856480
+5 * 325360
+4 +1 325360
+4 * 325360
+3 * 325360
cfn=(1698)
calls=325360 0xfe7e 749 
* * 2602880
+5 * 325360
+4 +1 325360
jump=325360 0xcf53 * 
* * 
+5 +2 2248661
+4 * 2248661
+4 * 2248661
+3 * 2248661
cfn=(1794)
calls=2248661 0xe180 757 
* * 128173677
+5 * 2248661
+3 * 2248661
+4 * 2248661
+3 * 2248661
+3 * 2248661
+3 * 2248661
cfi=(232)
cfn=(2346)
calls=2248661 0xb164 399 
* * 31481254
+5 * 2248661
+2 * 2248661
jcnd=2238856/2248661 +23 +2 
* * 
+2 +1 9805
+4 * 9805
+3 * 9805
cfn=(2350)
calls=9805 0xee8c 787 
* * 78440
+5 * 9805
+4 * 9805
jump=9805 0xcf53 -3 
* * 
+5 +1 2238856
+4 * 2238856
+4 * 2238856
+3 * 2238856
cfn=(1794)
calls=2238856 0xe180 757 
* * 127614792
+5 * 2238856
+3 * 2238856
+4 * 2238856
+3 * 2238856
+3 * 2238856
cfi=(232)
cfn=(2346)
calls=2238856 0xb164 399 
* * 31343984
+5 * 2238856
+2 * 2238856
jcnd=325360/2238856 +31 +4 
* * 
+2 +1 1913496
+4 * 1913496
+4 * 1913496
+4 * 1913496
+3 * 1913496
cfn=(2348)
calls=1913496 0xeea2 779 
* * 15307968
+5 * 1913496
+4 * 1913496
jump=1913496 0xcf53 -5 
* * 
+5 +3 325360
+4 * 325360
+4 +1 325360
+4 * 325360
+4 +1 325360
+4 * 325360
+4 * 325360
+4 * 325360
+3 * 325360
cfn=(2348)
calls=325360 0xeea2 779 
* * 2602880
+5 * 325360
+4 +1 325360
+4 * 325360
+3 * 325360
cfn=(2350)
calls=325360 0xee8c 787 
* * 2602880
+5 * 325360
+4 +3 325360
+4 * 325360
+4 * 325360
+4 * 325360
+4 * 325360
+3 * 325360
cfn=(2352) std::_Rb_tree<int, std::pair<int const, std::__cxx11::list<std::shared_ptr<Order>, std::allocator<std::shared_ptr<Order> > > >, std::_Select1st<std::pair<int const, std::__cxx11::list<std::shared_ptr<Order>, std::allocator<std::shared_ptr<Order> > > > >, std::less<int>, std::allocator<std::pair<int const, std::__cxx11::list<std::shared_ptr<Order>, std::allocator<std::shared_ptr<Order> > > > > >::_M_upper_bound(std::_Rb_tree_node<std::pair<int const, std::__cxx11::list<std::shared_ptr<Order>, std::allocator<std::shared_ptr<Order> > > > >*, std::_Rb_tree_node_base*, int const&)
calls=325360 0xff50 -53 
* * 17552171
+5 * 325360
+4 -1 325360
+4 * 325360
+4 * 325360
+4 * 325360
+4 * 325360
+3 * 325360
cfn=(1704)
calls=325360 0xfe94 -84 
* * 12622106
+5 * 325360
+4 -1 325360
+4 * 325360
+4 * 325360
+4 * 325360
+3 * 325360
+3 * 325360
cfi=(233)
cfn=(2354)
calls=325360 0xfd3c 352 
* * 11712960
+5 +2 325360
+4 * 325360
+4 * 325360
jump=325360 +82 +5 
* * 
+2 -14 2248661
+5 * 2248661
jcnd=2248661/2248661 0xce41 +2 
* * 
+75 +19 325360
+4 * 325360
+9 * 325360
jcnd=325360/325360 +7 * 
* * 
+7 * 325360
+4 * 325360
+1 * 325360

fn=(2352)
0xff50 1932 325360
+4 * 325360
+1 * 325360
+3 * 325360
+1 * 325360
+4 * 325360
+4 * 325360
+4 * 325360
+4 * 325360
+4 * 325360
+9 * 325360
+4 * 325360
+2 +4 325360
jump=325360 +82 * 
* * 
+2 +1 52409
+4 * 52409
+4 * 52409
+3 * 52409
cfn=(1794)
calls=52409 0xe180 757 
* * 2987313
+5 * 52409
+3 * 52409
+4 * 52409
+3 * 52409
+3 * 52409
cfi=(232)
cfn=(2346)
calls=52409 0xb164 399 
* * 733726
+5 * 52409
+2 * 52409
+2 +1 52409
+4 * 52409
+4 * 52409
+4 * 52409
+3 * 52409
cfn=(2348)
calls=52409 0xeea2 779 
* * 419272
+5 * 52409
+4 * 52409
jump=52409 +18 -2 
* * 
+18 -2 377769
+5 * 377769
jcnd=52409/377769 -85 +1 
* * 
+2 +5 325360
+4 * 325360
+4 * 325360
+3 * 325360
+3 * 325360
cfn=(1706)
calls=325360 0xc974 273 
* * 3578960
+5 * 325360
+4 +1 325360
+4 * 325360
+9 * 325360
jcnd=325360/325360 +7 * 
* * 
+7 * 325360
+4 * 325360
+1 * 325360

fn=(2362) std::_Rb_tree<int, std::pair<int const, std::__cxx11::list<std::shared_ptr<Order>, std::allocator<std::shared_ptr<Order> > > >, std::_Select1st<std::pair<int const, std::__cxx11::list<std::shared_ptr<Order>, std::allocator<std::shared_ptr<Order> > > > >, std::less<int>, std::allocator<std::pair<int const, std::__cxx11::list<std::shared_ptr<Order>, std::allocator<std::shared_ptr<Order> > > > > >::clear()
0x10006 1252 5
+4 * 5
+1 * 5
+3 * 5
+4 * 5
+4 +2 5
+4 * 5
+3 * 5
cfn=(1700)
calls=5 0xc04c 738 
* * 90
+5 * 5
+3 * 5
+4 * 5
+3 * 5
+3 * 5
cfn=(2364)
calls=5 0xbfe2 1883 
* * 2020
+5 +1 5
+4 * 5
+4 * 5
+3 * 5
cfn=(1364)
calls=5 0x5834 206 
* * 85
+5 +1 5
+1 * 5
+1 * 5

fn=(2464)
0x1087a 564 324061
+4 * 324061
+1 * 324061
+3 * 324061
+4 * 324061
+4 * 324061
+4 +1 324061
+4 * 324061
+3 * 324061
cfn=(2228)
calls=324061 0x11fe0 -18 
* * 2268427
+5 * 324061
+3 * 324061
+4 * 324061
+5 * 324061
+3 * 324061
+3 * 324061
cfi=(225)
cfn=(2388)
calls=324061 0x12229 -70 
* * 47998838
+5 * 324061
+1 * 324061
+1 * 324061

fn=(2468)
0x1072c 718 836744
+4 * 836744
+1 * 836744
+3 * 836744
+4 +1 836744
+4 * 836744
+4 * 836744
+1 * 836744

fn=(1360)
0xbf3a 146 1
+4 * 1
+1 * 1
+3 * 1
+4 +4 1
+1 * 1
+1 * 1

fn=(1696)
0xdca8 1269 397610
+4 * 397610
+1 * 397610
+3 * 397610
+1 * 397610
+4 * 397610
+4 * 397610
+4 +1 397610
+4 * 397610
+3 * 397610
cfn=(1698)
calls=397610 0xfe7e 749 
* * 3180880
+5 * 397610
+3 * 397610
+4 * 397610
+3 * 397610
cfn=(1700)
calls=397610 0xc04c 738 
* * 7156980
+5 * 397610
+3 * 397610
+4 * 397610
+4 * 397610
+3 * 397610
+3 * 397610
+3 * 397610
cfn=(1704)
calls=397610 0xfe94 1900 
* * 276234791
+5 * 397610
+4 * 397610
+1 * 397610

fn=(2208)
0xd4e0 1269 396524
+4 * 396524
+1 * 396524
+3 * 396524
+1 * 396524
+4 * 396524
+4 * 396524
+4 +1 396524
+4 * 396524
+3 * 396524
cfn=(2210)
calls=396524 0xfbb4 749 
* * 3172192
+5 * 396524
+3 * 396524
+4 * 396524
+3 * 396524
cfn=(2212)
calls=396524 0xbfb4 738 
* * 7137432
+5 * 396524
+3 * 396524
+4 * 396524
+4 * 396524
+3 * 396524
+3 * 396524
+3 * 396524
cfn=(2216)
calls=396524 0xfbca 1900 
* * 288662036
+5 * 396524
+4 * 396524
+1 * 396524

fn=(2222)
0xaf30 2428 324061
+4 * 324061
+1 * 324061
+3 * 324061
+2 * 324061
+1 * 324061
+4 * 324061
+4 * 324061
+4 * 324061
+4 * 324061
+4 * 324061
+4 * 324061
+9 * 324061
+4 * 324061
+2 +3 324061
+4 * 324061
+3 * 324061
cfi=(210)
cfn=(1730)
calls=324061 0xd5eb 77 
* * 2268427
+5 * 324061
+3 * 324061
+4 * 324061
+3 * 324061
cfi=(210)
cfn=(1732)
calls=324061 0xd5d9 77 
* * 2268427
+5 * 324061
+3 * 324061
+4 * 324061
+3 * 324061
cfi=(210)
cfn=(1734)
calls=324061 0xd5c7 77 
* * 2268427
+5 * 324061
+3 * 324061
+4 * 324061
+3 * 324061
+3 * 324061
+3 * 324061
cfn=(2224)
calls=324061 0xd5fe 609 
* * 207434020
+5 * 324061
+4 +4 324061
+4 * 324061
+3 * 324061
cfn=(2232)
calls=324061 0xda26 757 
* * 18471477
+5 * 324061
+3 * 324061
+4 * 324061
+4 * 324061
+3 * 324061
+3 * 324061
cfn=(2234)
calls=324061 0xd67e 2163 
* * 87824217
+5 * 324061
+4 * 324061
+4 +2 324061
+4 * 324061
+3 * 324061
+2 +1 324061
+4 * 324061
+4 * 324061
+4 * 324061
+4 * 324061
+3 * 324061
cfn=(2242)
calls=324061 0xda7a 2330 
* * 36505054
+5 * 324061
jump=324061 +44 +10 
* * 
+44 +10 324061
+4 * 324061
+9 * 324061
jcnd=324061/324061 +68 * 
* * 
+68 * 324061
+4 * 324061
+1 * 324061
+2 * 324061
+1 * 324061

fn=(2230)
0x103ee 590 324061
+4 * 324061
+1 * 324061
+3 * 324061
+2 * 324061
+2 * 324061
+2 * 324061
+1 * 324061
+4 * 324061
+4 * 324061
+4 * 324061
+4 * 324061
+4 * 324061
+4 +4 324061
+4 * 324061
+3 * 324061
+5 * 324061
cfi=(226)
cfn=(1614)
calls=324061 0x57cf 175 
* * 2592488
+5 +1 324061
+4 * 324061
+3 * 324061
cfi=(210)
cfn=(1730)
calls=324061 0xd5eb 77 
* * 2268427
+5 * 324061
+3 * 324061
+4 * 324061
+3 * 324061
cfi=(210)
cfn=(1732)
calls=324061 0xd5d9 77 
* * 2268427
+5 * 324061
+3 * 324061
+4 * 324061
+3 * 324061
cfi=(210)
cfn=(1734)
calls=324061 0xd5c7 77 
* * 2268427
+5 * 324061
+3 * 324061
+4 * 324061
+3 * 324061
cfn=(1752)
calls=324061 0xa8bc 234 
* * 9073708
+5 * 324061
+3 * 324061
+4 * 324061
+3 * 324061
cfn=(2228)
calls=324061 0x11fe0 -48 
* * 2268427
+5 * 324061
+3 * 324061
+3 * 324061
+3 * 324061
+3 * 324061
+3 * 324061
cfi=(225)
cfn=(1758)
calls=324061 0x12140 -84 
* * 104995764
+5 +10 324061
jump=324061 +61 * 
* * 
+61 * 324061
+4 * 324061
+1 * 324061
+2 * 324061
+2 * 324061
+2 * 324061
+1 * 324061

fn=(2232)
0xda26 757 8263829
+4 * 8263829
+1 * 8263829
+3 * 8263829
+4 * 8263829
+4 * 8263829
+9 * 8263829
+4 * 8263829
+2 +18 8263829
+4 * 8263829
+3 * 8263829
cfn=(1796)
calls=8263829 0xa618 238 
* * 231387212
+5 * 8263829
+3 * 8263829
+4 * 8263829
+3 * 8263829
+3 * 8263829
cfi=(232)
cfn=(1802)
calls=8263829 0x10822 1174 
* * 66110632
+5 +1 8263829
+4 * 8263829
+9 * 8263829
jcnd=8263829/8263829 +7 * 
* * 
+7 * 8263829
+1 * 8263829

fn=(2236)
0xccd4 1031 647963
+4 * 647963
+1 * 647963
+3 * 647963
+4 +1 647963
+4 * 647963
+4 * 647963
+1 * 647963

fn=(2358)
0xcfd4 2494 325360
+4 * 325360
+1 * 325360
+3 * 325360
+4 * 325360
+4 * 325360
+4 * 325360
+4 * 325360
+9 * 325360
+4 * 325360
+2 +3 325360
+4 * 325360
+3 * 325360
cfn=(1812)
calls=325360 0xa8de 995 
* * 10086160
+5 * 325360
+4 * 325360
+4 * 325360
+4 * 325360
+3 * 325360
+3 * 325360
cfn=(1726)
calls=325360 0xaf0e 350 
* * 3904320
+5 * 325360
+4 * 325360
+4 * 325360
+3 * 325360
+3 * 325360
cfn=(2360)
calls=325360 0x9660 396 
* * 4229680
+5 * 325360
+2 * 325360
jcnd=9878/325360 +67 * 
* * 
+2 * 315482
+4 * 315482
+3 * 315482
cfn=(1710)
calls=315482 0xdcf8 1003 
* * 9779942
+5 * 315482
+4 * 315482
+4 * 315482
+4 * 315482
+3 * 315482
+3 * 315482
cfn=(1726)
calls=315482 0xaf0e 350 
* * 3785784
+5 * 315482
+4 * 315482
+4 * 315482
+3 * 315482
+3 * 315482
cfn=(2360)
calls=315482 0x9660 396 
* * 4101266
+5 * 315482
+2 * 315482
jcnd=315477/315482 +9 * 
* * 
+2 * 5
+5 * 5
jump=5 +7 * 
* * 
+2 * 325355
+5 * 325355
+2 * 325355
jcnd=325355/325355 +51 +3 
* * 
-2 * 5
+2 * 5
+2 +1 5
+4 * 5
+3 * 5
cfn=(2362)
calls=5 0x10006 1252 
* * 2295
+5 +4 5
jump=5 +63 * 
* * 
+2 -1 325355
+4 * 325355
+5 * 325355
+3 * 325355
cfn=(2480)
calls=325355 0xfdc6 373 
* * 12066375
+5 * 325355
+3 * 325355
+4 * 325355
+3 * 325355
+3 * 325355
cfn=(2500) std::_Rb_tree<int, std::pair<int const, std::__cxx11::list<std::shared_ptr<Order>, std::allocator<std::shared_ptr<Order> > > >, std::_Select1st<std::pair<int const, std::__cxx11::list<std::shared_ptr<Order>, std::allocator<std::shared_ptr<Order> > > > >, std::less<int>, std::allocator<std::pair<int const, std::__cxx11::list<std::shared_ptr<Order>, std::allocator<std::shared_ptr<Order> > > > > >::_M_erase_aux(std::_Rb_tree_const_iterator<std::pair<int const, std::__cxx11::list<std::shared_ptr<Order>, std::allocator<std::shared_ptr<Order> > > > >)
calls=325355 0x10048 -21 
* * 134743614
+5 -1 650710
+4 * 650710
+4 * 650710
+3 * 650710
+3 * 650710
cfn=(2360)
calls=650710 0x9660 396 
* * 8459230
+5 * 650710
+3 * 650710
+2 * 650710
jcnd=325355/650710 -59 +1 
* * 
+2 +2 325360
+1 * 325360
+4 * 325360
+9 * 325360
jcnd=325360/325360 +7 * 
* * 
+7 * 325360
+1 * 325360

fn=(2450)
0xee49 787 587219
+4 * 587219
+1 * 587219
+3 * 587219
+4 +1 587219
+4 * 587219
+4 * 587219
+1 * 587219

fn=(2462)
0x10838 618 324061
+4 * 324061
+1 * 324061
+3 * 324061
+1 * 324061
+4 * 324061
+4 * 324061
+4 +5 324061
+4 * 324061
+3 * 324061
cfn=(1752)
calls=324061 0xa8bc 234 
* * 9073708
+5 * 324061
+3 * 324061
+4 * 324061
+3 * 324061
cfn=(2228)
calls=324061 0x11fe0 -76 
* * 2268427
+5 * 324061
+3 * 324061
+3 * 324061
cfi=(225)
cfn=(2370)
calls=324061 0x12206 -92 
* * 43068189
+5 +3 324061
+1 * 324061
+4 * 324061
+1 * 324061

fn=(2486)
0xfe24 2480 323957
+4 * 323957
+1 * 323957
+3 * 323957
+4 * 323957
+4 * 323957
+4 +6 323957
+4 * 323957
+4 -1 323957
+4 * 323957
+3 * 323957
+3 * 323957
cob=(2)
cfi=(51)
cfn=(2488) 0x000000000010c480
calls=323957 0x10c480 0 
* * 14922626
+5 * 323957
+4 +2 323957
+4 * 323957
+4 * 323957
+3 * 323957
+3 * 323957
cfn=(2460)
calls=323957 0xdb64 629 
* * 110829339
+5 +1 323957
+4 * 323957
+4 * 323957
+4 * 323957
+4 * 323957
+4 +1 323957
+1 * 323957
+1 * 323957

fn=(2494)
0xdd48 991 397593
+4 * 397593
+1 * 397593
+3 * 397593
+4 +1 397593
+1 * 397593
+1 * 397593

fn=(2498)
0x10cd8 718 840363
+4 * 840363
+1 * 840363
+3 * 840363
+4 +1 840363
+4 * 840363
+4 * 840363
+1 * 840363

fn=(2500)
0x10048 2480 325355
+4 * 325355
+1 * 325355
+3 * 325355
+4 * 325355
+4 * 325355
+4 +6 325355
+4 * 325355
+4 -1 325355
+4 * 325355
+3 * 325355
+3 * 325355
cob=(2)
cfi=(51)
cfn=(2488)
calls=325355 0x10c480 0 
* * 14971118
+5 * 325355
+4 +2 325355
+4 * 325355
+4 * 325355
+3 * 325355
+3 * 325355
cfn=(2366)
calls=325355 0xe2be 629 
* * 111313266
+5 +1 325355
+4 * 325355
+4 * 325355
+4 * 325355
+4 * 325355
+4 +1 325355
+1 * 325355
+1 * 325355

fn=(2510)
0x10b08 726 22
+4 * 22
+1 * 22
+3 * 22
+4 +1 22
+4 * 22
+4 * 22
+1 * 22

fn=(2596) std::_Rb_tree<int, std::pair<int const, std::__cxx11::list<std::shared_ptr<Order>, std::allocator<std::shared_ptr<Order> > > >, std::_Select1st<std::pair<int const, std::__cxx11::list<std::shared_ptr<Order>, std::allocator<std::shared_ptr<Order> > > > >, std::less<int>, std::allocator<std::pair<int const, std::__cxx11::list<std::shared_ptr<Order>, std::allocator<std::shared_ptr<Order> > > > > >::_Rb_tree_impl<std::less<int>, true>::~_Rb_tree_impl()
0x7ac6 660 1
+4 * 1
+1 * 1
+3 * 1
+4 * 1
+4 * 1
+4 * 1
+3 * 1
cfi=(202)
cfn=(2598)
calls=1 0x9bde 174 
* * 7
+5 * 1
+1 * 1
+1 * 1

fn=(1700)
0xc04c 738 722982
+4 * 722982
+1 * 722982
+3 * 722982
+4 * 722982
+4 +1 722982
+4 * 722982
+3 * 722982
cfn=(1702)
calls=722982 0xeeb8 -5 
* * 5783856
+5 * 722982
+1 * 722982

fn=(1706)
0xc974 273 9345349
+4 * 9345349
+1 * 9345349
+3 * 9345349
+4 * 9345349
+4 +1 9345349
+4 * 9345349
+4 * 9345349
+3 * 9345349
+1 * 9345349
+1 * 9345349

fn=(2212)
0xbfb4 738 720528
+4 * 720528
+1 * 720528
+3 * 720528
+4 * 720528
+4 +1 720528
+4 * 720528
+3 * 720528
cfn=(2214)
calls=720528 0xee76 -5 
* * 5764224
+5 * 720528
+1 * 720528

fn=(2348)
0xeea2 779 4693593
+4 * 4693593
+1 * 4693593
+3 * 4693593
+4 +1 4693593
+4 * 4693593
+4 * 4693593
+1 * 4693593

fn=(2594)
0x9c68 983 1
+4 * 1
+1 * 1
+3 * 1
+4 * 1
+4 +1 1
+4 * 1
+3 * 1
cfn=(1700)
calls=1 0xc04c 738 
* * 18
+5 * 1
+3 * 1
+4 * 1
+3 * 1
+3 * 1
cfn=(2364)
calls=1 0xbfe2 1883 
* * 12324137
+5 * 1
+4 * 1
+3 * 1
cfn=(2596)
calls=1 0x7ac6 660 
* * 18
+5 * 1
+1 * 1
+1 * 1

fl=(237)
fn=(2410) std::vector<Trade, std::allocator<Trade> >::end()
0xd18e 829 561120
+4 * 561120
+1 * 561120
+3 * 561120
+4 * 561120
+4 * 561120
+9 * 561120
+4 * 561120
+2 +1 561120
+4 * 561120
+4 * 561120
+4 * 561120
+3 * 561120
+3 * 561120
cfi=(243) /usr/include/c++/11/bits/stl_iterator.h
cfn=(2412) __gnu_cxx::__normal_iterator<Trade*, std::vector<Trade, std::allocator<Trade> > >::__normal_iterator(Trade* const&)
calls=561120 0x100a2 1027 
* * 6733440
+5 * 561120
+4 * 561120
+4 * 561120
+9 * 561120
jcnd=561120/561120 +7 * 
* * 
+7 * 561120
+1 * 561120

fn=(2066) std::vector<Trade, std::allocator<Trade> >::size() const
0xa7d6 918 693089
+4 * 693089
+1 * 693089
+3 * 693089
+4 +1 693089
+4 * 693089
+4 * 693089
+4 * 693089
+3 * 693089
+3 * 693089
+3 * 693089
+4 * 693089
+1 * 693089

fn=(2082) std::vector<Trade, std::allocator<Trade> >::_S_do_relocate(Trade*, Trade*, Trade*, std::allocator<Trade>&, std::integral_constant<bool, true>)
0xc93e 453 693089
+4 * 693089
+1 * 693089
+3 * 693089
+4 * 693089
+4 * 693089
+4 * 693089
+4 * 693089
+4 +3 693089
+4 * 693089
+4 * 693089
+4 * 693089
+4 * 693089
+3 * 693089
cfi=(240)
cfn=(2084)
calls=693089 0xf858 1040 
* * 49902408
+5 +1 693089
+1 * 693089

fn=(2152) std::_Vector_base<Trade, std::allocator<Trade> >::_Vector_impl::~_Vector_impl()
0x6662 128 1050061
+4 * 1050061
+1 * 1050061
+3 * 1050061
+4 * 1050061
+4 * 1050061
+4 * 1050061
+3 * 1050061
cfi=(202)
cfn=(2154)
calls=1050061 0x8844 +46 
* * 7350427
+5 * 1050061
+1 * 1050061
+1 * 1050061

fn=(2056) std::_Vector_base<Trade, std::allocator<Trade> >::_M_get_Tp_allocator() const
0xc8d2 280 693089
+4 * 693089
+1 * 693089
+3 * 693089
+4 +1 693089
+4 * 693089
+1 * 693089

fn=(2058) std::vector<Trade, std::allocator<Trade> >::_S_max_size(std::allocator<Trade> const&)
0xc868 1776 693089
+4 * 693089
+1 * 693089
+3 * 693089
+4 * 693089
+4 * 693089
+9 * 693089
+4 * 693089
+2 +5 693089
+10 * 693089
+4 +2 693089
+4 * 693089
+3 * 693089
cfi=(225)
cfn=(2060) std::allocator_traits<std::allocator<Trade> >::max_size(std::allocator<Trade> const&)
calls=693089 -76 547 
* * 4851623
+5 * 693089
+4 +1 693089
+4 * 693089
+4 * 693089
+3 * 693089
+3 * 693089
cfi=(239)
cfn=(2062)
calls=693089 0x5983 230 
* * 9703246
+5 * 693089
+3 +1 693089
+4 * 693089
+9 * 693089
jcnd=693089/693089 +7 * 
* * 
+7 * 693089
+1 * 693089

fn=(2064) std::vector<Trade, std::allocator<Trade> >::capacity() const
0xa7ae 998 693089
+4 * 693089
+1 * 693089
+3 * 693089
+4 +1 693089
+4 * 693089
+4 +1 693089
+4 * 693089
+3 * 693089
+3 * 693089
+3 * 693089
+4 * 693089
+1 * 693089

fn=(2068) std::_Vector_base<Trade, std::allocator<Trade> >::_M_allocate(unsigned long)
0xa7fe 343 693089
+4 * 693089
+1 * 693089
+3 * 693089
+4 * 693089
+4 * 693089
+4 +3 693089
+5 * 693089
+2 * 693089
+4 * 693089
+4 * 693089
+3 * 693089
+3 * 693089
cfi=(225)
cfn=(2070) std::allocator_traits<std::allocator<Trade> >::allocate(std::allocator<Trade>&, unsigned long)
calls=693089 0xc8e4 463 
* * 204710914
+5 * 693089
jump=693089 +7 +1 
* * 
+7 +1 693089
+1 * 693089

fn=(2036)
0x66a2 487 1050061
+4 * 1050061
+1 * 1050061
+3 * 1050061
+4 * 1050061
+4 * 1050061
+4 * 1050061
+3 * 1050061
cfn=(2038) std::_Vector_base<Trade, std::allocator<Trade> >::_Vector_base()
calls=1050061 -55 288 
* * 58803416
+5 * 1050061
+1 * 1050061
+1 * 1050061

fn=(2090) std::_Vector_base<Trade, std::allocator<Trade> >::_M_deallocate(Trade*, unsigned long)
0xa6f8 350 1743150
+4 * 1743150
+1 * 1743150
+3 * 1743150
+4 * 1743150
+4 * 1743150
+4 * 1743150
+4 +3 1743150
+5 * 1743150
jcnd=1050061/1743150 +25 +2 
* * 
+2 +1 693089
+4 * 693089
+4 * 693089
+4 * 693089
+3 * 693089
+3 * 693089
cfi=(225)
cfn=(2126) std::allocator_traits<std::allocator<Trade> >::deallocate(std::allocator<Trade>&, Trade*, unsigned long)
calls=693089 0xc7a7 495 
* * 144864277
+5 +1 1743150
+1 * 1743150
+1 * 1743150

fn=(2396)
0x8c5c 1203 561120
+4 * 561120
+1 * 561120
+3 * 561120
+4 * 561120
+4 * 561120
+4 +1 561120
+4 * 561120
+3 * 561120
cfi=(210)
cfn=(2398)
calls=561120 0xac47 104 
* * 3927840
+5 * 561120
+3 * 561120
+4 * 561120
+3 * 561120
+3 * 561120
cfi=(238)
cfn=(2400) Trade& std::vector<Trade, std::allocator<Trade> >::emplace_back<Trade>(Trade&&)
calls=561120 0xac5a 109 
* * 120640800
+5 * 561120
+1 * 561120
+1 * 561120

fn=(2040) std::_Vector_base<Trade, std::allocator<Trade> >::_Vector_impl::_Vector_impl()
0x8818 131 1050061
+4 * 1050061
+1 * 1050061
+3 * 1050061
+4 * 1050061
+4 +2 1050061
+4 * 1050061
+3 * 1050061
cfi=(202)
cfn=(2042)
calls=1050061 0xa6a6 +23 
* * 18901098
+5 * 1050061
+4 * 1050061
+3 * 1050061
cfn=(2046) std::_Vector_base<Trade, std::allocator<Trade> >::_Vector_impl_data::_Vector_impl_data()
calls=1050061 0xa6c6 -36 
* * 13650793
+5 +1 1050061
+1 * 1050061
+1 * 1050061

fn=(2080) std::vector<Trade, std::allocator<Trade> >::_S_relocate(Trade*, Trade*, Trade*, std::allocator<Trade>&)
0xa835 465 693089
+4 * 693089
+1 * 693089
+3 * 693089
+4 * 693089
+4 * 693089
+4 * 693089
+4 * 693089
+4 +4 693089
+4 * 693089
+4 * 693089
+4 * 693089
+4 * 693089
+3 * 693089
cfn=(2082)
calls=693089 0xc93e -16 
* * 60991832
+5 +1 693089
+1 * 693089

fn=(2078) std::_Vector_base<Trade, std::allocator<Trade> >::_M_get_Tp_allocator()
0xa732 276 1743150
+4 * 1743150
+1 * 1743150
+3 * 1743150
+4 +1 1743150
+4 * 1743150
+1 * 1743150

fn=(2116)
0x88a6 678 1050061
+4 * 1050061
+1 * 1050061
+3 * 1050061
+4 * 1050061
+4 +3 1050061
+4 * 1050061
+3 * 1050061
cfn=(2078)
calls=1050061 0xa732 276 
* * 7350427
+5 * 1050061
+3 -1 1050061
+4 * 1050061
+4 * 1050061
+4 * 1050061
+3 * 1050061
+3 * 1050061
+3 * 1050061
cfi=(225)
cfn=(2118) void std::_Destroy<Trade*, Trade>(Trade*, Trade*, std::allocator<Trade>&)
calls=1050061 0xa744 845 
* * 47252745
+5 +3 1050061
+4 * 1050061
+3 * 1050061
cfn=(2124) std::_Vector_base<Trade, std::allocator<Trade> >::~_Vector_base()
calls=1050061 0x8854 333 
* * 206776166
+5 * 1050061
+1 * 1050061
+1 * 1050061

fn=(2124)
0x8854 333 1050061
+4 * 1050061
+1 * 1050061
+3 * 1050061
+4 * 1050061
+4 +3 1050061
+4 * 1050061
+4 * 1050061
+4 * 1050061
+3 * 1050061
+3 * 1050061
+3 * 1050061
+4 -1 1050061
+3 * 1050061
+4 * 1050061
+3 * 1050061
+4 * 1050061
+3 * 1050061
+3 * 1050061
cfn=(2090)
calls=1050061 0xa6f8 +15 
* * 161623543
+5 +2 1050061
+4 * 1050061
+3 * 1050061
cfn=(2152)
calls=1050061 0x6662 128 
* * 18901098
+5 * 1050061
+1 * 1050061
+1 * 1050061

fn=(2038)
0x6682 288 1050061
+4 * 1050061
+1 * 1050061
+3 * 1050061
+4 * 1050061
+4 * 1050061
+4 * 1050061
+3 * 1050061
cfn=(2040)
calls=1050061 0x8818 131 
* * 47252745
+5 * 1050061
+1 * 1050061
+1 * 1050061

fn=(2408) std::vector<Trade, std::allocator<Trade> >::back()
0xd396 1143 561120
+4 * 561120
+1 * 561120
+3 * 561120
+4 * 561120
+4 * 561120
+9 * 561120
+4 * 561120
+2 +3 561120
+4 * 561120
+3 * 561120
cfn=(2410)
calls=561120 0xd18e 829 
* * 17955840
+5 * 561120
+4 * 561120
+4 * 561120
+5 * 561120
+3 * 561120
cfi=(243)
cfn=(2414) __gnu_cxx::__normal_iterator<Trade*, std::vector<Trade, std::allocator<Trade> > >::operator-(long) const
calls=561120 0x1027a -46 
* * 21883680
+5 * 561120
+4 * 561120
+4 * 561120
+3 * 561120
cfi=(243)
cfn=(2416) __gnu_cxx::__normal_iterator<Trade*, std::vector<Trade, std::allocator<Trade> > >::operator*() const
calls=561120 0x102e4 1042 
* * 4488960
+5 +1 561120
+4 * 561120
+9 * 561120
jcnd=561120/561120 +7 * 
* * 
+7 * 561120
+1 * 561120

fn=(2046)
0xa6c6 97 1050061
+4 * 1050061
+1 * 1050061
+3 * 1050061
+4 +1 1050061
+4 * 1050061
+7 * 1050061
+4 * 1050061
+8 * 1050061
+4 * 1050061
+8 +1 1050061
+1 * 1050061
+1 * 1050061

fn=(2054) std::vector<Trade, std::allocator<Trade> >::max_size() const
0xa788 923 693089
+4 * 693089
+1 * 693089
+3 * 693089
+4 * 693089
+4 +1 693089
+4 * 693089
+3 * 693089
cfn=(2056)
calls=693089 0xc8d2 280 
* * 4851623
+5 * 693089
+3 * 693089
cfn=(2058)
calls=693089 0xc868 1776 
* * 31882094
+5 * 693089
+1 * 693089

fl=(220)
fn=(1554) std::uniform_int_distribution<int>::param_type::param_type(int, int)
0xbbf0 93 1
+4 * 1
+1 * 1
+3 * 1
+4 * 1
+3 * 1
+3 +2 1
+4 * 1
+3 * 1
+2 * 1
+4 * 1
+3 * 1
+3 +3 1
+1 * 1
+1 * 1

fn=(1558) int std::uniform_int_distribution<int>::operator()<std::mersenne_twister_engine<unsigned long, 32ul, 624ul, 397ul, 31ul, 2567483615ul, 11ul, 4294967295ul, 7ul, 2636928640ul, 15ul, 4022730752ul, 18ul, 1812433253ul> >(std::mersenne_twister_engine<unsigned long, 32ul, 624ul, 397ul, 31ul, 2567483615ul, 11ul, 4294967295ul, 7ul, 2636928640ul, 15ul, 4022730752ul, 18ul, 1812433253ul>&, std::uniform_int_distribution<int>::param_type const&)
0xbc18 276 2050061
+4 * 2050061
+1 * 2050061
+3 * 2050061
+1 * 2050061
+7 * 2050061
+4 * 2050061
+4 * 2050061
+7 * 2050061
+9 * 2050061
+4 * 2050061
+2 +8 2050061
+8 +1 2050061
+5 * 2050061
+4 +3 2050061
+4 +3 2050061
+7 * 2050061
+3 * 2050061
cfn=(1560) std::uniform_int_distribution<int>::param_type::b() const
calls=2050061 0xec56 105 
* * 16400488
+5 * 2050061
+3 * 2050061
+7 * 2050061
+3 * 2050061
cfn=(1562) std::uniform_int_distribution<int>::param_type::a() const
calls=2050061 0xec6c 101 
* * 16400488
+5 * 2050061
+3 -1 2050061
+3 * 2050061
+3 * 2050061
+4 +4 2050061
+5 * 2050061
+4 * 2050061
+2 +4 2050061
+4 * 2050061
+4 * 2050061
+4 +17 2050061
+4 * 2050061
+3 +1 2050061
+3 * 2050061
+4 * 2050061
+2 * 2050061
+3 * 2050061
cfn=(1564) unsigned int std::uniform_int_distribution<int>::_S_nd<unsigned long, std::mersenne_twister_engine<unsigned long, 32ul, 624ul, 397ul, 31ul, 2567483615ul, 11ul, 4294967295ul, 7ul, 2636928640ul, 15ul, 4022730752ul, 18ul, 1812433253ul>, unsigned int>(std::mersenne_twister_engine<unsigned long, 32ul, 624ul, 397ul, 31ul, 2567483615ul, 11ul, 4294967295ul, 7ul, 2636928640ul, 15ul, 4022730752ul, 18ul, 1812433253ul>&, unsigned int)
calls=2050061 0xec80 -70 
* * 181484620
+5 * 2050061
+2 * 2050061
+4 * 2050061
jump=2050061 0xbd55 +44 
* * 
0xbd55 +44 2050061
+7 * 2050061
+3 * 2050061
cfn=(1562)
calls=2050061 0xec6c 101 
* * 16400488
+5 * 2050061
+2 * 2050061
+4 * 2050061
+2 +1 2050061
+4 * 2050061
+9 * 2050061
jcnd=2050061/2050061 +7 * 
* * 
+7 * 2050061
+4 * 2050061
+1 * 2050061

fn=(1560)
0xec56 105 2050061
+4 * 2050061
+1 * 2050061
+3 * 2050061
+4 +1 2050061
+4 * 2050061
+3 * 2050061
+1 * 2050061

fn=(1536)
0x9b74 192 4100122
+4 * 4100122
+1 * 4100122
+3 * 4100122
+4 * 4100122
+4 * 4100122
+4 +1 4100122
+4 * 4100122
+4 * 4100122
+4 * 4100122
+3 * 4100122
+3 * 4100122
cfn=(1538) unsigned int std::uniform_int_distribution<unsigned int>::operator()<std::mersenne_twister_engine<unsigned long, 32ul, 624ul, 397ul, 31ul, 2567483615ul, 11ul, 4294967295ul, 7ul, 2636928640ul, 15ul, 4022730752ul, 18ul, 1812433253ul> >(std::mersenne_twister_engine<unsigned long, 32ul, 624ul, 397ul, 31ul, 2567483615ul, 11ul, 4294967295ul, 7ul, 2636928640ul, 15ul, 4022730752ul, 18ul, 1812433253ul>&, std::uniform_int_distribution<unsigned int>::param_type const&)
calls=4100122 0xbdae +83 
* * 682753193
+5 * 4100122
+1 * 4100122

fn=(1542) std::uniform_int_distribution<unsigned int>::param_type::a() const
0xedaa 101 8200244
+4 * 8200244
+1 * 8200244
+3 * 8200244
+4 +1 8200244
+4 * 8200244
+2 * 8200244
+1 * 8200244

fn=(1556)
0x9b18 192 2050061
+4 * 2050061
+1 * 2050061
+3 * 2050061
+4 * 2050061
+4 * 2050061
+4 +1 2050061
+4 * 2050061
+4 * 2050061
+4 * 2050061
+3 * 2050061
+3 * 2050061
cfn=(1558)
calls=2050061 0xbc18 +83 
* * 341389378
+5 * 2050061
+1 * 2050061

fn=(1564)
0xec80 246 2050061
+4 * 2050061
+1 * 2050061
+3 * 2050061
+4 * 2050061
+4 * 2050061
+3 +12 2050061
+4 * 2050061
+3 * 2050061
cfi=(219)
cfn=(1546) std::mersenne_twister_engine<unsigned long, 32ul, 624ul, 397ul, 31ul, 2567483615ul, 11ul, 4294967295ul, 7ul, 2636928640ul, 15ul, 4022730752ul, 18ul, 1812433253ul>::operator()()
calls=2050061 +98 450 
* * 138433339
+5 * 2050061
+3 * 2050061
+4 * 2050061
+4 +1 2050061
+4 * 2050061
+3 +1 2050061
+3 * 2050061
+3 * 2050061
jcnd=2050061/2050061 +58 +9 
* * 
+58 +9 2050061
+4 * 2050061
+4 +1 2050061
+1 * 2050061

fn=(1532)
0x9b46 131 1
+4 * 1
+1 * 1
+3 * 1
+4 * 1
+4 * 1
+3 * 1
+3 +3 1
+4 * 1
+3 * 1
+3 * 1
+2 * 1
+3 * 1
cfn=(1534) std::uniform_int_distribution<unsigned int>::param_type::param_type(unsigned int, unsigned int)
calls=1 0xbd86 -41 
* * 15
+5 +1 1
+1 * 1
+1 * 1

fn=(1538)
0xbdae 276 4100122
+4 * 4100122
+1 * 4100122
+3 * 4100122
+1 * 4100122
+7 * 4100122
+4 * 4100122
+4 * 4100122
+7 * 4100122
+9 * 4100122
+4 * 4100122
+2 +8 4100122
+8 +1 4100122
+5 * 4100122
+4 +3 4100122
+4 +3 4100122
+7 * 4100122
+3 * 4100122
cfn=(1540) std::uniform_int_distribution<unsigned int>::param_type::b() const
calls=4100122 0xed94 105 
* * 32800976
+5 * 4100122
+2 * 4100122
+7 * 4100122
+3 * 4100122
cfn=(1542)
calls=4100122 0xedaa 101 
* * 32800976
+5 * 4100122
+2 -1 4100122
+3 * 4100122
+3 * 4100122
+4 +4 4100122
+5 * 4100122
+4 * 4100122
+2 +4 4100122
+4 * 4100122
+4 * 4100122
+4 +17 4100122
+4 * 4100122
+3 +1 4100122
+3 * 4100122
+4 * 4100122
+2 * 4100122
+3 * 4100122
cfn=(1544) unsigned int std::uniform_int_distribution<unsigned int>::_S_nd<unsigned long, std::mersenne_twister_engine<unsigned long, 32ul, 624ul, 397ul, 31ul, 2567483615ul, 11ul, 4294967295ul, 7ul, 2636928640ul, 15ul, 4022730752ul, 18ul, 1812433253ul>, unsigned int>(std::mersenne_twister_engine<unsigned long, 32ul, 624ul, 397ul, 31ul, 2567483615ul, 11ul, 4294967295ul, 7ul, 2636928640ul, 15ul, 4022730752ul, 18ul, 1812433253ul>&, unsigned int)
calls=4100122 0xedbe -70 
* * 362943677
+5 * 4100122
+2 * 4100122
+4 * 4100122
jump=4100122 0xbee9 +44 
* * 
0xbee9 +44 4100122
+7 * 4100122
+3 * 4100122
cfn=(1542)
calls=4100122 0xedaa 101 
* * 32800976
+5 * 4100122
+2 * 4100122
+4 * 4100122
+2 +1 4100122
+4 * 4100122
+9 * 4100122
jcnd=4100122/4100122 +7 * 
* * 
+7 * 4100122
+4 * 4100122
+1 * 4100122

fn=(1534)
0xbd86 93 1
+4 * 1
+1 * 1
+3 * 1
+4 * 1
+3 * 1
+3 +2 1
+4 * 1
+3 * 1
+2 * 1
+4 * 1
+3 * 1
+3 +3 1
+1 * 1
+1 * 1

fn=(1552)
0x9aea 131 1
+4 * 1
+1 * 1
+3 * 1
+4 * 1
+4 * 1
+3 * 1
+3 +3 1
+4 * 1
+3 * 1
+3 * 1
+2 * 1
+3 * 1
cfn=(1554)
calls=1 0xbbf0 -41 
* * 15
+5 +1 1
+1 * 1
+1 * 1

fn=(1562)
0xec6c 101 4100122
+4 * 4100122
+1 * 4100122
+3 * 4100122
+4 +1 4100122
+4 * 4100122
+2 * 4100122
+1 * 4100122

fn=(1540)
0xed94 105 4100122
+4 * 4100122
+1 * 4100122
+3 * 4100122
+4 +1 4100122
+4 * 4100122
+3 * 4100122
+1 * 4100122

fn=(1544)
0xedbe 246 4100122
+4 * 4100122
+1 * 4100122
+3 * 4100122
+4 * 4100122
+4 * 4100122
+3 +12 4100122
+4 * 4100122
+3 * 4100122
cfi=(219)
cfn=(1546)
calls=4100122 0xecfc 450 
* * 276841115
+5 * 4100122
+3 * 4100122
+4 * 4100122
+4 +1 4100122
+4 * 4100122
+3 +1 4100122
+3 * 4100122
+3 * 4100122
jcnd=4100122/4100122 +58 +9 
* * 
+58 +9 4100122
+4 * 4100122
+4 +1 4100122
+1 * 4100122

fl=(222)
fn=(2548) std::shared_ptr<Order> std::allocate_shared<Order, std::allocator<Order>, OrderType&, unsigned long, Side, int, unsigned int>(std::allocator<Order> const&, OrderType&, unsigned long&&, Side&&, int&&, unsigned int&&)
0xa3d3 858 18661
+4 * 18661
+1 * 18661
+3 * 18661
+2 * 18661
+2 * 18661
+2 * 18661
+1 * 18661
+4 * 18661
+4 * 18661
+4 * 18661
+4 * 18661
+4 * 18661
+4 * 18661
+4 +5 18661
+4 * 18661
cfi=(210)
cfn=(2542)
calls=18661 -65 77 
* * 130627
+5 * 18661
+3 * 18661
+4 * 18661
+3 * 18661
cfi=(210)
cfn=(1718)
calls=18661 0x7d68 77 
* * 130627
+5 * 18661
+3 * 18661
+4 * 18661
+3 * 18661
cfi=(210)
cfn=(2544)
calls=18661 0xa3af 77 
* * 130627
+5 * 18661
+3 * 18661
+4 * 18661
+3 * 18661
cfi=(210)
cfn=(1890)
calls=18661 0x9d3f 77 
* * 130627
+5 * 18661
+3 * 18661
+4 * 18661
+3 * 18661
cfi=(210)
cfn=(2546)
calls=18661 0xa39d 77 
* * 130627
+5 * 18661
+3 * 18661
+4 * 18661
+4 * 18661
+4 * 18661
+1 * 18661
+3 * 18661
+3 * 18661
+3 * 18661
+3 * 18661
cfn=(2550) std::shared_ptr<Order>::shared_ptr<std::allocator<Order>, OrderType&, unsigned long, Side, int, unsigned int>(std::_Sp_alloc_shared_tag<std::allocator<Order> >, OrderType&, unsigned long&&, Side&&, int&&, unsigned int&&)
calls=18661 0xc67e 408 
* * 20405719
+5 * 18661
+4 +1 18661
+4 * 18661
+4 * 18661
+1 * 18661
+2 * 18661
+2 * 18661
+2 * 18661
+1 * 18661

fn=(2550)
0xc67e 408 18661
+4 * 18661
+1 * 18661
+3 * 18661
+2 * 18661
+2 * 18661
+2 * 18661
+2 * 18661
+1 * 18661
+4 * 18661
+4 * 18661
+4 * 18661
+4 * 18661
+4 * 18661
+4 * 18661
+4 +1 18661
+4 * 18661
+4 * 18661
cfi=(210)
cfn=(2542)
calls=18661 0xa3c1 77 
* * 130627
+5 * 18661
+3 * 18661
+4 * 18661
+3 * 18661
cfi=(210)
cfn=(1718)
calls=18661 0x7d68 77 
* * 130627
+5 * 18661
+3 * 18661
+4 * 18661
+3 * 18661
cfi=(210)
cfn=(2544)
calls=18661 0xa3af 77 
* * 130627
+5 * 18661
+3 * 18661
+4 * 18661
+3 * 18661
cfi=(210)
cfn=(1890)
calls=18661 0x9d3f 77 
* * 130627
+5 * 18661
+3 * 18661
+4 * 18661
+3 * 18661
cfi=(210)
cfn=(2546)
calls=18661 0xa39d 77 
* * 130627
+5 * 18661
+3 * 18661
+4 * 18661
+4 * 18661
+2 * 18661
+3 * 18661
+3 * 18661
+3 * 18661
+3 * 18661
+3 * 18661
cfi=(223)
cfn=(2552)
calls=18661 0xf6da 1341 
* * 18744890
+5 * 18661
+4 +1 18661
+1 * 18661
+4 * 18661
+1 * 18661
+2 * 18661
+2 * 18661
+2 * 18661
+2 * 18661
+1 * 18661

fn=(1896)
0xb2e4 304 1386178
+4 * 1386178
+1 * 1386178
+3 * 1386178
+1 * 1386178
+4 * 1386178
+4 * 1386178
+4 +1 1386178
+4 * 1386178
+4 * 1386178
+3 * 1386178
cfi=(210)
cfn=(1898)
calls=1386178 0xb979 104 
* * 9703246
+5 * 1386178
+3 * 1386178
+3 * 1386178
cfi=(223)
cfn=(1900)
calls=1386178 0xe2fc 1161 
* * 73467434
+5 * 1386178
+1 * 1386178
+4 * 1386178
+1 * 1386178

fn=(2540)
0x861b 875 18661
+4 * 18661
+1 * 18661
+3 * 18661
+2 * 18661
+2 * 18661
+2 * 18661
+2 * 18661
+1 * 18661
+4 * 18661
+4 * 18661
+4 * 18661
+4 * 18661
+4 * 18661
+4 * 18661
+4 * 18661
+9 * 18661
+4 * 18661
+2 +4 18661
+4 * 18661
+3 * 18661
cfi=(210)
cfn=(2542)
calls=18661 0xa3c1 77 
* * 130627
+5 * 18661
+3 * 18661
+4 * 18661
+3 * 18661
cfi=(210)
cfn=(1718)
calls=18661 0x7d68 77 
* * 130627
+5 * 18661
+3 * 18661
+4 * 18661
+3 * 18661
cfi=(210)
cfn=(2544)
calls=18661 0xa3af 77 
* * 130627
+5 * 18661
+3 * 18661
+4 * 18661
+3 * 18661
cfi=(210)
cfn=(1890)
calls=18661 0x9d3f 77 
* * 130627
+5 * 18661
+3 * 18661
+4 * 18661
+3 * 18661
cfi=(210)
cfn=(2546)
calls=18661 0xa39d 77 
* * 130627
+5 * 18661
+3 -1 18661
+4 * 18661
+3 * 18661
cfi=(202)
cfn=(1572)
calls=18661 0xa36e 156 
* * 335898
+5 +1 18661
+4 * 18661
+4 * 18661
+4 * 18661
+1 * 18661
+3 * 18661
+3 * 18661
+3 * 18661
+3 * 18661
+3 * 18661
cfn=(2548)
calls=18661 0xa3d3 -21 
* * 22010565
+5 * 18661
+4 -1 18661
+4 * 18661
+3 * 18661
cfi=(202)
cfn=(1624)
calls=18661 0xa38e 174 
* * 130627
+5 +1 18661
+1 +1 18661
+4 * 18661
+9 * 18661
jcnd=18661/18661 +39 * 
* * 
+39 * 18661
+4 * 18661
+4 * 18661
+1 * 18661
+2 * 18661
+2 * 18661
+2 * 18661
+2 * 18661
+1 * 18661

fn=(1576) std::shared_ptr<Order> std::allocate_shared<Order, std::allocator<Order>, Order>(std::allocator<Order> const&, Order&&)
0xb939 858 1000000
+4 * 1000000
+1 * 1000000
+3 * 1000000
+4 * 1000000
+4 * 1000000
+4 * 1000000
+4 +5 1000000
+4 * 1000000
+3 * 1000000
cfi=(210)
cfn=(1570)
calls=1000000 -49 77 
* * 7000000
+5 * 1000000
+3 * 1000000
+4 * 1000000
+4 * 1000000
+3 * 1000000
+3 * 1000000
cfn=(1578) std::shared_ptr<Order>::shared_ptr<std::allocator<Order>, Order>(std::_Sp_alloc_shared_tag<std::allocator<Order> >, Order&&)
calls=1000000 0xeafa 408 
* * 712303404
+5 +1 1000000
+4 * 1000000
+1 * 1000000

fn=(1866)
0x673e 150 2508418
+4 * 2508418
+1 * 2508418
+3 * 2508418
+4 * 2508418
+4 * 2508418
+4 * 2508418
+4 * 2508418
+4 * 2508418
+3 * 2508418
+3 * 2508418
cfi=(223)
cfn=(1868)
calls=2508418 -98 1152 
* * 173080842
+5 * 2508418
+1 * 2508418
+1 * 2508418

fn=(1578)
0xeafa 408 1000000
+4 * 1000000
+1 * 1000000
+3 * 1000000
+1 * 1000000
+4 * 1000000
+4 * 1000000
+4 * 1000000
+4 +1 1000000
+4 * 1000000
+4 * 1000000
+3 * 1000000
cfi=(210)
cfn=(1570)
calls=1000000 0xb927 77 
* * 7000000
+5 * 1000000
+3 * 1000000
+4 * 1000000
+3 * 1000000
+3 * 1000000
cfi=(223)
cfn=(1580)
calls=1000000 0x1134a 1341 
* * 684303404
+5 +1 1000000
+1 * 1000000
+4 * 1000000
+1 * 1000000

fn=(2028)
0x640a 122 4913257
+4 * 4913257
+1 * 4913257
+3 * 4913257
+4 * 4913257
+4 * 4913257
+4 * 4913257
+3 * 4913257
cfi=(223)
cfn=(2030)
calls=4913257 -59 1154 
* * 727703307
+5 * 4913257
+1 * 4913257
+1 * 4913257

fn=(1568)
0x9920 875 1000000
+4 * 1000000
+1 * 1000000
+3 * 1000000
+1 * 1000000
+4 * 1000000
+4 * 1000000
+4 * 1000000
+9 * 1000000
+4 * 1000000
+2 +4 1000000
+4 * 1000000
+3 * 1000000
cfi=(210)
cfn=(1570)
calls=1000000 0xb927 77 
* * 7000000
+5 * 1000000
+3 -1 1000000
+4 * 1000000
+3 * 1000000
cfi=(202)
cfn=(1572)
calls=1000000 0xa36e 156 
* * 18000000
+5 +1 1000000
+4 * 1000000
+4 * 1000000
+3 * 1000000
+3 * 1000000
+3 * 1000000
cfn=(1576)
calls=1000000 0xb939 -21 
* * 738303404
+5 * 1000000
+1 -1 1000000
+4 * 1000000
+3 * 1000000
cfi=(202)
cfn=(1624)
calls=1000000 0xa38e 174 
* * 7000000
+5 +1 1000000
+1 +1 1000000
+4 * 1000000
+9 * 1000000
jcnd=1000000/1000000 +39 * 
* * 
+39 * 1000000
+4 * 1000000
+4 * 1000000
+1 * 1000000

fl=(243)
fn=(2412)
0x100a2 1027 1122240
+4 * 1122240
+1 * 1122240
+3 * 1122240
+4 * 1122240
+4 +1 1122240
+4 * 1122240
+3 * 1122240
+4 * 1122240
+3 * 1122240
+1 * 1122240
+1 * 1122240

fn=(2414)
0x1027a 1100 561120
+4 * 561120
+1 * 561120
+3 * 561120
+4 * 561120
+4 * 561120
+4 * 561120
+9 * 561120
+4 * 561120
+2 +1 561120
+4 * 561120
+3 * 561120
+4 * 561120
+4 * 561120
+3 * 561120
+3 * 561120
+4 * 561120
+4 * 561120
+4 * 561120
+3 * 561120
+3 * 561120
cfn=(2412)
calls=561120 0x100a2 -74 
* * 6733440
+5 * 561120
+4 * 561120
+4 * 561120
+9 * 561120
jcnd=561120/561120 +7 * 
* * 
+7 * 561120
+1 * 561120

fn=(2416)
0x102e4 1042 561120
+4 * 561120
+1 * 561120
+3 * 561120
+4 +1 561120
+4 * 561120
+3 * 561120
+1 * 561120

fl=(238)
fn=(2400)
0xac5a 109 561120
+4 * 561120
+1 * 561120
+3 * 561120
+1 * 561120
+4 * 561120
+4 * 561120
+4 +3 561120
+4 * 561120
+4 * 561120
+4 * 561120
+4 * 561120
+3 * 561120
+2 +3 561120
+4 * 561120
+3 * 561120
cfi=(210)
cfn=(2402)
calls=561120 0xd0e1 -38 
* * 3927840
+5 * 561120
+3 * 561120
+4 * 561120
+4 * 561120
+4 * 561120
+3 * 561120
+3 * 561120
cfi=(225)
cfn=(2404) void std::allocator_traits<std::allocator<Trade> >::construct<Trade, Trade>(std::allocator<Trade>&, Trade*, Trade&&)
calls=561120 0xd155 511 
* * 38717280
+5 +2 561120
+4 * 561120
+4 * 561120
+4 * 561120
+4 * 561120
+4 * 561120
jump=561120 +50 +6 
* * 
+50 +6 561120
+4 * 561120
+3 * 561120
cfi=(237)
cfn=(2408)
calls=561120 0xd396 1143 
* * 58356480
+5 +2 561120
+4 * 561120
+1 * 561120

fn=(2052)
0x890c 66 693089
+4 * 693089
+1 * 693089
+3 * 693089
+4 * 693089
+4 * 693089
+4 +3 693089
+4 * 693089
+3 * 693089
cfi=(237)
cfn=(2054)
calls=693089 0xa788 923 
* * 45050785
+5 * 693089
+4 * 693089
+3 * 693089
+2 * 693089
jcnd=693089/693089 +17 +2 
* * 
+17 +2 693089
+4 * 693089
+3 * 693089
cfi=(237)
cfn=(2064)
calls=693089 0xa7ae 998 
* * 9010157
+5 * 693089
+4 * 693089
+3 * 693089
+2 * 693089
+6 +2 693089
+4 * 693089
+3 * 693089
cfi=(237)
cfn=(2066)
calls=693089 0xa7d6 918 
* * 9010157
+5 * 693089
+4 +5 693089
+4 * 693089
+4 * 693089
+3 * 693089
+3 * 693089
cfi=(237)
cfn=(2068)
calls=693089 0xa7fe 343 
* * 215800338
+5 * 693089
+4 +2 693089
+4 * 693089
+3 * 693089
cfi=(237)
cfn=(2078)
calls=693089 0xa732 276 
* * 4851623
+5 * 693089
+3 -1 693089
+4 * 693089
+4 * 693089
+4 * 693089
+3 * 693089
+4 * 693089
+3 * 693089
cfi=(237)
cfn=(2080)
calls=693089 0xa835 465 
* * 72081256
+5 +13 693089
+4 +1 693089
+4 * 693089
+4 +1 693089
+4 * 693089
+3 * 693089
+3 * 693089
+3 * 693089
+4 -2 693089
+3 * 693089
+4 * 693089
+3 * 693089
+3 * 693089
+3 * 693089
+3 * 693089
cfi=(237)
cfn=(2090)
calls=693089 0xa6f8 350 
* * 8317068
+5 +3 693089
+4 * 693089
+4 * 693089
+3 +1 693089
+4 * 693089
+4 * 693089
+3 * 693089
+4 * 693089
+3 * 693089
+4 * 693089
+4 +1 693089
+4 * 693089
+3 * 693089
+4 * 693089
+4 * 693089
+3 * 693089
+4 * 693089
+4 +2 693089
+1 * 693089
+1 * 693089

fl=(209)
fn=(1608)
0x1378e 159 1018661
+4 * 1018661
+1 * 1018661
+3 * 1018661
+4 +3 1018661
+4 +1 1018661
+1 * 1018661

fn=(1416) std::pointer_traits<char*>::pointer_to(char&)
0xc1c6 149 2
+4 * 2
+1 * 2
+3 * 2
+4 * 2
+4 +1 2
+4 * 2
+3 * 2
cfi=(210)
cfn=(1418)
calls=2 0xf055 -5 
* * 34
+5 * 2
+1 * 2

fn=(2328)
0x1292f 149 693089
+4 * 693089
+1 * 693089
+3 * 693089
+4 * 693089
+4 +1 693089
+4 * 693089
+3 * 693089
cfi=(210)
cfn=(2330)
calls=693089 0x135e7 -5 
* * 11782513
+5 * 693089
+1 * 693089

fn=(1934)
0x13211 159 693089
+4 * 693089
+1 * 693089
+3 * 693089
+4 +3 693089
+4 +1 693089
+1 * 693089

fn=(1994)
0x14217 159 12
+4 * 12
+1 * 12
+3 * 12
+4 +3 12
+4 +1 12
+1 * 12

fn=(1490) std::pointer_traits<char const*>::pointer_to(char const&)
0xf159 149 2
+4 * 2
+1 * 2
+3 * 2
+4 * 2
+4 +1 2
+4 * 2
+3 * 2
cfi=(210)
cfn=(1492)
calls=2 0x11880 -5 
* * 34
+5 * 2
+1 * 2

fn=(2520)
0x116ee 149 12
+4 * 12
+1 * 12
+3 * 12
+4 * 12
+4 +1 12
+4 * 12
+3 * 12
cfi=(210)
cfn=(2522)
calls=12 0x12998 -5 
* * 204
+5 * 12
+1 * 12

fl=(225)
fn=(2288)
0xca24 531 693089
+4 * 693089
+1 * 693089
+3 * 693089
+4 * 693089
+4 * 693089
+4 +6 693089
+4 * 693089
+3 * 693089
cfi=(228)
cfn=(2290)
calls=693089 0xf8f0 80 
* * 99483741
+5 +2 693089
+1 * 693089
+1 * 693089

fn=(2322)
0x1290c 531 693089
+4 * 693089
+1 * 693089
+3 * 693089
+4 * 693089
+4 * 693089
+4 +6 693089
+4 * 693089
+3 * 693089
cfi=(228)
cfn=(2324)
calls=693089 0x135c8 80 
* * 75546701
+5 +2 693089
+1 * 693089
+1 * 693089

fn=(1758)
0x12140 511 649501
+4 * 649501
+1 * 649501
+3 * 649501
+2 * 649501
+1 * 649501
+4 * 649501
+4 * 649501
+4 * 649501
+4 * 649501
+4 * 649501
+4 +7 649501
+4 * 649501
+3 * 649501
cfi=(210)
cfn=(1730)
calls=649501 0xd5eb 77 
* * 4546507
+5 * 649501
+3 * 649501
+4 * 649501
+3 * 649501
cfi=(210)
cfn=(1732)
calls=649501 0xd5d9 77 
* * 4546507
+5 * 649501
+3 * 649501
+4 * 649501
+3 * 649501
cfi=(210)
cfn=(1734)
calls=649501 0xd5c7 77 
* * 4546507
+5 * 649501
+3 * 649501
+4 * 649501
+3 * 649501
+3 * 649501
+3 * 649501
cfi=(228)
cfn=(1760)
calls=649501 0x12076 94 
* * 174715769
+5 +2 649501
+1 * 649501
+4 * 649501
+1 * 649501
+2 * 649501
+1 * 649501

fn=(2060)
0xc850 547 693089
+4 * 693089
+1 * 693089
+3 * 693089
+4 +5 693089
+10 +2 693089
+1 * 693089

fn=(1590)
0x1368f 463 1018661
+4 * 1018661
+1 * 1018661
+3 * 1018661
+4 * 1018661
+4 * 1018661
+4 * 1018661
+4 * 1018661
+4 * 1018661
+4 * 1018661
fi=(202)
+4 182 1018661
cfi=(216)
cfn=(1450)
calls=1018661 0x57c0 3420 
* * 6111966
+5 * 1018661
+2 * 1018661
jcnd=1018661/1018661 +29 +3 
* * 
+29 +3 1018661
+4 * 1018661
+4 * 1018661
+5 * 1018661
+3 * 1018661
+3 * 1018661
cfi=(203)
cfn=(1594)
calls=1018661 0x1412c -82 
* * 103066784
+5 * 1018661
fe=(225)
+1 464 1018661
+1 * 1018661

fn=(2168)
0x14482 531 1018661
+4 * 1018661
+1 * 1018661
+3 * 1018661
+4 * 1018661
+4 * 1018661
+4 +6 1018661
+4 * 1018661
+3 * 1018661
cfi=(228)
cfn=(2170)
calls=1018661 +26 80 
* * 7130627
+5 +2 1018661
+1 * 1018661
+1 * 1018661

fn=(2334)
0x132ee 495 693089
+4 * 693089
+1 * 693089
+3 * 693089
+4 * 693089
+4 * 693089
+4 * 693089
+4 * 693089
+4 * 693089
+4 * 693089
+4 * 693089
+4 * 693089
+4 * 693089
fi=(202)
+4 193 693089
cfi=(216)
cfn=(1450)
calls=693089 0x57c0 3420 
* * 4158534
+5 * 693089
+2 * 693089
jcnd=693089/693089 +16 +6 
* * 
+16 +6 693089
+4 * 693089
+4 * 693089
+4 * 693089
+3 * 693089
+3 * 693089
cfi=(203)
cfn=(2338)
calls=693089 0x13ef6 -67 
* * 84216941
fe=(225)
+5 496 693089
+1 * 693089
+1 * 693089
+1 * 693089

fn=(2126)
0xc7a7 495 693089
+4 * 693089
+1 * 693089
+3 * 693089
+4 * 693089
+4 * 693089
+4 * 693089
+4 * 693089
+4 * 693089
+4 * 693089
+4 * 693089
+4 * 693089
+4 * 693089
fi=(202)
+4 193 693089
cfi=(216)
cfn=(1450)
calls=693089 0x57c0 3420 
* * 4158534
+5 * 693089
+2 * 693089
jcnd=693089/693089 +16 +6 
* * 
+16 +6 693089
+4 * 693089
+4 * 693089
+4 * 693089
+3 * 693089
+3 * 693089
cfi=(203)
cfn=(2130)
calls=693089 0x11c84 -67 
* * 122685429
fe=(225)
+5 496 693089
+1 * 693089
+1 * 693089
+1 * 693089

fn=(2404)
0xd155 511 561120
+4 * 561120
+1 * 561120
+3 * 561120
+4 * 561120
+4 * 561120
+4 * 561120
+4 +7 561120
+4 * 561120
+3 * 561120
cfi=(210)
cfn=(2402)
calls=561120 0xd0e1 77 
* * 3927840
+5 * 561120
+3 * 561120
+4 * 561120
+3 * 561120
+3 * 561120
cfi=(228)
cfn=(2406)
calls=561120 0xd0f3 94 
* * 24689280
+5 +2 561120
+1 * 561120
+1 * 561120

fn=(1986)
0x13f34 463 12
+4 * 12
+1 * 12
+3 * 12
+4 * 12
+4 * 12
+4 * 12
+4 * 12
+4 * 12
+4 * 12
fi=(202)
+4 182 12
cfi=(216)
cfn=(1450)
calls=12 0x57c0 3420 
* * 72
+5 * 12
+2 * 12
jcnd=12/12 +20 +3 
* * 
+20 +3 12
+4 * 12
+4 * 12
+5 * 12
+3 * 12
+3 * 12
cfi=(203)
cfn=(1990)
calls=12 0x14256 -82 
* * 2682
+5 * 12
fe=(225)
+1 464 12
+1 * 12

fn=(2294)
0xf90f 495 693089
+4 * 693089
+1 * 693089
+3 * 693089
+4 * 693089
+4 * 693089
+4 * 693089
+4 * 693089
+4 * 693089
+4 * 693089
+4 * 693089
+4 * 693089
+4 * 693089
fi=(202)
+4 193 693089
cfi=(216)
cfn=(1450)
calls=693089 0x57c0 3420 
* * 4158534
+5 * 693089
+2 * 693089
jcnd=693089/693089 +16 +6 
* * 
+16 +6 693089
+4 * 693089
+4 * 693089
+4 * 693089
+3 * 693089
+3 * 693089
cfi=(203)
cfn=(2298)
calls=693089 0x12ec4 -67 
* * 81777525
fe=(225)
+5 496 693089
+1 * 693089
+1 * 693089
+1 * 693089

fn=(2526)
0x129e9 495 12
+4 * 12
+1 * 12
+3 * 12
+4 * 12
+4 * 12
+4 * 12
+4 * 12
+4 * 12
+4 * 12
+4 * 12
+4 * 12
+4 * 12
fi=(202)
+4 193 12
cfi=(216)
cfn=(1450)
calls=12 0x57c0 3420 
* * 72
+5 * 12
+2 * 12
jcnd=12/12 +16 +6 
* * 
+16 +6 12
+4 * 12
+4 * 12
+4 * 12
+3 * 12
+3 * 12
cfi=(203)
cfn=(2530)
calls=12 0x13ca8 -67 
* * 1821539
fe=(225)
+5 496 12
+1 * 12
+1 * 12
+1 * 12

fn=(2558)
0x138ca 511 18661
+4 * 18661
+1 * 18661
+3 * 18661
+2 * 18661
+2 * 18661
+2 * 18661
+1 * 18661
+4 * 18661
+4 * 18661
+4 * 18661
+4 * 18661
+4 * 18661
+4 * 18661
+4 +7 18661
+4 * 18661
cfi=(210)
cfn=(2542)
calls=18661 0xa3c1 77 
* * 130627
+5 * 18661
+3 * 18661
+4 * 18661
+3 * 18661
cfi=(210)
cfn=(1718)
calls=18661 0x7d68 77 
* * 130627
+5 * 18661
+3 * 18661
+4 * 18661
+3 * 18661
cfi=(210)
cfn=(2544)
calls=18661 0xa3af 77 
* * 130627
+5 * 18661
+3 * 18661
+4 * 18661
+3 * 18661
cfi=(210)
cfn=(1890)
calls=18661 0x9d3f 77 
* * 130627
+5 * 18661
+3 * 18661
+4 * 18661
+3 * 18661
cfi=(210)
cfn=(2546)
calls=18661 0xa39d 77 
* * 130627
+5 * 18661
+3 * 18661
+4 * 18661
+3 * 18661
+3 * 18661
+3 * 18661
+3 * 18661
+3 * 18661
cfi=(228)
cfn=(2560)
calls=18661 0x13812 94 
* * 2425930
+5 +2 18661
+1 * 18661
+4 * 18661
+1 * 18661
+2 * 18661
+2 * 18661
+2 * 18661
+1 * 18661

fn=(1742)
0x11ff2 463 649501
+4 * 649501
+1 * 649501
+3 * 649501
+4 * 649501
+4 * 649501
+4 * 649501
+4 * 649501
+4 * 649501
+4 * 649501
fi=(202)
+4 182 649501
cfi=(216)
cfn=(1450)
calls=649501 0x57c0 3420 
* * 3897006
+5 * 649501
+2 * 649501
jcnd=649501/649501 +20 +3 
* * 
+20 +3 649501
+4 * 649501
+4 * 649501
+5 * 649501
+3 * 649501
+3 * 649501
cfi=(203)
cfn=(1746)
calls=649501 0x139fa -82 
* * 61753631
+5 * 649501
fe=(225)
+1 464 649501
+1 * 649501

fn=(2370)
0x12206 531 649501
+4 * 649501
+1 * 649501
+3 * 649501
+4 * 649501
+4 * 649501
+4 +6 649501
+4 * 649501
+3 * 649501
cfi=(228)
cfn=(2372)
calls=649501 0x1318e 80 
* * 78156701
+5 +2 649501
+1 * 649501
+1 * 649501

fn=(1632)
0x13c5c 511 1000000
+4 * 1000000
+1 * 1000000
+3 * 1000000
+4 * 1000000
+4 * 1000000
+4 * 1000000
+4 +7 1000000
+4 * 1000000
+3 * 1000000
cfi=(210)
cfn=(1570)
calls=1000000 0xb927 77 
* * 7000000
+5 * 1000000
+3 * 1000000
+4 * 1000000
+3 * 1000000
+3 * 1000000
cfi=(228)
cfn=(1634)
calls=1000000 0x13bfa 94 
* * 44000000
+5 +2 1000000
+1 * 1000000
+1 * 1000000

fn=(2070)
0xc8e4 463 693089
+4 * 693089
+1 * 693089
+3 * 693089
+4 * 693089
+4 * 693089
+4 * 693089
+4 * 693089
+4 * 693089
+4 * 693089
fi=(202)
+4 182 693089
cfi=(216)
cfn=(1450)
calls=693089 0x57c0 3420 
* * 4158534
+5 * 693089
+2 * 693089
jcnd=693089/693089 +20 +3 
* * 
+20 +3 693089
+4 * 693089
+4 * 693089
+5 * 693089
+3 * 693089
+3 * 693089
cfi=(203)
cfn=(2074)
calls=693089 0x11d02 -82 
* * 185304422
+5 * 693089
fe=(225)
+1 464 693089
+1 * 693089

fn=(1862)
0x109a2 511 693089
+4 * 693089
+1 * 693089
+3 * 693089
+4 * 693089
+4 * 693089
+4 * 693089
+4 +7 693089
+4 * 693089
+3 * 693089
cfi=(210)
cfn=(1836)
calls=693089 0xdba1 77 
* * 4851623
+5 * 693089
+3 * 693089
+4 * 693089
+3 * 693089
+3 * 693089
cfi=(228)
cfn=(1864)
calls=693089 0x10951 94 
* * 85943036
+5 +2 693089
+1 * 693089
+1 * 693089

fn=(2182)
0x1372c 495 1018661
+4 * 1018661
+1 * 1018661
+3 * 1018661
+4 * 1018661
+4 * 1018661
+4 * 1018661
+4 * 1018661
+4 * 1018661
+4 * 1018661
+4 * 1018661
+4 * 1018661
+4 * 1018661
fi=(202)
+4 193 1018661
cfi=(216)
cfn=(1450)
calls=1018661 0x57c0 3420 
* * 6111966
+5 * 1018661
+2 * 1018661
jcnd=1018661/1018661 +16 +6 
* * 
+16 +6 1018661
+4 * 1018661
+4 * 1018661
+4 * 1018661
+3 * 1018661
+3 * 1018661
cfi=(203)
cfn=(2186)
calls=1018661 0x1419a -67 
* * 121338578
fe=(225)
+5 496 1018661
+1 * 1018661
+1 * 1018661
+1 * 1018661

fn=(2388)
0x12229 495 649501
+4 * 649501
+1 * 649501
+3 * 649501
+4 * 649501
+4 * 649501
+4 * 649501
+4 * 649501
+4 * 649501
+4 * 649501
+4 * 649501
+4 * 649501
+4 * 649501
fi=(202)
+4 193 649501
cfi=(216)
cfn=(1450)
calls=649501 0x57c0 3420 
* * 3897006
+5 * 649501
+2 * 649501
jcnd=649501/649501 +16 +6 
* * 
+16 +6 649501
+4 * 649501
+4 * 649501
+4 * 649501
+3 * 649501
+3 * 649501
cfi=(203)
cfn=(2392)
calls=649501 0x13af8 -67 
* * 75423377
fe=(225)
+5 496 649501
+1 * 649501
+1 * 649501
+1 * 649501

fn=(1842)
0x1228b 463 693089
+4 * 693089
+1 * 693089
+3 * 693089
+4 * 693089
+4 * 693089
+4 * 693089
+4 * 693089
+4 * 693089
+4 * 693089
fi=(202)
+4 182 693089
cfi=(216)
cfn=(1450)
calls=693089 0x57c0 3420 
* * 4158534
+5 * 693089
+2 * 693089
jcnd=693089/693089 +20 +3 
* * 
+20 +3 693089
+4 * 693089
+4 * 693089
+5 * 693089
+3 * 693089
+3 * 693089
cfi=(203)
cfn=(1846)
calls=693089 0x13b44 -82 
* * 73490049
+5 * 693089
fe=(225)
+1 464 693089
+1 * 693089

fn=(1926)
0x131ad 463 693089
+4 * 693089
+1 * 693089
+3 * 693089
+4 * 693089
+4 * 693089
+4 * 693089
+4 * 693089
+4 * 693089
+4 * 693089
fi=(202)
+4 182 693089
cfi=(216)
cfn=(1450)
calls=693089 0x57c0 3420 
* * 4158534
+5 * 693089
+2 * 693089
jcnd=693089/693089 +30 +3 
* * 
+30 +3 693089
+4 * 693089
+4 * 693089
+5 * 693089
+3 * 693089
+3 * 693089
cfi=(203)
cfn=(1930)
calls=693089 0x13e86 -82 
* * 83217118
+5 * 693089
fe=(225)
+1 464 693089
+1 * 693089

fn=(1944)
0x132b5 511 693089
+4 * 693089
+1 * 693089
+3 * 693089
+4 * 693089
+4 * 693089
+4 * 693089
+4 +7 693089
+4 * 693089
+3 * 693089
cfi=(210)
cfn=(1914)
calls=693089 0xe36a 77 
* * 4851623
+5 * 693089
+3 * 693089
+4 * 693089
+3 * 693089
+3 * 693089
cfi=(228)
cfn=(1946)
calls=693089 0x13264 94 
* * 108814973
+5 +2 693089
+1 * 693089
+1 * 693089

fn=(2118)
0xa744 845 1050061
+4 * 1050061
+1 * 1050061
+3 * 1050061
+4 * 1050061
+4 * 1050061
+4 * 1050061
+4 +3 1050061
+4 * 1050061
+4 * 1050061
+3 * 1050061
+3 * 1050061
cfi=(228)
cfn=(2120)
calls=1050061 0xc809 182 
* * 31501830
+5 +1 1050061
+1 * 1050061
+1 * 1050061

fl=(204)
fn=(1906)
0x90ea 557 693089
+4 * 693089
+1 * 693089
+3 * 693089
+1 * 693089
+4 * 693089
+4 * 693089
+4 +1 693089
+4 * 693089
+4 * 693089
+3 * 693089
cfi=(210)
cfn=(1908)
calls=693089 0xb31b 104 
* * 4851623
+5 * 693089
+3 * 693089
+3 * 693089
cfi=(206)
cfn=(1910)
calls=693089 0xb32e 1033 
* * 983673904
+5 * 693089
+4 * 693089
+1 * 693089

fn=(2420)
0x9120 996 119706
+4 * 119706
+1 * 119706
+3 * 119706
+4 * 119706
+4 * 119706
+4 +1 119706
+4 * 119706
+4 * 119706
+3 * 119706
+3 * 119706
cfi=(206)
cfn=(2422)
calls=119706 0xb372 750 
* * 52072110
+5 * 119706
+1 * 119706

fn=(1374)
0x7c7a 141 1
+4 * 1
+1 * 1
+3 * 1
+4 * 1
+4 * 1
+4 * 1
+3 * 1
cfi=(205)
cfn=(1376) std::_Hashtable<unsigned long, std::pair<unsigned long const, Orderbook::OrderEntry>, std::allocator<std::pair<unsigned long const, Orderbook::OrderEntry> >, std::__detail::_Select1st, std::equal_to<unsigned long>, std::hash<unsigned long>, std::__detail::_Mod_range_hashing, std::__detail::_Default_ranged_hash, std::__detail::_Prime_rehash_policy, std::__detail::_Hashtable_traits<false, false, true> >::_Hashtable()
calls=1 0x7bf2 528 
* * 135
+5 * 1
+1 * 1
+1 * 1

fn=(2300)
0x8bde 762 662763
+4 * 662763
+1 * 662763
+3 * 662763
+4 * 662763
+4 * 662763
+4 +1 662763
+4 * 662763
+4 * 662763
+3 * 662763
+3 * 662763
cfi=(205)
cfn=(2302) std::_Hashtable<unsigned long, std::pair<unsigned long const, Orderbook::OrderEntry>, std::allocator<std::pair<unsigned long const, Orderbook::OrderEntry> >, std::__detail::_Select1st, std::equal_to<unsigned long>, std::hash<unsigned long>, std::__detail::_Mod_range_hashing, std::__detail::_Default_ranged_hash, std::__detail::_Prime_rehash_policy, std::__detail::_Hashtable_traits<false, false, true> >::erase(unsigned long const&)
calls=662763 0xaaa6 937 
* * 712514578
+5 * 662763
+1 * 662763

fn=(2578)
0x7c9a 102 1
+4 * 1
+1 * 1
+3 * 1
+4 * 1
+4 * 1
+4 * 1
+3 * 1
cfi=(205)
cfn=(2580) std::_Hashtable<unsigned long, std::pair<unsigned long const, Orderbook::OrderEntry>, std::allocator<std::pair<unsigned long const, Orderbook::OrderEntry> >, std::__detail::_Select1st, std::equal_to<unsigned long>, std::hash<unsigned long>, std::__detail::_Mod_range_hashing, std::__detail::_Default_ranged_hash, std::__detail::_Prime_rehash_policy, std::__detail::_Hashtable_traits<false, false, true> >::~_Hashtable()
calls=1 0x9cf6 1528 
* * 15803288
+5 * 1
+1 * 1
+1 * 1

fn=(1654)
0x8c92 920 1232196
+4 * 1232196
+1 * 1232196
+3 * 1232196
+4 * 1232196
+4 * 1232196
+4 * 1232196
+9 * 1232196
+4 * 1232196
+2 +1 1232196
+4 * 1232196
+3 * 1232196
cfi=(205)
cfn=(1656) std::_Hashtable<unsigned long, std::pair<unsigned long const, Orderbook::OrderEntry>, std::allocator<std::pair<unsigned long const, Orderbook::OrderEntry> >, std::__detail::_Select1st, std::equal_to<unsigned long>, std::hash<unsigned long>, std::__detail::_Mod_range_hashing, std::__detail::_Default_ranged_hash, std::__detail::_Prime_rehash_policy, std::__detail::_Hashtable_traits<false, false, true> >::end() const
calls=1232196 0xad98 633 
* * 52984428
+5 * 1232196
+4 * 1232196
+4 * 1232196
+4 * 1232196
+3 * 1232196
+3 * 1232196
cfi=(205)
cfn=(1662) std::_Hashtable<unsigned long, std::pair<unsigned long const, Orderbook::OrderEntry>, std::allocator<std::pair<unsigned long const, Orderbook::OrderEntry> >, std::__detail::_Select1st, std::equal_to<unsigned long>, std::hash<unsigned long>, std::__detail::_Mod_range_hashing, std::__detail::_Default_ranged_hash, std::__detail::_Prime_rehash_policy, std::__detail::_Hashtable_traits<false, false, true> >::find(unsigned long const&) const
calls=1232196 0xad02 1603 
* * 544868942
+5 * 1232196
+4 * 1232196
+4 * 1232196
+4 * 1232196
+3 * 1232196
+3 * 1232196
cfi=(206)
cfn=(1682)
calls=1232196 0xade2 303 
* * 16018548
+5 * 1232196
+3 * 1232196
+4 * 1232196
+9 * 1232196
jcnd=1232196/1232196 +7 * 
* * 
+7 * 1232196
+1 * 1232196

fn=(2048)
0x88ee 310 693089
+4 * 693089
+1 * 693089
+3 * 693089
+4 * 693089
+4 +1 693089
+4 * 693089
+3 * 693089
cfi=(205)
cfn=(2050) std::_Hashtable<unsigned long, std::pair<unsigned long const, Orderbook::OrderEntry>, std::allocator<std::pair<unsigned long const, Orderbook::OrderEntry> >, std::__detail::_Select1st, std::equal_to<unsigned long>, std::hash<unsigned long>, std::__detail::_Mod_range_hashing, std::__detail::_Default_ranged_hash, std::__detail::_Prime_rehash_policy, std::__detail::_Hashtable_traits<false, false, true> >::size() const
calls=693089 0xa772 645 
* * 5544712
+5 * 693089
+1 * 693089

fl=(235)
fn=(1956)
0x1242f 223 693089
+4 * 693089
+1 * 693089
+3 * 693089
+4 * 693089
+4 +1 693089
+4 * 693089
+3 * 693089
cfn=(1958) unsigned long const& std::__pair_get<0ul>::__get<unsigned long const, Orderbook::OrderEntry>(std::pair<unsigned long const, Orderbook::OrderEntry>&)
calls=693089 0x13350 -46 
* * 4851623
+5 * 693089
+1 * 693089

fn=(2104) int const& std::__pair_get<0ul>::__get<int const, std::__cxx11::list<std::shared_ptr<Order>, std::allocator<std::shared_ptr<Order> > > >(std::pair<int const, std::__cxx11::list<std::shared_ptr<Order>, std::allocator<std::shared_ptr<Order> > > >&)
0x8a69 178 3880183
+4 * 3880183
+1 * 3880183
+3 * 3880183
+4 +1 3880183
+4 * 3880183
+1 * 3880183

fn=(2108) std::__cxx11::list<std::shared_ptr<Order>, std::allocator<std::shared_ptr<Order> > >& std::__pair_get<1ul>::__get<int const, std::__cxx11::list<std::shared_ptr<Order>, std::allocator<std::shared_ptr<Order> > > >(std::pair<int const, std::__cxx11::list<std::shared_ptr<Order>, std::allocator<std::shared_ptr<Order> > > >&)
0x8a7b 202 3880183
+4 * 3880183
+1 * 3880183
+3 * 3880183
+4 +1 3880183
+4 * 3880183
+4 * 3880183
+1 * 3880183

fn=(2264) unsigned long const& std::__pair_get<0ul>::__const_get<unsigned long const, Orderbook::OrderEntry>(std::pair<unsigned long const, Orderbook::OrderEntry> const&)
0x13d9e 188 4418602
+4 * 4418602
+1 * 4418602
+3 * 4418602
+4 +1 4418602
+4 * 4418602
+1 * 4418602

fn=(2102)
0x66c1 223 3880183
+4 * 3880183
+1 * 3880183
+3 * 3880183
+4 * 3880183
+4 +1 3880183
+4 * 3880183
+3 * 3880183
cfn=(2104)
calls=3880183 0x8a69 -46 
* * 27161281
+5 * 3880183
+1 * 3880183

fn=(2262)
0x139c4 233 4418602
+4 * 4418602
+1 * 4418602
+3 * 4418602
+4 * 4418602
+4 +1 4418602
+4 * 4418602
+3 * 4418602
cfn=(2264)
calls=4418602 0x13d9e -46 
* * 30930214
+5 * 4418602
+1 * 4418602

fn=(2106)
0x66df 223 3880183
+4 * 3880183
+1 * 3880183
+3 * 3880183
+4 * 3880183
+4 +1 3880183
+4 * 3880183
+3 * 3880183
cfn=(2108)
calls=3880183 0x8a7b -22 
* * 31041464
+5 * 3880183
+1 * 3880183

fn=(2196)
0x6512 233 499345
+4 * 499345
+1 * 499345
+3 * 499345
+4 * 499345
+4 +1 499345
+4 * 499345
+3 * 499345
cfn=(2198) int const& std::__pair_get<0ul>::__const_get<int const, std::__cxx11::list<std::shared_ptr<Order>, std::allocator<std::shared_ptr<Order> > > >(std::pair<int const, std::__cxx11::list<std::shared_ptr<Order>, std::allocator<std::shared_ptr<Order> > > > const&)
calls=499345 0x87b3 -46 
* * 3495415
+5 * 499345
+1 * 499345

fn=(2200)
0x6530 233 499345
+4 * 499345
+1 * 499345
+3 * 499345
+4 * 499345
+4 +1 499345
+4 * 499345
+3 * 499345
cfn=(2202) std::__cxx11::list<std::shared_ptr<Order>, std::allocator<std::shared_ptr<Order> > > const& std::__pair_get<1ul>::__const_get<int const, std::__cxx11::list<std::shared_ptr<Order>, std::allocator<std::shared_ptr<Order> > > >(std::pair<int const, std::__cxx11::list<std::shared_ptr<Order>, std::allocator<std::shared_ptr<Order> > > > const&)
calls=499345 0x87c5 -22 
* * 3994760
+5 * 499345
+1 * 499345

fn=(1958)
0x13350 178 693089
+4 * 693089
+1 * 693089
+3 * 693089
+4 +1 693089
+4 * 693089
+1 * 693089

fn=(2202)
0x87c5 212 499345
+4 * 499345
+1 * 499345
+3 * 499345
+4 +1 499345
+4 * 499345
+4 * 499345
+1 * 499345

fn=(2198)
0x87b3 188 499345
+4 * 499345
+1 * 499345
+3 * 499345
+4 +1 499345
+4 * 499345
+1 * 499345

fl=(226)
fn=(1614)
0x57cf 175 5976711
+4 * 5976711
+1 * 5976711
+3 * 5976711
+4 * 5976711
+4 * 5976711
+4 * 5976711
+1 * 5976711

fl=(211) /usr/include/c++/11/bits/char_traits.h
fn=(1460) std::char_traits<char>::assign(char&, char const&)
0x59b2 356 2
+4 * 2
+1 * 2
+3 * 2
+4 * 2
+4 +1 2
+4 * 2
+3 * 2
+4 * 2
+2 * 2
+1 * 2
+1 * 2

fn=(1428) std::char_traits<char>::length(char const*)
0x59d2 393 2
+4 * 2
+1 * 2
+3 * 2
+4 * 2
+4 * 2
+4 * 2
+4 290 2
+5 396 2
+2 * 2
jcnd=2/2 +16 +3 
* * 
+16 +3 2
+4 * 2
+3 * 2
cob=(2)
cfi=(51)
cfn=(1430) 0x000000000010c430
calls=2 0x10c430 0 
* * 32
+5 * 2
+1 +1 2
+1 * 2

fn=(1448) std::char_traits<char>::copy(char*, char const*, unsigned long)
0x5a71 429 2
+4 * 2
+1 * 2
+3 * 2
+4 * 2
+4 * 2
+4 * 2
+4 +2 2
+5 * 2
jcnd=2/2 +8 +3 
* * 
+8 +3 2
cfi=(216)
cfn=(1450)
calls=2 0x57c0 3420 
* * 12
+5 * 2
+2 * 2
jcnd=2/2 +27 +3 
* * 
+27 +3 2
+4 * 2
+4 * 2
+3 * 2
+3 * 2
+4 * 2
+3 * 2
+3 * 2
cob=(2)
cfi=(51)
cfn=(1452) 0x000000000010c510
calls=2 0x10c510 0 
* * 34
+5 * 2
+1 +1 2
+1 * 2

fl=(208)
fn=(1488) std::__cxx11::basic_string<char, std::char_traits<char>, std::allocator<char> >::_M_local_data() const
0xc354 208 2
+4 * 2
+1 * 2
+3 * 2
+4 * 2
+4 +3 2
+4 * 2
+4 * 2
+3 * 2
cfi=(209)
cfn=(1490)
calls=2 0xf159 -62 
* * 54
+5 +4 2
+1 * 2

fn=(1444)
0xebd1 404 2
+4 * 2
+1 * 2
+3 * 2
+4 * 2
+4 * 2
+4 * 2
+4 +2 2
+4 * 2
+4 * 2
+3 * 2
+4 * 2
+4 * 2
+3 * 2
+3 * 2
cfn=(1446) std::__cxx11::basic_string<char, std::char_traits<char>, std::allocator<char> >::_S_copy(char*, char const*, unsigned long)
calls=2 0xeaab -52 
* * 128
+5 * 2
+1 * 2
+1 * 2

fn=(1446)
0xeaab 354 2
+4 * 2
+1 * 2
+3 * 2
+4 * 2
+4 * 2
+4 * 2
+4 +2 2
+5 * 2
jcnd=2/2 +23 +3 
* * 
+23 +3 2
+4 * 2
+4 * 2
+4 * 2
+3 * 2
+3 * 2
cfi=(211)
cfn=(1448)
calls=2 0x5a71 +70 
* * 92
+5 +1 2
+1 * 2
+1 * 2

fn=(1484) std::__cxx11::basic_string<char, std::char_traits<char>, std::allocator<char> >::_M_dispose()
0x9f4e 237 2
+4 * 2
+1 * 2
+3 * 2
+4 * 2
+4 +2 2
+4 * 2
+3 * 2
cfn=(1486) std::__cxx11::basic_string<char, std::char_traits<char>, std::allocator<char> >::_M_is_local() const
calls=2 0x9ff4 -10 
* * 128
+5 * 2
+3 * 2
+2 * 2
jcnd=2/2 +25 +2 
* * 
+25 +2 2
+1 * 2
+1 * 2

fn=(1442)
0x9e30 194 6
+4 * 6
+1 * 6
+3 * 6
+4 +1 6
+4 * 6
+3 * 6
+1 * 6

fn=(1458) std::__cxx11::basic_string<char, std::char_traits<char>, std::allocator<char> >::_M_length(unsigned long)
0xa06a 190 2
+4 * 2
+1 * 2
+3 * 2
+4 * 2
+4 +1 2
+4 * 2
+4 * 2
+4 * 2
+1 * 2
+1 * 2

fn=(1496) std::__cxx11::basic_string<char, std::char_traits<char>, std::allocator<char> >::_Alloc_hider::~_Alloc_hider()
0x7fce 158 2
+4 * 2
+1 * 2
+3 * 2
+4 * 2
+4 * 2
+4 * 2
+3 * 2
cob=(2)
cfi=(51)
cfn=(1498) 0x000000000010c3f0
calls=2 0x10c3f0 0 
* * 8
+5 * 2
+1 * 2
+1 * 2

fn=(1412)
0x99fc 533 2
+4 * 2
+1 * 2
+3 * 2
+1 * 2
+4 * 2
+4 * 2
+4 * 2
+4 * 2
+9 * 2
+4 * 2
+2 +1 2
+4 * 2
+4 * 2
+3 * 2
cfn=(1414) std::__cxx11::basic_string<char, std::char_traits<char>, std::allocator<char> >::_M_local_data()
calls=2 0x9e46 198 
* * 76
+5 * 2
+3 * 2
+4 * 2
+3 * 2
+3 * 2
+3 * 2
cfn=(1422) std::__cxx11::basic_string<char, std::char_traits<char>, std::allocator<char> >::_Alloc_hider::_Alloc_hider(char*, std::allocator<char> const&)
calls=2 0x9e68 164 
* * 44
+5 +2 2
+5 * 2
+2 * 2
+4 * 2
+3 * 2
cfi=(211)
cfn=(1428)
calls=2 0x59d2 393 
* * 64
+5 * 2
+4 * 2
+3 * 2
jump=2 +7 * 
* * 
+7 * 2
+4 +3 2
+4 * 2
+4 * 2
+4 * 2
+3 * 2
+3 * 2
cfi=(212)
cfn=(1432)
calls=2 0xba3c 206 
* * 474
+5 +1 2
jump=2 +32 * 
* * 
+32 * 2
+4 * 2
+9 * 2
jcnd=2/2 +7 * 
* * 
+7 * 2
+4 * 2
+1 * 2

fn=(1482)
0x806e 671 2
+4 * 2
+1 * 2
+3 * 2
+4 * 2
+4 +1 2
+4 * 2
+3 * 2
cfn=(1484)
calls=2 0x9f4e 237 
* * 156
+5 * 2
+4 * 2
+3 * 2
cfn=(1496)
calls=2 0x7fce 158 
* * 30
+5 * 2
+1 * 2
+1 * 2

fn=(1422)
0x9e68 164 2
+4 * 2
+1 * 2
+3 * 2
+4 * 2
+4 * 2
+4 * 2
+4 +1 2
+4 * 2
+4 * 2
+3 * 2
+3 * 2
cob=(2)
cfi=(51)
cfn=(1424) 0x000000000010c650
calls=2 0x10c650 0 
* * 8
+5 * 2
+4 * 2
+4 * 2
+3 * 2
+1 * 2
+1 * 2

fn=(1414)
0x9e46 198 2
+4 * 2
+1 * 2
+3 * 2
+4 * 2
+4 +3 2
+4 * 2
+4 * 2
+3 * 2
cfi=(209)
cfn=(1416)
calls=2 0xc1c6 -52 
* * 54
+5 +4 2
+1 * 2

fn=(1456)
0xa08a 222 2
+4 * 2
+1 * 2
+3 * 2
+4 * 2
+4 * 2
+4 * 2
+9 * 2
+4 * 2
+2 +2 2
+4 * 2
+4 * 2
+3 * 2
+3 * 2
cfn=(1458)
calls=2 -81 -34 
* * 22
+5 +1 2
+4 * 2
+4 * 2
+3 * 2
cfn=(1442)
calls=2 0x9e30 -31 
* * 16
+5 * 2
+4 * 2
+3 * 2
+4 * 2
+3 * 2
+3 * 2
cfi=(211)
cfn=(1460)
calls=2 0x59b2 356 
* * 24
+5 +1 2
+1 * 2
+4 * 2
+9 * 2
jcnd=2/2 +7 * 
* * 
+7 * 2
+1 * 2

fn=(1486)
0x9ff4 229 2
+4 * 2
+1 * 2
+3 * 2
+1 * 2
+4 * 2
+4 +1 2
+4 * 2
+3 * 2
cfn=(1442)
calls=2 0x9e30 -36 
* * 16
+5 * 2
+3 * 2
+4 * 2
+3 * 2
cfn=(1488)
calls=2 0xc354 -22 
* * 76
+5 * 2
+3 * 2
+3 * 2
+4 * 2
+1 * 2

fl=(215) /usr/include/c++/11/bits/stl_iterator_base_types.h
fn=(1438) std::iterator_traits<char const*>::iterator_category std::__iterator_category<char const*>(char const* const&)
0xeba9 238 2
+4 * 2
+1 * 2
+3 * 2
+4 +1 2
+1 * 2

fl=(205)
fn=(1978) std::_Hashtable<unsigned long, std::pair<unsigned long const, Orderbook::OrderEntry>, std::allocator<std::pair<unsigned long const, Orderbook::OrderEntry> >, std::__detail::_Select1st, std::equal_to<unsigned long>, std::hash<unsigned long>, std::__detail::_Mod_range_hashing, std::__detail::_Default_ranged_hash, std::__detail::_Prime_rehash_policy, std::__detail::_Hashtable_traits<false, false, true> >::_M_allocate_buckets(unsigned long)
0x13baa 432 12
+4 * 12
+1 * 12
+3 * 12
+4 * 12
+4 * 12
+4 +2 12
+5 * 12
+3 * 12
+3 * 12
+3 * 12
jcnd=12/12 +24 +6 
* * 
+24 +6 12
+4 * 12
+4 * 12
+3 * 12
+3 * 12
cfi=(206)
cfn=(1980)
calls=12 0x13f8e 1922 
* * 663844
+5 * 12
+1 +1 12
+1 * 12

fn=(1376)
0x7bf2 528 1
+4 * 1
+1 * 1
+3 * 1
+4 * 1
+4 * 1
+4 * 1
+3 * 1
cfi=(206)
cfn=(1378)
calls=1 0x7b66 1604 
* * 39
+5 * 1
+4 * 1
+3 * 1
cfi=(206)
cfn=(1386)
calls=1 -99 1823 
* * 40
+5 * 1
+4 * 1
+4 * 1
+4 * 1
+3 * 1
+4 * 1
+8 * 1
+4 * 1
+4 * 1
+3 * 1
cfi=(206)
cfn=(1394)
calls=1 0x58e0 219 
* * 9
+5 * 1
+4 * 1
+8 * 1
+4 * 1
+4 * 1
+6 * 1
+4 * 1
+3 * 1
cfi=(206)
cfn=(1396)
calls=1 0x5920 -82 
* * 13
+5 * 1
+4 * 1
+8 * 1
+1 * 1
+1 * 1

fn=(2002) std::_Hashtable<unsigned long, std::pair<unsigned long const, Orderbook::OrderEntry>, std::allocator<std::pair<unsigned long const, Orderbook::OrderEntry> >, std::__detail::_Select1st, std::equal_to<unsigned long>, std::hash<unsigned long>, std::__detail::_Mod_range_hashing, std::__detail::_Default_ranged_hash, std::__detail::_Prime_rehash_policy, std::__detail::_Hashtable_traits<false, false, true> >::_M_begin() const
0xeede 462 13
+4 * 13
+1 * 13
+3 * 13
+4 +1 13
+4 * 13
+4 * 13
+1 * 13

fn=(2302)
0xaaa6 937 662763
+4 * 662763
+1 * 662763
+3 * 662763
+4 * 662763
+4 * 662763
+4 +1 662763
+4 * 662763
+4 * 662763
+3 * 662763
+3 * 662763
cfn=(2304) std::_Hashtable<unsigned long, std::pair<unsigned long const, Orderbook::OrderEntry>, std::allocator<std::pair<unsigned long const, Orderbook::OrderEntry> >, std::__detail::_Select1st, std::equal_to<unsigned long>, std::hash<unsigned long>, std::__detail::_Mod_range_hashing, std::__detail::_Default_ranged_hash, std::__detail::_Prime_rehash_policy, std::__detail::_Hashtable_traits<false, false, true> >::_M_erase(std::integral_constant<bool, true>, unsigned long const&)
calls=662763 0xca78 2194 
* * 703898659
+5 * 662763
+1 * 662763

fn=(1656)
0xad98 633 1232196
+4 * 1232196
+1 * 1232196
+3 * 1232196
+4 * 1232196
+4 * 1232196
+9 * 1232196
+4 * 1232196
+2 +1 1232196
+4 * 1232196
+5 * 1232196
+3 * 1232196
cfi=(206)
cfn=(1658)
calls=1232196 0xd4b6 385 
* * 30804900
+5 * 1232196
+4 * 1232196
+4 * 1232196
+9 * 1232196
jcnd=1232196/1232196 +7 * 
* * 
+7 * 1232196
+1 * 1232196

fn=(1672) std::_Hashtable<unsigned long, std::pair<unsigned long const, Orderbook::OrderEntry>, std::allocator<std::pair<unsigned long const, Orderbook::OrderEntry> >, std::__detail::_Select1st, std::equal_to<unsigned long>, std::hash<unsigned long>, std::__detail::_Mod_range_hashing, std::__detail::_Default_ranged_hash, std::__detail::_Prime_rehash_policy, std::__detail::_Hashtable_traits<false, false, true> >::_M_bucket_index(unsigned long) const
0xd434 794 2707766
+4 * 2707766
+1 * 2707766
+3 * 2707766
+4 * 2707766
+4 * 2707766
+4 +1 2707766
+4 * 2707766
+4 * 2707766
+4 * 2707766
+4 * 2707766
+3 * 2707766
+3 * 2707766
cfi=(206)
cfn=(1674)
calls=2707766 0x10318 1232 
* * 89356278
+5 * 2707766
+1 * 2707766

fn=(1916)
0xe37c 1960 693089
+4 * 693089
+1 * 693089
+3 * 693089
+2 * 693089
+2 * 693089
+1 * 693089
+4 * 693089
+7 * 693089
+7 * 693089
+9 * 693089
+4 * 693089
+2 +6 693089
+7 * 693089
+3 * 693089
cfi=(210)
cfn=(1914)
calls=693089 -74 77 
* * 4851623
+5 * 693089
+3 * 693089
+7 * 693089
+4 * 693089
+3 * 693089
+3 * 693089
cfn=(1918) std::_Hashtable<unsigned long, std::pair<unsigned long const, Orderbook::OrderEntry>, std::allocator<std::pair<unsigned long const, Orderbook::OrderEntry> >, std::__detail::_Select1st, std::equal_to<unsigned long>, std::hash<unsigned long>, std::__detail::_Mod_range_hashing, std::__detail::_Default_ranged_hash, std::__detail::_Prime_rehash_policy, std::__detail::_Hashtable_traits<false, false, true> >::_Scoped_node::_Scoped_node<std::pair<unsigned long const, Orderbook::OrderEntry> >(std::__detail::_Hashtable_alloc<std::allocator<std::__detail::_Hash_node<std::pair<unsigned long const, Orderbook::OrderEntry>, false> > >*, std::pair<unsigned long const, Orderbook::OrderEntry>&&)
calls=693089 0x10da2 302 
* * 354908006
+5 +1 693089
+4 * 693089
+4 * 693089
+3 * 693089
cfi=(206)
cfn=(1950)
calls=693089 0x10e2a 245 
* * 25644293
+5 * 693089
+3 * 693089
+4 * 693089
+3 * 693089
+3 * 693089
cfi=(206)
cfn=(1952)
calls=693089 0x10e48 93 
* * 25644293
+5 * 693089
+4 +1 693089
+4 * 693089
+7 * 693089
+3 * 693089
+3 * 693089
cfi=(206)
cfn=(1664)
calls=693089 0xd3fc 1215 
* * 29109738
+5 * 693089
+4 +1 693089
+4 * 693089
+7 * 693089
+3 * 693089
+3 * 693089
cfn=(1672)
calls=693089 0xd434 794 
* * 33268272
+5 * 693089
+4 +1 693089
+4 * 693089
+4 * 693089
+4 * 693089
+7 * 693089
+3 * 693089
cfn=(1678) std::_Hashtable<unsigned long, std::pair<unsigned long const, Orderbook::OrderEntry>, std::allocator<std::pair<unsigned long const, Orderbook::OrderEntry> >, std::__detail::_Select1st, std::equal_to<unsigned long>, std::hash<unsigned long>, std::__detail::_Mod_range_hashing, std::__detail::_Default_ranged_hash, std::__detail::_Prime_rehash_policy, std::__detail::_Hashtable_traits<false, false, true> >::_M_find_node(unsigned long, unsigned long const&, unsigned long) const
calls=693089 0xd466 807 
* * 206260380
+5 * 693089
+4 * 693089
+5 * 693089
jcnd=693089/693089 +52 +5 
* * 
+52 +5 693089
+4 * 693089
+4 * 693089
+4 * 693089
+7 * 693089
+6 * 693089
+3 * 693089
cfn=(1960) std::_Hashtable<unsigned long, std::pair<unsigned long const, Orderbook::OrderEntry>, std::allocator<std::pair<unsigned long const, Orderbook::OrderEntry> >, std::__detail::_Select1st, std::equal_to<unsigned long>, std::hash<unsigned long>, std::__detail::_Mod_range_hashing, std::__detail::_Default_ranged_hash, std::__detail::_Prime_rehash_policy, std::__detail::_Hashtable_traits<false, false, true> >::_M_insert_unique_node(unsigned long, unsigned long, std::__detail::_Hash_node<std::pair<unsigned long const, Orderbook::OrderEntry>, false>*, unsigned long)
calls=693089 0x10f12 +33 
* * 188934525
+5 * 693089
+4 +1 693089
+8 +1 693089
+4 * 693089
+4 * 693089
+4 * 693089
+4 * 693089
+3 * 693089
+3 * 693089
cfi=(233)
cfn=(2016) std::pair<std::__detail::_Node_iterator<std::pair<unsigned long const, Orderbook::OrderEntry>, false, false>, bool>::pair<std::__detail::_Node_iterator<std::pair<unsigned long const, Orderbook::OrderEntry>, false, false>&, bool, true>(std::__detail::_Node_iterator<std::pair<unsigned long const, Orderbook::OrderEntry>, false, false>&, bool&&)
calls=693089 0x11036 352 
* * 24951204
+5 * 693089
+4 * 693089
+4 +1 693089
+4 * 693089
+3 * 693089
cfn=(2022) std::_Hashtable<unsigned long, std::pair<unsigned long const, Orderbook::OrderEntry>, std::allocator<std::pair<unsigned long const, Orderbook::OrderEntry> >, std::__detail::_Select1st, std::equal_to<unsigned long>, std::hash<unsigned long>, std::__detail::_Mod_range_hashing, std::__detail::_Default_ranged_hash, std::__detail::_Prime_rehash_policy, std::__detail::_Hashtable_traits<false, false, true> >::_Scoped_node::~_Scoped_node()
calls=693089 0x10df0 308 
* * 8317068
+5 * 693089
+3 * 693089
+3 * 693089
+4 * 693089
+9 * 693089
jcnd=693089/693089 +39 * 
* * 
+39 * 693089
+4 * 693089
+1 * 693089
+2 * 693089
+2 * 693089
+1 * 693089

fn=(2424)
0xe526 1588 119706
+4 * 119706
+1 * 119706
+3 * 119706
+4 * 119706
+4 * 119706
+4 * 119706
+9 * 119706
+4 * 119706
+2 +5 119706
+4 * 119706
+4 * 119706
+3 * 119706
+3 * 119706
cfi=(206)
cfn=(1664)
calls=119706 0xd3fc 1215 
* * 5027652
+5 * 119706
+4 +1 119706
+4 * 119706
+4 * 119706
+3 * 119706
+3 * 119706
cfn=(1672)
calls=119706 0xd434 794 
* * 5745888
+5 * 119706
+4 +1 119706
+4 * 119706
+4 * 119706
+4 * 119706
+4 * 119706
+3 * 119706
cfn=(1678)
calls=119706 0xd466 807 
* * 25617084
+5 * 119706
+3 * 119706
+4 * 119706
+3 * 119706
+3 * 119706
cfi=(206)
cfn=(2014)
calls=119706 0x10e72 338 
* * 2992650
+5 * 119706
+4 +1 119706
+4 * 119706
+9 * 119706
jcnd=119706/119706 +7 * 
* * 
+7 * 119706
+1 * 119706

fn=(2012) std::_Hashtable<unsigned long, std::pair<unsigned long const, Orderbook::OrderEntry>, std::allocator<std::pair<unsigned long const, Orderbook::OrderEntry> >, std::__detail::_Select1st, std::equal_to<unsigned long>, std::hash<unsigned long>, std::__detail::_Mod_range_hashing, std::__detail::_Default_ranged_hash, std::__detail::_Prime_rehash_policy, std::__detail::_Hashtable_traits<false, false, true> >::_M_insert_bucket_begin(unsigned long, std::__detail::_Hash_node<std::pair<unsigned long const, Orderbook::OrderEntry>, false>*)
0x12536 1886 693089
+4 * 693089
+1 * 693089
+3 * 693089
+2 * 693089
+1 * 693089
+4 * 693089
+4 * 693089
+4 * 693089
+4 +4 693089
+4 * 693089
+3 * 693089
+4 * 693089
+4 * 693089
+3 * 693089
+3 * 693089
+3 * 693089
jcnd=349598/693089 +63 +12 
* * 
+2 +4 343491
+4 * 343491
+3 * 343491
+4 * 343491
+4 * 343491
+3 * 343491
+3 * 343491
+3 * 343491
+4 * 343491
+3 +1 343491
+4 * 343491
+3 * 343491
+4 * 343491
+4 * 343491
+3 * 343491
+3 * 343491
+4 * 343491
+3 +17 343491
jump=343491 0x12620 * 
* * 
+2 -10 349598
+4 * 349598
+4 * 349598
+4 * 349598
+3 +1 349598
+4 * 349598
+4 * 349598
+4 +2 349598
+4 * 349598
+3 * 349598
+3 * 349598
jcnd=4/349598 +54 +5 
* * 
+2 +3 349594
+4 * 349594
+4 * 349594
+3 * 349594
+4 * 349594
+3 * 349594
cfi=(206)
cfn=(2244)
calls=349594 0x11654 282 
* * 2796752
+5 * 349594
+4 * 349594
+4 * 349594
+3 * 349594
+3 * 349594
cfn=(2246) std::_Hashtable<unsigned long, std::pair<unsigned long const, Orderbook::OrderEntry>, std::allocator<std::pair<unsigned long const, Orderbook::OrderEntry> >, std::__detail::_Select1st, std::equal_to<unsigned long>, std::hash<unsigned long>, std::__detail::_Mod_range_hashing, std::__detail::_Default_ranged_hash, std::__detail::_Prime_rehash_policy, std::__detail::_Hashtable_traits<false, false, true> >::_M_bucket_index(std::__detail::_Hash_node_value<std::pair<unsigned long const, Orderbook::OrderEntry>, false> const&) const
calls=349594 0x11eac 790 
* * 61878138
+5 * 349594
+4 * 349594
+3 * 349594
+3 +2 349594
+4 * 349594
+3 * 349594
+4 * 349594
+4 * 349594
+3 * 349594
+4 * 349594
+4 * 349594
+3 +2 349594
+1 * 349594
+4 * 349594
+1 * 349594
+2 * 349594
+1 * 349594
-38 -2 4
+4 * 4
+3 * 4
+4 * 4
+4 * 4
+3 * 4
+4 * 4
+4 * 4
+3 +2 4
+1 * 4
+4 * 4
+1 * 4
+2 * 4
+1 * 4
-9 * 343491
+1 * 343491
+4 * 343491
+1 * 343491
+2 * 343491
+1 * 343491

fn=(2050)
0xa772 645 693089
+4 * 693089
+1 * 693089
+3 * 693089
+4 +1 693089
+4 * 693089
+4 * 693089
+1 * 693089

fn=(2318) std::_Hashtable<unsigned long, std::pair<unsigned long const, Orderbook::OrderEntry>, std::allocator<std::pair<unsigned long const, Orderbook::OrderEntry> >, std::__detail::_Select1st, std::equal_to<unsigned long>, std::hash<unsigned long>, std::__detail::_Mod_range_hashing, std::__detail::_Default_ranged_hash, std::__detail::_Prime_rehash_policy, std::__detail::_Hashtable_traits<false, false, true> >::_M_remove_bucket_begin(unsigned long, std::__detail::_Hash_node<std::pair<unsigned long const, Orderbook::OrderEntry>, false>*, unsigned long)
0x11ede 1919 662334
+4 * 662334
+1 * 662334
+3 * 662334
+4 * 662334
+4 * 662334
+4 * 662334
+4 +5 662334
+5 * 662334
jcnd=29/662334 +12 +4 
* * 
+2 * 662305
+4 * 662305
+4 * 662305
jcnd=328133/662305 0x11f80 +12 
* * 
+2 +4 334201
+5 * 334201
jcnd=29/334201 +45 +4 
* * 
+2 +1 334172
+4 * 334172
+3 * 334172
+4 * 334172
+4 * 334172
+4 * 334172
+4 * 334172
+3 * 334172
+4 * 334172
+4 * 334172
+3 * 334172
+3 * 334172
+3 +3 334172
+4 * 334172
+4 * 334172
+4 * 334172
+3 * 334172
+4 * 334172
+4 * 334172
+3 * 334172
+3 * 334172
+3 * 334172
jcnd=120883/334172 +14 +2 
* * 
-32 * 29
+4 * 29
+4 * 29
+4 * 29
+3 * 29
+4 * 29
+4 * 29
+3 * 29
+3 * 29
+3 * 29
jcnd=26/29 +14 +2 
* * 
+2 +1 213292
+4 * 213292
+4 * 213292
+4 +1 213292
+4 * 213292
+3 * 213292
+4 * 213292
+4 * 213292
+3 * 213292
+7 +2 213292
+1 * 213292
+1 * 213292
-27 -2 120909
+4 * 120909
+3 * 120909
+4 * 120909
+4 * 120909
+3 * 120909
+7 +2 120909
+1 * 120909
+1 * 120909
-2 * 328133
+1 * 328133
+1 * 328133

fn=(1662)
0xad02 1603 1232196
+4 * 1232196
+1 * 1232196
+3 * 1232196
+4 * 1232196
+4 * 1232196
+4 * 1232196
+9 * 1232196
+4 * 1232196
+2 +5 1232196
+4 * 1232196
+4 * 1232196
+3 * 1232196
+3 * 1232196
cfi=(206)
cfn=(1664)
calls=1232196 0xd3fc 1215 
* * 51752232
+5 * 1232196
+4 +1 1232196
+4 * 1232196
+4 * 1232196
+3 * 1232196
+3 * 1232196
cfn=(1672)
calls=1232196 0xd434 794 
* * 59145408
+5 * 1232196
+4 +1 1232196
+4 * 1232196
+4 * 1232196
+4 * 1232196
+4 * 1232196
+3 * 1232196
cfn=(1678)
calls=1232196 0xd466 807 
* * 356342954
+5 * 1232196
+3 * 1232196
+4 * 1232196
+3 * 1232196
+3 * 1232196
cfi=(206)
cfn=(1658)
calls=1232196 0xd4b6 385 
* * 30804900
+5 * 1232196
+4 +1 1232196
+4 * 1232196
+9 * 1232196
jcnd=1232196/1232196 +7 * 
* * 
+7 * 1232196
+1 * 1232196

fn=(2004) std::_Hashtable<unsigned long, std::pair<unsigned long const, Orderbook::OrderEntry>, std::allocator<std::pair<unsigned long const, Orderbook::OrderEntry> >, std::__detail::_Select1st, std::equal_to<unsigned long>, std::hash<unsigned long>, std::__detail::_Mod_range_hashing, std::__detail::_Default_ranged_hash, std::__detail::_Prime_rehash_policy, std::__detail::_Hashtable_traits<false, false, true> >::_M_deallocate_buckets()
0xc0f8 453 13
+4 * 13
+1 * 13
+3 * 13
+4 * 13
+4 +1 13
+4 * 13
+4 * 13
+4 * 13
+3 * 13
+4 * 13
+3 * 13
+3 * 13
cfn=(2006) std::_Hashtable<unsigned long, std::pair<unsigned long const, Orderbook::OrderEntry>, std::allocator<std::pair<unsigned long const, Orderbook::OrderEntry> >, std::__detail::_Select1st, std::equal_to<unsigned long>, std::hash<unsigned long>, std::__detail::_Mod_range_hashing, std::__detail::_Default_ranged_hash, std::__detail::_Prime_rehash_policy, std::__detail::_Hashtable_traits<false, false, true> >::_M_deallocate_buckets(std::__detail::_Hash_node_base**, unsigned long)
calls=13 0xef40 -10 
* * 1823694
+5 * 13
+1 * 13
+1 * 13

fn=(2316) std::_Hashtable<unsigned long, std::pair<unsigned long const, Orderbook::OrderEntry>, std::allocator<std::pair<unsigned long const, Orderbook::OrderEntry> >, std::__detail::_Select1st, std::equal_to<unsigned long>, std::hash<unsigned long>, std::__detail::_Mod_range_hashing, std::__detail::_Default_ranged_hash, std::__detail::_Prime_rehash_policy, std::__detail::_Hashtable_traits<false, false, true> >::_M_erase(unsigned long, std::__detail::_Hash_node_base*, std::__detail::_Hash_node<std::pair<unsigned long const, Orderbook::OrderEntry>, false>*)
0xfa50 2166 662763
+4 * 662763
+1 * 662763
+3 * 662763
+1 * 662763
+4 * 662763
+4 * 662763
+4 * 662763
+4 * 662763
+4 * 662763
+9 * 662763
+4 * 662763
+2 +5 662763
+4 * 662763
+3 * 662763
+4 * 662763
+4 * 662763
+3 * 662763
+3 * 662763
+4 * 662763
jcnd=429/662763 +91 +3 
* * 
+2 +2 662334
+4 * 662334
+3 -1 662334
+3 * 662334
jcnd=29/662334 +38 * 
* * 
+2 +1 662305
+4 * 662305
+3 * 662305
cfi=(206)
cfn=(2244)
calls=662305 0x11654 282 
* * 5298440
+5 * 662305
+4 * 662305
+4 * 662305
+3 * 662305
+3 * 662305
cfn=(2246)
calls=662305 0x11eac 790 
* * 117227985
+5 * 662305
+3 * 662305
jump=662305 +7 -1 
* * 
+2 -1 29
+5 * 29
+4 * 29
+3 * 29
cfi=(206)
cfn=(2244)
calls=29 0x11654 282 
* * 232
-7 * 662305
+4 * 662305
+3 * 662305
cfi=(206)
cfn=(2244)
calls=662305 0x11654 282 
* * 5298440
+5 * 662334
+3 * 662334
+4 * 662334
+4 * 662334
+3 * 662334
+3 * 662334
cfn=(2318)
calls=662334 0x11ede 1919 
* * 20600481
+5 * 662334
jump=662334 +84 +9 
* * 
+2 +2 429
+4 * 429
+3 * 429
+3 * 429
jcnd=10/429 +72 +7 
* * 
+2 +2 419
+4 * 419
+3 * 419
cfi=(206)
cfn=(2244)
calls=419 0x11654 282 
* * 3352
+5 * 419
+4 * 419
+4 * 419
+3 * 419
+3 * 419
cfn=(2246)
calls=419 0x11eac 790 
* * 74163
+5 * 419
+4 +1 419
+4 * 419
+4 * 419
jcnd=83/419 +27 +4 
* * 
+2 +1 336
+4 * 336
+3 * 336
+4 * 336
+4 * 336
+3 * 336
+4 * 336
+3 +3 336
+4 * 336
+3 * 336
+4 * 336
+3 +1 336
+4 * 336
+3 * 336
cfi=(206)
cfn=(2244)
calls=336 0x11654 282 
* * 2688
-21 -1 662427
+4 * 662427
+3 * 662427
+4 * 662427
+3 +1 662427
+4 * 662427
+3 * 662427
cfi=(206)
cfn=(2244)
calls=662427 0x11654 282 
* * 5299416
+5 * 662763
+3 * 662763
+4 * 662763
+3 * 662763
+3 * 662763
cfi=(206)
cfn=(2014)
calls=662763 0x10e72 338 
* * 16569075
+5 +1 662763
+4 * 662763
+4 * 662763
+3 * 662763
+3 * 662763
cfi=(206)
cfn=(2320)
calls=662763 0x1166a 1892 
* * 272202922
+5 +1 662763
+4 * 662763
+4 * 662763
+4 * 662763
+4 * 662763
+4 +2 662763
+4 +1 662763
+4 * 662763
+9 * 662763
jcnd=662763/662763 +7 * 
* * 
+7 * 662763
+4 * 662763
+1 * 662763

fn=(2582) std::_Hashtable<unsigned long, std::pair<unsigned long const, Orderbook::OrderEntry>, std::allocator<std::pair<unsigned long const, Orderbook::OrderEntry> >, std::__detail::_Select1st, std::equal_to<unsigned long>, std::hash<unsigned long>, std::__detail::_Mod_range_hashing, std::__detail::_Default_ranged_hash, std::__detail::_Prime_rehash_policy, std::__detail::_Hashtable_traits<false, false, true> >::clear()
0xc08a 2316 1
+4 * 1
+1 * 1
+3 * 1
+4 * 1
+4 +4 1
+4 * 1
+3 * 1
cfn=(2002)
calls=1 0xeede 462 
* * 8
+5 * 1
+3 * 1
+4 * 1
+3 * 1
+3 * 1
cfi=(206)
cfn=(2584)
calls=1 0xeef4 1910 
* * 13646688
+5 +2 1
+4 * 1
+4 -1 1
+8 * 1
+4 * 1
+3 * 1
+5 * 1
+3 * 1
cob=(2)
cfi=(51)
cfn=(1996)
calls=1 0x10c460 0 
* * 336363
+5 +2 1
+4 * 1
+8 +1 1
+4 * 1
+8 +1 1
+1 * 1
+1 * 1

fn=(1678)
0xd466 807 2044991
+4 * 2044991
+1 * 2044991
+3 * 2044991
+4 * 2044991
+4 * 2044991
+4 * 2044991
+4 * 2044991
+4 +3 2044991
+4 * 2044991
+4 * 2044991
+4 * 2044991
+4 * 2044991
+3 * 2044991
cfn=(1680) std::_Hashtable<unsigned long, std::pair<unsigned long const, Orderbook::OrderEntry>, std::allocator<std::pair<unsigned long const, Orderbook::OrderEntry> >, std::__detail::_Select1st, std::equal_to<unsigned long>, std::hash<unsigned long>, std::__detail::_Mod_range_hashing, std::__detail::_Default_ranged_hash, std::__detail::_Prime_rehash_policy, std::__detail::_Hashtable_traits<false, false, true> >::_M_find_before_node(unsigned long, unsigned long const&, unsigned long) const
calls=2044991 0xf972 1827 
* * 546841774
+5 * 2044991
+4 +1 2044991
+5 * 2044991
jcnd=1805579/2044991 +11 +2 
* * 
+2 +1 239412
+4 * 239412
+3 * 239412
jump=239412 +7 +2 
* * 
+2 +1 1805579
+5 +1 1805579
+1 * 1805579
-1 * 239412
+1 * 239412

fn=(2008) std::_Hashtable<unsigned long, std::pair<unsigned long const, Orderbook::OrderEntry>, std::allocator<std::pair<unsigned long const, Orderbook::OrderEntry> >, std::__detail::_Select1st, std::equal_to<unsigned long>, std::hash<unsigned long>, std::__detail::_Mod_range_hashing, std::__detail::_Default_ranged_hash, std::__detail::_Prime_rehash_policy, std::__detail::_Hashtable_traits<false, false, true> >::_M_uses_single_bucket(std::__detail::_Hash_node_base**) const
0x116c4 421 13
+4 * 13
+1 * 13
+3 * 13
+4 * 13
+4 +1 13
+4 * 13
+4 * 13
+4 * 13
+3 * 13
+3 * 13
+3 * 13
+3 * 13
+1 * 13

fn=(2022)
0x10df0 308 693089
+4 * 693089
+1 * 693089
+3 * 693089
+4 * 693089
+4 * 693089
+4 * 693089
+4 * 693089
+3 * 693089
jcnd=693089/693089 +28 * 
* * 
+28 * 693089
+1 * 693089
+1 * 693089

fn=(1680)
0xf972 1827 2707754
+4 * 2707754
+1 * 2707754
+3 * 2707754
+4 * 2707754
+4 * 2707754
+4 * 2707754
+4 * 2707754
+4 +6 2707754
+4 * 2707754
+3 * 2707754
+4 * 2707754
+4 * 2707754
+3 * 2707754
+3 * 2707754
+4 +1 2707754
+5 * 2707754
jcnd=1796710/2707754 +12 +3 
* * 
+2 +1 911044
+5 * 911044
jump=911044 0xfa4d +14 
* * 
+5 +2 1796710
+4 * 1796710
+3 * 1796710
+4 +3 1796710
+4 * 1796710
+4 * 1796710
+4 * 1796710
+4 * 1796710
+4 * 1796710
+3 * 1796710
cfi=(206)
cfn=(2306)
calls=1796710 0x11e00 1611 
* * 284781926
-23 * 337395
+4 * 337395
+4 * 337395
+4 * 337395
+4 * 337395
+4 * 337395
+3 * 337395
cfi=(206)
cfn=(2306)
calls=337395 0x11e00 1611 
* * 53308839
+5 * 2134105
+2 * 2134105
jcnd=1231930/2134105 +8 +3 
* * 
+2 +1 902175
+4 * 902175
jump=902175 0xfa4d +8 
* * 
+2 +2 1231930
+4 * 1231930
+3 * 1231930
+3 * 1231930
jcnd=356/1231930 +39 * 
* * 
+2 * 1231574
+4 * 1231574
+3 * 1231574
cfi=(206)
cfn=(2244)
calls=1231574 0x11654 282 
* * 9852592
+5 * 1231574
+4 * 1231574
+4 * 1231574
+3 * 1231574
+3 * 1231574
cfn=(2246)
calls=1231574 0x11eac 790 
* * 217988598
+5 * 1231574
+4 * 1231574
jcnd=337395/1231574 +9 * 
* * 
+2 * 894535
+5 * 894535
jump=894535 +7 * 
* * 
+2 * 337395
+5 * 337395
+2 * 337395
-2 * 894535
+2 * 894535
jcnd=894535/894535 +31 +1 
* * 
+2 +2 337395
+4 * 337395
+4 -7 337395
+4 * 337395
+3 * 337395
cfi=(206)
cfn=(2244)
calls=337395 0x11654 282 
* * 2699160
+5 * 337395
+4 +2 337395
jump=337395 0xf9c3 * 
* * 
+5 +4 894535
+1 +4 894535
+5 +1 894535
+1 * 894535
-1 * 1813219
+1 * 1813219

fn=(1974) std::_Hashtable<unsigned long, std::pair<unsigned long const, Orderbook::OrderEntry>, std::allocator<std::pair<unsigned long const, Orderbook::OrderEntry> >, std::__detail::_Select1st, std::equal_to<unsigned long>, std::hash<unsigned long>, std::__detail::_Mod_range_hashing, std::__detail::_Default_ranged_hash, std::__detail::_Prime_rehash_policy, std::__detail::_Hashtable_traits<false, false, true> >::_M_rehash(unsigned long, unsigned long const&)
0x124a8 2355 12
+4 * 12
+1 * 12
+3 * 12
+1 * 12
+4 * 12
+4 * 12
+4 * 12
+4 +6 12
+4 * 12
+4 * 12
+3 * 12
+3 * 12
cfn=(1976) std::_Hashtable<unsigned long, std::pair<unsigned long const, Orderbook::OrderEntry>, std::allocator<std::pair<unsigned long const, Orderbook::OrderEntry> >, std::__detail::_Select1st, std::equal_to<unsigned long>, std::hash<unsigned long>, std::__detail::_Mod_range_hashing, std::__detail::_Default_ranged_hash, std::__detail::_Prime_rehash_policy, std::__detail::_Hashtable_traits<false, false, true> >::_M_rehash_aux(unsigned long, std::integral_constant<bool, true>)
calls=12 0x13362 +17 
* * 9503785
+5 +9 12
jump=12 +68 * 
* * 
+68 * 12
+4 * 12
+1 * 12

fn=(2006)
0xef40 444 13
+4 * 13
+1 * 13
+3 * 13
+4 * 13
+4 * 13
+4 * 13
+4 +2 13
+4 * 13
+4 * 13
+3 * 13
+3 * 13
cfn=(2008)
calls=13 0x116c4 -25 
* * 182
+5 * 13
+2 * 13
jcnd=1/13 +27 +1 
* * 
+2 +3 12
+4 * 12
+4 * 12
+4 * 12
+3 * 12
+3 * 12
cfi=(206)
cfn=(2518)
calls=12 0x1170c 1935 
* * 1823219
+5 * 12
jump=12 +3 +1 
* * 
+2 -2 1
+1 +3 1
+1 * 1
-1 * 12
+1 * 12

fn=(1918)
0x10da2 302 693089
+4 * 693089
+1 * 693089
+3 * 693089
+1 * 693089
+4 * 693089
+4 * 693089
+4 * 693089
+4 +1 693089
+4 * 693089
+4 * 693089
+3 +1 693089
+4 * 693089
+4 * 693089
+3 * 693089
cfi=(210)
cfn=(1914)
calls=693089 0xe36a 77 
* * 4851623
+5 * 693089
+3 * 693089
+3 * 693089
cfi=(206)
cfn=(1920)
calls=693089 0x1232a 1870 
* * 333422247
+5 * 693089
+4 * 693089
+4 +1 693089
+1 * 693089
+4 * 693089
+1 * 693089

fn=(1960)
0x10f12 2008 693089
+4 * 693089
+1 * 693089
+3 * 693089
+4 * 693089
+4 * 693089
+4 * 693089
+4 * 693089
+4 * 693089
+4 * 693089
+9 * 693089
+4 * 693089
+2 +6 693089
+4 * 693089
+4 * 693089
+3 * 693089
cfi=(206)
cfn=(1962)
calls=693089 0x594e 473 
* * 5544712
+5 * 693089
+4 * 693089
+4 * 693089
+4 +2 693089
+4 * 693089
+4 * 693089
+4 * 693089
+4 * 693089
+4 * 693089
+4 * 693089
+4 * 693089
+3 * 693089
cob=(2)
cfi=(51)
cfn=(1964) 0x000000000010c610
calls=693089 0x10c610 0 
* * 7626929
+5 * 693089
+2 * 693089
+3 * 693089
+3 * 693089
+4 +3 693089
+4 * 693089
+2 * 693089
jcnd=693077/693089 +48 +6 
* * 
+2 +2 12
+4 * 12
+4 * 12
+4 * 12
+3 * 12
+3 * 12
cfn=(1974)
calls=12 0x124a8 2355 
* * 9503989
+5 +1 12
+4 * 12
+4 * 12
+3 * 12
+3 * 12
cfn=(1672)
calls=12 0xd434 794 
* * 576
+5 * 12
+4 +3 12
+4 * 12
+4 * 12
+4 * 12
+4 * 12
+3 * 12
+3 * 12
cfi=(206)
cfn=(2010)
calls=12 0x1251e 1254 
* * 108
-22 * 693077
+4 * 693077
+4 * 693077
+4 * 693077
+4 * 693077
+3 * 693077
+3 * 693077
cfi=(206)
cfn=(2010)
calls=693077 0x1251e 1254 
* * 6237693
+5 +3 693089
+4 * 693089
+4 * 693089
+4 * 693089
+3 * 693089
+3 * 693089
cfn=(2012)
calls=693089 0x12536 1886 
* * 98335453
+5 +1 693089
+4 * 693089
+4 * 693089
+4 * 693089
+4 * 693089
+4 +1 693089
+4 * 693089
+4 * 693089
+3 * 693089
+3 * 693089
cfi=(206)
cfn=(2014)
calls=693089 0x10e72 338 
* * 17327225
+5 * 693089
+4 +1 693089
+4 * 693089
+9 * 693089
jcnd=693089/693089 +7 * 
* * 
+7 * 693089
+1 * 693089

fn=(2246)
0x11eac 790 2243892
+4 * 2243892
+1 * 2243892
+3 * 2243892
+4 * 2243892
+4 * 2243892
+4 +1 2243892
+4 * 2243892
+4 * 2243892
+4 * 2243892
+4 * 2243892
+3 * 2243892
+3 * 2243892
cfi=(206)
cfn=(2248)
calls=2243892 0x12fa0 1236 
* * 363510504
+5 * 2243892
+1 * 2243892

fn=(1976)
0x13362 2378 12
+4 * 12
+1 * 12
+3 * 12
+4 * 12
+4 * 12
+4 +4 12
+4 * 12
+4 * 12
+3 * 12
+3 * 12
cfn=(1978)
calls=12 0x13baa 432 
* * 664072
+5 * 12
+4 +1 12
+4 * 12
+3 * 12
cfn=(2002)
calls=12 0xeede 462 
* * 96
+5 * 12
+4 +1 12
+4 * 12
+8 +1 12
+8 +1 12
jump=12 0x134ae * 
* * 
+5 +2 40605
+4 * 40605
+3 * 40605
cfi=(206)
cfn=(2244)
calls=40605 0x11654 282 
* * 324840
+5 * 40605
+4 +2 40605
+4 * 40605
+4 * 40605
+4 * 40605
+4 * 40605
+3 * 40605
+3 * 40605
cfi=(206)
cfn=(2248)
calls=40605 0x12fa0 1236 
* * 6578010
+5 * 40605
+4 +1 40605
+4 * 40605
+8 * 40605
+4 * 40605
+3 * 40605
+3 * 40605
+3 * 40605
jcnd=8131/40605 0x13469 +11 
* * 
+2 +2 32474
+4 * 32474
+4 * 32474
+4 * 32474
+3 +1 32474
+4 * 32474
+4 * 32474
+4 +1 32474
+4 * 32474
+8 * 32474
+4 * 32474
+3 * 32474
+4 * 32474
+4 * 32474
+3 +1 32474
+4 * 32474
+3 * 32474
+3 * 32474
jcnd=11/32474 +28 +2 
* * 
+2 +1 32463
+4 * 32463
+8 * 32463
+4 * 32463
+3 * 32463
+4 * 32463
+3 +1 32463
+4 * 32463
+4 * 32463
jump=32463 +63 +8 
* * 
-8 * 11
+4 * 11
+4 * 11
jump=11 +63 +8 
* * 
+2 +4 8131
+4 * 8131
+8 * 8131
+4 * 8131
+3 * 8131
+3 * 8131
+3 * 8131
+4 * 8131
+3 +1 8131
+4 * 8131
+8 * 8131
+4 * 8131
+3 * 8131
+3 * 8131
+4 * 8131
+3 +3 8131
+4 * 8131
+4 -20 8131
+5 * 8131
jcnd=8125/8131 0x133b6 +2 
* * 
-13 +20 32474
+4 * 32474
+4 -20 32474
+5 * 32474
jcnd=32469/32474 0x133b6 +2 
* * 
-5 * 12
+5 * 12
jcnd=11/12 0x133b6 +2 
* * 
+6 +23 12
+4 * 12
+3 * 12
cfn=(2004)
calls=12 0xc0f8 453 
* * 3747
+5 +1 12
+4 * 12
+4 * 12
+4 +1 12
+4 * 12
+4 * 12
+3 +1 12
+1 * 12
+1 * 12

fn=(2304)
0xca78 2194 662763
+4 * 662763
+1 * 662763
+3 * 662763
+4 * 662763
+4 * 662763
+4 +5 662763
+4 * 662763
+4 * 662763
+3 * 662763
+3 * 662763
cfi=(206)
cfn=(1664)
calls=662763 0xd3fc 1215 
* * 27836046
+5 * 662763
+4 +1 662763
+4 * 662763
+4 * 662763
+3 * 662763
+3 * 662763
cfn=(1672)
calls=662763 0xd434 794 
* * 31812624
+5 * 662763
+4 +3 662763
+4 * 662763
+4 * 662763
+4 * 662763
+4 * 662763
+3 * 662763
cfn=(1680)
calls=662763 0xf972 1827 
* * 127444800
+5 * 662763
+4 +1 662763
+5 * 662763
jcnd=662763/662763 +9 +4 
* * 
+9 +4 662763
+4 * 662763
+3 * 662763
+4 +1 662763
+4 * 662763
+4 * 662763
+4 * 662763
+4 * 662763
+3 * 662763
cfn=(2316)
calls=662763 0xfa50 -43 
* * 490957432
+5 +1 662763
+5 +1 662763
+1 * 662763

fn=(2580)
0x9cf6 1528 1
+4 * 1
+1 * 1
+3 * 1
+4 * 1
+4 +4 1
+4 * 1
+3 * 1
cfn=(2582)
calls=1 0xc08a 2316 
* * 13983087
+5 +1 1
+4 * 1
+3 * 1
cfn=(2004)
calls=1 0xc0f8 453 
* * 1820155
+5 +1 1
+4 * 1
+3 * 1
cfi=(206)
cfn=(2586)
calls=1 0x7bd2 1802 
* * 29
+5 * 1
+1 * 1
+1 * 1

fl=(221)
fn=(1690)
0x6166 28 2415736
+4 * 2415736
+1 * 2415736
+3 * 2415736
+4 * 2415736
+4 * 2415736
+3 * 2415736
+1 * 2415736

fn=(2274)
0x61b6 35 1122240
+4 * 1122240
+1 * 1122240
+3 * 1122240
+2 * 1122240
+1 * 1122240
+4 * 1122240
+7 * 1122240
+6 * 1122240
+9 * 1122240
+4 * 1122240
+2 +1 1122240
+7 * 1122240
+3 * 1122240
cfn=(2270)
calls=1122240 0x617c -6 
* * 8977920
+5 * 1122240
+6 * 1122240
+3 * 1122240
+2 * 1122240
jcnd=1122240/1122240 0x62b2 +7 
* * 
0x62b2 +7 1122240
+7 * 1122240
+3 * 1122240
+6 * 1122240
+2 * 1122240
+7 * 1122240
+3 +1 1122240
+1 * 1122240
+4 * 1122240
+9 * 1122240
jcnd=1122240/1122240 +98 * 
* * 
+98 * 1122240
+4 * 1122240
+1 * 1122240
+2 * 1122240
+1 * 1122240

fn=(1566)
0x60c8 16 1018661
+4 * 1018661
+1 * 1018661
+3 * 1018661
+4 * 1018661
+3 * 1018661
+4 * 1018661
+3 * 1018661
+4 * 1018661
+4 +1 1018661
+4 * 1018661
+3 * 1018661
+2 +1 1018661
+4 * 1018661
+4 * 1018661
+4 +1 1018661
+4 * 1018661
+3 * 1018661
+3 +1 1018661
+4 * 1018661
+3 * 1018661
+3 +1 1018661
+4 * 1018661
+3 * 1018661
+3 +1 1018661
+4 * 1018661
+3 * 1018661
+3 +1 1018661
+1 * 1018661
+1 * 1018661

fn=(1684)
0x613c 26 2423469
+4 * 2423469
+1 * 2423469
+3 * 2423469
+4 * 2423469
+4 * 2423469
+2 * 2423469
+1 * 2423469

fn=(1688)
0x6150 27 1293496
+4 * 1293496
+1 * 1293496
+3 * 1293496
+4 * 1293496
+4 * 1293496
+3 * 1293496
+1 * 1293496

fn=(2270)
0x617c 30 3366720
+4 * 3366720
+1 * 3366720
+3 * 3366720
+4 * 3366720
+4 * 3366720
+3 * 3366720
+1 * 3366720

fn=(2276)
0x6192 33 1122240
+4 * 1122240
+1 * 1122240
+3 * 1122240
+4 * 1122240
+4 * 1122240
+4 * 1122240
+3 * 1122240
cfn=(2270)
calls=1122240 -45 -3 
* * 8977920
+5 * 1122240
+2 * 1122240
+3 * 1122240
+1 * 1122240

fn=(1652)
0x6126 25 3460268
+4 * 3460268
+1 * 3460268
+3 * 3460268
+4 * 3460268
+4 * 3460268
+4 * 3460268
+1 * 3460268

fl=(214)
fn=(1436)
0xba06 138 2
+4 * 2
+1 * 2
+3 * 2
+4 * 2
+4 * 2
+4 +4 2
+4 * 2
+3 * 2
cfi=(215)
cfn=(1438)
calls=2 0xeba9 +96 
* * 12
+5 -1 2
+4 * 2
+4 * 2
+3 * 2
+3 * 2
cfn=(1440) std::iterator_traits<char const*>::difference_type std::__distance<char const*>(char const*, char const*, std::random_access_iterator_tag)
calls=2 0xebb7 -43 
* * 18
+5 +2 2
+1 * 2

fn=(1440)
0xebb7 98 2
+4 * 2
+1 * 2
+3 * 2
+4 * 2
+4 +6 2
+4 * 2
+4 +1 2
+1 * 2

fl=(233)
fn=(1948)
0x13224 315 693089
+4 * 693089
+1 * 693089
+3 * 693089
+4 * 693089
+4 * 693089
+4 * 693089
+4 * 693089
+3 * 693089
+4 * 693089
+3 * 693089
+4 * 693089
+4 * 693089
+4 * 693089
+4 * 693089
+3 * 693089
+3 * 693089
cfi=(199)
cfn=(1894)
calls=693089 0x905a 27 
* * 66536544
+5 * 693089
+1 * 693089
+1 * 693089

fn=(2354)
0xfd3c 352 649332
+4 * 649332
+1 * 649332
+3 * 649332
+4 * 649332
+4 * 649332
+4 * 649332
+4 +1 649332
+4 * 649332
+3 * 649332
cfi=(210)
cfn=(2356)
calls=649332 0x11f83 77 
* * 4545324
+5 * 649332
+4 * 649332
+3 * 649332
+3 * 649332
+4 * 649332
+3 * 649332
cfi=(210)
cfn=(2356)
calls=649332 0x11f83 77 
* * 4545324
+5 * 649332
+4 * 649332
+3 * 649332
+4 * 649332
+1 * 649332
+1 * 649332

fn=(2470)
0x10742 352 566162
+4 * 566162
+1 * 566162
+3 * 566162
+4 * 566162
+4 * 566162
+4 * 566162
+4 +1 566162
+4 * 566162
+3 * 566162
cfi=(210)
cfn=(1818)
calls=566162 0x121ac 77 
* * 3963134
+5 * 566162
+3 * 566162
+4 * 566162
+3 * 566162
+4 * 566162
+3 * 566162
cfi=(210)
cfn=(1818)
calls=566162 0x121ac 77 
* * 3963134
+5 * 566162
+3 * 566162
+4 * 566162
+4 * 566162
+1 * 566162
+1 * 566162

fn=(2478)
0x10550 336 83317
+4 * 83317
+1 * 83317
+3 * 83317
+4 * 83317
+4 * 83317
+4 * 83317
+4 +1 83317
+4 * 83317
+3 * 83317
+4 * 83317
+3 * 83317
+4 * 83317
+3 * 83317
cfi=(210)
cfn=(1818)
calls=83317 0x121ac 77 
* * 583219
+5 * 83317
+3 * 83317
+4 * 83317
+4 * 83317
+1 * 83317
+1 * 83317

fn=(1888)
0x9094 352 693089
+4 * 693089
+1 * 693089
+3 * 693089
+1 * 693089
+4 * 693089
+4 * 693089
+4 * 693089
+4 +1 693089
+4 * 693089
+3 * 693089
cfi=(210)
cfn=(1890)
calls=693089 0x9d3f 77 
* * 4851623
+5 * 693089
+3 * 693089
+4 * 693089
+3 * 693089
+4 * 693089
+4 * 693089
+4 * 693089
+3 * 693089
cfi=(210)
cfn=(1892)
calls=693089 0xb2d2 77 
* * 4851623
+5 * 693089
+3 * 693089
+3 * 693089
cfi=(199)
cfn=(1894)
calls=693089 0x905a 27 
* * 66536544
+5 * 693089
+1 * 693089
+4 * 693089
+1 * 693089

fn=(2016)
0x11036 352 693089
+4 * 693089
+1 * 693089
+3 * 693089
+4 * 693089
+4 * 693089
+4 * 693089
+4 +1 693089
+4 * 693089
+3 * 693089
cfi=(210)
cfn=(2018)
calls=693089 0x1262a 77 
* * 4851623
+5 * 693089
+4 * 693089
+3 * 693089
+3 * 693089
+4 * 693089
+3 * 693089
cfi=(210)
cfn=(2020)
calls=693089 0x9d2d 77 
* * 4851623
+5 * 693089
+3 * 693089
+4 * 693089
+3 * 693089
+1 * 693089
+1 * 693089

fn=(2024)
0x6dd2 211 1386178
+4 * 1386178
+1 * 1386178
+3 * 1386178
+4 * 1386178
+4 * 1386178
+4 * 1386178
+4 * 1386178
+3 * 1386178
cfi=(199)
cfn=(2026)
calls=1386178 -59 27 
* * 91487748
+5 * 1386178
+1 * 1386178
+1 * 1386178

fn=(2374)
0x1312a 211 649501
+4 * 649501
+1 * 649501
+3 * 649501
+4 * 649501
+4 * 649501
+4 * 649501
+4 * 649501
+3 * 649501
cfi=(230)
cfn=(2376)
calls=649501 0x130a6 828 
* * 63218178
+5 * 649501
+1 * 649501
+1 * 649501

fn=(1814)
0x121be 352 22
+4 * 22
+1 * 22
+3 * 22
+4 * 22
+4 * 22
+4 * 22
+4 +1 22
+4 * 22
+3 * 22
cfi=(210)
cfn=(1816)
calls=22 0x1317c 77 
* * 154
+5 * 22
+3 * 22
+4 * 22
+3 * 22
+4 * 22
+3 * 22
cfi=(210)
cfn=(1818)
calls=22 -71 77 
* * 154
+5 * 22
+3 * 22
+4 * 22
+4 * 22
+1 * 22
+1 * 22

fl=(219)
fn=(1522)
0xbb46 323 2
+4 * 2
+1 * 2
+3 * 2
+4 * 2
+4 * 2
+4 +5 2
+4 * 2
+3 * 2
cfi=(207)
cfn=(1524)
calls=2 0xec0a 147 
* * 44
+5 -1 2
+4 * 2
+3 +3 2
+8 * 2
jump=2 +94 * 
* * 
+2 +2 1246
+4 * 1246
+4 * 1246
+4 * 1246
+4 * 1246
+4 +1 1246
+4 * 1246
+4 * 1246
+4 +1 1246
+4 * 1246
+7 * 1246
+4 +1 1246
+4 * 1246
+3 * 1246
cfi=(207)
cfn=(1528)
calls=1246 0xec30 147 
* * 38626
+5 * 1246
+4 +2 1246
+4 * 1246
+3 * 1246
cfi=(207)
cfn=(1524)
calls=1246 0xec0a 147 
* * 27412
+5 -1 1246
+4 * 1246
+4 * 1246
+4 -6 1246
+5 * 1246
+8 * 1246
jcnd=1244/1246 0xbb77 +2 
* * 
-8 * 2
+8 * 2
jcnd=2/2 0xbb77 +2 
* * 
+2 +9 2
+4 * 2
+11 +1 2
+1 * 2
+1 * 2

fn=(1548) std::mersenne_twister_engine<unsigned long, 32ul, 624ul, 397ul, 31ul, 2567483615ul, 11ul, 4294967295ul, 7ul, 2636928640ul, 15ul, 4022730752ul, 18ul, 1812433253ul>::_M_gen_rand()
0x1149a 394 9857
+4 * 9857
+1 * 9857
+3 * 9857
+4 +4 9857
+8 +1 9857
+8 +2 9857
+8 * 9857
jump=9857 0x1153d * 
* * 
+2 +2 2237539
+4 * 2237539
+4 * 2237539
+4 * 2237539
+6 * 2237539
+3 +1 2237539
+4 * 2237539
+4 * 2237539
+4 * 2237539
+4 * 2237539
+5 -1 2237539
+3 * 2237539
+4 +2 2237539
+4 * 2237539
+7 * 2237539
+4 * 2237539
+4 * 2237539
+4 * 2237539
+3 * 2237539
+3 +1 2237539
+4 * 2237539
+3 * 2237539
+3 * 2237539
jcnd=1118823/2237539 +9 * 
* * 
+2 * 1118716
+5 * 1118716
jump=1118716 +7 * 
* * 
+2 * 1118823
+5 * 1118823
+3 * 1118823
+3 -1 1118823
+4 * 1118823
+4 * 1118823
+4 -4 1118823
+5 * 1118823
+8 * 1118823
jcnd=1113896/1118823 0x114c0 +2 
* * 
-31 +5 1118716
+3 * 1118716
+3 -1 1118716
+4 * 1118716
+4 * 1118716
+4 -4 1118716
+5 * 1118716
+8 * 1118716
jcnd=1113786/1118716 0x114c0 +2 
* * 
-8 * 9857
+8 * 9857
jcnd=9857/9857 0x114c0 +2 
* * 
+6 +8 9857
+8 * 9857
jump=9857 0x115d2 * 
* * 
+2 +2 3903372
+4 * 3903372
+4 * 3903372
+4 * 3903372
+6 * 3903372
+3 +1 3903372
+4 * 3903372
+4 * 3903372
+4 * 3903372
+4 * 3903372
+5 -1 3903372
+3 * 3903372
+4 +2 3903372
+4 * 3903372
+7 * 3903372
+4 * 3903372
+4 * 3903372
+4 * 3903372
+3 * 3903372
+3 +1 3903372
+4 * 3903372
+3 * 3903372
+3 * 3903372
jcnd=1951862/3903372 +9 * 
* * 
+2 * 1951510
+5 * 1951510
jump=1951510 +7 * 
* * 
+2 * 1951862
+5 * 1951862
+3 * 1951862
+3 -1 1951862
+4 * 1951862
+4 * 1951862
+4 -4 1951862
+5 * 1951862
+8 * 1951862
jcnd=1946919/1951862 0x11555 +2 
* * 
-31 +5 1951510
+3 * 1951510
+3 -1 1951510
+4 * 1951510
+4 * 1951510
+4 -4 1951510
+5 * 1951510
+8 * 1951510
jcnd=1946596/1951510 0x11555 +2 
* * 
-8 * 9857
+8 * 9857
jcnd=9857/9857 0x11555 +2 
* * 
+6 +8 9857
+4 * 9857
+7 * 9857
+6 * 9857
+3 +1 9857
+4 * 9857
+3 * 9857
+5 -1 9857
+3 * 9857
+4 +2 9857
+4 * 9857
+7 * 9857
+4 * 9857
+3 * 9857
+3 +1 9857
+4 * 9857
+3 * 9857
+3 * 9857
jcnd=4894/9857 +9 * 
* * 
+2 * 4963
+5 * 4963
jump=4963 +7 * 
* * 
+2 * 4894
+5 * 4894
+3 -1 4894
+4 * 4894
+7 +2 4894
+4 * 4894
+11 +1 4894
+1 * 4894
+1 * 4894
-31 -2 4963
+3 -1 4963
+4 * 4963
+7 +2 4963
+4 * 4963
+11 +1 4963
+1 * 4963
+1 * 4963

fn=(1546)
0xecfc 450 6150183
+4 * 6150183
+1 * 6150183
+3 * 6150183
+4 * 6150183
+4 +5 6150183
+4 * 6150183
+7 * 6150183
+6 * 6150183
jcnd=6140326/6150183 +14 +4 
* * 
+2 +1 9857
+4 * 9857
+3 * 9857
cfn=(1548)
calls=9857 0x1149a -62 
* * 199988478
+5 +3 6150183
+4 * 6150183
+7 * 6150183
+4 * 6150183
+4 * 6150183
+7 * 6150183
+4 * 6150183
+4 * 6150183
+4 +1 6150183
+4 * 6150183
+4 * 6150183
+2 * 6150183
+4 +1 6150183
+4 * 6150183
+4 * 6150183
+5 * 6150183
+4 +1 6150183
+4 * 6150183
+4 * 6150183
+5 * 6150183
+4 +1 6150183
+4 * 6150183
+4 * 6150183
+4 +2 6150183
+4 +1 6150183
+1 * 6150183

ob=(3)
fl=(187) ./wcsmbs/./wcsmbs/wctob.c
fn=(978) wctob
0xc5df0 30 128
+4 * 128
+2 * 128
+1 * 128
+1 * 128
+4 * 128
+9 * 128
+5 * 128
+2 * 128
+5 * 128
+5 * 128
+5 * 128
+5 * 128
+4 +9 128
+3 * 128
+6 * 128
+2 +6 128
+2 -1 128
+3 * 128
+2 +37 128
+5 * 128
+9 * 128
+6 * 128
+4 * 128
+1 * 128
+1 * 128
+2 * 128

fl=(191) ./iconv/./iconv/gconv_simple.c
fn=(990) __gconv_btwoc_ascii
0x2d0b0 49 128
+4 +2 128
+4 * 128
+3 * 128
+5 * 128
+3 +3 128

fl=(196) ./setjmp/../sysdeps/x86_64/bsd-_setjmp.S
fn=(1340) _setjmp
0x421e0 28 1
+4 +2 1
+2 +2 1
cfi=(197) ./setjmp/../sysdeps/x86_64/setjmp.S
cfn=(1342) __sigsetjmp
calls=1 0x42110 -2 
* * 31

fl=(236) ./string/../sysdeps/x86_64/multiarch/memset-vec-unaligned-erms.S
fn=(1998) __memset_avx2_unaligned_erms
0x1a0f80 181 13
+4 +1 13
+4 * 13
+3 * 13
+5 +5 13
+4 +1 13
+6 +1 13
+4 +1 13
jcnd=13/13 +34 +69 
* * 
+18 +14 1
+5 +1 1
+5 +2 1
+3 * 1
+3 +52 13
+7 +1 13
jcnd=9/13 0x1a1040 +88 
* * 
+2 +23 4
+4 +1 4
+5 +5 4
+3 +3 4
+7 +1 4
jcnd=1/4 -44 -89 
* * 
+2 +3 3
+5 +1 3
+5 +13 3
+4 +1 3
+7 +2 3
jcnd=1/3 +45 +18 
* * 
+2 +3 2
+7 +3 2
+4 +3 2
+4 +1 2
+5 +1 2
+5 +1 2
+5 +1 2
+4 +1 2
+3 +1 2
jcnd=2/2 -26 -6 
* * 
-26 -6 7
+4 +1 7
+5 +1 7
+5 +1 7
+5 +1 7
+4 +1 7
+3 +1 7
jcnd=5/7 -26 -6 
* * 
+2 * 2
+4 +3 2
+4 +1 2
+5 +1 2
+5 +1 2
+5 +3 2
+3 * 2
-22 -6 1
+4 +1 1
+5 +1 1
+5 +1 1
+5 +3 1
+3 * 1
+10 +11 9
+4 +1 9
+3 +1 9
+3 +1 9
jcnd=9/9 * * 
* * 
* * 995704
jcnd=995695/995704 * * 
* * 
+2 +1 9
+3 +1 9
+3 * 9

fl=(104)
fn=(344)
0xa8830 66 1
+4 -25 1
+7 * 1
+6 * 1
+3 * 1
+2 +1 1
+6 * 1
+6 * 1
+2 +2 1
+2 * 1
+2 +5 1
+7 * 1
+3 * 1
+2 +3 1
+6 * 1
+7 * 1
jcnd=1/1 +58 +14 
* * 
+58 +14 1

fl=(255)
fn=(2680)
0x99a70 367 1
+4 51 1
+3 * 1
+2 * 1
+6 +1 1
+3 * 1
+2 367 1
+4 57 1
+2 * 1
jcnd=1/1 +86 +17 
* * 
+2 +8 1
+4 -3 1
+7 -23 1
+3 +1 1
+6 * 1
jcnd=1/1 +24 * 
* * 
+11 +30 1
+1 369 1
+4 * 1
+8 40 1
+8 * 1
+2 * 1
+2 +1 1
+6 * 1
jump=1 -31 +29 
* * 
+22 +33 1
+6 * 1
jcnd=1/1 +49 +6 
* * 
+49 +6 1
+3 * 1
+3 * 1
+3 * 1
+2 +4 1
+8 * 1
+3 * 1
jcnd=1/1 +12 +3 
* * 
+12 +3 1
+4 * 1
+6 * 1
jump=1 0x99a8c -22 
* * 

fl=(89)
fn=(306)
0xa96d0 29 2
fi=(90) ./string/../sysdeps/x86_64/multiarch/ifunc-memset.h
+4 +21 2
+7 * 2
+7 * 2
+6 * 2
+3 * 2
+2 +3 2
+6 * 2
+6 * 2
+2 +7 2
+2 * 2
+5 +9 2
+3 * 2
+2 +2 2
+2 * 2
+6 +10 2
+3 * 2
+2 +8 2
+3 * 2
+2 +2 2
+2 * 2
+7 * 2
+7 * 2
+4 * 2
fe=(89)

fl=(182) ./nptl/./nptl/pthread_once.c
fn=(880) __pthread_once_slow
0x99e00 68 1
fi=(185) ./nptl/../sysdeps/nptl/futex-internal.h
+2 +78 1
+6 +1 1
fe=(182)
+6 -79 1
+1 * 1
+3 * 1
+1 * 1
+3 * 1
+4 * 1
+9 * 1
+5 * 1
+2 +8 1
+3 +4 1
+2 * 1
jcnd=1/1 +33 +8 
* * 
+2 +52 1
+5 * 1
+9 * 1
+6 * 1
+4 * 1
+2 * 1
+1 * 1
+1 * 1
+2 * 1
+1 -44 1
+6 * 1
+3 +4 1
+5 * 1
+2 +9 1
+2 * 1
jcnd=1/1 +62 +13 
* * 
+62 +13 1
+5 * 1
+4 * 1
+3 * 1
+5 * 1
+7 * 1
+7 * 1
+3 * 1
+5 * 1
+9 * 1
+4 * 1
+8 * 1
+5 * 1
cfi=(183) ./nptl/./nptl/cleanup_compat.c
cfn=(882) _pthread_cleanup_push@@GLIBC_2.34
calls=1 0x90ad0 -89 
* * 7
+5 +2 1
cob=(7)
cfi=(170)
cfn=(884)
calls=1 0xc0250 0 
* * 1982
+2 +2 1
+2 * 1
+3 * 1
cfi=(183)
cfn=(898) _pthread_cleanup_pop@@GLIBC_2.34
calls=1 0x90b00 -78 
* * 6
fi=(185)
+5 +91 1
+3 * 1
+5 * 1
fe=(182)
+5 -85 1
fi=(185)
+7 +85 1
+3 * 1
+5 * 1
+2 * 1
+6 * 1
jfi=(182)
jcnd=1/1 0x99e31 -77 
* * 
fe=(182)

fn=(878) pthread_once@@GLIBC_2.34
0x99fc0 136 14
+4 +3 14
+2 +1 14
+2 * 14
jcnd=1/14 +8 +3 
* * 
+2 +4 13
+2 * 13
+4 -1 1
cfn=(880)
calls=1 0x99e00 -75 
* * 2050

fl=(117)
fn=(378)
0xa9b10 31 1
fi=(268) ./string/../sysdeps/x86_64/multiarch/ifunc-strcasecmp.h
+4 +1 1
+7 * 1
+7 * 1
+6 * 1
+6 * 1
jfi=(117)
jcnd=1/1 +47 -1 
* * 
fe=(117)
+47 -1 1

fl=(125)
fn=(400)
0xa8b00 29 1
fi=(269) ./string/../sysdeps/x86_64/multiarch/ifunc-sse4_2.h
+4 +1 1
+7 * 1
+7 * 1
+7 * 1
+7 * 1
fe=(125)
+4 -1 1

fl=(92)
fn=(314)
0xa9c10 29 2
fi=(93) ./string/../sysdeps/x86_64/multiarch/ifunc-memmove.h
+4 +24 2
+7 * 2
+7 * 2
+6 -1 2
+3 * 2
+2 +4 2
+6 * 2
+6 * 2
+2 +14 2
+3 * 2
+2 +2 2
+2 * 2
+6 +8 2
+6 * 2
jcnd=2/2 +34 +8 
* * 
+34 +8 2
+3 * 2
jcnd=2/2 0xa9d18 +2 
* * 
0xa9d18 +2 2
+6 * 2
+7 * 2
+7 * 2
+4 * 2
fe=(92)

fl=(116)
fn=(374)
0xa8390 29 1
fi=(101) ./string/../sysdeps/x86_64/multiarch/ifunc-strcpy.h
+4 +7 1
+7 * 1
+6 +1 1
+6 -1 1
+3 * 1
+2 +1 1
+6 * 1
jcnd=1/1 +46 +2 
* * 
+46 +2 1
+2 * 1
+2 +4 1
+7 * 1
+3 * 1
+2 +3 1
+7 * 1
+6 * 1
fe=(116)
+2 -17 1

fl=(250) ./libio/./libio/fileops.c
fn=(2640) _IO_file_sync@@GLIBC_2.2.5
0x8a430 792 10
+4 * 10
+1 * 10
+1 * 10
+3 * 10
+4 +5 10
+4 * 10
+4 * 10
+3 * 10
jcnd=10/10 +43 +2 
* * 
+43 +2 10
+4 +1 10
+4 * 10
jcnd=10/10 +65 +11 
* * 
+65 +11 10
+11 * 10
+2 +4 10
+4 * 10
+1 * 10
+1 * 10

fl=(85)
fn=(298)
0xa89e0 29 1
fi=(269)
+4 +1 1
+7 * 1
+7 * 1
+7 * 1
+7 * 1
fe=(85)
+4 -1 1

fl=(193) ./string/../sysdeps/x86_64/multiarch/strlen-avx2.S
fn=(1006) __strlen_avx2
0x19d7e0 50 72
+4 +13 72
+2 +1 72
+3 +1 72
+4 +3 72
+5 +2 72
+5 +1 72
+6 +3 72
+4 +1 72
+4 +8 72
+2 +1 72
+2 +1 72
+4 +5 72
+3 * 72

fl=(175) ./malloc/./malloc/morecore.c
fn=(668) __glibc_morecore
0xa25b0 25 138
+4 +1 138
+7 * 138
+2 -1 138
+4 +4 138
cfi=(176) ./misc/./misc/sbrk.c
cfn=(670) sbrk
calls=138 0x11a860 +8 
* * 4019
+5 +1 138
+4 * 138
+2 +4 138
+4 * 138

fl=(194) ./string/../sysdeps/x86_64/multiarch/memcmp-avx2-movbe.S
fn=(1010) __memcmp_avx2_movbe
0x199a80 71 51
+4 +7 51
+4 +1 51
jcnd=51/51 0x199d60 399 
* * 
0x199b60 +75 39
+4 +10 39
+4 +1 39
+4 +1 39
+2 +3 39
+3 * 39
0x199d60 399 51
+3 +1 51
+2 +5 51
+2 +1 51
+2 +1 51
+5 +1 51
+5 +1 51
+2 +3 51
+4 +1 51
+4 +1 51
+4 +1 51
+2 +3 51
+5 +1 51
jcnd=39/51 0x199b60 154 
* * 
+6 +1 12
+2 +1 12
+3 * 12

fl=(105)
fn=(346)
0xa9a70 31 1
fi=(268)
+4 +1 1
+7 * 1
+7 * 1
+6 * 1
+6 * 1
jfi=(105)
jcnd=1/1 +47 -1 
* * 
fe=(105)
+47 -1 1

fl=(192) ./wctype/./wctype/wctype_l.c
fn=(1002) wctype_l
0x12ad00 26 10
+4 * 10
+2 * 10
+2 * 10
+2 * 10
+3 * 10
+2 * 10
+1 +7 10
+2 -7 10
+1 * 10
+3 * 10
+4 +3 10
cob=(2)
cfi=(51)
cfn=(1004) 0x0000000004acf490
calls=10 0x4acf490 -29 
* * 160
+5 +3 10
+3 -3 10
+3 +3 10
+7 +1 10
jump=10 +18 +2 
* * 
+4 +7 48
+5 +1 48
+4 * 48
+2 -8 48
+3 +2 48
+3 * 48
cob=(2)
cfi=(51)
cfn=(1004)
calls=48 0x4acf490 -35 
* * 768
-3 * 10
+3 * 10
cob=(2)
cfi=(51)
cfn=(1004)
calls=10 0x4acf490 -35 
* * 160
+5 * 58
+3 +2 58
+3 * 58
jcnd=9/58 -28 +3 
* * 
+2 * 49
+3 * 49
+3 * 49
+3 * 49
cob=(2)
cfi=(51)
cfn=(1008) 0x0000000004acf520
calls=49 0x4acf520 -37 
* * 1146
+5 * 49
+2 * 49
jcnd=39/49 -46 +3 
* * 
+2 +8 10
+7 +1 10
+5 +1 10
+4 * 10
+1 * 10
+1 * 10
+2 * 10
+2 * 10
+2 * 10
+2 * 10

fl=(161) ./nptl/../sysdeps/unix/sysv/linux/x86/elision-conf.c
fn=(532) __lll_elision_init
0x90c50 96 1
+4 * 1
+1 +5 1
+5 -5 1
+4 +5 1
+7 -5 1
+9 * 1
+5 * 1
+2 +5 1
+5 * 1
+3 * 1
cob=(2)
cfi=(51)
cfn=(520) 0x0000000004acf650
calls=1 0x4acf650 0 
* * 22
+5 +2 1
+7 * 1
+3 * 1
+5 * 1
cob=(2)
cfi=(51)
cfn=(520)
calls=1 0x4acf650 0 
* * 22
+5 +2 1
+7 * 1
+3 * 1
+5 * 1
cob=(2)
cfi=(51)
cfn=(520)
calls=1 0x4acf650 0 
* * 22
+5 +2 1
+7 * 1
+3 * 1
+5 * 1
cob=(2)
cfi=(51)
cfn=(520)
calls=1 0x4acf650 0 
* * 22
+5 +2 1
+7 * 1
+3 * 1
+5 * 1
cob=(2)
cfi=(51)
cfn=(520)
calls=1 0x4acf650 0 
* * 22
+5 +4 1
+6 * 1
+2 * 1
+2 +1 1
+10 +1 1
+5 * 1
+9 * 1
+2 * 1
+4 * 1
+1 * 1

fl=(254)
fn=(2678)
0x97ef0 77 1
+4 +3 1
+3 * 1
+2 * 1
+6 +2 1
+1 +2 1
+3 * 1
+6 -7 1
+1 * 1
+4 +11 1
+2 * 1
jcnd=1/1 0x97fb8 +9 
* * 
+69 +79 1
+8 +3 1
+3 +2 1
+4 +3 1
+1 +2 1
+2 +1 1
+4 * 1
+1 * 1
+76 -81 1
+6 * 1
+2 +11 1
+3 * 1
+3 * 1
+3 * 1
+6 +4 1
+8 +3 1
+3 * 1
jcnd=1/1 +50 -71 
* * 
+50 -71 1
+3 +1 1
+6 * 1
+2 * 1
+8 * 1
+2 * 1
+2 * 1
+2 * 1
+2 * 1
+2 +1 1
+6 +84 1
+3 * 1
+2 * 1
+6 +1 1
+7 * 1
jump=1 0x97f55 +36 
* * 

fl=(261) ./posix/../sysdeps/unix/sysv/linux/_exit.c
fn=(2820) _Exit
0xeac00 27 1
+4 * 1
+7 +3 1
+5 +1 1
+5 * 1
jump=1 +24 -1 
* * 

fl=(190) ./elf/./elf/dl-profstub.c
fn=(988) _dl_mcount_wrapper_check
0x175340 36 128
+4 +1 128
+7 -1 128
+3 +1 128
+8 * 128
jcnd=128/128 +26 +2 
* * 
+26 +2 128

fl=(246) ./misc/../sysdeps/unix/syscall-template.S
fn=(2574) munmap
0x11ea70 117 40
+4 * 40
+5 * 40
+2 * 40
+6 * 40
+2 +5 40

fl=(174) ./stdlib/../sysdeps/unix/sysv/linux/getrandom.c
fn=(656) getrandom
0x46c70 28 1
+4 +1 1
+8 * 1
+2 * 1
+2 * 1
+5 * 1
+2 * 1
+6 * 1
+2 +1 1

fl=(184) ./locale/./locale/newlocale.c
fn=(896) newlocale
0x388d0 43 1
+4 * 1
+1 * 1
+5 * 1
+4 * 1
+3 * 1
+2 * 1
+2 * 1
+3 * 1
+2 * 1
+2 * 1
+3 * 1
+1 * 1
+7 * 1
+6 * 1
+9 * 1
+4 * 1
+2 +12 1
+3 * 1
jcnd=1/1 0x38fa0 +1 
* * 
+18 +8 1
+3 * 1
+6 +3 1
+7 * 1
+3 * 1
+6 +6 1
+3 * 1
jcnd=1/1 0x38b53 +1 
* * 
0x38b22 277 1
+4 * 1
+9 * 1
+6 * 1
+4 * 1
+3 * 1
+1 * 1
+2 * 1
+2 * 1
+2 * 1
+2 * 1
+1 * 1
+13 73 1
+6 +2 1
+7 -2 1
+2 * 1
+2 * 1
+5 * 1
jcnd=1/1 0x39014 * 
* * 
0x38fa0 -17 1
+10 * 1
jump=1 0x38921 +7 
* * 
0x39014 +17 1
+6 * 1
jcnd=1/1 0x38b22 277 
* * 

fl=(249) ./libio/./libio/iofflush.c
fn=(2638) fflush
0x7f130 32 10
+4 +1 10
+3 * 10
+6 -1 10
+2 * 10
+1 * 10
+1 +7 10
+2 * 10
+3 * 10
+5 * 10
+2 * 10
+9 * 10
+7 * 10
+4 * 10
+2 * 10
+5 * 10
+4 * 10
+6 * 10
+7 * 10
+4 * 10
+4 +1 10
fi=(251) ./libio/./libio/libioP.h
+7 940 10
+7 * 10
+7 * 10
+3 +2 10
+3 * 10
+3 +1 10
+3 * 10
fe=(249)
+2 40 10
+3 * 10
cfi=(250)
cfn=(2640)
calls=10 0x8a430 792 
* * 180
+3 * 10
+2 * 10
fi=(251)
+3 883 10
+6 * 10
+2 +1 10
+7 * 10
+3 * 10
+3 * 10
+3 * 10
+2 * 10
+8 * 10
+2 * 10
+3 * 10
fe=(249)
+2 44 10
+3 * 10
+1 * 10
+1 * 10
+2 * 10

fl=(155) ./ctype/./ctype/ctype-info.c
fn=(512) __ctype_init
0x3a3c0 29 1
+4 +2 1
+7 * 1
+7 * 1
+4 * 1
+3 * 1
+4 * 1
+7 * 1
+4 +2 1
+4 * 1
+7 * 1
+7 * 1
+4 +2 1
+4 * 1
+7 * 1
+6 * 1
+4 +1 1

fl=(197)
fn=(1342)
0x42110 30 1
+4 +2 1
+3 +9 1
+3 +1 1
+9 * 1
+4 +1 1
+4 +4 1
+4 +1 1
+4 +1 1
+4 +1 1
+4 +1 1
+5 +2 1
+9 * 1
+4 +2 1
+4 +1 1
+4 +1 1
+1 +2 1
+9 * 1
+4 +2 1
+4 +5 1
+12 +1 1
jcnd=1/1 +11 +17 
* * 
+11 +17 1
cfi=(198) ./setjmp/./setjmp/sigjmp.c
cfn=(1344) __sigjmp_save
calls=1 +18 -56 
* * 9

fl=(106)
fn=(348)
0xa8420 29 1
fi=(269)
+4 +1 1
+7 * 1
+7 * 1
+7 * 1
+7 * 1
fe=(106)
+4 -1 1

fl=(110)
fn=(358)
0xa9480 29 2
fi=(111) ./string/../sysdeps/x86_64/multiarch/ifunc-memcmp.h
+4 +5 2
+7 * 2
+6 +1 2
+6 -1 2
+3 * 2
+2 +1 2
+6 * 2
jcnd=2/2 +46 +1 
* * 
+46 +1 2
+3 * 2
+2 +1 2
+6 * 2
+6 * 2
+2 +2 2
+2 * 2
+2 +4 2
+7 * 2
+3 * 2
+2 +3 2
+6 * 2
+7 * 2
fe=(110)
+2 -17 2

fl=(112)
fn=(362)
0xc5b00 31 2
fi=(113) ./wcsmbs/../sysdeps/x86_64/multiarch/ifunc-wmemset.h
+4 +2 2
+7 * 2
+7 * 2
+6 * 2
+3 * 2
+2 +1 2
+6 * 2
+3 * 2
+2 +2 2
+2 * 2
+2 +8 2
+7 * 2
+3 * 2
+2 +3 2
+3 * 2
+7 * 2
+7 * 2
fe=(112)
+4 -16 2

fl=(165) ./misc/./misc/init-misc.c
fn=(568) __init_misc
0x1258f0 30 1
+4 +1 1
+3 * 1
+2 -1 1
+1 * 1
+1 * 1
+3 * 1
+4 +1 1
+3 * 1
+3 * 1
+2 +2 1
+3 * 1
+5 * 1
cob=(2)
cfi=(51)
cfn=(570) 0x0000000004acf5f0
calls=1 0x4acf5f0 -33 
* * 30
+5 +4 1
+4 * 1
+3 * 1
+7 * 1
+4 * 1
+3 +1 1
+7 * 1
+3 * 1
+3 +2 1
+4 * 1
+1 * 1
+1 * 1

fl=(115)
fn=(370)
0xab010 31 1
fi=(84) ./string/../sysdeps/x86_64/multiarch/ifunc-avx2.h
+4 +2 1
+7 * 1
+7 * 1
+6 * 1
+2 * 1
+6 -1 1
+6 * 1
jcnd=1/1 +10 +2 
* * 
+10 +2 1
+6 * 1
+3 * 1
+2 +2 1
+2 * 1
+2 +4 1
+7 * 1
+3 * 1
+2 +3 1
+3 * 1
+7 * 1
+7 * 1
fe=(115)
+4 -12 1

fl=(164)
fn=(566)
0x29c30 46 1
+4 * 1
+1 * 1
+2 * 1
+4 +5 1
+7 * 1
+2 +4 1
+7 * 1
+3 * 1
+7 * 1
+4 * 1
+2 +8 1
+7 -2 1
+6 +10 1
+2 -9 1
+7 +1 1
+3 +9 1
+4 * 1
+1 -1 1
cfi=(165)
cfn=(568)
calls=1 0x1258f0 -41 
* * 55

fl=(123)
fn=(396)
0xa93f0 29 1
fi=(124) ./string/../sysdeps/x86_64/multiarch/ifunc-evex.h
+4 +6 1
+7 * 1
+7 * 1
+6 * 1
+2 * 1
+6 -1 1
+6 * 1
jcnd=1/1 +10 +2 
* * 
+10 +2 1
+6 * 1
+3 * 1
+2 +5 1
+2 * 1
+6 -3 1
+2 * 1
+2 +9 1
+7 * 1
+2 * 1
+2 +3 1
+3 * 1
+7 * 1
+7 * 1
fe=(123)
+4 -21 1

fl=(107)
fn=(350)
0xc5470 43 1
+4 -6 1
+7 * 1
+7 * 1
+7 * 1
+7 * 1
+4 +6 1

fl=(97)
fn=(324)
0xa8960 28 1
fi=(84)
+4 +5 1
+7 * 1
+7 * 1
+6 * 1
+2 * 1
+6 -1 1
+6 * 1
jcnd=1/1 +10 +2 
* * 
+10 +2 1
+6 * 1
+3 * 1
+2 +2 1
+2 * 1
+2 +4 1
+7 * 1
+3 * 1
+2 +3 1
+3 * 1
+7 * 1
+7 * 1
fe=(97)
+4 -15 1

fl=(114)
fn=(366)
0xb1570 29 1
fi=(84)
+4 +4 1
+7 * 1
+7 * 1
+6 * 1
+2 * 1
+6 -1 1
+6 * 1
jcnd=1/1 +10 +2 
* * 
+10 +2 1
+6 * 1
+3 * 1
+2 +2 1
+2 * 1
+2 +4 1
+7 * 1
+3 * 1
+2 +3 1
+3 * 1
+7 * 1
+7 * 1
fe=(114)
+4 -14 1

fl=(247) ./stdlib/./stdlib/exit.c
fn=(2608) __run_exit_handlers
0x45390 40 1
+4 * 1
+2 * 1
+2 * 1
+2 * 1
+2 * 1
+3 * 1
+1 * 1
+2 * 1
+1 * 1
+4 * 1
+4 +5 1
+2 * 1
jcnd=1/1 0x455c4 +1 
* * 
+6 +3 1
+7 * 1
+2 * 1
+5 * 1
+5 * 1
+6 +50 1
+2 -42 1
+4 +2 1
+3 * 1
+6 * 1
+5 +8 1
+4 * 1
+3 * 1
-7 * 4
+4 * 4
+3 * 4
-3 * 9
+3 * 9
jcnd=1/9 0x45500 +58 
* * 
+6 +2 13
+4 +3 13
+3 -3 13
+4 +3 13
+4 * 13
+5 * 13
+4 * 13
+6 * 13
+4 * 13
jcnd=4/13 +81 +34 
* * 
+2 * 9
+4 * 9
jcnd=9/9 -49 -5 
* * 
+75 +34 4
+3 +1 4
+4 +1 4
+4 -2 4
+8 +7 4
+2 -3 4
+4 * 4
+9 +3 4
+3 * 4
+3 * 4
+6 +1 4
+2 * 4
+3 * 4
cob=(1)
cfi=(253)
cfn=(2676)
calls=1 0x6040 -82 
* * 2858
cob=(7)
cfi=(170)
cfn=(2618)
calls=1 0xbf840 0 
* * 7948
cob=(8)
cfi=(207)
cfn=(2612)
calls=2 0x7a08 1624 
* * 34
+2 +1 4
+5 * 4
+2 * 4
+5 * 4
jcnd=4/4 0x453e0 -48 
* * 
+95 +10 1
+3 * 1
+4 +1 1
+3 * 1
+6 -63 1
+7 +69 1
+2 * 1
+3 * 1
+3 * 1
+6 +2 1
+5 * 1
+2 +1 1
+7 * 1
+7 * 1
+3 * 1
+2 * 1
+1 * 1
cfi=(259) ./libio/./libio/genops.c
cfn=(2808) _IO_cleanup
calls=1 0x8eb50 863 
* * 232
+2 * 1
+4 * 1
+3 * 1
+2 +2 1
+2 * 1
cfi=(261)
cfn=(2820)
calls=1 0xeac00 27 
* * 5
0x455c4 -90 1
cfi=(248) ./stdlib/./stdlib/cxa_thread_atexit_impl.c
cfn=(2610) __call_tls_dtors
calls=1 0x45d60 149 
* * 12
+5 * 1
jump=1 0x453b3 +2 
* * 

fn=(2606) exit
0x455f0 142 1
+4 * 1
+1 * 1
+1 +1 1
+5 * 1
+5 * 1
+7 -1 1
+4 +1 1
cfn=(2608)
calls=1 0x45390 40 
* * 11372

fl=(98)
fn=(328)
0xa95a0 29 3
fi=(93)
+4 +24 3
+7 * 3
+7 * 3
+6 -1 3
+3 * 3
+2 +4 3
+6 * 3
+6 * 3
+2 +14 3
+3 * 3
+2 +2 3
+2 * 3
+6 +8 3
+6 * 3
jcnd=3/3 +34 +8 
* * 
+34 +8 3
+3 * 3
jcnd=3/3 0xa96a8 +2 
* * 
0xa96a8 +2 3
+6 * 3
+7 * 3
+7 * 3
+4 * 3
fe=(98)

fl=(257) ./posix/./posix/register-atfork.c
fn=(2692) __unregister_atfork
0xeadd0 76 5
+4 * 5
+1 +1 5
+2 -1 5
+3 +1 5
+5 * 5
+8 * 5
fi=(258) ./posix/../malloc/dynarray-skeleton.c
+6 243 5
fe=(257)
+7 65 5
+3 * 5
jcnd=5/5 0xeaeb0 +38 
* * 
0xeaeb0 +38 5
+2 * 5
+6 * 5
+3 * 5
+2 +1 5
+1 * 5

fl=(126)
fn=(402)
0xa97d0 33 1
fi=(93)
+4 +20 1
+7 * 1
+7 * 1
+6 -1 1
+3 * 1
+2 +4 1
+6 * 1
+6 * 1
+2 +14 1
+3 * 1
+2 +2 1
+2 * 1
+6 +8 1
+6 * 1
jcnd=1/1 +34 +8 
* * 
+34 +8 1
+3 * 1
jcnd=1/1 0xa98d8 +2 
* * 
0xa98d8 +2 1
+6 * 1
+7 * 1
+7 * 1
+4 * 1
fe=(126)

fl=(248)
fn=(2610)
0x45d60 149 1
+4 * 1
+1 * 1
+1 * 1
+4 +1 1
+7 * 1
+4 * 1
+3 * 1
jcnd=1/1 +69 +18 
* * 
+69 +18 1
+4 * 1
+1 * 1
+1 * 1

fl=(166) ./string/../sysdeps/x86_64/multiarch/strrchr-avx2.S
fn=(572) __strrchr_avx2
0x19d610 46 1
+4 +1 1
+4 +1 1
+2 +2 1
+5 +1 1
+4 +3 1
+3 +1 1
+3 +1 1
+2 +2 1
+4 +1 1
+4 +1 1
+4 +1 1
+4 +1 1
+4 +1 1
+4 +2 1
+2 +1 1
jcnd=1/1 +27 +12 
* * 
+27 +12 1
+2 +1 1
jcnd=1/1 0x19d7a5 219 
* * 
0x19d7a5 219 1
+3 +1 1
+4 +1 1
+3 +1 1
+3 +1 1
+2 +2 1
+2 +1 1
+3 +1 1
+5 +1 1
+3 * 1

fl=(188) ./wcsmbs/./wcsmbs/btowc.c
fn=(984) btowc
0xc5c30 32 256
+4 * 256
+2 +5 256
+6 -5 256
+2 * 256
+1 * 256
+1 * 256
+4 * 256
+9 * 256
+5 * 256
+2 * 256
+5 * 256
+5 * 256
+5 * 256
+5 * 256
+4 +5 256
+6 * 256
+6 * 256
+2 * 256
+3 * 256
+6 * 256
+2 +5 256
+6 * 256
jcnd=128/256 +85 +56 
* * 
+2 +4 128
+7 * 128
+4 * 128
fi=(189) ./wcsmbs/./wcsmbsload.h
+3 +23 128
+4 * 128
+3 * 128
jcnd=128/128 0xc5db8 +2 
* * 
fe=(188)
+6 -22 128
+4 +2 128
+4 -2 128
+4 +2 128
jcnd=128/128 +15 +5 
* * 
+15 +5 128
+5 * 128
+2 * 128
+3 * 128
+2 +3 128
+3 * 128
cfi=(190)
cfn=(988)
calls=128 0x175340 -21 
* * 768
+5 * 128
+4 * 128
+3 * 128
cfi=(191)
cfn=(990)
calls=128 0x2d0b0 -8 
* * 768
+2 +41 256
+5 * 256
+9 * 256
+6 * 256
+4 * 256
+1 * 256
+1 * 256
+2 * 256
+2 * 256
fi=(189)
0xc5db8 -27 128
+7 +1 128
+7 -1 128
+3 * 128
jfi=(188)
jcnd=128/128 0xc5ca8 -24 
* * 
fe=(188)

fl=(120)
fn=(388)
0xc5a40 29 1
fi=(121) ./wcsmbs/../sysdeps/x86_64/multiarch/ifunc-memcmp.h
+4 +5 1
+7 * 1
+6 +1 1
+6 -1 1
+3 * 1
+2 +1 1
+6 * 1
jcnd=1/1 +46 +1 
* * 
+46 +1 1
+3 * 1
+2 +1 1
+6 * 1
+6 * 1
+2 +2 1
+2 * 1
+2 +4 1
+7 * 1
+3 * 1
+2 +3 1
+6 * 1
+7 * 1
fe=(120)
+2 -17 1

fl=(122)
fn=(392)
0xa9950 33 1
fi=(101)
+4 +3 1
+7 * 1
+6 +1 1
+6 -1 1
+3 * 1
+2 +1 1
+6 * 1
jcnd=1/1 +46 +2 
* * 
+46 +2 1
+2 * 1
+2 +4 1
+7 * 1
+3 * 1
+2 +3 1
+7 * 1
+6 * 1
fe=(122)
+2 -13 1

fl=(154)
fn=(510)
0x175b30 33 1
+4 * 1
+1 * 1
+2 * 1
+4 * 1
+9 * 1
+5 * 1
+2 +2 1
cfi=(155)
cfn=(512)
calls=1 0x3a3c0 -6 
* * 17
+5 +3 1
fi=(157) ./elf/../sysdeps/nptl/pthread_early_init.h
+7 -5 1
+5 * 1
fe=(154)
+3 +8 1
+6 -3 1
fi=(157)
+2 -5 1
cfi=(156) ./resource/../sysdeps/unix/sysv/linux/getrlimit64.c
cfn=(514) getrlimit
calls=1 0x11a2d0 +5 
* * 10
+5 * 1
+5 * 1
+2 * 1
+2 +1 1
+4 * 1
+5 * 1
+3 * 1
+4 * 1
+4 * 1
+4 +11 1
fi=(270) ./elf/../nptl/nptl-stack.h
+7 +13 1
+2 * 1
+7 * 1
fi=(157)
+7 -13 1
fi=(270)
+4 +13 1
+3 * 1
fi=(157)
+3 -4 1
fi=(270)
+7 +4 1
+4 * 1
fi=(157)
+3 -6 1
fi=(270)
+3 +6 1
fi=(157)
+4 -12 1
+8 +6 1
+3 * 1
+4 * 1
+3 * 1
+5 * 1
+3 * 1
+4 +1 1
+7 +4 1
cfi=(158) ./nptl/./nptl/pthread_mutex_conf.c
cfn=(518) __pthread_tunables_init
calls=1 0x974e0 -7 
* * 1016
fe=(154)
+5 -10 1
+5 * 1
+9 * 1
+2 +2 1
+4 * 1
+1 -2 1
cfi=(161)
cfn=(532)
calls=1 0x90c50 +49 
* * 147

fl=(86)
fn=(300)
0xa82e0 65 2
+4 -24 2
+7 * 2
+6 +1 2
+6 -1 2
+3 * 2
+2 +1 2
+6 * 2
jcnd=2/2 +46 +2 
* * 
+46 +2 2
+2 * 2
+2 +5 2
+7 * 2
+3 * 2
+2 +3 2
+7 * 2
+6 * 2
+2 +13 2

fl=(118)
fn=(380)
0xa86a0 29 3
fi=(84)
+4 +4 3
+7 * 3
+7 * 3
+6 * 3
+2 * 3
+6 -1 3
+6 * 3
jcnd=3/3 +10 +2 
* * 
+10 +2 3
+6 * 3
+3 * 3
+2 +2 3
+2 * 3
+2 +4 3
+7 * 3
+3 * 3
+2 +3 3
+3 * 3
+7 * 3
+7 * 3
fe=(118)
+4 -14 3

fl=(119)
fn=(384)
0xa88d0 29 1
fi=(101)
+4 +7 1
+7 * 1
+6 +1 1
+6 -1 1
+3 * 1
+2 +1 1
+6 * 1
jcnd=1/1 +46 +2 
* * 
+46 +2 1
+2 * 1
+2 +4 1
+7 * 1
+3 * 1
+2 +3 1
+7 * 1
+6 * 1
fe=(119)
+2 -17 1

fl=(256) ./stdlib/./stdlib/cxa_finalize.c
fn=(2690) __cxa_finalize
0x459a0 30 5
+4 * 5
+2 +3 5
+2 * 5
+5 -3 5
+2 * 5
+2 * 5
+2 * 5
+3 * 5
+1 * 5
+1 * 5
+4 +3 5
+7 * 5
+6 * 5
+6 * 5
+1 +3 5
+7 * 5
+3 * 5
+6 +4 5
+4 * 5
+4 * 5
+4 * 5
+5 * 5
+3 * 5
+6 * 5
+3 * 5
jcnd=5/5 +20 +1 
* * 
+11 * 36
+4 * 36
+3 * 36
jcnd=4/36 0x45a80 -4 
* * 
+2 +1 45
+4 * 45
jcnd=36/45 -13 -1 
* * 
+2 * 9
+4 * 9
+2 +2 9
+7 +36 9
+4 -3 9
+7 +6 9
+2 -37 9
+4 +34 9
+4 * 9
+9 +3 9
+4 * 9
+3 * 9
+6 +1 9
+2 * 9
+3 * 9
cob=(7)
cfi=(170)
cfn=(2760)
calls=1 0xac0b0 -83 
* * 8
cob=(7)
cfi=(170)
cfn=(2752)
calls=1 0xac070 -83 
* * 818
cob=(7)
cfi=(170)
cfn=(2750)
calls=1 0xd9870 -83 
* * 2
cob=(7)
cfi=(170)
cfn=(2748)
calls=1 0xdbf00 -83 
* * 2
cob=(7)
cfi=(170)
cfn=(2746)
calls=1 0xdbf10 -83 
* * 2
cob=(7)
cfi=(170)
cfn=(2744)
calls=1 0xe28b0 -83 
* * 2
cob=(7)
cfi=(170)
cfn=(2742)
calls=1 0x18d800 -83 
* * 2
cob=(7)
cfi=(170)
cfn=(2740)
calls=1 0x18d810 -83 
* * 2
cob=(7)
cfi=(170)
cfn=(2738)
calls=1 0x18d820 -83 
* * 2
+2 +1 9
+5 * 9
+2 * 9
+6 * 9
+6 +4 9
+7 * 9
+6 -48 9
+4 * 9
+3 * 9
jcnd=8/9 0x45a11 +1 
* * 
+2 * 1
+1 -4 1
+3 * 1
+3 * 1
-6 * 4
+3 * 4
+3 * 4
+6 +58 5
+7 * 5
+3 * 5
+2 * 5
+8 +4 5
+4 * 5
+4 * 5
+4 * 5
+5 * 5
+3 * 5
jcnd=5/5 +34 -4 
* * 
+34 -4 5
+3 * 5
+3 * 5
+2 +11 5
+3 * 5
+2 +1 5
+3 * 5
cfi=(257)
cfn=(2692)
calls=5 0xeadd0 -30 
* * 80
+5 +1 5
+2 * 5
+4 * 5
+3 * 5
+6 +1 5
+4 * 5
+1 * 5
+1 * 5
+2 * 5
+2 * 5
+2 * 5
+2 * 5

fl=(198)
fn=(1344)
0x42190 28 1
+4 * 1
+1 * 1
+3 +2 1
+2 * 1
+2 -1 1
+3 +5 1
+2 * 1
+1 * 1

fl=(81)
fn=(290)
0xc51a0 86 1
fi=(82) ./string/../sysdeps/x86/cacheinfo.h
+4 -25 1
+7 +3 1
+7 * 1
+7 * 1
+2 +2 1
+3 +1 1
+7 -1 1
+3 * 1
+7 +7 1
+7 * 1
+7 * 1
+2 +2 1
+3 +1 1
+7 -1 1
+3 * 1
+7 +5 1
+7 * 1
+7 +2 1
+7 * 1
+7 +1 1
+7 * 1
+7 +1 1
+7 * 1
+7 +2 1
+7 * 1
jfi=(81)
jcnd=1/1 +9 * 
* * 
fe=(81)
+9 * 1
+2 * 1

fl=(83)
fn=(294)
0xa8720 31 2
fi=(84)
+4 +2 2
+7 * 2
+7 * 2
+6 * 2
+2 * 2
+6 -1 2
+6 * 2
jcnd=2/2 +10 +2 
* * 
+10 +2 2
+6 * 2
+3 * 2
+2 +2 2
+2 * 2
+2 +4 2
+7 * 2
+3 * 2
+2 +3 2
+3 * 2
+7 * 2
+7 * 2
fe=(83)
+4 -12 2

fl=(167)
fn=(574)
0x29ca0 83 1
+4 +1 1
+7 * 1
+7 * 1
+7 * 1
jcnd=1/1 +30 +1 
* * 
+30 +1 1
+7 * 1
+7 * 1
+2 +1 1
+7 * 1
+7 * 1
+2 +2 1

fl=(96)
fn=(322)
0xa8260 61 1
+4 -20 1
+7 * 1
+6 +1 1
+6 -1 1
+2 * 1
+5 -1 1
+5 * 1
jcnd=1/1 +29 +2 
* * 
+29 +2 1
+3 * 1
+2 +2 1
+2 * 1
+2 +4 1
+7 * 1
+3 * 1
+2 +3 1
+7 * 1
+3 * 1
+2 +10 1

fl=(128)
fn=(408)
0xaaf80 31 1
fi=(124)
+4 +4 1
+7 * 1
+7 * 1
+6 * 1
+2 * 1
+6 -1 1
+6 * 1
jcnd=1/1 +10 +2 
* * 
+10 +2 1
+6 * 1
+3 * 1
+2 +5 1
+2 * 1
+6 -3 1
+2 * 1
+2 +9 1
+7 * 1
+2 * 1
+2 +3 1
+3 * 1
+7 * 1
+7 * 1
fe=(128)
+4 -19 1

fl=(172) ./malloc/./malloc/malloc.c
fn=(662) _int_malloc
0xa39b0 1343 938248
+3 * 938248
+6 3771 938248
+2 1362 938248
+4 3771 938248
+2 * 938248
+2 * 938248
+2 * 938248
+1 * 938248
+3 * 938248
+1 * 938248
+3 * 938248
+7 1362 938248
+4 * 938248
jcnd=938248/938248 0xa3af8 * 
* * 
+46 3904 245745
+3 +2 245745
+4 -2 245745
+4 +2 245745
+3 * 245745
jcnd=211000/245745 0xa3de8 4399 
* * 
+6 +2 34745
+4 +1 34745
+4 * 34745
+6 +6 34745
+7 -4 34745
+6 +1 34745
+4 +1 34745
+4 +2 34745
+3 * 34745
jcnd=34745/34745 +7 +7 
* * 
+7 +7 34745
+7 * 34745
+4 * 34745
+3 * 34745
+6 -1 34745
+4 * 34745
+4 +1 34745
+7 * 34745
+6 3181 34745
+7 3927 34745
+7 3183 34745
+4 3927 34745
+5 3181 34745
+4 3927 34745
+4 * 34745
+3 * 34745
-7 * 68906
+4 * 68906
+3 * 68906
jcnd=2280/68906 0xa40a8 2005 
* * 
+6 +1 101371
+3 * 101371
jcnd=32465/101371 0xa40a8 2005 
* * 
+6 +4 68906
+4 +1 68906
+6 +1 68906
+3 * 68906
jcnd=68906/68906 +7 3181 
* * 
+7 3181 68906
+4 3936 68906
+4 3185 68906
+4 3937 68906
+5 3181 68906
+4 +2 68906
+4 * 68906
+5 * 68906
+4 * 68906
+4 * 68906
+4 -6 68906
+5 +9 68906
+3 -9 68906
+4 +8 68906
+5 +1 68906
jump=68906 0xa3a8b 3927 
* * 
+8 1362 938248
+4 * 938248
+3 3811 938248
+3 * 938248
+6 4397 938248
+3 * 938248
+4 3838 938248
+7 * 938248
jcnd=245756/938248 0xa3d60 +15 
* * 
+6 +63 692492
+6 * 692492
jcnd=30/692492 0xa4558 +3 
* * 
+6 +62 692462
+5 * 692462
+3 * 692462
+3 * 692462
+3 * 692462
+4 * 692462
+3 * 692462
+4 * 692462
+4 * 692462
+4 * 692462
+4 * 692462
+5 * 692462
+4 * 692462
+3 * 692462
+4 * 692462
+5 * 692462
+4 * 692462
+3 * 692462
+4 * 692462
+5 * 692462
+5 * 692462
+4 * 692462
+3 * 692462
+2 * 692462
+5 * 692462
+3 * 692462
+5 * 692462
+8 * 692462
+8 * 692462
+4 * 692462
+4 * 692462
+4 * 692462
jcnd=1376/692462 +31 +1 
* * 
+2 * 691086
+5 * 691086
+4 * 691086
jcnd=7445/691086 +20 +1 
* * 
+2 * 683641
+5 * 683641
+4 * 683641
jcnd=657807/683641 0xa4318 * 
* * 
+6 * 25834
+3 +1 25834
+3 * 25834
+2 * 25834
jcnd=24594/25834 0xa3e43 +19 
* * 
-5 * 666628
+3 * 666628
+2 * 666628
jcnd=647025/666628 0xa3e43 +19 
* * 
+6 +1 20843
+3 * 20843
cfn=(2562) malloc_consolidate
calls=20843 0xa17f0 4715 
* * 3285744
+5 * 20843
jump=20843 0xa3e43 +18 
* * 
+41 3847 41
+3 * 41
+6 -6 41
+3 +9 41
+8 +1 41
+4 -1 41
+2 * 41
+6 +1 41
+4 * 41
+3 * 41
+4 * 41
+3 * 41
+4 +5 41
+4 * 41
+3 +1 41
+3 * 41
+6 +7 41
+7 -1 41
+4 * 41
+4 +1 41
+5 * 41
+3 * 41
+6 * 41
+7 * 41
+6 +5 41
+5 +1 41
+7 3183 41
+4 3870 41
jcnd=41/41 +91 * 
* * 
+16 +5 181
+4 * 181
+3 * 181
+4 * 181
+3 * 181
+4 3181 181
+7 * 181
+4 +2 181
+5 +2 181
+5 -2 181
+4 * 181
+4 +2 181
+3 -8 181
+4 +8 181
+5 3869 181
+3 +1 181
+7 * 181
jcnd=16/181 0xa406c 2005 
* * 
+6 * 206
+4 * 206
+3 * 206
jcnd=25/206 0xa406c 2005 
* * 
+6 +2 181
+3 * 181
+6 +2 181
+8 +1 181
+4 -1 181
+2 * 181
jcnd=181/181 0xa3c90 +1 
* * 
+97 -21 245756
+4 * 245756
+4 * 245756
+8 -10 245756
+4 +2 245756
+3 * 245756
jcnd=41/245756 0xa3c04 +2 
* * 
+6 * 245715
+5 * 245715
+4 * 245715
jump=245715 0xa3a06 +59 
* * 
+98 4399 211000
+3 * 211000
+3 3903 211000
+5 4399 211000
+4 * 211000
+4 * 211000
+11 * 211000
+5 * 211000
+3 * 211000
+5 * 211000
+3 * 211000
+7 * 211000
+4 * 211000
+8 * 211000
+8 * 211000
+9 * 211000
+9 3983 211000
+4 +1 211000
+7 -1 211000
+4 * 211000
+3 -1 211000
+2 * 211000
+5 +2 211000
+6 * 211000
jcnd=1/211000 +18 +10 
* * 
-31 -1 692462
+4 +1 692462
+7 -1 692462
+4 * 692462
+3 -1 692462
+2 * 692462
+5 +2 692462
+6 * 692462
+2 -2 903461
+7 * 903461
+4 * 903461
+5 +12 903461
+4 -6 903461
+8 +73 903461
+5 * 903461
+5 * 903461
+5 * 903461
+4 -67 903461
+4 * 903461
+3 * 903461
jcnd=749338/903461 0xa4228 4183 
* * 
-38 * 1
+4 -6 1
+8 +73 1
+5 * 1
+5 * 1
+5 * 1
+4 -67 1
+4 * 1
+3 * 1
jcnd=1/1 0xa4228 4183 
* * 
+6 4158 154123
+7 -91 154123
+7 +91 154123
+3 * 154123
+5 -91 154123
+5 -74 154123
+2 3181 154123
+3 4067 154123
+5 3181 154123
+7 * 154123
+5 4025 154123
+4 * 154123
+5 3183 154123
+4 * 154123
+5 3997 154123
+4 * 154123
+5 * 154123
+4 * 154123
+4 +1 154123
+4 +2 154123
+4 * 154123
-25 -3 126983
+4 * 126983
+5 * 126983
+4 * 126983
+4 +1 126983
+4 +2 126983
+4 * 126983
+6 +1 281106
+7 * 281106
+3 * 281106
+6 +2 281106
+4 +1 281106
+4 * 281106
+6 * 281106
+3 * 281106
+6 +2 281106
+3 * 281106
+4 * 281106
+3 * 281106
+6 -10 281106
+4 +12 281106
+4 * 281106
+6 +1 281106
+4 * 281106
+6 +2 281106
+3 * 281106
+6 +11 281106
+7 * 281106
jcnd=236977/281106 +11 +31 
* * 
+2 * 44129
+3 * 44129
jcnd=44115/44129 0xa4380 +1 
* * 
+6 +31 268823
+4 +1 268823
+4 +4 268823
+3 * 268823
jcnd=6552/268823 0xa40f0 +2 
* * 
+6 +29 262271
+6 * 262271
jcnd=2519/262271 0xa4138 +8 
* * 
+6 +2 259752
+2 * 259752
+3 +1 259752
+4 * 259752
+2 * 259752
+4 +1 259752
+3 -1 259752
+4 +57 259752
+2 +2 259752
+5 * 259752
+5 -2 259752
+5 * 259752
+3 +2 259752
+4 +7 259752
+5 -9 259752
+2 * 259752
+2 * 259752
+7 +9 259752
+4 -7 259752
+4 +1 259752
+4 +1 259752
+4 +6 259752
+3 * 259752
jcnd=259752/259752 0xa4210 +9 
* * 
-59 -10 2519
+2 +2 2519
+5 * 2519
+5 -2 2519
+5 * 2519
+3 +2 2519
+4 +7 2519
+5 -9 2519
+2 * 2519
+2 * 2519
+7 +9 2519
+4 -7 2519
+4 +1 2519
+4 +1 2519
+4 +6 2519
+3 * 2519
jcnd=2519/2519 0xa4210 +9 
* * 
+89 3994 6552
+3 * 6552
jcnd=6552/6552 0xa473d 3193 
* * 
+54 2005 41
+6 * 41
+2 * 41
+2 4413 938248
+7 * 938248
+3 * 938248
+1 * 938248
+1 * 938248
+2 * 938248
+2 * 938248
+2 * 938248
+2 * 938248
+30 2005 34745
+6 3944 34745
+4 2005 34745
+2 * 34745
jcnd=34745/34745 -62 4413 
* * 
+60 4060 6552
+4 +1 6552
+7 -1 6552
+4 +1 6552
+3 * 6552
jcnd=6552/6552 +7 +5 
* * 
+7 +5 6552
+6 -21 6552
+4 +21 6552
+2 +1 6552
+5 * 6552
+3 * 6552
+5 * 6552
jcnd=6552/6552 0xa42e0 3181 
* * 
+22 +28 2519
+3 * 2519
+4 * 2519
+3 * 2519
+6 * 2519
jcnd=124/2519 +88 +1 
* * 
+2 * 2395
+3 * 2395
+4 * 2395
+3 * 2395
+6 * 2395
jcnd=293/2395 +70 +1 
* * 
+2 * 2102
+3 * 2102
+4 * 2102
+3 * 2102
+6 * 2102
jcnd=814/2102 +52 +1 
* * 
+2 * 1288
+3 * 1288
+4 * 1288
+3 * 1288
+6 * 1288
jcnd=1278/1288 +34 +1 
* * 
+2 * 10
+3 * 10
+5 * 10
+4 * 10
+3 * 10
+4 * 10
+3 * 10
+10 +1 10
+4 * 10
+3 * 10
+4 +1 10
+4 -1 10
+4 +4 10
+3 * 10
jcnd=10/10 0xa4340 +44 
* * 
-22 -4 2509
+4 * 2509
+3 * 2509
+4 +1 2509
+4 -1 2509
+4 +4 2509
+3 * 2509
jcnd=2509/2509 0xa4340 +44 
* * 
+90 +66 262271
+3 * 262271
+6 * 262271
+2 3994 262271
+4 * 262271
+3 * 262271
jcnd=126983/262271 0xa3ee3 +3 
* * 
+6 4183 884627
+7 * 884627
jcnd=192165/884627 +36 +73 
* * 
+2 +2 692462
+4 * 692462
+4 * 692462
+4 +3 692462
+3 -3 692462
+4 +3 692462
+3 * 692462
jcnd=692462/692462 +12 +68 
* * 
+12 +68 884627
+4 * 884627
+3 +1 884627
+4 +1 884627
+2 -1 884627
+5 +1 884627
+3 +1 884627
+2 * 884627
+7 +1 884627
+5 * 884627
+2 * 884627
+8 +5 884627
+2 * 884627
jcnd=784925/884627 0xa4450 +4 
* * 
-2 * 46460
+2 * 46460
jcnd=7582/46460 0xa4450 +4 
* * 
+6 * 138580
+2 * 138580
jcnd=138540/138580 +26 +14 
* * 
+2 * 40
jump=40 0xa4450 +4 
* * 
+12 +16 212664
+4 +2 212664
+2 * 212664
+6 -4 353724
+2 * 353724
jcnd=212664/353724 -14 +2 
* * 
+2 +8 141060
+4 +3 141060
+3 * 141060
jcnd=94600/141060 0xa45fe +9 
* * 
+6 +2 46460
+2 +1 46460
+4 +1 46460
+2 -2 46460
+2 * 46460
+2 * 46460
+2 * 46460
+7 -27 46460
jump=46460 -74 * 
* * 
+22 3181 6552
+5 +2 6552
+5 +2 6552
+3 -4 6552
+4 +2 6552
+3 * 6552
+4 * 6552
+4 * 6552
+4 4071 6552
+3 3184 6552
+4 +1 6552
+5 4071 6552
jump=6552 0xa4033 -77 
* * 
+12 3963 657807
+4 * 657807
+4 * 657807
+5 * 657807
jump=657807 0xa3bc8 +1 
* * 
+27 4144 2519
+4 * 2519
+3 * 2519
jump=2519 0xa3f9f +3 
* * 
+57 4023 44115
+4 * 44115
jcnd=284/44115 0xa3f6c +30 
* * 
+6 +1 43831
+5 * 43831
jcnd=31548/43831 0xa3f6c +29 
* * 
+6 +5 12283
+4 -1 12283
+3 * 12283
+5 +3 12283
+5 -1 12283
+4 +1 12283
+4 * 12283
+4 +1 12283
+4 +1 12283
+6 * 12283
jcnd=8085/12283 +10 +6 
* * 
+2 +2 4198
+4 * 4198
+4 +4 4198
+7 +6 4198
+4 -6 4198
+3 * 4198
+3 * 4198
+3 * 4198
+4 * 4198
+3 * 4198
+4 * 4198
+4 +2 4198
+3 * 4198
+4 * 4198
+4 +1 4198
+3 2005 4198
+6 * 4198
+2 * 4198
jcnd=4198/4198 0xa4076 4413 
* * 
-57 4039 8085
+7 +6 8085
+4 -6 8085
+3 * 8085
+3 * 8085
+3 * 8085
+4 * 8085
+3 * 8085
+4 * 8085
+4 +2 8085
+3 * 8085
+4 * 8085
+4 +1 8085
+3 2005 8085
+6 * 8085
+2 * 8085
jcnd=8085/8085 0xa4076 4413 
* * 
+81 4269 792547
+3 * 792547
+3 * 792547
jcnd=691180/792547 +63 4369 
* * 
+2 +3 101367
+2 * 101367
+7 * 101367
+2 * 101367
jcnd=469/101367 0xa46cd * 
* * 
+6 -3 100898
+3 * 100898
+3 * 100898
jcnd=1296/100898 +38 4369 
* * 
+2 +3 99602
+2 * 99602
+7 * 99602
+2 * 99602
jcnd=100/99602 0xa46cd * 
* * 
+6 -3 99502
+3 * 99502
jcnd=137/99502 +16 4369 
* * 
+2 +3 99365
+6 * 99365
+2 * 99365
jcnd=1951/99365 0xa46fe * 
* * 
+6 +97 790027
+4 +1 790027
+4 * 790027
+4 +2 790027
+7 * 790027
+6 +3 790027
+4 * 790027
+3 * 790027
jcnd=789922/790027 0xa4873 +5 
* * 
+6 * 105
+5 * 105
+5 +17 105
+3 * 105
+2 * 105
jcnd=105/105 0xa48cd +15 
* * 
0xa4558 3904 30
+5 * 30
+8 * 30
jump=30 0xa3a06 * 
* * 
0xa45fe 4299 94600
+4 * 94600
+5 * 94600
+4 +3 94600
+3 * 94600
+6 +2 94600
+3 +3 94600
+3 * 94600
+5 -3 94600
+3 +3 94600
+4 * 94600
cfn=(2564) unlink_chunk.constprop.0
calls=94600 0xa1710 1626 
* * 2114128
+5 +3 94600
+4 * 94600
+4 * 94600
+5 * 94600
jcnd=23421/94600 0xa4705 +3 
* * 
+6 +15 71179
+4 * 71179
+5 -5 71179
+4 +5 71179
+5 * 71179
+4 +1 71179
+4 * 71179
+6 +3 71179
+4 +1 71179
+4 +1 71179
+4 +3 71179
+7 * 71179
+2 +1 71179
+4 +1 71179
+7 * 71179
jcnd=69125/71179 +10 +5 
* * 
+2 +2 2054
+4 * 2054
+4 +3 2054
+7 * 2054
+3 * 2054
+3 * 2054
+3 * 2054
+4 * 2054
+3 * 2054
+4 * 2054
+4 +2 2054
+3 * 2054
+4 * 2054
+4 +1 2054
+4 2005 2054
+6 4347 2054
+4 2005 2054
+2 * 2054
jcnd=2054/2054 0xa4076 4413 
* * 
-58 4341 69125
+7 * 69125
+3 * 69125
+3 * 69125
+3 * 69125
+4 * 69125
+3 * 69125
+4 * 69125
+4 +2 69125
+3 * 69125
+4 * 69125
+4 +1 69125
+4 2005 69125
+6 4347 69125
+4 2005 69125
+2 * 69125
jcnd=69125/69125 0xa4076 4413 
* * 
-12 * 23421
+6 4347 23421
+4 2005 23421
+2 * 23421
jcnd=23421/23421 0xa4076 4413 
* * 
+11 4272 569
+2 +2 569
+2 * 569
+3 * 569
+3 * 569
+5 +1 569
+5 * 569
jump=569 0xa42a4 +4 
* * 
-18 -1 1951
+2 * 1951
+3 * 1951
+3 * 1951
+5 +1 1951
+5 * 1951
jump=1951 0xa42a4 +4 
* * 
+29 -3 1951
+5 * 1951
jump=1951 -52 +2 
* * 
+2 +41 23421
+7 -1 23421
+6 +1 23421
+3 * 23421
jcnd=23421/23421 -95 2005 
* * 
+40 3193 6552
+5 * 6552
+4 * 6552
+4 +1 6552
+4 * 6552
+6 +2 6552
+3 * 6552
+4 * 6552
+3 * 6552
+4 +1 6552
+6 +1 6552
+8 4174 6552
jump=6552 0xa4076 4413 
* * 
0xa4873 4380 789922
+7 -2 789922
+4 * 789922
+5 +2 789922
+3 -1 789922
+4 +6 789922
+4 -5 789922
+3 -3 789922
+3 +3 789922
+3 +2 789922
+4 -2 789922
+4 * 789922
+3 * 789922
+4 * 789922
+4 2005 789922
+6 4382 789922
+4 2005 789922
+2 * 789922
jcnd=789922/789922 0xa4076 4413 
* * 
+23 4407 105
+3 * 105
+3 * 105
+5 * 105
cfn=(664) sysmalloc
calls=105 0xa30d0 2548 
* * 14649
+5 * 105
+3 +1 105
+3 * 105
+6 2005 105
+6 * 105
+2 * 105
jcnd=105/105 0xa4076 4413 
* * 

fn=(2568) sysmalloc_mmap.constprop.0
0xa2470 2420 40
+2 * 40
+1 * 40
+1 +13 40
+5 * 40
+3 * 40
+3 +5 40
+3 * 40
jcnd=40/40 +22 +3 
* * 
+22 +3 40
+2 * 40
+3 * 40
+3 * 40
+6 * 40
+3 * 40
+5 * 40
+3 * 40
+2 * 40
cfi=(245) ./misc/../sysdeps/unix/sysv/linux/mmap64.c
cfn=(2570) mmap
calls=40 0x11ea10 47 
* * 360
+5 * 40
+3 +3 40
+4 * 40
+2 +4 40
+7 * 40
+2 2028 40
+7 * 40
+4 * 40
+3 * 40
+2 2466 40
+4 * 40
+4 * 40
+6 +19 40
+3 -1 40
+8 +5 40
+5 -4 40
+4 * 40
+4 +4 40
+8 * 40
+3 +1 40
+6 * 40
+2 * 40
jcnd=39/40 +12 +3 
* * 
+2 * 1
+8 * 1
+2 +3 40
+3 * 40
+9 * 40
+3 +1 40
+7 * 40
+3 * 40
+6 * 40
+9 * 40
+2 +5 40
+1 * 40
+3 * 40
+1 * 40
+2 * 40

fn=(650) malloc
0xa50a0 3287 3747442
+4 * 3747442
+2 * 3747442
+1 * 3747442
+3 * 3747442
+1 * 3747442
+4 +7 3747442
+7 * 3747442
jfi=(173) ./malloc/./malloc/arena.c
jcnd=1/3747442 0xa52d0 315 
* * 
+6 1343 3747441
+3 * 3747441
+6 +19 3747442
+4 * 3747442
+3 * 3747442
+4 * 3747442
jcnd=3747442/3747442 0xa51b0 * 
* * 
+6 3306 3747442
+7 * 3747442
+4 * 3747442
+3 * 3747442
jcnd=1/3747442 0xa51c8 -65 
* * 
+6 +3 3747441
+7 * 3747441
jcnd=3054982/3747441 0xa5200 +2 
* * 
+6 +10 938247
+8 * 938247
+2 * 938247
jcnd=938247/938247 0xa5250 +2 
* * 
0xa51a2 +28 938247
+4 * 938247
+1 * 938247
+1 * 938247
+2 * 938247
+6 1362 3747442
+4 3304 3747442
+4 * 3747442
+4 * 3747442
jump=3747442 0xa50d6 +2 
* * 
+12 -63 1
+7 * 1
+4 * 1
+6 * 1
cfn=(660) tcache_init.part.0
calls=1 0xa4990 -6 
* * 484
+5 +68 1
+7 * 1
jcnd=1/1 0xa50f7 +10 
* * 
+27 +2 3054982
+5 * 3054982
+3 * 3054982
jcnd=245787/3054982 0xa50f7 +8 
* * 
+6 3193 2809195
+5 * 2809195
+4 +1 2809195
+2 * 2809195
+6 +2 2809195
+3 +1 2809195
+3 -1 2809195
+4 * 2809195
+3 * 2809195
+4 +1 2809195
+5 +1 2809195
+8 3347 2809195
+4 * 2809195
+1 * 2809195
+1 * 2809195
+2 * 2809195
+11 -26 938247
+7 * 938247
+3 * 938247
+3 * 938247
cfn=(662)
calls=938247 0xa39b0 1343 
* * 163692614
+5 +1 938247
+3 * 938247
+6 * 938247
+4 * 938247
+3 * 938247
jcnd=40/938247 0xa51a2 +25 
* * 
fi=(173)
+6 162 938207
+3 * 938207
jfi=(172)
jcnd=938207/938207 0xa51a2 3347 
* * 
+85 315 1
cfn=(654) ptmalloc_init.part.0
calls=1 0xa19b0 -2 
* * 1128
fe=(172)
+5 1343 1
+3 * 1
jcnd=1/1 0xa50c5 +19 
* * 

fn=(2146) free
0xa53e0 3352 3747441
+4 +4 3747441
+3 * 3747441
+6 -4 3747441
+1 +14 3747441
+4 -14 3747441
+1 * 3747441
+4 +12 3747441
+7 +4 3747441
+4 -4 3747441
+3 +4 3747441
+2 * 3747441
jcnd=40/3747441 +89 +4 
* * 
+2 +17 3747401
+7 * 3747401
+5 * 3747401
fi=(173)
+6 162 3747401
+7 * 3747401
+2 * 3747401
jfi=(172)
jcnd=3747401/3747401 +40 3391 
* * 
fe=(172)
+40 3391 3747401
+2 * 3747401
cfn=(2150) _int_free
calls=3747401 0xa26a0 4421 
* * 291005592
+5 +3 3747401
+3 +1 3747401
+4 * 3747401
+1 * 3747401
+1 * 3747401
+4 -23 40
+6 * 40
+2 * 40
+2 +2 40
+7 * 40
+2 * 40
+6 * 40
+2 +2 40
+4 +1 40
+4 -1 40
+7 +1 40
+7 +1 40
+1 +3 40
+3 * 40
cfn=(2572) munmap_chunk
calls=40 0xa0f60 3044 
* * 1400
+5 +13 40
+3 +1 40
+4 * 40
+1 * 40
+1 * 40

fn=(2562)
0xa17f0 4715 89600
+2 +17 89600
+4 -17 89600
+2 * 89600
+2 * 89600
+3 * 89600
+2 +28 89600
+4 -28 89600
+1 * 89600
+1 * 89600
+4 +15 89600
+7 +2 89600
+5 +13 89600
+2 * 89600
+4 +1 89600
+3 * 89600
-9 -1 806400
+2 * 806400
+4 +1 806400
+3 * 806400
jcnd=119470/806400 0xa1895 +3 
* * 
+2 +62 896000
+4 * 896000
+5 * 896000
jcnd=806400/896000 -20 -63 
* * 
+2 +1 89600
+4 * 89600
+1 * 89600
+1 * 89600
+2 * 89600
+2 * 89600
+2 * 89600
+2 * 89600
+7 -31 244995
+6 * 244995
jcnd=58025/244995 0xa1950 +1 
* * 
+6 +4 186970
+4 * 186970
+4 +2 186970
+4 +1 186970
+4 * 186970
+5 +1 186970
+4 * 186970
+5 +2 186970
+7 * 186970
jcnd=186970/186970 +10 +5 
* * 
-29 -4 58025
+4 +1 58025
+4 * 58025
+5 +1 58025
+4 * 58025
+5 +2 58025
+7 * 58025
jcnd=57470/58025 +10 +5 
* * 
+2 +1 555
+4 * 555
+4 +4 555
+3 +2 555
+4 -2 555
+4 * 555
+4 +3 555
+3 +9 555
+3 * 555
jcnd=295/555 0xa1820 +3 
* * 
-21 -12 244440
+3 +2 244440
+4 -2 244440
+4 * 244440
+4 +3 244440
+3 +9 244440
+3 * 244440
jcnd=114626/244440 0xa1820 +3 
* * 
-3 * 8776
+3 * 8776
jcnd=4549/8776 0xa1820 +3 
* * 
+2 * 134301
+3 -56 134301
+3 * 134301
-3 * 119470
+3 * 119470
+6 +4 253771
+4 * 253771
+2 * 253771
+3 +1 253771
+3 * 253771
+5 * 253771
+3 * 253771
+6 +8 253771
+3 -3 253771
+4 * 253771
+4 +3 253771
+4 -3 253771
+4 +4 253771
+4 -4 253771
+3 +5 253771
+4 -5 253771
+3 +5 253771
+3 * 253771
+4 +2 253771
+3 * 253771
jcnd=227245/253771 +76 +9 
* * 
+2 +1 26526
+3 +2 26526
+3 -1 26526
+3 +2 26526
+4 * 26526
+4 * 26526
+3 * 26526
+6 +2 26526
+3 * 26526
+5 * 26526
+5 * 26526
+5 * 26526
+5 * 26526
cfn=(2564)
calls=26526 0xa1710 1626 
* * 583572
+5 * 26526
+5 * 26526
+5 * 26526
+5 * 26526
+5 +3 26526
+4 * 26526
jcnd=24485/26526 0xa1840 +3 
* * 
-4 * 227245
+4 * 227245
jcnd=220510/227245 0xa1840 +3 
* * 
+6 +25 8776
+3 +1 8776
+4 * 8776
+4 +1 8776
+4 * 8776
jump=8776 0xa188d +3 
* * 
+8 -23 58025
+3 +1 58025
+3 * 58025
+5 * 58025
+5 +16 58025
+4 -16 58025
cfn=(2564)
calls=58025 0xa1710 1626 
* * 1284190
+5 * 58025
+5 * 58025
+5 * 58025
jump=58025 0xa1854 +4 
* * 

fn=(2572)
0xa0f60 3044 40
+4 +2 40
+4 -1 40
+7 +1 40
+3 -1 40
+4 +1 40
+4 +2 40
+3 * 40
+2 +4 40
+3 -1 40
+3 * 40
+3 +7 40
+4 -8 40
+4 +8 40
+3 -6 40
+3 +7 40
+3 -1 40
+3 * 40
+3 +1 40
+4 * 40
+3 * 40
+3 * 40
+2 +3 40
+7 +1 40
+3 * 40
+3 * 40
+8 +5 40
+3 +1 40
+4 -1 40
cfi=(246)
cfn=(2574)
calls=40 0x11ea70 117 
* * 240

fn=(664)
0xa30d0 2548 105
+2 * 105
+2 * 105
+2 * 105
+2 * 105
+1 * 105
+3 * 105
+1 * 105
+3 * 105
+4 +20 105
+9 * 105
+5 * 105
+7 * 105
+4 +11 105
+3 * 105
+6 +1 105
+7 * 105
jcnd=40/105 0xa3258 +1 
* * 
+6 * 65
+4 +26 65
+4 +1 65
+4 * 65
+3 * 65
+4 +1 65
+5 +9 65
jcnd=64/65 +11 * 
* * 
+2 * 1
+4 * 1
+3 * 1
jcnd=1/1 +33 +6 
* * 
+2 * 64
+4 * 64
+6 * 64
+2 * 64
+6 * 64
+4 * 64
+3 * 64
+6 +6 65
+4 * 65
+3 * 65
+6 +3 65
+7 * 65
+3 * 65
jcnd=65/65 0xa32c0 +61 
* * 
0xa31fd 2941 65
+7 * 65
+2 +1 65
+7 +5 65
+4 * 65
+4 +3 65
+3 * 65
+6 +5 65
+7 * 65
+2 -2 65
+4 +2 65
+3 -1 65
+4 +1 65
+3 -3 65
+3 +3 65
+4 +1 65
+4 -1 65
+3 * 65
+4 * 65
+4 +1 65
+4 +2 65
+4 * 65
jump=65 +67 +6 
* * 
+5 2581 40
+6 * 40
+6 * 40
+6 +4 40
+7 * 40
+3 * 40
jcnd=40/40 +11 +9 
* * 
+11 +9 40
+2 * 40
+3 * 40
+3 * 40
cfn=(2568)
calls=40 0xa2470 2420 
* * 2442
+5 +1 40
+4 * 40
+6 2964 105
+5 * 105
+9 * 105
+6 * 105
+4 * 105
+1 * 105
+1 * 105
+2 * 105
+2 * 105
+2 * 105
+2 * 105
+8 2687 65
+7 * 65
+5 +9 65
+3 * 65
+3 * 65
+4 * 65
+4 +13 65
+7 * 65
+3 * 65
+6 +8 65
+5 * 65
+3 * 65
+3 * 65
+3 * 65
+5 +8 65
+3 * 65
jfi=(173)
jcnd=65/65 0xa35f0 565 
* * 
+95 +39 65
+8 * 65
jcnd=1/65 0xa3810 +1 
* * 
+6 +2 65
+7 * 65
+3 * 65
+7 +6 65
+3 * 65
jcnd=1/65 +63 +3 
* * 
+2 * 64
+3 * 64
+2 +1 64
+3 2946 64
+7 2773 64
+4 * 64
+4 * 64
jump=64 0xa31fd 2941 
* * 
+38 +2 1
+7 * 1
jcnd=1/1 0xa3718 * 
* * 
+27 2896 1
+3 -1 1
+7 +1 1
+3 * 1
+4 * 1
+4 +1 1
+7 +11 1
+3 * 1
jcnd=1/1 0xa31fd +33 
* * 
fi=(173)
0xa35f0 565 65
fe=(172)
+4 2727 65
cfi=(175)
cfn=(668)
calls=65 0xa25b0 25 
* * 2809
+5 +1 65
+4 * 65
+3 -1 65
+3 +1 65
+6 2028 65
+7 2729 65
+5 2028 65
+4 2729 65
+3 2028 65
+3 * 65
+6 2730 65
+1 +3 65
+3 * 65
+6 +33 65
+5 * 65
+5 2610 65
+3 * 65
jump=65 0xa335f 2764 
* * 
0xa3718 2775 1
+3 * 1
jcnd=1/1 +32 +40 
* * 
+32 +40 1
+3 * 1
+3 * 1
jcnd=1/1 0xa3870 2713 
* * 
+25 +22 1
+3 +1 1
+3 -1 1
+3 +1 1
+3 * 1
+5 * 1
+3 * 1
+3 * 1
+4 * 1
+3 +2 1
+3 * 1
+6 +1 1
+3 * 1
+5 * 1
cfi=(175)
cfn=(668)
calls=1 0xa25b0 25 
* * 28
+5 +12 1
+5 * 1
+3 -12 1
+3 +12 1
+6 2028 1
+7 * 1
+4 * 1
+3 * 1
+6 2897 1
+7 * 1
+4 * 1
+3 * 1
jump=1 0xa33e2 -1 
* * 
+79 2765 1
+7 * 1
jump=1 0xa336d +1 
* * 
+89 -52 1
+4 * 1
+3 * 1
jump=1 0xa375a 2837 
* * 

fn=(2150)
0xa26a0 4421 3747401
+2 * 3747401
+2 * 3747401
+2 * 3747401
+3 * 3747401
+2 * 3747401
+1 * 3747401
+1 * 3747401
+4 +10 3747401
+4 -10 3747401
+9 * 3747401
+5 * 3747401
+2 +10 3747401
+3 * 3747401
+4 +6 3747401
+3 * 3747401
+3 * 3747401
+3 * 3747401
+6 * 3747401
+3 +1 3747401
+4 * 3747401
+6 +4 3747401
+4 * 3747401
+6 * 3747401
+3 * 3747401
+6 +8 3747401
+7 * 3747401
+3 * 3747401
+4 * 3747401
+3 * 3747401
+2 -1 3747401
+4 * 3747401
+4 +1 3747401
+7 * 3747401
jcnd=692419/3747401 +46 +43 
* * 
+2 +29 3054982
+7 -20 3054982
+7 -6 3054982
+4 +6 3054982
+4 * 3054982
+6 +20 3054982
+4 * 3054982
+3 * 3054982
+3 * 3054982
jcnd=2740169/3054982 0xa2a00 3181 
* * 
+6 +14 1007232
+7 * 1007232
jcnd=692419/1007232 0xa2810 +76 
* * 
+6 +11 314813
+5 * 314813
+4 * 314813
+4 * 314813
+6 +2 314813
+4 * 314813
+8 * 314813
+6 2012 314813
+6 * 314813
+2 * 314813
+6 4527 314813
+9 +1 314813
+3 +4 314813
+3 * 314813
+4 * 314813
+4 +2 314813
+8 * 314813
+2 * 314813
+6 +4 314813
+3 * 314813
+6 +2 314813
+4 * 314813
+4 * 314813
+3 * 314813
+4 +1 314813
+4 +19 314813
+3 * 314813
jcnd=119501/314813 +23 4702 
* * 
+2 * 195312
+4 * 195312
jcnd=195312/195312 +17 4702 
* * 
+17 4702 3747401
+5 * 3747401
+9 * 3747401
+6 * 3747401
+4 * 3747401
+1 * 3747401
+1 * 3747401
+2 * 3747401
+2 * 3747401
+2 * 3747401
+2 * 3747401
+6 4569 692419
+4 * 692419
+6 +3 692419
+8 +3 692419
+2 * 692419
jcnd=692419/692419 +12 * 
* * 
+12 * 692419
+8 +7 692419
+5 -4 692419
+5 +4 692419
+3 * 692419
+6 +3 692419
+6 * 692419
jcnd=692419/692419 0xa2e50 +2 
* * 
+6 +5 692419
+4 * 692419
+2 * 692419
+6 +3 692419
+3 * 692419
+4 +1 692419
+4 * 692419
+6 +1 692419
+8 * 692419
+6 2012 692419
+6 * 692419
+2 * 692419
+6 4601 692419
+4 * 692419
jcnd=692419/692419 +37 +9 
* * 
+37 +9 692419
+5 * 692419
jcnd=692411/692419 0xa2c80 +43 
* * 
+6 +5 8
+6 * 8
+6 +4 8
+5 +9 8
+5 -1 8
+5 +1 8
+5 * 8
+5 * 8
+4 +1 8
+4 * 8
+6 +2 8
+4 +2 8
+7 * 8
jcnd=8/8 0xa2aa0 +2 
* * 
+6 +5 8
+5 +1 8
+4 +2 8
+3 * 8
+4 * 8
+4 +1 8
+5 +30 8
+7 * 8
jcnd=3/8 0xa2ae0 +1 
* * 
-7 * 692411
+7 * 692411
jcnd=679831/692411 0xa2ae0 +1 
* * 
+6 +20 692419
+4 * 692419
+2 * 692419
jcnd=692419/692419 0xa27e8 +10 
* * 
0xa2a00 3181 2740169
+7 +4 2740169
+3 -4 2740169
+4 +2 2740169
+3 * 2740169
+4 * 2740169
+8 * 2740169
+4 +1 2740169
+8 +1 2740169
+4 4482 2740169
jump=2740169 0xa27e8 4702 
* * 
0xa2aa0 4635 8
+4 * 8
+4 * 8
jump=8 0xa2908 +3 
* * 
+56 +38 679834
+5 * 679834
+2 * 679834
jcnd=68757/679834 0xa2e98 +1 
* * 
+6 +3 679834
+7 * 679834
+3 +2 679834
+5 -2 679834
jcnd=679834/679834 0xa2ea8 +2 
* * 
0xa2c80 -23 692411
+3 +1 692411
+3 * 692411
+4 * 692411
+4 +1 692411
+5 * 692411
jump=692411 0xa2921 +17 
* * 
0xa2e50 -68 692419
+4 * 692419
+4 * 692419
+3 -2 692419
+3 * 692419
jcnd=692419/692419 0xa2857 +5 
* * 
+58 +89 68757
+3 * 68757
cfn=(2562)
calls=68757 0xa17f0 +41 
* * 18200392
+5 * 68757
jump=68757 0xa2aed +2 
* * 
+8 +4 679834
+4 * 679834
+4 * 679834
+7 * 679834
jcnd=672042/679834 0xa292e +14 
* * 
+6 +2 7792
+7 * 7792
cfn=(2566) systrim.constprop.0
calls=7792 0xa25f0 2986 
* * 196203
+5 * 7792
jump=7792 0xa292e +12 
* * 

fn=(660)
0xa4990 3235 1
+1 * 1
+1 * 1
+4 +9 1
+7 * 1
+4 * 1
+3 * 1
+6 * 1
+2 * 1
+5 * 1
+5 * 1
+6 +1 1
+5 * 1
+3 * 1
cfn=(662)
calls=1 0xa39b0 1343 
* * 367
+5 * 1
+3 +1 1
+3 * 1
+6 +8 1
+2 * 1
+3 * 1
+3 * 1
+6 +7 1
+3 * 1
+2 +2 1
+7 +1 1
+4 * 1
+4 -1 1
+4 +1 1
+2 * 1
+7 * 1
+11 * 1
+3 * 1
+6 * 1
+3 * 1
jcnd=1/1 * * 
* * 
* * 79
jcnd=78/79 * * 
* * 
+3 +3 1
+4 * 1
+1 * 1
+1 * 1

fn=(2566)
0xa25f0 2986 7792
+7 -9 7792
+2 * 7792
+1 * 7792
+1 +9 7792
+4 * 7792
+4 +2 7792
+4 +1 7792
+3 * 7792
jcnd=143/7792 +42 +1 
* * 
+2 +5 7649
+7 +1 7649
+3 -1 7649
+3 * 7649
+2 +4 7649
+7 * 7649
+4 * 7649
+3 * 7649
+3 * 7649
+3 +2 7649
+3 * 7649
jcnd=24/7649 +14 +7 
* * 
+2 -10 7768
+2 +50 7768
+1 * 7768
+1 * 7768
+2 * 7768
-4 * 24
+1 * 24
+1 * 24
+2 * 24
+6 -33 24
+2 * 24
cfi=(175)
cfn=(668)
calls=24 0xa25b0 25 
* * 672
+5 * 24
+3 +1 24
+7 * 24
+3 * 24
+3 * 24
+2 +12 24
+3 * 24
+3 * 24
cfi=(175)
cfn=(668)
calls=24 0xa25b0 25 
* * 1080
+5 +1 24
+2 * 24
cfi=(175)
cfn=(668)
calls=24 0xa25b0 25 
* * 672
+5 +2 24
+1 +2 24
+3 * 24
+2 +4 24
+3 * 24
+2 +4 24
+7 * 24
+3 -1 24
+7 +1 24
+4 * 24
+4 +2 24
+5 * 24
jump=24 -94 +5 
* * 

fn=(2564)
0xa1710 1626 179151
+4 +2 179151
+4 * 179151
+3 * 179151
+4 * 179151
+4 * 179151
+6 +3 179151
+5 * 179151
+4 +1 179151
+4 -1 179151
+4 * 179151
+5 * 179151
+4 +3 179151
+4 * 179151
+2 * 179151
+4 * 179151
+2 +3 179151
+4 +1 179151
+5 +1 179151
+7 * 179151
jcnd=176544/179151 +60 +24 
* * 
+2 * 2607
+4 * 2607
+3 * 2607
jcnd=88/2607 +51 +24 
* * 
+2 +2 2519
+4 * 2519
+2 +1 2519
+4 * 2519
+5 * 2519
+5 * 2519
+4 * 2519
+4 * 2519
+2 +3 2519
+5 * 2519
+2 +14 2519
+4 +1 2519
+4 * 2519
+4 +3 2519
+4 * 2519
-4 * 176632
+4 * 176632

fl=(94)
fn=(318)
0xc5370 31 2
fi=(95) ./wcsmbs/../sysdeps/x86_64/multiarch/ifunc-avx2.h
+4 +2 2
+7 * 2
+7 * 2
+6 * 2
+2 * 2
+6 -1 2
+6 * 2
jcnd=2/2 +10 +2 
* * 
+10 +2 2
+6 * 2
+3 * 2
+2 +2 2
+2 * 2
+2 +4 2
+7 * 2
+3 * 2
+2 +3 2
+3 * 2
+7 * 2
+7 * 2
fe=(94)
+4 -12 2

fl=(183)
fn=(882)
0x90ad0 25 1
+4 +3 1
+3 +1 1
+4 +1 1
+9 * 1
+4 +2 1
+9 +1 1

fn=(898)
0x90b00 40 1
+4 +3 1
+4 * 1
+9 +4 1
+2 * 1
jcnd=1/1 +21 +2 
* * 
+21 +2 1

fl=(158)
fn=(518)
0x974e0 50 1
+4 * 1
+1 +1 1
+7 * 1
+5 -1 1
+4 * 1
+9 * 1
+5 * 1
+2 +1 1
+3 * 1
+3 * 1
cob=(2)
cfi=(51)
cfn=(520)
calls=1 0x4acf650 -51 
* * 972
+5 +2 1
+7 * 1
+3 * 1
+5 * 1
cob=(2)
cfi=(51)
cfn=(520)
calls=1 0x4acf650 -53 
* * 23
+5 +2 1
+5 * 1
+9 * 1
+2 * 1
+4 * 1
+1 * 1

fl=(102)
fn=(340)
0xc59b0 31 2
fi=(103) ./wcsmbs/../sysdeps/x86_64/multiarch/ifunc-evex.h
+4 +4 2
+7 * 2
+7 * 2
+6 * 2
+2 * 2
+6 -1 2
+6 * 2
jcnd=2/2 +10 +2 
* * 
+10 +2 2
+6 * 2
+3 * 2
+2 +5 2
+2 * 2
+6 -3 2
+2 * 2
+2 +9 2
+7 * 2
+2 * 2
+2 +3 2
+3 * 2
+7 * 2
+7 * 2
fe=(102)
+4 -19 2

fl=(176)
fn=(670)
0x11a860 37 138
+4 * 138
+2 +6 138
+7 -6 138
+1 +3 138
+7 -3 138
+1 * 138
+3 +3 138
+4 +3 138
jcnd=138/138 +35 +15 
* * 
+18 +20 49
+4 +15 49
+3 * 49
+1 * 49
+1 * 49
+2 * 49
-7 * 89
+3 * 89
+1 * 89
+1 * 89
+2 * 89
+6 -20 138
+3 * 138
jcnd=137/138 +17 +4 
* * 
+2 +1 1
+2 * 1
cfi=(177) ./misc/../sysdeps/unix/sysv/linux/brk.c
cfn=(672) brk
calls=1 0x11a820 -24 
* * 9
+5 * 1
+2 * 1
+2 +4 1
+4 -1 1
+3 * 1
-3 * 137
+3 * 137
jcnd=49/137 -40 +1 
* * 
+2 +4 89
jcnd=24/89 +39 +2 
* * 
+2 * 65
+3 * 65
+3 * 65
jcnd=65/65 +46 +8 
* * 
+31 +2 24
+3 * 24
+3 -2 24
+3 * 24
+2 * 24
+4 +8 24
cfi=(177)
cfn=(672)
calls=24 0x11a820 -39 
* * 216
* * 65
cfi=(177)
cfn=(672)
calls=65 0x11a820 -39 
* * 585
+5 * 89
+2 * 89
jcnd=89/89 -99 +4 
* * 

fl=(171) ./stdlib/./stdlib/cxa_atexit.c
fn=(624) __cxa_atexit
0x458c0 69 13
+4 * 13
+2 * 13
+5 * 13
+5 * 13
+1 * 13
+4 * 13
+1 * 13
+4 * 13
+4 -28 13
+3 * 13
+6 +2 13
+7 * 13
+3 * 13
+2 * 13
+5 * 13
+5 * 13
+2 +1 13
+7 * 13
cfn=(626) __new_exitfn
calls=13 0x456d0 +38 
* * 464
+5 +2 13
+3 * 13
+2 +10 13
+5 +2 13
+7 -5 13
+3 * 13
+9 * 13
+4 +3 13
+4 -1 13
+4 +4 13
+2 * 13
+3 +1 13
+3 -1 13
+3 * 13
+2 +12 13
+4 * 13
+3 * 13
+1 * 13
+1 * 13
+2 * 13

fn=(626)
0x456d0 82 13
+4 +6 13
+7 * 13
+6 -6 13
+1 * 13
+1 * 13
+3 * 13
+4 +11 13
+3 * 13
+3 * 13
+6 * 13
+3 -10 13
+2 * 13
+5 +12 13
+4 * 13
jump=13 +34 * 
* * 
+12 +1 12
+4 * 12
+3 * 12
+4 * 12
+6 * 12
jcnd=12/12 +39 +10 
* * 
+5 -1 13
+3 * 13
jcnd=12/13 -25 +1 
* * 
+2 -2 1
+3 +10 1
+8 -10 1
+3 * 1
+3 * 1
jcnd=1/1 0x457a0 +32 
* * 
+12 +13 12
+4 * 12
+2 +25 12
+3 +1 12
+4 * 12
+4 -1 12
+4 * 12
+5 +7 12
+7 +5 12
+3 -4 12
+8 +4 12
+4 * 12
+1 * 12
+1 * 12
-24 -5 1
+7 +5 1
+3 -4 1
+8 +4 1
+4 * 1
+1 * 1
+1 * 1
+38 -18 1
+8 -1 1
+4 +1 1
jump=1 -74 +13 
* * 

fl=(87)
fn=(302)
0xc6cd0 29 1
fi=(88) ./wcsmbs/../sysdeps/x86_64/multiarch/ifunc-wcslen.h
+4 +5 1
+7 * 1
+6 * 1
+2 * 1
+5 -1 1
+5 * 1
jcnd=1/1 +35 +2 
* * 
+35 +2 1
+6 * 1
+6 * 1
+2 +2 1
+2 * 1
+2 +4 1
+7 * 1
+3 * 1
+2 +3 1
+6 * 1
+7 * 1
fe=(87)
+2 -15 1

fl=(186) ./locale/./locale/uselocale.c
fn=(972) uselocale
0x39ac0 30 2
+4 +1 2
+7 * 2
+7 * 2
+4 +2 2
+3 * 2
+2 +3 2
+4 * 2
+4 +1 2
+4 +28 2
+7 * 2
+4 * 2
+4 +1 2
+7 * 2
+4 * 2
+4 +2 2
+7 * 2
+4 * 2
+4 +4 2
+3 * 2
+7 * 2
+4 +1 2

fl=(99)
fn=(332)
0xc53f0 30 1
fi=(95)
+4 +3 1
+7 * 1
+7 * 1
+6 * 1
+2 * 1
+6 -1 1
+6 * 1
jcnd=1/1 +10 +2 
* * 
+10 +2 1
+6 * 1
+3 * 1
+2 +2 1
+2 * 1
+2 +4 1
+7 * 1
+3 * 1
+2 +3 1
+3 * 1
+7 * 1
+7 * 1
fe=(99)
+4 -13 1

fl=(100)
fn=(336)
0xa99e0 31 1
fi=(101)
+4 +5 1
+7 * 1
+6 +1 1
+6 -1 1
+3 * 1
+2 +1 1
+6 * 1
jcnd=1/1 +46 +2 
* * 
+46 +2 1
+2 * 1
+2 +4 1
+7 * 1
+3 * 1
+2 +3 1
+7 * 1
+6 * 1
fe=(100)
+2 -15 1

fl=(91)
fn=(310)
0xc5540 29 1
fi=(88)
+4 +5 1
+7 * 1
+6 * 1
+2 * 1
+5 -1 1
+5 * 1
jcnd=1/1 +35 +2 
* * 
+35 +2 1
+6 * 1
+6 * 1
+2 +2 1
+2 * 1
+2 +4 1
+7 * 1
+3 * 1
+2 +3 1
+6 * 1
+7 * 1
fe=(91)
+2 -15 1

fl=(127)
fn=(406)
0xa9ac0 31 1
fi=(268)
+4 +1 1
+7 * 1
+7 * 1
+6 * 1
+6 * 1
jfi=(127)
jcnd=1/1 +47 -1 
* * 
fe=(127)
+47 -1 1

fl=(179)
fn=(812)
0x29dc0 242 1
+4 * 1
+2 * 1
+3 * 1
+2 * 1
+2 * 1
+3 * 1
+2 * 1
+3 * 1
+1 * 1
+2 * 1
+1 * 1
+4 343 1
+3 * 1
+2 * 1
+3 +1 1
+2 * 1
+2 * 1
cfi=(171)
cfn=(624)
calls=1 0x458c0 69 
* * 75
+5 +25 1
+7 * 1
+2 * 1
+2 * 1
+3 * 1
+3 * 1
+6 +6 1
+7 * 1
+3 -3 1
+3 * 1
jcnd=1/1 +46 128 
* * 
+17 +10 1
+3 * 1
cob=(2)
cfi=(51)
cfn=(1332) 0x0000000004acf6d0
calls=1 0x4acf6d0 0 
* * 968
+5 +2 1
+2 * 1
+6 +8 1
+3 * 1
+2 * 1
+3 * 1
cfi=(195) ./csu/../sysdeps/nptl/libc_start_call_main.h
cfn=(1338) (below main)
calls=1 0x29d10 29 
* * 12116362235
+5 128 1
+7 * 1
+3 +6 1
+7 * 1
+3 * 1
+2 +1 1
+4 * 1
+4 * 1
+3 * 1
+2 * 1
+3 * 1
cob=(2)
cfi=(51)
cfn=(814) 0x000000000010c000
calls=1 0x10c000 0 
* * 7
+2 * 1
+4 +3 1
+7 +1 1
+3 * 1
+2 +3 1
+7 * 1
+4 +1 1
+3 * 1
+4 -1 1
+4 +2 1
+2 * 1
+2 * 1
+3 * 1
+4 * 1
+4 * 1
+5 * 1
jump=1 +14 +1 
* * 
+6 * 1
+4 * 1
+4 +1 1
+4 * 1
+3 * 1
+2 * 1
cob=(8)
cfi=(180)
cfn=(824)
calls=1 0x57a7 -60 
* * 103273
-9 * 1
+4 * 1
+3 * 1
+2 * 1
cob=(8)
cfi=(178)
cfn=(818)
calls=1 0x4820 0 
* * 12
+2 -1 2
+3 * 2
+5 * 2
jcnd=1/2 -27 * 
* * 
+2 * 1
jump=1 0x29e23 382 
* * 

fl=(195)
fn=(1338)
0x29d10 29 1
+1 * 1
+1 * 1
+7 * 1
+5 +15 1
+5 -15 1
+4 * 1
+5 * 1
+9 * 1
+8 * 1
+2 +15 1
cfi=(196)
cfn=(1340)
calls=1 0x421e0 -16 
* * 34
+5 * 1
+4 +2 1
+2 * 1
+2 +5 1
+9 * 1
+5 +1 1
+9 * 1
+5 +3 1
+5 * 1
+9 +3 1
+7 * 1
+4 * 1
+5 * 1
+3 * 1
+5 * 1
cob=(8)
cfi=(180)
cfn=(1346)
calls=1 0x5696 -1 
* * 12116350793
+2 * 1
+2 +16 1
cfi=(247)
cfn=(2606)
calls=1 0x455f0 +68 
* * 11380

fl=(259)
fn=(2810) _IO_flush_all_lockp
0x8e8e0 686 1
+4 * 1
+2 * 1
+2 * 1
+3 * 1
+2 * 1
+2 * 1
+1 * 1
+1 * 1
+4 * 1
+9 * 1
+5 * 1
+2 +5 1
+5 * 1
+7 * 1
+9 * 1
+3 * 1
+5 * 1
cfi=(260) ./nptl/./nptl/libc-cleanup.c
cfn=(2812) __libc_cleanup_push_defer
calls=1 0x911c0 24 
* * 10
+5 +1 1
+9 * 1
+7 * 1
+2 * 1
+2 * 1
+5 * 1
+8 * 1
+6 * 1
+7 * 1
+6 +3 1
+7 -8 1
+3 +5 1
+3 * 1
+6 +3 1
+3 * 1
fi=(251)
+6 940 1
+7 * 1
+7 * 1
+3 * 1
jfi=(259)
jump=1 0x8ea1c 697 
* * 
fe=(259)
+70 709 3
+3 * 3
jcnd=3/3 +55 +2 
* * 
+55 +2 3
+11 -16 3
+4 * 3
+3 * 3
jcnd=1/3 0x8ea90 +20 
* * 
+2 +2 3
+7 +1 3
+3 * 3
jcnd=3/3 +64 +3 
* * 
+64 +3 3
+7 * 3
+2 * 3
+6 * 3
+4 * 3
+4 * 3
+6 * 3
jump=3 0x8e9ce +8 
* * 
+13 +14 1
+6 * 1
+3 * 1
+6 * 1
+2 * 1
+2 * 1
+11 * 1
+6 * 1
+3 * 1
+2 +1 1
+3 * 1
cfi=(260)
cfn=(2816) __libc_cleanup_pop_restore
calls=1 0x91200 39 
* * 8
+5 +4 1
+5 * 1
+9 * 1
+2 * 1
+4 * 1
+3 * 1
+1 * 1
+1 * 1
+2 * 1
+2 * 1
+2 * 1
+2 * 1

fn=(2808)
0x8eb50 863 1
+4 * 1
+2 +3 1
+2 -3 1
+2 * 1
+2 * 1
+2 * 1
+1 * 1
+1 * 1
+4 * 1
+9 * 1
+5 * 1
+2 -77 1
+5 +80 1
cfn=(2810)
calls=1 0x8e8e0 686 
* * 126
+5 -80 1
+3 * 1
+9 +80 1
+3 -80 1
+7 * 1
+5 * 1
cfi=(260)
cfn=(2812)
calls=1 0x911c0 24 
* * 10
+5 +1 1
+9 * 1
+7 * 1
+2 * 1
+2 * 1
+5 * 1
+8 * 1
+6 * 1
+7 * 1
+6 +3 1
+7 -3 1
+3 * 1
+6 +3 1
+3 * 1
fi=(251)
+6 940 1
+7 * 1
+7 * 1
+3 * 1
jfi=(259)
jump=1 +28 799 
* * 
fe=(259)
+4 838 3
+11 -48 3
+4 * 3
+3 * 3
jcnd=1/3 0x8ed08 +52 
* * 
+6 +9 3
+3 * 3
+4 * 3
jcnd=1/3 -31 +39 
* * 
+2 +2 2
+7 * 2
+2 * 2
jcnd=2/2 -42 +37 
* * 
0x8ed08 +41 1
+6 * 1
+3 * 1
+6 * 1
+2 * 1
+2 * 1
+11 * 1
+6 * 1
+3 * 1
+2 +1 1
+3 * 1
cfi=(260)
cfn=(2816)
calls=1 0x91200 39 
* * 8
+5 +35 1
+5 * 1
+9 * 1
+6 * 1
+4 * 1
+3 * 1
+1 * 1
+1 * 1
+2 * 1
+2 * 1
+2 * 1
+2 * 1

fl=(177)
fn=(672)
0x11a820 35 90
+4 +1 90
+5 * 90
+2 * 90
+7 * 90
+3 +1 90
+3 * 90
+2 +6 90
+2 +1 90

fl=(156)
fn=(514)
0x11a2d0 38 1
+4 * 1
+3 +1 1
+2 * 1
+2 * 1
+5 * 1
+2 * 1
+2 * 1
+6 * 1
+2 +1 1

fl=(245)
fn=(2570)
0x11ea10 47 40
+4 * 40
+3 +3 40
+7 * 40
+2 +8 40
+5 * 40
+2 * 40
+6 * 40
+2 +2 40

fl=(109)
fn=(356)
0xa9b60 31 1
fi=(268)
+4 +1 1
+7 * 1
+7 * 1
+6 * 1
+6 * 1
jfi=(109)
jcnd=1/1 +47 -1 
* * 
fe=(109)
+47 -1 1

fl=(260)
fn=(2812)
0x911c0 24 2
+4 +3 2
+9 * 2
+4 +3 2
+2 * 2
+8 * 2
+3 * 2
+3 +1 2
+9 +2 2
+9 +1 2

fn=(2816)
0x91200 39 2
+4 +3 2
+4 * 2
+9 +2 2
+3 * 2
+8 +1 2
+3 * 2
+2 +2 2

fl=(108)
fn=(352)
0xa81d0 29 1
fi=(101)
+4 +7 1
+7 * 1
+6 +1 1
+6 -1 1
+3 * 1
+2 +1 1
+6 * 1
jcnd=1/1 +46 +2 
* * 
+46 +2 1
+2 * 1
+2 +4 1
+7 * 1
+3 * 1
+2 +3 1
+7 * 1
+6 * 1
fe=(108)
+2 -17 1

fl=(173)
fn=(654)
0xa19b0 313 1
fi=(172)
+1 3162 1
+5 * 1
+5 * 1
fe=(173)
+7 313 1
+1 * 1
+4 * 1
+9 * 1
+5 * 1
+2 +5 1
fi=(172)
+7 3162 1
+3 * 1
cfi=(174)
cfn=(656)
calls=1 0x46c70 28 
* * 9
+5 * 1
+4 * 1
jfi=(173)
jcnd=1/1 +79 343 
* * 
fe=(173)
+79 343 1
+7 * 1
jcnd=1/1 +9 +4 
* * 
+9 +4 1
+7 * 1
+7 * 1
fi=(172)
+4 1966 1
+4 * 1
+3 * 1
+7 * 1
+7 +3 1
+5 -3 1
+4 +3 1
+4 * 1
+3 -3 1
+3 * 1
jcnd=1/1 -19 +3 
* * 
-19 +3 126
+5 -3 126
+4 +3 126
+4 * 126
+3 -3 126
+3 * 126
jcnd=125/126 -19 +3 
* * 
fe=(173)
+2 352 1
+7 * 1
+3 * 1
fi=(172)
+5 1977 1
+11 +1 1
+10 +2 1
fe=(173)
+7 352 1
cob=(2)
cfi=(51)
cfn=(520)
calls=1 0x4acf650 0 
* * 23
+5 +1 1
+7 * 1
+3 * 1
+5 * 1
cob=(2)
cfi=(51)
cfn=(520)
calls=1 0x4acf650 0 
* * 22
+5 +1 1
+7 * 1
+3 * 1
+5 * 1
cob=(2)
cfi=(51)
cfn=(520)
calls=1 0x4acf650 0 
* * 23
+5 +1 1
+7 * 1
+3 * 1
+5 * 1
cob=(2)
cfi=(51)
cfn=(520)
calls=1 0x4acf650 0 
* * 23
+5 +1 1
+7 * 1
+3 * 1
+5 * 1
cob=(2)
cfi=(51)
cfn=(520)
calls=1 0x4acf650 0 
* * 22
+5 +1 1
+7 * 1
+3 * 1
+5 * 1
cob=(2)
cfi=(51)
cfn=(520)
calls=1 0x4acf650 0 
* * 23
+5 +1 1
+7 * 1
+3 * 1
+5 * 1
cob=(2)
cfi=(51)
cfn=(520)
calls=1 0x4acf650 0 
* * 23
+5 +2 1
+7 * 1
+3 * 1
+5 * 1
cob=(2)
cfi=(51)
cfn=(520)
calls=1 0x4acf650 0 
* * 23
+5 +1 1
+7 * 1
+3 * 1
+5 * 1
cob=(2)
cfi=(51)
cfn=(520)
calls=1 0x4acf650 0 
* * 23
+5 +1 1
+7 * 1
+3 * 1
+5 * 1
cob=(2)
cfi=(51)
cfn=(520)
calls=1 0x4acf650 0 
* * 23
+5 +3 1
+7 * 1
+3 * 1
+5 * 1
cob=(2)
cfi=(51)
cfn=(520)
calls=1 0x4acf650 0 
* * 23
+5 +1 1
+7 * 1
+3 * 1
+5 * 1
cob=(2)
cfi=(51)
cfn=(520)
calls=1 0x4acf650 0 
* * 23
+5 +1 1
+8 * 1
jcnd=1/1 +9 +63 
* * 
+9 +63 1
+5 * 1
+9 * 1
+2 * 1
+4 * 1
+1 * 1
+1 * 1

fl=(217) ./string/../sysdeps/x86_64/multiarch/memmove-vec-unaligned-erms.S
fn=(1454) __memcpy_avx_unaligned_erms
0x1a07c0 307 2
+4 +1 2
+3 +6 2
+4 +1 2
jcnd=2/2 +37 +42 
* * 
+37 +42 2
+3 +1 2
+2 +2 2
+3 +1 2
+2 +2 2
+3 +4 2
jcnd=2/2 +24 +16 
* * 
+24 +16 2
+4 +1 2
+2 +1 2
+4 +1 2
+2 +1 2

ob=(6)
fl=(169)
fn=(2782) 0x0000000000004550
0x4550 0 1
+7 0 1
+7 0 1
+3 0 1
jcnd=1/1 +23 0 
* 0 
+23 0 1

fn=(590)
0x3720 0 1
+4 0 1
+7 0 1
+2 0 1
+2 0 1
+6 0 1
+2 0 1
+2 0 1
+2 0 1
+2 0 1
+2 0 1
+2 0 1
+1 0 1
+1 0 1
+2 0 1
+2 0 1
+6 0 1
+2 0 1
+2 0 1
+2 0 1
+3 0 1
+2 0 1
+6 0 1
+2 0 1
+2 0 1
+2 0 1
+6 0 1
+5 0 1
+2 0 1
+3 0 1
+3 0 1
+2 0 1
+3 0 1
+3 0 1
+3 0 1
+3 0 1
+4 0 1
+3 0 1
+4 0 1
+3 0 1
+4 0 1
+5 0 1
+4 0 1
+6 0 1
jcnd=1/1 0x3cf3 0 
* 0 
+15 0 1
+7 0 1
+2 0 1
+4 0 1
+7 0 1
+2 0 1
+4 0 1
+7 0 1
+2 0 1
+4 0 1
+7 0 1
+2 0 1
+4 0 1
+7 0 1
+7 0 1
jcnd=1/1 0x3d5e 0 
* 0 
+6 0 1
+7 0 1
jcnd=1/1 0x3d9f 0 
* 0 
+6 0 1
+7 0 1
+2 0 1
+4 0 1
+3 0 1
+5 0 1
+2 0 1
+7 0 1
+4 0 1
+2 0 1
+7 0 1
+4 0 1
+2 0 1
+4 0 1
+7 0 1
+2 0 1
+4 0 1
+7 0 1
+2 0 1
+7 0 1
+7 0 1
+2 0 1
+7 0 1
+2 0 1
jcnd=1/1 0x3d94 0 
* 0 
+6 0 1
+7 0 1
jcnd=1/1 0x3d89 0 
* 0 
+6 0 1
+7 0 1
jcnd=1/1 0x3d7e 0 
* 0 
+6 0 1
+2 0 1
+2 0 1
+7 0 1
+7 0 1
jcnd=1/1 0x3d75 0 
* 0 
+6 0 1
+7 0 1
jcnd=1/1 0x3d69 0 
* 0 
+6 0 1
+3 0 1
+2 0 1
+7 0 1
+2 0 1
+7 0 1
+7 0 1
jcnd=1/1 0x3e02 0 
* 0 
+6 0 1
+7 0 1
jcnd=1/1 0x3f9d 0 
* 0 
+6 0 1
+4 0 1
+6 0 1
+5 0 1
+2 0 1
+2 0 1
+3 0 1
+3 0 1
jcnd=1/1 0x3df6 0 
* 0 
+6 0 1
+3 0 1
+6 0 1
+3 0 1
+6 0 1
+3 0 1
+6 0 1
+3 0 1
+2 0 1
+3 0 1
+2 0 1
+7 0 1
+7 0 1
+6 0 1
+7 0 1
jcnd=1/1 +9 0 
* 0 
+9 0 1
+3 0 1
jcnd=1/1 0x3dea 0 
* 0 
+6 0 1
+3 0 1
+6 0 1
+6 0 1
jcnd=1/1 0x401e 0 
* 0 
+6 0 1
+6 0 1
+6 0 1
+6 0 1
+6 0 1
+6 0 1
+6 0 1
+6 0 1
+6 0 1
+4 0 1
+6 0 1
+4 0 1
+6 0 1
+7 0 1
+6 0 1
+7 0 1
+6 0 1
+7 0 1
+6 0 1
+7 0 1
+6 0 1
+7 0 1
+6 0 1
+7 0 1
+6 0 1
+4 0 1
+6 0 1
+4 0 1
+6 0 1
+3 0 1
+6 0 1
+6 0 1
+6 0 1
+6 0 1
+6 0 1
+6 0 1
+6 0 1
+3 0 1
+6 0 1
+3 0 1
jcnd=1/1 +41 0 
* 0 
+41 0 1
+3 0 1
jcnd=1/1 0x3db6 0 
* 0 
0x3b89 0 1
+4 0 1
+2 0 1
+5 0 1
+5 0 1
+2 0 1
+2 0 1
+6 0 1
+2 0 1
+6 0 1
+2 0 1
+6 0 1
+4 0 1
jcnd=1/1 +42 0 
* 0 
+42 0 1
+5 0 1
+2 0 1
+3 0 1
+5 0 1
+6 0 1
+5 0 1
+2 0 1
+3 0 1
+6 0 1
+3 0 1
jcnd=1/1 0x3ff1 0 
* 0 
+6 0 1
+2 0 1
+3 0 1
+5 0 1
+7 0 1
+3 0 1
jcnd=1/1 0x3fca 0 
* 0 
+23 0 1
+3 0 1
+6 0 1
+6 0 1
+6 0 1
+6 0 1
jcnd=1/1 0x4032 0 
* 0 
+6 0 1
+6 0 1
+6 0 1
+2 0 1
+6 0 1
+3 0 1
+2 0 1
+6 0 1
jcnd=1/1 +9 0 
* 0 
+9 0 1
+3 0 1
jcnd=1/1 +9 0 
* 0 
+9 0 1
+7 0 1
+2 0 1
+5 0 1
+2 0 1
+3 0 1
+6 0 1
+3 0 1
jcnd=1/1 +9 0 
* 0 
+9 0 1
+2 0 1
+6 0 1
jcnd=1/1 0x3d36 0 
* 0 
+55 0 1
+2 0 1
+3 0 1
+2 0 1
+3 0 1
+3 0 1
jcnd=1/1 0x3f68 0 
* 0 
+12 0 1
+5 0 1
+3 0 1
+5 0 1
+4 0 1
jump=1 0x37b5 0 
* 0 
+14 0 1
+1 0 1
+1 0 1
+2 0 1
+2 0 1
+2 0 1
+2 0 1
+1 0 1
+4 0 1
jcnd=1/1 0x3ee9 0 
* 0 
+6 0 1
+5 0 1
+2 0 1
+6 0 1
+2 0 1
+3 0 1
+2 0 1
jcnd=1/1 0x3e0e 0 
* 0 
+6 0 1
+2 0 1
jump=1 -49 0 
* 0 
+2 0 1
+6 0 1
jump=1 0x37fd 0 
* 0 
+5 0 1
+7 0 1
jump=1 0x38b3 0 
* 0 
+5 0 1
+4 0 1
jump=1 0x38a6 0 
* 0 
+5 0 1
+6 0 1
jump=1 0x388e 0 
* 0 
+5 0 1
+6 0 1
jump=1 0x3881 0 
* 0 
+5 0 1
+6 0 1
jump=1 0x3874 0 
* 0 
+5 0 1
+6 0 1
jump=1 0x380a 0 
* 0 
+17 0 1
+5 0 1
+5 0 1
+2 0 1
+5 0 1
+6 0 1
+3 0 1
+6 0 1
+2 0 1
jcnd=1/1 0x3b89 0 
* 0 
+18 0 1
+7 0 1
jump=1 0x3953 0 
* 0 
+5 0 1
+7 0 1
jump=1 0x3901 0 
* 0 
+5 0 1
+7 0 1
jump=1 0x38d5 0 
* 0 
+5 0 1
+7 0 1
+3 0 1
+6 0 1
+2 0 1
+6 0 1
+6 0 1
+6 0 1
+3 0 1
+6 0 1
+3 0 1
+2 0 1
+3 0 1
+3 0 1
+2 0 1
+6 0 1
+6 0 1
+6 0 1
+5 0 1
+6 0 1
+6 0 1
+6 0 1
+3 0 1
+6 0 1
+6 0 1
+6 0 1
+6 0 1
+2 0 1
+3 0 1
+3 0 1
+2 0 1
+6 0 1
+6 0 1
jcnd=1/1 0x3d5a 0 
* 0 
+71 0 1
+4 0 1
+4 0 1
+2 0 1
+3 0 1
+2 0 1
+3 0 1
+6 0 1
+6 0 1
+7 0 1
+4 0 1
+3 0 1
jump=1 0x4242 0 
* 0 
+83 0 1
+2 0 1
+3 0 1
+6 0 1
+6 0 1
+6 0 1
+4 0 1
jump=1 0x3d0c 0 
* 0 
+26 0 1
+6 0 1
jump=1 0x38e2 0 
* 0 
+39 0 1
+3 0 1
+3 0 1
+3 0 1
+2 0 1
+3 0 1
+6 0 1
+2 0 1
+6 0 1
+6 0 1
jump=1 0x3c3a 0 
* 0 
+5 0 1
+6 0 1
jump=1 0x3c0f 0 
* 0 
+39 0 1
+4 0 1
jump=1 0x3968 0 
* 0 
+16 0 1
+6 0 1
jump=1 0x3c5b 0 
* 0 
0x4242 0 1
+7 0 1
+4 0 1
jump=1 0x3d40 0 
* 0 

fn=(592)
0x4580 0 1
+7 0 1
+7 0 1
+3 0 1
+3 0 1
+4 0 1
+4 0 1
+3 0 1
+3 0 1
jcnd=1/1 +22 0 
* 0 
+22 0 1
+72 0 1
+4 0 1
jump=1 0x4580 0 
* 0 

fn=(2772)
0x45c0 0 1
+4 0 1
+7 0 1
+2 0 1
+1 0 1
+8 0 1
+3 0 1
+2 0 1
+7 0 1
cob=(2)
cfi=(51)
cfn=(2778) 0x0000000004a8a340
calls=1 0x4a8a340 0 
* 0 121
+5 0 1
cfn=(2782)
calls=1 0x4550 0 
* 0 5
+5 0 1
+7 0 1
+1 0 1

ob=(2)
fl=(51)
fn=(598)
0x48f5000 0 1
+4 0 1
+4 0 1
+7 0 1
+3 0 1
jcnd=1/1 +4 0 
* 0 
+4 0 1
+4 0 1

fn=(834)
0x48fa780 0 22
+4 0 22
cob=(7)
cfi=(170)
cfn=(838)
calls=22 0xc2390 0 
* 0 78821
cob=(1)
cfi=(159)
cfn=(526)
calls=1 0x15c60 67 
* 0 703
* 0 5

fn=(862)
0x48f96b0 0 1
+4 0 1
cob=(7)
cfi=(170)
cfn=(866)
calls=1 0xe7b40 0 
* 0 4011
cob=(1)
cfi=(159)
cfn=(526)
calls=1 0x15c60 67 
* 0 788
* 0 5

fn=(868)
0x48fc2c0 0 14
+4 0 14
cob=(7)
cfi=(170)
cfn=(872)
calls=14 0xc07b0 0 
* 0 3214
cob=(1)
cfi=(159)
cfn=(526)
calls=1 0x15c60 67 
* 0 895
* 0 5

fn=(892)
0x48fb370 0 1
+4 0 1
cob=(3)
cfi=(184)
cfn=(896)
calls=1 0x388d0 43 
* 0 48
cob=(1)
cfi=(159)
cfn=(526)
calls=1 0x15c60 67 
* 0 810
* 0 5

fn=(1056)
0x48fa5e0 0 1
+4 0 1
cob=(7)
cfi=(170)
cfn=(1060)
calls=1 0xcc510 0 
* 0 414
cob=(1)
cfi=(159)
cfn=(526)
calls=1 0x15c60 67 
* 0 1047
* 0 5

fn=(1152)
0x48fc160 0 1
+4 0 1
cob=(7)
cfi=(170)
cfn=(1156)
calls=1 0xcb460 0 
* 0 109
cob=(1)
cfi=(159)
cfn=(526)
calls=1 0x15c60 67 
* 0 1151
* 0 5

fn=(1258)
0x48fc1b0 0 4
+4 0 4
cob=(7)
cfi=(170)
cfn=(1262)
calls=4 0x128350 0 
* 0 12
cob=(1)
cfi=(159)
cfn=(526)
calls=1 0x15c60 67 
* 0 1246
* 0 5

fn=(1264)
0x48f99b0 0 4
+4 0 4
cob=(7)
cfi=(170)
cfn=(1268)
calls=4 0x128310 0 
* 0 76
cob=(1)
cfi=(159)
cfn=(526)
calls=1 0x15c60 67 
* 0 1270
* 0 5

fn=(1880)
0x10c3d0 0 693089
+4 0 693089
cob=(7)
cfi=(170)
cfn=(1882)
calls=693089 0xbfd80 0 
* 0 6237801

fn=(2142)
0x48fab30 0 3747441
+4 0 3747441
cob=(3)
cfi=(172)
cfn=(2146)
calls=3747441 0xa53e0 3352 
* 0 384693257
cob=(1)
cfi=(159)
cfn=(526)
calls=1 0x15c60 67 
* 0 803
* 0 5

fn=(2644)
0x48fa820 0 2
+4 0 2
cob=(7)
cfi=(170)
cfn=(2648)
calls=2 0xad310 0 
* 0 1685
cob=(1)
cfi=(159)
cfn=(526)
calls=1 0x15c60 67 
* 0 767
* 0 5

fn=(610)
0x48fafb0 0 2
+4 0 2
cob=(7)
cfi=(170)
cfn=(616)
calls=2 0xac040 0 
* 0 10
cob=(1)
cfi=(159)
cfn=(526)
calls=1 0x15c60 67 
* 0 789
* 0 5

fn=(908)
0x48fa6b0 0 86
+4 0 86
cob=(7)
cfi=(170)
cfn=(912)
calls=86 0xc0cb0 0 
* 0 948
cob=(1)
cfi=(159)
cfn=(526)
calls=1 0x15c60 67 
* 0 759
* 0 5

fn=(920)
0x48fc5c0 0 1
+4 0 1
cob=(7)
cfi=(170)
cfn=(924)
calls=1 0xcf230 0 
* 0 414
cob=(1)
cfi=(159)
cfn=(526)
calls=1 0x15c60 67 
* 0 1135
* 0 5

fn=(944)
0x48fbd70 0 1
+4 0 1
cob=(7)
cfi=(170)
cfn=(948)
calls=1 0xcf7d0 0 
* 0 168
cob=(1)
cfi=(159)
cfn=(526)
calls=1 0x15c60 67 
* 0 1087
* 0 5

fn=(950)
0x48f9560 0 1
+4 0 1
cob=(7)
cfi=(170)
cfn=(954)
calls=1 0x102ba0 0 
* 0 44
cob=(1)
cfi=(159)
cfn=(526)
calls=1 0x15c60 67 
* 0 798
* 0 5

fn=(998)
0x48fa420 0 10
+4 0 10
cob=(3)
cfi=(192)
cfn=(1002)
calls=10 0x12ad00 26 
* 0 3270
cob=(1)
cfi=(159)
cfn=(526)
calls=1 0x15c60 67 
* 0 828
* 0 5

fn=(1086)
0x48fcee0 0 1
+4 0 1
cob=(7)
cfi=(170)
cfn=(1090)
calls=1 0xca800 0 
* 0 113
cob=(1)
cfi=(159)
cfn=(526)
calls=1 0x15c60 67 
* 0 1220
* 0 5

fn=(1110)
0x48fd380 0 1
+4 0 1
cob=(7)
cfi=(170)
cfn=(1114)
calls=1 0x129fb0 0 
* 0 44
cob=(1)
cfi=(159)
cfn=(526)
calls=1 0x15c60 67 
* 0 750
* 0 5

fn=(1402)
0x10c720 0 6
+4 0 6
cob=(7)
cfi=(170)
cfn=(1404)
calls=6 0xae660 0 
* 0 102

fn=(1466)
0x48f9e40 0 2
+4 0 2
cob=(7)
cfi=(170)
cfn=(1470)
calls=2 0x14eb90 0 
* 0 1703
cob=(1)
cfi=(159)
cfn=(526)
calls=1 0x15c60 67 
* 0 1094
* 0 5

fn=(1498)
0x10c3f0 0 2
+4 0 2
cob=(7)
cfi=(170)
cfn=(1500)
calls=2 0xd1870 0 
* 0 4

fn=(1502)
0x10c5c0 0 2
+4 0 2
cob=(7)
cfi=(170)
cfn=(1500)
calls=2 0xd1870 0 
* 0 4

fn=(2620)
0x48fb770 0 3
+4 0 3
cob=(7)
cfi=(170)
cfn=(2624)
calls=3 0x13bdf0 0 
* 0 4547
cob=(1)
cfi=(159)
cfn=(526)
calls=1 0x15c60 67 
* 0 702
* 0 5

fn=(2621)
0x48fb770 0 1
+4 0 1
cob=(7)
cfi=(170)
cfn=(2625)
calls=1 0x13bdf0 0 
* 0 134

fn=(2634)
0x48fd340 0 10
+4 0 10
cob=(3)
cfi=(249)
cfn=(2638)
calls=10 0x7f130 32 
* 0 660
cob=(1)
cfi=(159)
cfn=(526)
calls=1 0x15c60 67 
* 0 741
* 0 5

fn=(2668)
0x48fb230 0 3
+4 0 3
cob=(7)
cfi=(170)
cfn=(2672)
calls=3 0x13eb20 0 
* 0 212
cob=(1)
cfi=(159)
cfn=(526)
calls=1 0x15c60 67 
* 0 1022
* 0 5

fn=(2669)
0x48fb230 0 1
+4 0 1
cob=(7)
cfi=(170)
cfn=(2673)
calls=1 0x13eb20 0 
* 0 23

fn=(2716)
0x483f040 0 1
+4 0 1
cob=(3)
cfi=(256)
cfn=(2690)
calls=1 0x459a0 30 
* 0 119

fn=(2736)
0x48f91e0 0 1
+4 0 1
cob=(3)
cfi=(256)
cfn=(2690)
calls=1 0x459a0 30 
* 0 1149

fn=(634)
0x48fa400 0 1
+4 0 1
cob=(7)
cfi=(170)
cfn=(638)
calls=1 0xd9cd0 0 
* 0 3
cob=(1)
cfi=(159)
cfn=(526)
calls=1 0x15c60 67 
* 0 781
* 0 5

fn=(886)
0x48fa3a0 0 1
+4 0 1
cob=(7)
cfi=(170)
cfn=(890)
calls=1 0xd1230 0 
* 0 875
cob=(1)
cfi=(159)
cfn=(526)
calls=1 0x15c60 67 
* 0 1095
* 0 5

fn=(914)
0x48fa880 0 1
+4 0 1
cob=(7)
cfi=(170)
cfn=(918)
calls=1 0xbba50 0 
* 0 37
cob=(1)
cfi=(159)
cfn=(526)
calls=1 0x15c60 67 
* 0 892
* 0 5

fn=(926)
0x48fad00 0 1
+4 0 1
cob=(7)
cfi=(170)
cfn=(930)
calls=1 0xcde00 0 
* 0 113
cob=(1)
cfi=(159)
cfn=(526)
calls=1 0x15c60 67 
* 0 1215
* 0 5

fn=(956)
0x48f9a60 0 1
+4 0 1
cob=(7)
cfi=(170)
cfn=(960)
calls=1 0xd6ff0 0 
* 0 28113
cob=(1)
cfi=(159)
cfn=(526)
calls=1 0x15c60 67 
* 0 719
* 0 5

fn=(974)
0x48faf30 0 128
+4 0 128
cob=(3)
cfi=(187)
cfn=(978)
calls=128 0xc5df0 30 
* 0 3456
cob=(1)
cfi=(159)
cfn=(526)
calls=1 0x15c60 67 
* 0 804
* 0 5

fn=(1024)
0x48fbc20 0 1
+4 0 1
cob=(7)
cfi=(170)
cfn=(1028)
calls=1 0xcea90 0 
* 0 109
cob=(1)
cfi=(159)
cfn=(526)
calls=1 0x15c60 67 
* 0 1239
* 0 5

fn=(1176)
0x48fbb30 0 1
+4 0 1
cob=(7)
cfi=(170)
cfn=(1180)
calls=1 0x152570 0 
* 0 44
cob=(1)
cfi=(159)
cfn=(526)
calls=1 0x15c60 67 
* 0 750
* 0 5

fn=(1202)
0x48f9690 0 1
+4 0 1
cob=(7)
cfi=(170)
cfn=(1206)
calls=1 0xc02b0 0 
* 0 3
cob=(1)
cfi=(159)
cfn=(526)
calls=1 0x15c60 67 
* 0 812
* 0 5

fn=(1282)
0x48fba20 0 4
+4 0 4
cob=(7)
cfi=(170)
cfn=(1286)
calls=4 0x11e910 0 
* 0 8934
cob=(1)
cfi=(159)
cfn=(526)
calls=1 0x15c60 67 
* 0 1118
* 0 5

fn=(1964)
0x10c610 0 693089
+4 0 693089
cob=(7)
cfi=(170)
cfn=(1966)
calls=693089 0xda4a0 0 
* 0 6240751

fn=(2488)
0x10c480 0 649312
+4 0 649312
cob=(7)
cfi=(170)
cfn=(2490)
calls=649312 0xc69e0 0 
* 0 28595120

fn=(160)
0x4002080 0 1
+4 0 1
cob=(1)
cfi=(52)
cfn=(162)
calls=1 0x1d3d0 225 
* 0 2782

fn=(2656)
0x48fb020 0 2
+4 0 2
cob=(1)
cfi=(252)
cfn=(2660)
calls=2 0x181d0 29 
* 0 24
cob=(1)
cfi=(159)
cfn=(526)
calls=1 0x15c60 67 
* 0 894
* 0 5

fn=(2796)
0x4cde1e0 0 1
+4 0 1
cob=(3)
cfi=(256)
cfn=(2690)
calls=1 0x459a0 30 
* 0 119

fn=(570)
0x4acf5f0 0 1
+4 0 1
cob=(3)
cfi=(166)
cfn=(572)
calls=1 0x19d610 46 
* 0 28

fn=(576)
0x4cde000 0 1
+4 0 1
+4 0 1
+7 0 1
+3 0 1
jcnd=1/1 +4 0 
* 0 
+4 0 1
+4 0 1

fn=(586)
0x4a8a000 0 1
+4 0 1
+4 0 1
+7 0 1
+3 0 1
jcnd=1/1 +4 0 
* 0 
+4 0 1
+4 0 1

fn=(1008)
0x4acf520 0 49
+4 0 49
cob=(3)
cfi=(194)
cfn=(1010)
calls=49 0x199a80 71 
* 0 1048

fn=(1140)
0x48fb5e0 0 1
+4 0 1
cob=(7)
cfi=(170)
cfn=(1144)
calls=1 0xcba00 0 
* 0 109
cob=(1)
cfi=(159)
cfn=(526)
calls=1 0x15c60 67 
* 0 1175
* 0 5

fn=(1332)
0x4acf6d0 0 1
+4 0 1
cob=(1)
cfi=(49)
cfn=(1336)
calls=1 0x1b660 117 
* 0 5
cob=(1)
cfi=(159)
cfn=(526)
calls=1 0x15c60 67 
* 0 956
* 0 5

fn=(1472)
0x48fabb0 0 2
+4 0 2
cob=(3)
cfi=(193)
cfn=(1006)
calls=2 0x19d7e0 50 
* 0 28
cob=(1)
cfi=(159)
cfn=(526)
calls=1 0x15c60 67 
* 0 774
* 0 5

fn=(2482)
0x10c5f0 0 649312
+4 0 649312
cob=(7)
cfi=(170)
cfn=(2484)
calls=649312 0xc6530 0 
* 0 7197949

fn=(2614)
0x10c550 0 2
+4 0 2
cob=(7)
cfi=(170)
cfn=(2616)
calls=2 0xdb410 0 
* 0 8

fn=(2778)
0x4a8a340 0 1
+4 0 1
cob=(3)
cfi=(256)
cfn=(2690)
calls=1 0x459a0 30 
* 0 119

fn=(2688)
0x10c3b0 0 1
+4 0 1
cob=(3)
cfi=(256)
cfn=(2690)
calls=1 0x459a0 30 
* 0 119

fn=(2704)
0x11c4c8 0 1
+4 0 1
+4 0 1
+4 0 1

fn=(620)
0x48fa4b0 0 9
+4 0 9
cob=(3)
cfi=(171)
cfn=(624)
calls=9 0x458c0 69 
* 0 671
cob=(1)
cfi=(159)
cfn=(526)
calls=1 0x15c60 67 
* 0 913
* 0 5

fn=(850)
0x48fa2c0 0 1
+4 0 1
cob=(7)
cfi=(170)
cfn=(854)
calls=1 0xc1490 0 
* 0 76679
cob=(1)
cfi=(159)
cfn=(526)
calls=1 0x15c60 67 
* 0 743
* 0 5

fn=(874)
0x48fa630 0 14
+4 0 14
cob=(3)
cfi=(182)
cfn=(878)
calls=14 0x99fc0 136 
* 0 2133
cob=(1)
cfi=(159)
cfn=(526)
calls=1 0x15c60 67 
* 0 922
* 0 5

fn=(1042)
0x48fb1f0 0 1
+4 0 1
cob=(7)
cfi=(170)
cfn=(1046)
calls=1 0xd00c0 0 
* 0 168
cob=(1)
cfi=(159)
cfn=(526)
calls=1 0x15c60 67 
* 0 1111
* 0 5

fn=(1048)
0x48f9b80 0 1
+4 0 1
cob=(7)
cfi=(170)
cfn=(1052)
calls=1 0x111dc0 0 
* 0 44
cob=(1)
cfi=(159)
cfn=(526)
calls=1 0x15c60 67 
* 0 843
* 0 5

fn=(1222)
0x48fc640 0 8
+4 0 8
cob=(7)
cfi=(170)
cfn=(1226)
calls=8 0xbfb60 0 
* 0 2152
cob=(1)
cfi=(159)
cfn=(526)
calls=1 0x15c60 67 
* 0 767
* 0 5

fn=(1240)
0x48fc800 0 4
+4 0 4
cob=(7)
cfi=(170)
cfn=(1244)
calls=4 0x11de40 0 
* 0 7294
cob=(1)
cfi=(159)
cfn=(526)
calls=1 0x15c60 67 
* 0 1110
* 0 5

fn=(1246)
0x48fd210 0 4
+4 0 4
cob=(7)
cfi=(170)
cfn=(1250)
calls=4 0x12c2c0 0 
* 0 12
cob=(1)
cfi=(159)
cfn=(526)
calls=1 0x15c60 67 
* 0 894
* 0 5

fn=(1288)
0x48fd100 0 4
+4 0 4
cob=(7)
cfi=(170)
cfn=(1292)
calls=4 0x11e790 0 
* 0 7379
cob=(1)
cfi=(159)
cfn=(526)
calls=1 0x15c60 67 
* 0 1102
* 0 5

fn=(1294)
0x48fa230 0 4
+4 0 4
cob=(7)
cfi=(170)
cfn=(1298)
calls=4 0x154760 0 
* 0 12
cob=(1)
cfi=(159)
cfn=(526)
calls=1 0x15c60 67 
* 0 878
* 0 5

fn=(1306)
0x48f9dd0 0 4
+4 0 4
cob=(7)
cfi=(170)
cfn=(1310)
calls=4 0x150960 0 
* 0 12
cob=(1)
cfi=(159)
cfn=(526)
calls=1 0x15c60 67 
* 0 1291
* 0 5

fn=(1312)
0x48fbed0 0 4
+4 0 4
cob=(7)
cfi=(170)
cfn=(1316)
calls=4 0x150920 0 
* 0 76
cob=(1)
cfi=(159)
cfn=(526)
calls=1 0x15c60 67 
* 0 1286
* 0 5

fn=(1408)
0x10c710 0 2
+4 0 2
cob=(7)
cfi=(170)
cfn=(1410)
calls=2 0xd1850 0 
* 0 4

fn=(1424)
0x10c650 0 2
+4 0 2
cob=(7)
cfi=(170)
cfn=(1426)
calls=2 0xd1860 0 
* 0 4

fn=(1452)
0x10c510 0 2
+4 0 2
cob=(3)
cfi=(217)
cfn=(1454)
calls=2 0x1a07c0 307 
* 0 30

fn=(1598)
0x10c580 0 3747441
+4 0 3747441
cob=(7)
cfi=(170)
cfn=(1600)
calls=3747441 0xae970 0 
* 0 378033883

fn=(2132)
0x10c590 0 3747441
+4 0 3747441
cob=(7)
cfi=(170)
cfn=(2134)
calls=3747441 0xacc20 0 
* 0 414674213

fn=(2284)
0x10c6c0 0 662763
+4 0 662763
cob=(7)
cfi=(170)
cfn=(2286)
calls=662763 0xbfdb0 0 
* 0 3976578

fn=(2474)
0x10c5a0 0 135644
+4 0 135644
cob=(7)
cfi=(170)
cfn=(2476)
calls=135644 0xc6580 0 
* 0 2154169

fn=(2626)
0x48fd1f0 0 3
+4 0 3
cob=(7)
cfi=(170)
cfn=(2630)
calls=3 0x13bf70 0 
* 0 212
cob=(1)
cfi=(159)
cfn=(526)
calls=1 0x15c60 67 
* 0 742
* 0 5

fn=(2627)
0x48fd1f0 0 1
+4 0 1
cob=(7)
cfi=(170)
cfn=(2631)
calls=1 0x13bf70 0 
* 0 23

fn=(2662)
0x48fc860 0 3
+4 0 3
cob=(7)
cfi=(170)
cfn=(2666)
calls=3 0x13e9a0 0 
* 0 1686
cob=(1)
cfi=(159)
cfn=(526)
calls=1 0x15c60 67 
* 0 966
* 0 5

fn=(2663)
0x48fc860 0 1
+4 0 1
cob=(7)
cfi=(170)
cfn=(2667)
calls=1 0x13e9a0 0 
* 0 134

fn=(938)
0x48fb8c0 0 1
+4 0 1
cob=(7)
cfi=(170)
cfn=(942)
calls=1 0x1299d0 0 
* 0 1290
cob=(1)
cfi=(159)
cfn=(526)
calls=1 0x15c60 67 
* 0 974
* 0 5

fn=(1012)
0x48fa440 0 1
+4 0 1
cob=(7)
cfi=(170)
cfn=(1016)
calls=1 0xbbae0 0 
* 0 37
cob=(1)
cfi=(159)
cfn=(526)
calls=1 0x15c60 67 
* 0 847
* 0 5

fn=(1030)
0x48f9f10 0 1
+4 0 1
cob=(7)
cfi=(170)
cfn=(1034)
calls=1 0xce4f0 0 
* 0 109
cob=(1)
cfi=(159)
cfn=(526)
calls=1 0x15c60 67 
* 0 1207
* 0 5

fn=(1330)
0x10c530 0 3
+4 0 3
cob=(3)
cfi=(171)
cfn=(624)
calls=3 0x458c0 69 
* 0 225

fn=(1430)
0x10c430 0 2
+4 0 2
cob=(3)
cfi=(193)
cfn=(1006)
calls=2 0x19d7e0 50 
* 0 28

fn=(2754)
0x48fb210 0 2
+4 0 2
cob=(7)
cfi=(170)
cfn=(2758)
calls=2 0xac060 0 
* 0 4
cob=(1)
cfi=(159)
cfn=(526)
calls=1 0x15c60 67 
* 0 805
* 0 5

fn=(2806)
0x4d598c8 0 1
+4 0 1
+4 0 1
+4 0 1

fn=(2708)
0x483f334 0 1
+4 0 1
+4 0 1
cob=(5)
cfi=(163)
cfn=(2710)
calls=1 0x10e0 0 
* 0 152
+5 0 1
+4 0 1

fn=(520)
0x4acf650 0 19
+4 0 19
cob=(1)
cfi=(10)
cfn=(24)
calls=19 0x17d70 405 
* 0 391
cob=(1)
cfi=(159)
cfn=(526)
calls=1 0x15c60 67 
* 0 945
* 0 5

fn=(814)
0x10c000 0 1
+4 0 1
+4 0 1
+7 0 1
+3 0 1
jcnd=1/1 +4 0 
* 0 
+4 0 1
+4 0 1

fn=(830)
0x10c6a0 0 1
+4 0 1
cob=(7)
cfi=(170)
cfn=(832)
calls=1 0xbf0e0 0 
* 0 103163

fn=(856)
0x48fa290 0 7
+4 0 7
cob=(7)
cfi=(170)
cfn=(860)
calls=7 0xc07e0 0 
* 0 21
cob=(1)
cfi=(159)
cfn=(526)
calls=1 0x15c60 67 
* 0 877
* 0 5

fn=(980)
0x48fca60 0 256
+4 0 256
cob=(3)
cfi=(188)
cfn=(984)
calls=256 0xc5c30 32 
* 0 12672
cob=(1)
cfi=(159)
cfn=(526)
calls=1 0x15c60 67 
* 0 733
* 0 5

fn=(1004)
0x4acf490 0 68
+4 0 68
cob=(3)
cfi=(193)
cfn=(1006)
calls=68 0x19d7e0 50 
* 0 952

fn=(1074)
0x48f9930 0 1
+4 0 1
cob=(7)
cfi=(170)
cfn=(1078)
calls=1 0xcad10 0 
* 0 113
cob=(1)
cfi=(159)
cfn=(526)
calls=1 0x15c60 67 
* 0 1143
* 0 5

fn=(1210)
0x48fa1b0 0 8
+4 0 8
cob=(7)
cfi=(170)
cfn=(1214)
calls=8 0xda6e0 0 
* 0 680
cob=(1)
cfi=(159)
cfn=(526)
calls=1 0x15c60 67 
* 0 711
* 0 5

fn=(1252)
0x48f9550 0 4
+4 0 4
cob=(7)
cfi=(170)
cfn=(1256)
calls=4 0x12a620 0 
* 0 76
cob=(1)
cfi=(159)
cfn=(526)
calls=1 0x15c60 67 
* 0 902
* 0 5

fn=(1300)
0x48f94c0 0 4
+4 0 4
cob=(7)
cfi=(170)
cfn=(1304)
calls=4 0x152be0 0 
* 0 76
cob=(1)
cfi=(159)
cfn=(526)
calls=1 0x15c60 67 
* 0 902
* 0 5

fn=(1478)
0x48fc500 0 2
+4 0 2
cob=(3)
cfi=(194)
cfn=(1010)
calls=2 0x199a80 71 
* 0 38
cob=(1)
cfi=(159)
cfn=(526)
calls=1 0x15c60 67 
* 0 775
* 0 5

fn=(1822)
0x10c3e0 0 649501
+4 0 649501
cob=(7)
cfi=(170)
cfn=(1824)
calls=649501 0xc6700 0 
* 0 22450174

fn=(164)
0x4002050 0 12
+4 0 12
cob=(1)
cfi=(52)
cfn=(166)
calls=12 0x1d2e0 175 
* 0 33958

fn=(2650)
0x48fbd30 0 2
+4 0 2
cob=(7)
cfi=(170)
cfn=(2654)
calls=2 0xad440 0 
* 0 941
cob=(1)
cfi=(159)
cfn=(526)
calls=1 0x15c60 67 
* 0 719
* 0 5

fn=(2788)
0x4aa0808 0 1
+4 0 1
+4 0 1
+4 0 1

fn=(646)
0x48fa0d0 0 3747442
+4 0 3747442
cob=(3)
cfi=(172)
cfn=(650)
calls=3747442 0xa50a0 3287 
* 0 325571518
cob=(1)
cfi=(159)
cfn=(526)
calls=1 0x15c60 67 
* 0 811
* 0 5

fn=(992)
0x48fade0 0 12
+4 0 12
cob=(7)
cfi=(170)
cfn=(996)
calls=12 0xe7db0 0 
* 0 4269
cob=(1)
cfi=(159)
cfn=(526)
calls=1 0x15c60 67 
* 0 887
* 0 5

fn=(1018)
0x48f9b40 0 1
+4 0 1
cob=(7)
cfi=(170)
cfn=(1022)
calls=1 0xcf500 0 
* 0 350
cob=(1)
cfi=(159)
cfn=(526)
calls=1 0x15c60 67 
* 0 1111
* 0 5

fn=(1122)
0x48faf90 0 1
+4 0 1
cob=(7)
cfi=(170)
cfn=(1126)
calls=1 0xcc820 0 
* 0 350
cob=(1)
cfi=(159)
cfn=(526)
calls=1 0x15c60 67 
* 0 1055
* 0 5

fn=(1318)
0x48fb820 0 4
+4 0 4
cob=(7)
cfi=(170)
cfn=(1322)
calls=4 0x150950 0 
* 0 12
cob=(1)
cfi=(159)
cfn=(526)
calls=1 0x15c60 67 
* 0 1262
* 0 5

fn=(1324)
0x48fcbd0 0 4
+4 0 4
cob=(7)
cfi=(170)
cfn=(1328)
calls=4 0x1508f0 0 
* 0 76
cob=(1)
cfi=(159)
cfn=(526)
calls=1 0x15c60 67 
* 0 1294
* 0 5

fn=(1462)
0x10c6e0 0 2
+4 0 2
cob=(7)
cfi=(170)
cfn=(1464)
calls=2 0xdaff0 0 
* 0 2902

fn=(1504)
0x10c4a0 0 6
+4 0 6
cob=(7)
cfi=(170)
cfn=(1506)
calls=6 0xae760 0 
* 0 36

fn=(1510)
0x10c630 0 2
+4 0 2
cob=(7)
cfi=(170)
cfn=(1512)
calls=2 0xdb450 0 
* 0 68

fn=(1968)
0x48fa4a0 0 12
+4 0 12
cob=(7)
cfi=(170)
cfn=(1972)
calls=12 0xda270 0 
* 0 1399
cob=(1)
cfi=(159)
cfn=(526)
calls=1 0x15c60 67 
* 0 983
* 0 5

fn=(1996)
0x10c460 0 13
+4 0 13
cob=(3)
cfi=(236)
cfn=(1998)
calls=13 0x1a0f80 181 
* 0 996023

fn=(2136)
0x48fa2e0 0 3747441
+4 0 3747441
cob=(7)
cfi=(170)
cfn=(2140)
calls=3747441 0xacc10 0 
* 0 399683829
cob=(1)
cfi=(159)
cfn=(526)
calls=1 0x15c60 67 
* 0 615
* 0 5

fn=(2770)
0x4a05fc4 0 1
+4 0 1
+4 0 1
+4 0 1

fn=(548)
0x483f000 0 1
+4 0 1
+4 0 1
+7 0 1
+3 0 1
jcnd=1/1 +4 0 
* 0 
+4 0 1
cob=(5)
cfi=(163)
cfn=(552)
calls=1 0x1170 0 
* 0 12
+5 0 1
cob=(5)
cfi=(163)
cfn=(560)
calls=1 0x12f0 0 
* 0 5
+5 0 1
+4 0 1

fn=(902)
0x48fafc0 0 32
+4 0 32
cob=(7)
cfi=(170)
cfn=(906)
calls=32 0xc0d10 0 
* 0 13436
cob=(1)
cfi=(159)
cfn=(526)
calls=1 0x15c60 67 
* 0 1055
* 0 5

fn=(932)
0x48fc410 0 1
+4 0 1
cob=(7)
cfi=(170)
cfn=(936)
calls=1 0xcd8f0 0 
* 0 113
cob=(1)
cfi=(159)
cfn=(526)
calls=1 0x15c60 67 
* 0 1223
* 0 5

fn=(962)
0x48fa950 0 1
+4 0 1
cob=(7)
cfi=(170)
cfn=(966)
calls=1 0xe8380 0 
* 0 27204
cob=(1)
cfi=(159)
cfn=(526)
calls=1 0x15c60 67 
* 0 863
* 0 5

fn=(968)
0x48fbeb0 0 2
+4 0 2
cob=(3)
cfi=(186)
cfn=(972)
calls=2 0x39ac0 30 
* 0 44
cob=(1)
cfi=(159)
cfn=(526)
calls=1 0x15c60 67 
* 0 790
* 0 5

fn=(1036)
0x48fc2b0 0 1
+4 0 1
cob=(7)
cfi=(170)
cfn=(1040)
calls=1 0x151fa0 0 
* 0 1314
cob=(1)
cfi=(159)
cfn=(526)
calls=1 0x15c60 67 
* 0 982
* 0 5

fn=(1216)
0x48fc5a0 0 4
+4 0 4
cob=(7)
cfi=(170)
cfn=(1220)
calls=4 0x11dfc0 0 
* 0 11101
cob=(1)
cfi=(159)
cfn=(526)
calls=1 0x15c60 67 
* 0 1158
* 0 5

fn=(1228)
0x48fb880 0 8
+4 0 8
cob=(7)
cfi=(170)
cfn=(1232)
calls=8 0xc09e0 0 
* 0 160
cob=(1)
cfi=(159)
cfn=(526)
calls=1 0x15c60 67 
* 0 727
* 0 5

fn=(1234)
0x48fbd50 0 8
+4 0 8
cob=(7)
cfi=(170)
cfn=(1238)
calls=8 0xc0a90 0 
* 0 64
cob=(1)
cfi=(159)
cfn=(526)
calls=1 0x15c60 67 
* 0 735
* 0 5

fn=(1270)
0x48f9460 0 4
+4 0 4
cob=(7)
cfi=(170)
cfn=(1274)
calls=4 0x128340 0 
* 0 12
cob=(1)
cfi=(159)
cfn=(526)
calls=1 0x15c60 67 
* 0 1246
* 0 5

fn=(1276)
0x48fa890 0 4
+4 0 4
cob=(7)
cfi=(170)
cfn=(1280)
calls=4 0x1282e0 0 
* 0 76
cob=(1)
cfi=(159)
cfn=(526)
calls=1 0x15c60 67 
* 0 1270
* 0 5

totals: 12118717364
